ensembl,symbol,score,genetic_association,somatic_mutation,known_drug,affected_pathway,rna_expression,literature,animal_model
ENSG00000070915,SLC12A3,0.5734507620535666,0,0,0,0,0,0.02262853524443256,0
ENSG00000138675,FGF5,0.5704671946250294,0.9314726702167525,0,0,0,0,0.13805095195763895,0
ENSG00000145244,CORIN,0.5634859660348016,0.7599134970145264,0,0,0,0,0.46550564516321874,0.37206884640825233
ENSG00000165730,STOX1,0.5621576686826149,0.7599134970145264,0,0,0,0,0.5764716985504384,0
ENSG00000205517,RGL3,0.5426306504406998,0.8900996105146569,0,0,0,0,0.049732116637950664,0
ENSG00000140718,FTO,0.524203360462396,0.8529733317784826,0,0,0,0,0.1860278359009447,0
ENSG00000151623,NR3C2,0.4859047412075984,0,0,0,0,0,0.19671021407035938,0.39164421809134664
ENSG00000182511,FES,0.47451435615698406,0.7781843526906023,0,0,0,0,0.04711463681490064,0
ENSG00000168447,SCNN1B,0.4734365162603573,0,0,0,0,0,0.21277577916406737,0.2825054416501203
ENSG00000166828,SCNN1G,0.4728026354790376,0,0,0,0,0,0.024317231904464845,0.3454110809329828
ENSG00000111319,SCNN1A,0.46312975540176693,0,0,0,0,0,0.037995674850726316,0
ENSG00000104760,FGL1,0.46237381367430974,0.7541189927750723,0,0,0,0,0.12901642482646625,0
ENSG00000085276,MECOM,0.4588932015485031,0.7507409384792401,0,0,0,0,0.08207065767756885,0
ENSG00000111252,SH2B3,0.45617610704189165,0.7422819784739516,0,0,0,0,0.1618615748640941,0
ENSG00000113389,NPR3,0.4481652673884008,0.723947103729594,0,0,0,0,0.26501461090944883,0
ENSG00000257923,CUX1,0.4418828840101402,0.7268637906586841,0,0,0,0,0,0
ENSG00000178127,NDUFV2,0.4213043382382246,0.43899180504601437,0,0,0,0,0,0
ENSG00000221900,POM121L12,0.4202934794350985,0.691350859483195,0,0,0,0,0,0
ENSG00000189043,COXFA4,0.41897161696352225,0.42256244171909996,0,0,0,0,0.012158615952232422,0
ENSG00000078114,NEBL,0.4119323099950701,0.6745577166558201,0,0,0,0,0.06079307976116211,0
ENSG00000124203,ZNF831,0.40693474944235375,0.6485095461411342,0,0,0,0,0.41734433747599076,0
ENSG00000135541,AHI1,0.4039804133081836,0.6645171044061301,0,0,0,0,0,0
ENSG00000145494,NDUFS6,0.39558153937552776,0.2697436013770834,0,0,0,0,0,0
ENSG00000152402,GUCY1A2,0.3888842288639426,0.637785243552927,0,0,0,0,0,0
ENSG00000133195,SLC39A11,0.38870717227952356,0.6393937826585496,0,0,0,0,0,0
ENSG00000176769,TCERG1L,0.3863397015698724,0.6354994731105678,0,0,0,0,0,0
ENSG00000138193,PLCE1,0.3762247805059174,0.6164125858606454,0,0,0,0,0.04897220314093614,0
ENSG00000169946,ZFPM2,0.3745753936769234,0.616148079927055,0,0,0,0,0,0
ENSG00000130414,NDUFA10,0.3731641860203817,0.12224422517691584,0,0,0,0,0,0
ENSG00000112175,BMP5,0.3727566820656501,0.605557302456779,0,0,0,0,0.15198269940290526,0
ENSG00000124126,PREX1,0.3712584784747989,0.6085642484915792,0,0,0,0,0.04255515583281348,0
ENSG00000171873,ADRA1D,0.3680922771046091,0,0,0,0,0,0,0
ENSG00000120907,ADRA1A,0.3680922771046091,0,0,0,0,0,0,0
ENSG00000170214,ADRA1B,0.3680922771046091,0,0,0,0,0,0,0
ENSG00000137473,TTC29,0.3663710696304477,0.6026525898503752,0,0,0,0,0,0
ENSG00000065518,NDUFB4,0.36475300559326546,0.06690121271456848,0,0,0,0,0,0
ENSG00000115423,DNAH6,0.3631851283131586,0.5974119583018408,0,0,0,0,0,0
ENSG00000104763,ASAH1,0.3612115446727729,0.5787890042927363,0,0,0,0,0.05986429659814436,0.2809248215763301
ENSG00000125207,PIWIL1,0.3611806344169825,0.5683884376524743,0,0,0,0,0.5145256079519155,0
ENSG00000122641,INHBA,0.3600740007898265,0.5794849523500081,0,0,0,0,0.2561887482702845,0
ENSG00000140564,FURIN,0.3585210633906676,0.5868553784614253,0,0,0,0,0.057690943996682814,0
ENSG00000150594,ADRA2A,0.3582829344704679,0,0,0,0,0,0.030396539880581056,0
ENSG00000151067,CACNA1C,0.35825443073834956,0,0,0,0,0,0.10925867390408855,0.27563582363710903
ENSG00000240583,AQP1,0.35791626168351426,0.571334610212529,0,0,0,0,0.3482092512986563,0
ENSG00000184160,ADRA2C,0.3573589848337561,0,0,0,0,0,0,0
ENSG00000274286,ADRA2B,0.3573589848337561,0,0,0,0,0,0,0
ENSG00000008197,TFAP2D,0.35730521209867483,0.5877399426092913,0,0,0,0,0,0
ENSG00000184983,NDUFA6,0.3555091283282892,0,0,0,0,0,0.030396539880581056,0
ENSG00000105875,WDR91,0.3546620132995557,0.5833920812910237,0,0,0,0,0,0
ENSG00000213619,NDUFS3,0.3545851786915774,0,0,0,0,0,0,0
ENSG00000198786,MT-ND5,0.3545851786915774,0,0,0,0,0,0,0
ENSG00000160194,NDUFV3,0.3545851786915774,0,0,0,0,0,0,0
ENSG00000198888,MT-ND1,0.3545851786915774,0,0,0,0,0,0,0
ENSG00000174886,NDUFA11,0.3545851786915774,0,0,0,0,0,0,0
ENSG00000119421,NDUFA8,0.3545851786915774,0,0,0,0,0,0,0
ENSG00000198886,MT-ND4,0.3545851786915774,0,0,0,0,0,0,0
ENSG00000147123,NDUFB11,0.3545851786915774,0,0,0,0,0,0,0
ENSG00000151366,NDUFC2,0.3545851786915774,0,0,0,0,0,0,0
ENSG00000158864,NDUFS2,0.3545851786915774,0,0,0,0,0,0,0
ENSG00000131495,NDUFA2,0.3545851786915774,0,0,0,0,0,0,0
ENSG00000167792,NDUFV1,0.3545851786915774,0,0,0,0,0,0,0
ENSG00000147684,NDUFB9,0.3545851786915774,0,0,0,0,0,0,0
ENSG00000136521,NDUFB5,0.3545851786915774,0,0,0,0,0,0,0
ENSG00000090266,NDUFB2,0.3545851786915774,0,0,0,0,0,0,0
ENSG00000004779,NDUFAB1,0.3545851786915774,0,0,0,0,0,0,0
ENSG00000186010,NDUFA13,0.3545851786915774,0,0,0,0,0,0,0
ENSG00000123545,NDUFAF4,0.3545851786915774,0,0,0,0,0,0,0
ENSG00000212907,MT-ND4L,0.3545851786915774,0,0,0,0,0,0,0
ENSG00000183648,NDUFB1,0.3545851786915774,0,0,0,0,0,0,0
ENSG00000164182,NDUFAF2,0.3545851786915774,0,0,0,0,0,0,0
ENSG00000115286,NDUFS7,0.3545851786915774,0,0,0,0,0,0,0
ENSG00000178057,NDUFAF3,0.3545851786915774,0,0,0,0,0,0,0
ENSG00000109390,NDUFC1,0.3545851786915774,0,0,0,0,0,0,0
ENSG00000023228,NDUFS1,0.3545851786915774,0,0,0,0,0,0,0
ENSG00000137806,NDUFAF1,0.3545851786915774,0,0,0,0,0,0,0
ENSG00000125356,NDUFA1,0.3545851786915774,0,0,0,0,0,0,0
ENSG00000128609,NDUFA5,0.3545851786915774,0,0,0,0,0,0,0
ENSG00000165264,NDUFB6,0.3545851786915774,0,0,0,0,0,0,0
ENSG00000198695,MT-ND6,0.3545851786915774,0,0,0,0,0,0,0
ENSG00000168653,NDUFS5,0.3545851786915774,0,0,0,0,0,0,0
ENSG00000184752,NDUFA12,0.3545851786915774,0,0,0,0,0,0,0
ENSG00000115159,GPD2,0.3545851786915774,0,0,0,0,0,0,0
ENSG00000099795,NDUFB7,0.3545851786915774,0,0,0,0,0,0,0
ENSG00000198763,MT-ND2,0.3545851786915774,0,0,0,0,0,0,0
ENSG00000185633,COXFA4L2,0.3545851786915774,0,0,0,0,0,0,0
ENSG00000198840,MT-ND3,0.3545851786915774,0,0,0,0,0,0,0
ENSG00000267855,NDUFA7,0.3545851786915774,0,0,0,0,0,0,0
ENSG00000139180,NDUFA9,0.3545851786915774,0,0,0,0,0,0,0
ENSG00000110717,NDUFS8,0.3545851786915774,0,0,0,0,0,0,0
ENSG00000140990,NDUFB10,0.3545851786915774,0,0,0,0,0,0,0
ENSG00000164258,NDUFS4,0.3545851786915774,0,0,0,0,0,0,0
ENSG00000166136,NDUFB8,0.3545851786915774,0,0,0,0,0,0,0
ENSG00000170906,NDUFA3,0.3545851786915774,0,0,0,0,0,0,0
ENSG00000119013,NDUFB3,0.3545851786915774,0,0,0,0,0,0,0
ENSG00000188778,ADRB3,0.352205718537599,0,0,0,0,0,0.05927325276713306,0
ENSG00000188488,SERPINA5,0.35176295397475954,0.5568180532136339,0,0,0,0,0.4361059124533365,0
ENSG00000169252,ADRB2,0.3516090010638893,0,0,0,0,0,0.039642154094257795,0
ENSG00000043591,ADRB1,0.35145859735743706,0,0,0,0,0,0.024148362238461615,0
ENSG00000176907,TCIM,0.35116358970668127,0.5776374401268999,0,0,0,0,0,0
ENSG00000189180,ZNF33A,0.35023032832835677,0.5761022960249873,0,0,0,0,0,0
ENSG00000081248,CACNA1S,0.34932396700774804,0,0,0,0,0,0.030396539880581056,0
ENSG00000157388,CACNA1D,0.34840001737103626,0,0,0,0,0,0,0
ENSG00000102001,CACNA1F,0.34840001737103626,0,0,0,0,0,0,0
ENSG00000106415,GLCCI1,0.34717507213116844,0.5710766315756922,0,0,0,0,0,0
ENSG00000011021,CLCN6,0.34668636088484817,0.5679254503274113,0,0,0,0,0.0469457671488974,0
ENSG00000177992,SPATA31E1,0.345989323576221,0.5691261652403693,0,0,0,0,0,0
ENSG00000153253,SCN3A,0.34380125925100025,0.13435007064689555,0,0,0,0,0,0
ENSG00000154975,CA10,0.34314480834228406,0.5629273266793787,0,0,0,0,0.030396539880581056,0
ENSG00000149564,ESAM,0.34216596213631667,0.5566753940531273,0,0,0,0,0.12323263876585568,0
ENSG00000156564,LRFN2,0.34195554257879035,0.5624909017970989,0,0,0,0,0,0
ENSG00000100263,RHBDD3,0.34152695265941724,0.561785903923892,0,0,0,0,0,0
ENSG00000135898,GPR55,0.34085124505318515,0.5606744162202147,0,0,0,0,0,0
ENSG00000111339,ART4,0.3408475087185959,0.5569315790327517,0,0,0,0,0.07473382401550495,0
ENSG00000162426,SLC45A1,0.340533349230484,0.5601515017306872,0,0,0,0,0,0
ENSG00000163288,GABRB1,0.3402794664882868,0.5287885176027852,0,0,0,0,0,0
ENSG00000164484,TMEM200A,0.33942801635710895,0.5583333130853387,0,0,0,0,0,0
ENSG00000166268,MYRFL,0.3385521562011531,0.5568925896355698,0,0,0,0,0,0
ENSG00000185008,ROBO2,0.3385091850171692,0.5556060437056283,0,0,0,0,0.024317231904464845,0
ENSG00000157110,RBPMS,0.3377481364527467,0.5555700382011546,0,0,0,0,0,0
ENSG00000134815,DHX34,0.33762267437087684,0.5544517664067863,0,0,0,0,0.01823792392834863,0
ENSG00000151320,AKAP6,0.33566701645402436,0.552146753829153,0,0,0,0,0,0
ENSG00000115392,FANCL,0.3349620737352622,0.5509871765852764,0,0,0,0,0,0
ENSG00000162814,SPATA17,0.33477730026089314,0.5506832382503624,0,0,0,0,0,0
ENSG00000167196,FBXO22,0.3346143982022087,0.550415276733485,0,0,0,0,0,0
ENSG00000116991,SIPA1L2,0.3340613848138749,0.5495056117016978,0,0,0,0,0,0
ENSG00000150394,CDH8,0.33379204570014676,0.5490625693113693,0,0,0,0,0,0
ENSG00000137726,FXYD6,0.3330453396713129,0.5478342945936425,0,0,0,0,0,0
ENSG00000150471,ADGRL3,0.3322046372821807,0.5464514030006601,0,0,0,0,0,0
ENSG00000132911,NMUR2,0.3296023402271403,0.5421708219456057,0,0,0,0,0,0
ENSG00000268182,SMIM17,0.3294448847585856,0.5419118196559154,0,0,0,0,0,0
ENSG00000165300,SLITRK5,0.328553890902249,0.5404462024181689,0,0,0,0,0,0
ENSG00000151834,GABRA2,0.3264180556926888,0.505987549383943,0,0,0,0,0,0
ENSG00000021645,NRXN3,0.3256561685296157,0.5344638075530116,0,0,0,0,0.024317231904464845,0
ENSG00000007314,SCN4A,0.323793017132097,0,0,0,0,0,0,0
ENSG00000144285,SCN1A,0.3233823728491141,0,0,0,0,0,0,0
ENSG00000169432,SCN9A,0.3233823728491141,0,0,0,0,0,0,0
ENSG00000168356,SCN11A,0.3233823728491141,0,0,0,0,0,0,0
ENSG00000136546,SCN7A,0.3233823728491141,0,0,0,0,0,0,0
ENSG00000185313,SCN10A,0.3233823728491141,0,0,0,0,0,0,0
ENSG00000136531,SCN2A,0.3233823728491141,0,0,0,0,0,0,0
ENSG00000183873,SCN5A,0.3233823728491141,0,0,0,0,0,0,0
ENSG00000196876,SCN8A,0.3233823728491141,0,0,0,0,0,0,0
ENSG00000168143,SACK1B,0.3231585793997143,0.5315713246792366,0,0,0,0,0,0
ENSG00000133398,MED10,0.3229267096869927,0.5311899166083961,0,0,0,0,0,0
ENSG00000151136,ABTB3,0.32221991961898866,0.5300273006152916,0,0,0,0,0,0
ENSG00000140937,CDH11,0.32108835394091034,0.5185910509357615,0,0,0,0,0.19149820124766068,0
ENSG00000196628,TCF4,0.32086623545290116,0.5278005929515152,0,0,0,0,0,0
ENSG00000152208,GRID2,0.3200031519289991,0.5263808860913053,0,0,0,0,0,0
ENSG00000149313,AASDHPPT,0.3197799573842268,0.526013748013009,0,0,0,0,0,0
ENSG00000188176,SMTNL2,0.31934489103412306,0.5252980969030258,0,0,0,0,0,0
ENSG00000176566,DCAF4L2,0.31758521837019194,0.5224035689882625,0,0,0,0,0,0
ENSG00000184838,PRR16,0.3166745308775519,0.5209055572141956,0,0,0,0,0,0
ENSG00000108641,B9D1,0.3158313833053887,0.5195186434807976,0,0,0,0,0,0
ENSG00000196935,SRGAP1,0.31524529936727796,0.5185545799057768,0,0,0,0,0,0
ENSG00000120149,MSX2,0.3136905484614147,0.5159971327226904,0,0,0,0,0,0
ENSG00000176974,SHMT1,0.3136085577295116,0.5158622641945204,0,0,0,0,0,0
ENSG00000196090,PTPRT,0.3133827362651318,0.5154908050329399,0,0,0,0,0,0
ENSG00000154274,PGCKA1,0.3132252525723361,0.5152317563165162,0,0,0,0,0,0
ENSG00000273540,AGBL1,0.31301956600617487,0.5148934175336,0,0,0,0,0,0
ENSG00000106511,MEOX2,0.3125507407101706,0.5141222355210319,0,0,0,0,0,0
ENSG00000109452,INPP4B,0.3123803489016616,0.5138419539344131,0,0,0,0,0,0
ENSG00000145416,MARCHF1,0.3123803489016616,0.5138419539344131,0,0,0,0,0,0
ENSG00000078328,RBFOX1,0.31178976836007166,0.51287049378811,0,0,0,0,0,0
ENSG00000182968,SOX1,0.31170226219842645,0.5127265527968179,0,0,0,0,0,0
ENSG00000138182,KIF20B,0.31045120963361156,0.5106686663239991,0,0,0,0,0,0
ENSG00000214415,GNAT3,0.31005323406664637,0.5100140267358606,0,0,0,0,0,0
ENSG00000115252,PDE1A,0.30970446631463505,0.49263864284782805,0,0,0,0,0,0.3360337483798235
ENSG00000165671,NSD1,0.3084389070472373,0.4058868650958324,0,0,0,0,0,0
ENSG00000107263,RAPGEF1,0.30829093448310757,0.5071151777378129,0,0,0,0,0,0
ENSG00000137672,TRPC6,0.30805488585835233,0.5027352389438434,0,0,0,0,0.07983313460302606,0
ENSG00000172469,MANEA,0.3079773259914641,0.5065993155823248,0,0,0,0,0,0
ENSG00000163159,VPS72,0.3075312425497985,0.5058655421932844,0,0,0,0,0,0
ENSG00000108010,GLRX3,0.3063957524190416,0.5039977471494769,0,0,0,0,0,0
ENSG00000136527,TRA2B,0.30628578526867606,0.5038168595372724,0,0,0,0,0,0
ENSG00000168566,SNRNP48,0.3060506291528605,0.5034300455828891,0,0,0,0,0,0
ENSG00000182359,KBTBD3,0.30581670664289834,0.5030452608164631,0,0,0,0,0,0
ENSG00000145246,ATP10D,0.3057885374735214,0.5029989246718104,0,0,0,0,0,0
ENSG00000136869,TLR4,0.3054067073172635,0.4539299620785629,0,0,0,0,0.8381260076818091,0.2940561268047411
ENSG00000106443,PHF14,0.30540465750558266,0.5023674712737478,0,0,0,0,0,0
ENSG00000152217,SETBP1,0.3045944896149081,0.501034806612149,0,0,0,0,0,0
ENSG00000101134,DOK5,0.3045412903624777,0.5009472978814853,0,0,0,0,0,0
ENSG00000164741,DLC1,0.3044100201056718,0.5007313682767974,0,0,0,0,0,0
ENSG00000114115,RBP1,0.3043612169262145,0.4872431770110426,0,0,0,0,0,0.2681582748264861
ENSG00000159640,ACE,0.3040158942529359,0,0,0,0,0,0.6947473210889978,0.3924953212080029
ENSG00000103150,MLYCD,0.3033065390178692,0.4989162256781038,0,0,0,0,0,0
ENSG00000057019,DCBLD2,0.30293815346988,0.49831025942431895,0,0,0,0,0,0
ENSG00000179915,NRXN1,0.3025063693924935,0.49760000740372234,0,0,0,0,0,0
ENSG00000164303,ENPP6,0.30189220990687865,0.49658976168492064,0,0,0,0,0,0
ENSG00000090054,SPTLC1,0.30158149543253865,0.4960786599681452,0,0,0,0,0,0
ENSG00000153707,PTPRD,0.30154024398322915,0.4960108044663815,0,0,0,0,0,0
ENSG00000164743,C8orf48,0.30146573198681265,0.49588823789020336,0,0,0,0,0,0
ENSG00000163508,EOMES,0.3012752087220656,0.49557484158671694,0,0,0,0,0,0
ENSG00000113161,HMGCR,0.30118099235070883,0,0,0,0,0,0.40525680186786683,0
ENSG00000089250,NOS1,0.29956966407031405,0.4727450276457612,0,0,0,0,0.24234070003344976,0.2927794721297567
ENSG00000198033,TUBA3C,0.2994688572937866,0.4926035306490648,0,0,0,0,0,0
ENSG00000117569,PTBP2,0.2985932394532663,0.4911632057897875,0,0,0,0,0,0
ENSG00000108557,RAI1,0.2977751605143395,0.4898175280545243,0,0,0,0,0,0
ENSG00000157654,PALM2AKAP2,0.29739523194015016,0.4891925743991378,0,0,0,0,0,0
ENSG00000162408,NOL9,0.2973498308390077,0.48911789303520486,0,0,0,0,0,0
ENSG00000080189,SLC35H1,0.29662524160083226,0.48792599875871473,0,0,0,0,0,0
ENSG00000071282,LMCD1,0.2952166840029418,0.48560902846633236,0,0,0,0,0,0
ENSG00000173406,DAB1,0.2945889768816149,0.4845764979154982,0,0,0,0,0,0
ENSG00000078725,BRINP1,0.2941341067518279,0.48382827109169846,0,0,0,0,0,0
ENSG00000017427,IGF1,0.2939012069173495,0.4587403695446248,0,0,0,0,0.4940959800832698,0
ENSG00000185774,KCNIP4,0.29387426124846117,0.48279291417192366,0,0,0,0,0.012158615952232422,0
ENSG00000136160,EDNRB,0.292910720362305,0.47148243791025446,0,0,0,0,0.20666910932404126,0
ENSG00000146005,PSD2,0.2923675831696748,0.4809224739366716,0,0,0,0,0,0
ENSG00000289325,ENSG00000289325,0.292012657142694,0.4803386475729222,0,0,0,0,0,0
ENSG00000198739,LRRTM3,0.292012657142694,0.4803386475729222,0,0,0,0,0,0
ENSG00000133424,LARGE1,0.2906205109083897,0.47804867272747337,0,0,0,0,0,0
ENSG00000177599,ZNF491,0.29030193219673395,0.4775246349374694,0,0,0,0,0,0
ENSG00000134532,SOX5,0.2896990293645319,0.47653290555877914,0,0,0,0,0,0
ENSG00000156486,KCNS2,0.2879789862886431,0.47370356530714797,0,0,0,0,0,0
ENSG00000182985,CADM1,0.2879535888113321,0.46712653231115564,0,0,0,0,0.13070512148649852,0
ENSG00000177311,ZBTB38,0.2870876620021672,0.4722374045369128,0,0,0,0,0,0
ENSG00000103460,TOX3,0.2865143268543114,0.4712943117538062,0,0,0,0,0,0
ENSG00000170989,S1PR1,0.28626211801921225,0.4635895127593739,0,0,0,0,0.14579869223386704,0
ENSG00000171227,TMEM37,0.284808068528355,0.468487646369095,0,0,0,0,0,0
ENSG00000187871,GFRAL,0.2840744313557293,0.46728086892747184,0,0,0,0,0,0
ENSG00000146151,HMGCLL1,0.2839415998165152,0.4670623711317754,0,0,0,0,0,0
ENSG00000114405,CEP15,0.28374302610330093,0.4667357324518559,0,0,0,0,0,0
ENSG00000171303,KCNK3,0.28331597431419764,0.46512136848973057,0,0,0,0,0.01823792392834863,0
ENSG00000148481,MINDY3,0.2831027412964,0.4656825125633153,0,0,0,0,0,0
ENSG00000154319,FAM167A,0.28294397994039894,0.4654213621879357,0,0,0,0,0,0
ENSG00000102755,FLT1,0.2824500553094896,0.4258352901382061,0,0,0,0,0.7754720707422604,0
ENSG00000153820,SPHKAP,0.281911385755026,0.4637228231610766,0,0,0,0,0,0
ENSG00000170677,SOCS6,0.2815728821059693,0.4631660103620104,0,0,0,0,0,0
ENSG00000106772,PRUNE2,0.28134213998609814,0.46278645709578714,0,0,0,0,0,0
ENSG00000108039,XPNPEP1,0.28122838665705296,0.46259934150715093,0,0,0,0,0,0
ENSG00000147724,FAM135B,0.28122838665705296,0.46259934150715093,0,0,0,0,0,0
ENSG00000155093,PTPRN2,0.28069425735118125,0.4617207393570869,0,0,0,0,0,0
ENSG00000112539,C6orf118,0.2806763039802782,0.4616912074252066,0,0,0,0,0,0
ENSG00000120549,KIAA1217,0.2803303215957349,0.46112209267414844,0,0,0,0,0,0
ENSG00000183036,PCP4,0.2802433303543901,0.460978998687651,0,0,0,0,0,0
ENSG00000170153,RNF150,0.27991453033709146,0.4604381476259999,0,0,0,0,0,0
ENSG00000162402,USP24,0.2790314668040985,0.4589855751679796,0,0,0,0,0,0
ENSG00000182346,DAOA,0.2788262917162571,0.4586480777280614,0,0,0,0,0,0
ENSG00000188001,TPRG1,0.27830976882964215,0.45779843680076465,0,0,0,0,0,0
ENSG00000177646,ACAD9,0.27790417134079665,0.4571312597298892,0,0,0,0,0,0
ENSG00000011260,UTP18,0.2778602241322672,0.4570589699089061,0,0,0,0,0,0
ENSG00000147650,LRP12,0.27758085371022617,0.4565994267781113,0,0,0,0,0,0
ENSG00000047188,YTHDC2,0.27739077101899823,0.45628675518460965,0,0,0,0,0,0
ENSG00000123612,ACVR1C,0.277370546579719,0.4523019373332242,0,0,0,0,0.07903100368951074,0
ENSG00000132849,PATJ,0.2767268928117538,0.45519472594402405,0,0,0,0,0,0
ENSG00000182901,RGS7,0.2767192048038456,0.45518207975478936,0,0,0,0,0,0
ENSG00000111424,VDR,0.2765177684462461,0,0,0,0,0,0.4707738373477756,0.25922169210159524
ENSG00000174482,LINGO2,0.2763352116329888,0.45455044014652246,0,0,0,0,0,0
ENSG00000118733,OLFM3,0.2760212537420684,0.45403400325575477,0,0,0,0,0,0
ENSG00000028116,VRK2,0.2758793222944966,0.4538005368017943,0,0,0,0,0,0
ENSG00000131669,NINJ1,0.27530944003451285,0.44526398878690343,0,0,0,0,0.15198269940290526,0
ENSG00000148655,LRMDA,0.275219470516179,0.45271513073105407,0,0,0,0,0,0
ENSG00000058335,RASGRF1,0.2742682722884584,0.4511504818738855,0,0,0,0,0,0
ENSG00000171885,AQP4,0.27395699475567836,0.4451891987164727,0,0,0,0,0.10898510504516332,0
ENSG00000073756,PTGS2,0.27387503457629014,0,0,0,0,0,0.4608790012728682,0.5153357305362164
ENSG00000196950,SLC39A10,0.27332156791063256,0.44959322505856186,0,0,0,0,0,0
ENSG00000197971,MBP,0.2728883349941092,0.44692111063813156,0,0,0,0,0.03918958338936915,0
ENSG00000198838,RYR3,0.27288506969659176,0.448875218641128,0,0,0,0,0,0
ENSG00000117601,SERPINC1,0.2724909417690675,0,0,0,0,0,0.39127955796516495,0
ENSG00000175344,CHRNA7,0.2724793972565532,0.4197842727865513,0,0,0,0,0.5684729098935986,0
ENSG00000158163,DZIP1L,0.2723619987860492,0.44801480671168226,0,0,0,0,0,0
ENSG00000115232,ITGA4,0.27192811058827865,0.44605990152770253,0,0,0,0,0.024823840902474525,0
ENSG00000177706,FAM20C,0.27091350319865304,0.44563214145917834,0,0,0,0,0,0
ENSG00000184588,PDE4B,0.27091193528561325,0.444717666164867,0,0,0,0,0.01823792392834863,0
ENSG00000196715,VKORC1L1,0.27078188185982416,0.4454156343512214,0,0,0,0,0,0
ENSG00000145087,STXBP5L,0.27035756550358625,0.444717666164867,0,0,0,0,0,0
ENSG00000185942,NKAIN3,0.27035756550358625,0.444717666164867,0,0,0,0,0,0
ENSG00000118596,SLC16A7,0.27035756550358625,0.444717666164867,0,0,0,0,0,0
ENSG00000176463,SLCO3A1,0.26988304579484773,0.44393711727574553,0,0,0,0,0,0
ENSG00000172530,BANP,0.2697845776133306,0.44377514459414424,0,0,0,0,0,0
ENSG00000047578,KATNIP,0.2692180441251296,0.44284324002469866,0,0,0,0,0,0
ENSG00000198673,TAFA2,0.2690572513121678,0.4425787480568735,0,0,0,0,0,0
ENSG00000164749,HNF4G,0.26892744183193623,0.442365221318729,0,0,0,0,0,0
ENSG00000177606,JUN,0.26861208858007335,0.43655587360962816,0,0,0,0,0.10581231111074053,0
ENSG00000113580,NR3C1,0.26847247730206486,0,0,0,0,0,0.08415435427166151,0.253507142604046
ENSG00000179399,GPC5,0.26824488330748225,0.44124246437478815,0,0,0,0,0,0
ENSG00000148429,USP6NL,0.2673942900428464,0.4398433030426471,0,0,0,0,0,0
ENSG00000091986,CCDC80,0.26737204108013224,0.4398067051884151,0,0,0,0,0,0
ENSG00000164122,ASB5,0.26712199357937133,0.4393953960365457,0,0,0,0,0,0
ENSG00000179242,CDH4,0.2665520731822424,0.438457920259092,0,0,0,0,0,0
ENSG00000117020,AKT3,0.26634202424984604,0.438112405714967,0,0,0,0,0,0
ENSG00000118418,HMGN3,0.2655253569084744,0.4337293959624369,0,0,0,0,0.06079307976116211,0
ENSG00000148516,ZEB1,0.26552321343754226,0.43056607311431383,0,0,0,0,0.12398901978516301,0
ENSG00000163114,PDHA2,0.26530958426520485,0.43641412033660265,0,0,0,0,0,0
ENSG00000214595,EML6,0.26512985229809105,0.43611847489830624,0,0,0,0,0,0
ENSG00000249853,HS3ST5,0.2648662406401111,0.43568485373778004,0,0,0,0,0,0
ENSG00000119950,MXI1,0.2641425710991568,0.4344944722933831,0,0,0,0,0,0
ENSG00000122584,NXPH1,0.26410324991257783,0.43442979192724035,0,0,0,0,0,0
ENSG00000175600,SUGCT,0.26384267679323287,0.4182101664640812,0,0,0,0,0,0.3158200493592372
ENSG00000095303,PTGS1,0.2637795106170065,0,0,0,0,0,0.062456342581702476,0.3943647084106586
ENSG00000174945,AMZ1,0.26367320610059164,0.4337224025110837,0,0,0,0,0,0
ENSG00000139133,ALG10,0.2630305855656434,0.4326653405272643,0,0,0,0,0,0
ENSG00000132570,PCBD2,0.2629269635550999,0.43097506319423184,0,0,0,0,0.030396539880581056,0
ENSG00000166265,CYYR1,0.26281596017581754,0.4323122980581723,0,0,0,0,0,0
ENSG00000109684,CLNK,0.2628086686840766,0.43230030410792397,0,0,0,0,0,0
ENSG00000186479,RGS7BP,0.2626965819620466,0.4321159299612771,0,0,0,0,0,0
ENSG00000005436,GCFC2,0.2626491810701651,0.43203795909342885,0,0,0,0,0,0
ENSG00000158019,BABAM2,0.26215857492081074,0.43123094923098754,0,0,0,0,0,0
ENSG00000206579,XKR4,0.2612614846284037,0.42975530381882643,0,0,0,0,0,0
ENSG00000104368,PLAT,0.260838900136842,0.40976508477578666,0,0,0,0,0.385901992851441,0
ENSG00000128513,POT1,0.2606907216344194,0.4288164420335268,0,0,0,0,0,0
ENSG00000050628,PTGER3,0.26018421769803,0,0,0,0,0,0.01823792392834863,0
ENSG00000111885,MAN1A1,0.2601657782864208,0.4279529500866457,0,0,0,0,0,0
ENSG00000068650,ATP11A,0.2600637634880749,0.42778514348966684,0,0,0,0,0,0
ENSG00000161929,SCIMP,0.25975159512112195,0.42727165022994157,0,0,0,0,0,0
ENSG00000173744,AGFG1,0.25954903756867226,0.4260265622405676,0,0,0,0,0.01823792392834863,0
ENSG00000186047,DLEU7,0.2594767818814191,0.426819603318052,0,0,0,0,0,0
ENSG00000179603,GRM8,0.25896550732685025,0.42597859549844913,0,0,0,0,0,0
ENSG00000183632,TP53TG3,0.2585879963998469,0.42535761868910427,0,0,0,0,0,0
ENSG00000172137,CALB2,0.2583620734518046,0.4094162093891072,0,0,0,0,0.31139566410995256,0
ENSG00000025156,HSF2,0.25818985187293714,0.42166304718662845,0,0,0,0,0.06079307976116211,0
ENSG00000111142,METAP2,0.258153965397513,0.4246436706475852,0,0,0,0,0,0
ENSG00000132964,CDK8,0.25812193570267494,0.4245909842316907,0,0,0,0,0,0
ENSG00000119471,HSDL2,0.2580489987565892,0.4244710084937082,0,0,0,0,0,0
ENSG00000080546,SESN1,0.2579783307641268,0.4243547650121474,0,0,0,0,0,0
ENSG00000131668,BARX1,0.25783988053575196,0.4241270248994261,0,0,0,0,0,0
ENSG00000115896,PLCL1,0.25776023310425356,0.42399601092248773,0,0,0,0,0,0
ENSG00000059377,TBXAS1,0.25713014620303454,0.4212877561210033,0,0,0,0,0.03343619386863916,0
ENSG00000037280,FLT4,0.25670738339800053,0.41796050387431993,0,0,0,0,0.0860729845505083,0
ENSG00000203697,CAPN8,0.2565940487671383,0.4220777262399271,0,0,0,0,0,0
ENSG00000169288,MRPL1,0.2562611073587602,0.4215300629044189,0,0,0,0,0,0
ENSG00000284526,ENSG00000284526,0.2557998489129463,0.42077132778583964,0,0,0,0,0,0
ENSG00000099204,ABLIM1,0.2556588433581608,0.42053938435520655,0,0,0,0,0,0
ENSG00000165476,REEP3,0.2554314193076053,0.4201652890610563,0,0,0,0,0,0
ENSG00000108100,CCNY,0.2552798620170375,0.41991598882628745,0,0,0,0,0,0
ENSG00000163803,PLB1,0.2549481982718647,0.4193704271497351,0,0,0,0,0,0
ENSG00000153214,TMEM87B,0.25409771515060864,0.4179714469950903,0,0,0,0,0,0
ENSG00000144460,NYAP2,0.2540058996292298,0.4178204174342594,0,0,0,0,0,0
ENSG00000277443,MARCKS,0.25311473229707004,0.41635451484195635,0,0,0,0,0,0
ENSG00000181291,TMEM132E,0.2528418603344356,0.41590566118343725,0,0,0,0,0,0
ENSG00000114867,EIF4G1,0.2520351757281464,0.4145787262601557,0,0,0,0,0,0
ENSG00000286131,ENSG00000286131,0.25176344650307714,0.4141317523181597,0,0,0,0,0,0
ENSG00000239779,WBP1,0.2510932020084818,0.41302925101829374,0,0,0,0,0,0
ENSG00000205442,IZUMO3,0.25082802080734,0.4125930480784467,0,0,0,0,0,0
ENSG00000092978,GPATCH2,0.2507699091601717,0.4124974588314525,0,0,0,0,0,0
ENSG00000186153,WWOX,0.2507351168490823,0.40902061738503304,0,0,0,0,0.06839221473130737,0
ENSG00000171840,NINJ2,0.2505368237398959,0.4121140510139977,0,0,0,0,0,0
ENSG00000170967,DDI1,0.2504874354484056,0.41203281102470235,0,0,0,0,0,0
ENSG00000110330,BIRC2,0.2504210410190784,0.411923597229994,0,0,0,0,0,0
ENSG00000129988,LBP,0.25031676108541306,0.40041668832694666,0,0,0,0,0.22670752660933366,0
ENSG00000011258,MBTD1,0.2500456062947838,0.41130603561645246,0,0,0,0,0,0
ENSG00000069667,RORA,0.2496767824642578,0.4086475819792355,0,0,0,0,0.04103532883878443,0
ENSG00000185070,FLRT2,0.2494703494509048,0.410359781789308,0,0,0,0,0,0
ENSG00000148120,AOPEP,0.24942688932386428,0.4058149080616743,0,0,0,0,0.0894677023742866,0
ENSG00000169047,IRS1,0.24913525649562707,0.4059879031292006,0,0,0,0,0.0764135238664607,0
ENSG00000111110,PPM1H,0.24871804813837847,0.40912230325477433,0,0,0,0,0,0
ENSG00000168917,SLC35G2,0.24849199261931662,0.4087504590910143,0,0,0,0,0,0
ENSG00000151967,SCHIP1,0.24842945045469694,0.4086475819792355,0,0,0,0,0,0
ENSG00000140575,IQGAP1,0.24733280639603603,0.4056278241790999,0,0,0,0,0.024317231904464845,0
ENSG00000108946,PRKAR1A,0.24726761878569228,0.40612852630759355,0,0,0,0,0.012158615952232422,0
ENSG00000168542,COL3A1,0.24628231133654252,0.3982089318292726,0,0,0,0,0.13813538679064055,0
ENSG00000164512,ANKRD55,0.24609035752713135,0.4047999517279714,0,0,0,0,0,0
ENSG00000145996,CDKAL1,0.24552637110458764,0.4038722368881254,0,0,0,0,0,0
ENSG00000155511,GRIA1,0.24544723033263618,0.4037420563276695,0,0,0,0,0,0
ENSG00000148513,ANKRD30A,0.24439820275500113,0.40201648561837766,0,0,0,0,0,0
ENSG00000165669,FAM204A,0.24435114950316203,0.4019390865920017,0,0,0,0,0,0
ENSG00000149256,TENM4,0.2435800797587224,0.4006707354121159,0,0,0,0,0,0
ENSG00000138735,PDE5A,0.2424461836571147,0,0,0,0,0,0.09918567778381163,0
ENSG00000120341,SEC16B,0.2423709304937672,0.3980738458881071,0,0,0,0,0.012158615952232422,0
ENSG00000144644,GADL1,0.24191050437944564,0.3979244106892428,0,0,0,0,0,0
ENSG00000113140,SPARC,0.2418417749104672,0.39781135593161504,0,0,0,0,0,0
ENSG00000182923,CEP63,0.24182855770489445,0.39778961463207124,0,0,0,0,0,0
ENSG00000054611,TBC1D22A,0.24158888571050816,0.3973953724003437,0,0,0,0,0,0
ENSG00000067798,NAV3,0.24148691496951422,0.39722763827436336,0,0,0,0,0,0
ENSG00000198089,SFI1,0.24139450467388454,0.39707563035505294,0,0,0,0,0,0
ENSG00000145687,SSBP2,0.24128704879257792,0.3968988735897619,0,0,0,0,0,0
ENSG00000163285,GABRG1,0.2400623623010605,0.3639389910103682,0,0,0,0,0,0
ENSG00000109099,PMP22,0.23935342118180208,0.3937182029963778,0,0,0,0,0,0
ENSG00000226807,MROH5,0.23853833263563615,0.3923774442301363,0,0,0,0,0,0
ENSG00000124302,CHST8,0.23815820580336317,0.39175216445525674,0,0,0,0,0,0
ENSG00000152284,TCF7L1,0.23815655365266658,0.39174944679281376,0,0,0,0,0,0
ENSG00000145649,GZMA,0.23732708534000196,0.3868978757996156,0,0,0,0,0.0697431720593332,0
ENSG00000139631,CSAD,0.23728560604442558,0.39031680411101066,0,0,0,0,0,0
ENSG00000106554,CHCHD3,0.23719723028549936,0.3901714326982225,0,0,0,0,0,0
ENSG00000125398,SOX9,0.23625937834588542,0.3861210229314165,0,0,0,0,0.05015429080295874,0
ENSG00000117114,ADGRL2,0.23582312209482129,0.3879111290648542,0,0,0,0,0,0
ENSG00000218336,TENM3,0.23568654430390265,0.3876864689695683,0,0,0,0,0,0
ENSG00000180347,ITPRID1,0.23433748615976563,0.38546737076063226,0,0,0,0,0,0
ENSG00000182329,KIAA2012,0.2340378300807549,0.38497445926447516,0,0,0,0,0,0
ENSG00000162946,DISC1,0.23366851795158342,0.38436696885500354,0,0,0,0,0,0
ENSG00000164715,LMTK2,0.23361534210462123,0.38427949862455774,0,0,0,0,0,0
ENSG00000170579,DLGAP1,0.23354740566797716,0.3841677483449026,0,0,0,0,0,0
ENSG00000157827,FMNL2,0.23348863316053023,0.38407107203293117,0,0,0,0,0,0
ENSG00000144771,LRTM1,0.23223965129125507,0.38201659169704094,0,0,0,0,0,0
ENSG00000221866,PLXNA4,0.23196228823231044,0.38156035052611437,0,0,0,0,0,0
ENSG00000145321,GC,0.23045925707771825,0.36704477188569873,0,0,0,0,0.24086413041858204,0
ENSG00000178031,ADAMTSL1,0.230096437350278,0.3784911675050159,0,0,0,0,0,0
ENSG00000170085,SIMC1,0.2300374886134234,0.37839420130905055,0,0,0,0,0,0
ENSG00000103942,HOMER2,0.22970163941981922,0.37784175488764266,0,0,0,0,0,0
ENSG00000170606,HSPA4,0.2293825099912646,0.3773168112101577,0,0,0,0,0,0
ENSG00000107105,ELAVL2,0.2283543876271105,0.3756256279896443,0,0,0,0,0,0
ENSG00000164100,NDST3,0.2283543876271105,0.3756256279896443,0,0,0,0,0,0
ENSG00000099954,CECR2,0.22830369964373892,0.3755422501058938,0,0,0,0,0,0
ENSG00000143013,LMO4,0.2282382744761537,0.375434630673152,0,0,0,0,0,0
ENSG00000185274,GALNT17,0.22807521821673754,0.37516641550778,0,0,0,0,0,0
ENSG00000109787,KLF3,0.22804545747552288,0.37511746134830726,0,0,0,0,0,0
ENSG00000164953,TMEM67,0.2279806931682163,0.37501092898054267,0,0,0,0,0,0
ENSG00000087258,GNAO1,0.22717631606573327,0.37368778972580646,0,0,0,0,0,0
ENSG00000135090,TAOK3,0.2271409600408261,0.3736296317495268,0,0,0,0,0,0
ENSG00000126785,RHOJ,0.22696616249712617,0.3733421030630601,0,0,0,0,0,0
ENSG00000181555,SETD2,0.22671635625442432,0.3709554156701406,0,0,0,0,0.03951550184475537,0
ENSG00000107404,DVL1,0.22633835474880742,0.3710935453932422,0,0,0,0,0.024317231904464845,0
ENSG00000112699,GMDS,0.2256939183460429,0.3712493580399727,0,0,0,0,0,0
ENSG00000101489,CELF4,0.2256939183460429,0.3712493580399727,0,0,0,0,0,0
ENSG00000143179,UCK2,0.22560232311142359,0.3710986908341342,0,0,0,0,0,0
ENSG00000145675,PIK3R1,0.22544264494946514,0.367036464897498,0,0,0,0,0.07599134970145263,0
ENSG00000134853,PDGFRA,0.22490727327032692,0.36797961153058273,0,0,0,0,0.03951550184475537,0
ENSG00000163755,HPS3,0.22473084666198279,0.36966517824871403,0,0,0,0,0,0
ENSG00000164919,COX6C,0.22471818017330888,0.3696443428366512,0,0,0,0,0,0
ENSG00000198535,C2CD4A,0.22469659207087336,0.36960883204739636,0,0,0,0,0,0
ENSG00000188385,JAKMIP3,0.22410128465730084,0.36862959655560795,0,0,0,0,0,0
ENSG00000185262,UBALD2,0.22356506710178822,0.36774755939345194,0,0,0,0,0,0
ENSG00000133687,TMTC1,0.2234585143961957,0.3675722882836297,0,0,0,0,0,0
ENSG00000149571,KIRREL3,0.2231290094612665,0.3670302776860029,0,0,0,0,0,0
ENSG00000114554,PLXNA1,0.2227074907468748,0.36633691140805197,0,0,0,0,0,0
ENSG00000135677,GNS,0.2226879292826271,0.36630473428472715,0,0,0,0,0,0
ENSG00000068724,TTC7A,0.22160690640308517,0.3517873438693495,0,0,0,0,0,0.2547837972790304
ENSG00000104447,TRPS1,0.22134347513176458,0.36409320929513217,0,0,0,0,0,0
ENSG00000080345,RIF1,0.22107117866828951,0.36364530228903075,0,0,0,0,0,0
ENSG00000145863,GABRA6,0.2206399871133335,0.3319906586277488,0,0,0,0,0,0
ENSG00000177694,NAALADL2,0.22058271480767172,0.3628418163288905,0,0,0,0,0,0
ENSG00000070018,LRP6,0.22047339175621009,0.360542673902134,0,0,0,0,0.04238628616681025,0
ENSG00000181104,F2R,0.22045491018918917,0.3426473377766368,0,0,0,0,0.39968499318901984,0
ENSG00000130957,FBP2,0.22043891636923396,0.3619973480191102,0,0,0,0,0.012158615952232422,0
ENSG00000144481,TRPM8,0.22024924083402367,0.36138138076753523,0,0,0,0,0.01823792392834863,0
ENSG00000139364,TMEM132B,0.21952476561627504,0.3611015702424066,0,0,0,0,0,0
ENSG00000198108,CHSY3,0.2193468620292655,0.36080893235054706,0,0,0,0,0,0
ENSG00000137766,UNC13C,0.2193468620292655,0.36080893235054706,0,0,0,0,0,0
ENSG00000147894,C9orf72,0.21915567695132826,0.34031587328455853,0,0,0,0,0,0.4035714826011546
ENSG00000144959,NCEH1,0.21865377379770523,0.3596688548379696,0,0,0,0,0,0
ENSG00000132952,USPL1,0.21823033858850546,0.35897233607158485,0,0,0,0,0,0
ENSG00000165280,VCP,0.2181197964015829,0.35134335029716596,0,0,0,0,0.14894304541484715,0
ENSG00000171848,RRM2,0.21720818599553507,0.3572909726713654,0,0,0,0,0,0
ENSG00000118946,PCDH17,0.2163838674341441,0.35593503123094244,0,0,0,0,0,0
ENSG00000151292,CSNK1G3,0.21602222816816607,0.35534016209879976,0,0,0,0,0,0
ENSG00000070601,FRMPD1,0.21597493260089148,0.3552623644819322,0,0,0,0,0,0
ENSG00000050393,MCUR1,0.21532259741984727,0.35418932264294817,0,0,0,0,0,0
ENSG00000183230,CTNNA3,0.2150281153261014,0.35370492195967496,0,0,0,0,0,0
ENSG00000104154,SLC30A4,0.21497106380896341,0.35361107654608165,0,0,0,0,0,0
ENSG00000198833,UBE2J1,0.2147878458038798,0.35330969684003055,0,0,0,0,0,0
ENSG00000198670,LPA,0.2145650904562993,0.3470650973729377,0,0,0,0,0.11756367669654724,0
ENSG00000129521,EGLN3,0.21415074940000073,0.351501808135341,0,0,0,0,0.015198269940290528,0
ENSG00000152430,BOLL,0.2141218087863918,0.3522141165205194,0,0,0,0,0,0
ENSG00000197587,DMBX1,0.21303306901317956,0.35042322226497324,0,0,0,0,0,0
ENSG00000164188,RANBP3L,0.21260511792540912,0.34971927522124435,0,0,0,0,0,0
ENSG00000196091,MYBPC1,0.21250228806605295,0.34955012791079365,0,0,0,0,0,0
ENSG00000182585,EPGN,0.21220179489735594,0.34905583946566543,0,0,0,0,0,0
ENSG00000152207,CYSLTR2,0.21213905722823717,0.34895264076383087,0,0,0,0,0,0
ENSG00000140443,IGF1R,0.21209577926792283,0.32848755550325537,0,0,0,0,0.4078779260417636,0
ENSG00000196689,TRPV1,0.21171517530129005,0,0,0,0,0,0.27786896988561455,0
ENSG00000073282,TP63,0.21149769232781834,0.34789764420346814,0,0,0,0,0,0
ENSG00000005108,THSD7A,0.20959116305290032,0.33694288277895995,0,0,0,0,0.15637331071898922,0
ENSG00000160963,COL26A1,0.2095241212203678,0.3446512695910877,0,0,0,0,0,0
ENSG00000130544,ZNF557,0.20886081575869817,0.3435601824734823,0,0,0,0,0,0
ENSG00000108684,ASIC2,0.20860197401887526,0.33874379615004585,0,0,0,0,0.08781222632167861,0
ENSG00000106688,SLC1A1,0.20857823190355226,0.3430953534892359,0,0,0,0,0,0
ENSG00000164619,BMPER,0.20786575843715194,0.3419233887373276,0,0,0,0,0,0
ENSG00000145681,HAPLN1,0.20773479795860172,0.34170796869434783,0,0,0,0,0,0
ENSG00000166922,SCG5,0.20764956901133327,0.34156777354778955,0,0,0,0,0,0
ENSG00000140299,BNIP2,0.20692707249737358,0.3403793216437272,0,0,0,0,0,0
ENSG00000143847,PPFIA4,0.2069255525187327,0.34037682139427966,0,0,0,0,0,0
ENSG00000186687,LYRM7,0.2068718686354313,0.3402885154826326,0,0,0,0,0,0
ENSG00000133863,TEX15,0.20679326550085234,0.34015921929483,0,0,0,0,0,0
ENSG00000148926,ADM,0.2065862402291074,0.3206214083863129,0,0,0,0,0.38394540113135395,0
ENSG00000187323,DCC,0.20629368748481933,0.33933745139296406,0,0,0,0,0,0
ENSG00000144357,UBR3,0.20600730919024024,0.33886638084397364,0,0,0,0,0,0
ENSG00000163644,PPM1K,0.2057859650542482,0.33850228654761355,0,0,0,0,0,0
ENSG00000159110,IFNAR2,0.20513807340960283,0.33682862319098245,0,0,0,0,0.012158615952232422,0
ENSG00000117480,FAAH,0.20511168629647225,0,0,0,0,0,0.06062421009515888,0
ENSG00000106069,CHN2,0.20486452756774232,0.33698659184991775,0,0,0,0,0,0
ENSG00000117560,FASLG,0.2044501754124882,0.3137887339431848,0,0,0,0,0.45032560148768647,0
ENSG00000123700,KCNJ2,0.20436656934778807,0.33616748838960525,0,0,0,0,0,0
ENSG00000129003,VPS13C,0.2042999546317013,0.3360579122399045,0,0,0,0,0,0
ENSG00000136159,NUDT15,0.20358800985352388,0.3348868171399779,0,0,0,0,0,0
ENSG00000164944,VIRMA,0.20353196890189532,0.3347946340299122,0,0,0,0,0,0
ENSG00000230873,STMND1,0.20343894180333894,0.33464161151662314,0,0,0,0,0,0
ENSG00000162949,CAPN13,0.20311767559321672,0.3341131529957119,0,0,0,0,0,0
ENSG00000135636,DYSF,0.20295940131877685,0.3308131498444568,0,0,0,0,0.06079307976116211,0
ENSG00000105675,ATP4A,0.20258006429188197,0,0,0,0,0,0,0.2601943813777738
ENSG00000172016,REG3A,0.20256524045762672,0.33320443914577974,0,0,0,0,0,0
ENSG00000164056,SPRY1,0.20197317573399434,0.3322305376327154,0,0,0,0,0,0
ENSG00000086205,FOLH1,0.2014722684250467,0.33140658314494215,0,0,0,0,0,0
ENSG00000116906,GNPAT,0.2009921066216793,0.3306167534385778,0,0,0,0,0,0
ENSG00000140450,ARRDC4,0.2005615561501462,0.32990853060593867,0,0,0,0,0,0
ENSG00000129691,ASH2L,0.20048478621444435,0.32978224989108845,0,0,0,0,0,0
ENSG00000168734,PKIG,0.2003184917396629,0.32950870810732824,0,0,0,0,0,0
ENSG00000141556,TBCD,0.19995354266512266,0.3289083945914248,0,0,0,0,0,0
ENSG00000150403,SLC9D1,0.1998184504330387,0.32868617812761886,0,0,0,0,0,0
ENSG00000165973,NELL1,0.19959262483828213,0.3283147121718822,0,0,0,0,0,0
ENSG00000123983,ACSL3,0.19911649879849302,0.25959349360167844,0,0,0,0,0.06079307976116211,0
ENSG00000002549,LAP3,0.1990406963622391,0.3274068317384325,0,0,0,0,0,0
ENSG00000216937,CCDC7,0.19875181424429364,0.3083897532629731,0,0,0,0,0.37083778654308885,0
ENSG00000196109,ZNF676,0.19846905222121666,0.32646652053316333,0,0,0,0,0,0
ENSG00000166558,SLC38A8,0.19810238490995194,0.32586338064831916,0,0,0,0,0,0
ENSG00000113504,SLC12A7,0.1979546385803243,0.3256203491549188,0,0,0,0,0,0
ENSG00000141316,SPACA3,0.1978315626467755,0.3254178985897684,0,0,0,0,0,0
ENSG00000180336,MEIOC,0.19753814240405027,0.3249352445707945,0,0,0,0,0,0
ENSG00000035928,RFC1,0.19682787180524539,0.32376690336881014,0,0,0,0,0,0
ENSG00000105402,NAPA,0.19568659306713576,0.315278339081428,0,0,0,0,0.13222494848052757,0
ENSG00000151693,ASAP2,0.19557701749851408,0.3217093430154845,0,0,0,0,0,0
ENSG00000108588,CCDC47,0.19550837614423947,0.3215964331998537,0,0,0,0,0,0
ENSG00000135111,TBX3,0.19487302507235627,0.3205513289307834,0,0,0,0,0,0
ENSG00000085760,MTIF2,0.19486000612486706,0.32052991375073275,0,0,0,0,0,0
ENSG00000186009,ATP4B,0.19467105540162935,0,0,0,0,0,0,0
ENSG00000164808,SPIDR,0.19455845557972426,0.32003388600164107,0,0,0,0,0,0
ENSG00000144468,RHBDD1,0.19451690398970486,0.31996553679120027,0,0,0,0,0,0
ENSG00000177200,CHD9,0.1944614152556787,0.3198742620371589,0,0,0,0,0,0
ENSG00000002746,HECW1,0.1942240602787331,0.319483831123183,0,0,0,0,0,0
ENSG00000120278,PLEKHG1,0.19414991269536003,0.315840931442623,0,0,0,0,0.0704186507233461,0
ENSG00000184305,CCSER1,0.1939720990367486,0.31906937401231716,0,0,0,0,0,0
ENSG00000226479,TMEM185B,0.19375324138755495,0.31870936979793374,0,0,0,0,0,0
ENSG00000167384,ZNF180,0.19374815276340943,0.3187009993976094,0,0,0,0,0,0
ENSG00000133216,EPHB2,0.19348859363283014,0.31766611353932467,0,0,0,0,0.012158615952232422,0
ENSG00000189325,BNIP5,0.19318580472363986,0.31777597957301934,0,0,0,0,0,0
ENSG00000116016,EPAS1,0.1929212766410621,0.3071833285512878,0,0,0,0,0.2031504482465789,0
ENSG00000119888,EPCAM,0.1928997623663691,0.31730546161539236,0,0,0,0,0,0
ENSG00000021776,AQR,0.1914669952536045,0.31494866850934555,0,0,0,0,0,0
ENSG00000126773,PCNX4,0.1913963052324661,0.3148323887922855,0,0,0,0,0,0
ENSG00000005469,CROT,0.19123705993399012,0.31457044236828197,0,0,0,0,0,0
ENSG00000138078,PREPL,0.18924991916215153,0.3113017466883699,0,0,0,0,0,0
ENSG00000118997,DNAH7,0.1892167852799313,0.31124724396807607,0,0,0,0,0,0
ENSG00000134852,CLOCK,0.18836119138690247,0.2928849092578155,0,0,0,0,0.3390989544825256,0
ENSG00000130997,POLN,0.1881883572678983,0.30955555798001066,0,0,0,0,0,0
ENSG00000170873,MTSS1,0.18811722667324085,0.30943855355296584,0,0,0,0,0,0
ENSG00000157445,CACNA2D3,0.18808261962331613,0.30938162758366033,0,0,0,0,0,0
ENSG00000121289,CEP89,0.18799789733559466,0.3092422658535846,0,0,0,0,0,0
ENSG00000144036,EXOC6B,0.18797661763462248,0.30920726236131907,0,0,0,0,0,0
ENSG00000136813,ECPAS,0.1876868524311154,0.3087306206043206,0,0,0,0,0,0
ENSG00000091513,TF,0.18646407717999405,0.2891233564349952,0,0,0,0,0.3519178346069679,0
ENSG00000167182,SP2,0.1863036498392487,0.30645535737156304,0,0,0,0,0,0
ENSG00000149262,INTS4,0.18615508844861076,0.3062109851646908,0,0,0,0,0,0
ENSG00000137449,CPEB2,0.18604149828596836,0.3010087088921016,0,0,0,0,0.10030858160591748,0
ENSG00000198176,TFDP1,0.1852996289117773,0.30480381918429583,0,0,0,0,0,0
ENSG00000173890,GPR160,0.18500457476085275,0.3043184775104018,0,0,0,0,0,0
ENSG00000176571,CNBD1,0.18448397106201714,0.3034621239568709,0,0,0,0,0,0
ENSG00000119977,TCTN3,0.18438403797354902,0.3032977416145702,0,0,0,0,0,0
ENSG00000198626,RYR2,0.1842735579074926,0.3025080794973899,0,0,0,0,0.012158615952232422,0
ENSG00000132549,VPS13B,0.18407682881227033,0.30279240587161127,0,0,0,0,0,0
ENSG00000113448,PDE4D,0.18390397805280792,0.3025080794973899,0,0,0,0,0,0
ENSG00000172575,RASGRP1,0.18388956135523402,0.3024843651245854,0,0,0,0,0,0
ENSG00000085377,PREP,0.18348131660085104,0.3018128335029159,0,0,0,0,0,0
ENSG00000163377,TAFA4,0.18325607063563054,0.30144232099375295,0,0,0,0,0,0
ENSG00000134970,TMED7,0.18311927255795235,0.3012172985434747,0,0,0,0,0,0
ENSG00000166069,TMCO5A,0.18207711792721515,0.2995030333099456,0,0,0,0,0,0
ENSG00000144645,OSBPL10,0.18173743849757937,0.29894428644110743,0,0,0,0,0,0
ENSG00000083312,TNPO1,0.18133340154216718,0.297671745531622,0,0,0,0,0.012158615952232422,0
ENSG00000159495,TGM7,0.18127038375640497,0.29817601685679074,0,0,0,0,0,0
ENSG00000174564,IL20RB,0.1812554483141077,0.2981514491883062,0,0,0,0,0,0
ENSG00000113657,DPYSL3,0.1804800148266407,0.2968759199824929,0,0,0,0,0,0
ENSG00000132361,CLUH,0.17982620578949587,0.2958004537621378,0,0,0,0,0,0
ENSG00000133639,BTG1,0.17960796769681345,0.2954414686711705,0,0,0,0,0,0
ENSG00000185345,PRKN,0.1794327223389155,0.28296393756773996,0,0,0,0,0.2437853159322402,0
ENSG00000082482,KCNK2,0.17931311386916082,0.29495645651384766,0,0,0,0,0,0
ENSG00000182463,TSHZ2,0.17906053307066513,0.2945409802795657,0,0,0,0,0,0
ENSG00000103994,ZNF106,0.1790236570671171,0.2944803220538385,0,0,0,0,0,0
ENSG00000179909,ZNF154,0.17900983407295556,0.2944575842780656,0,0,0,0,0,0
ENSG00000093072,ADA2,0.17882632418791558,0.2941557244516496,0,0,0,0,0,0
ENSG00000125845,BMP2,0.1788053200953189,0.2814556167941395,0,0,0,0,0.2533111504018908,0
ENSG00000164647,STEAP1,0.17878741053184175,0.29409171444224275,0,0,0,0,0,0
ENSG00000139597,N4BP2L1,0.178726600371869,0.2939916863465917,0,0,0,0,0,0
ENSG00000134109,EDEM1,0.1785326709231025,0.2936726871290353,0,0,0,0,0,0
ENSG00000175470,PPP2R2D,0.17824843009848715,0.2932051325558305,0,0,0,0,0,0
ENSG00000121741,ZMYM2,0.17797631468319255,0.29275752336023847,0,0,0,0,0,0
ENSG00000112167,SAYSD1,0.17786111572228785,0.29256802981696467,0,0,0,0,0,0
ENSG00000184445,KNTC1,0.17768042550777008,0.29227080813445133,0,0,0,0,0,0
ENSG00000135624,CCT7,0.17715235408778585,0.2914021707466782,0,0,0,0,0,0
ENSG00000198785,GRIN3A,0.17642040727184163,0.290198173813442,0,0,0,0,0,0
ENSG00000052841,TTC17,0.17558601609837046,0.2888256636909918,0,0,0,0,0,0
ENSG00000176399,DMRTA1,0.17545187247614477,0.2886050076183718,0,0,0,0,0,0
ENSG00000251258,RFPL4B,0.175075049945265,0.2879851631683782,0,0,0,0,0,0
ENSG00000100678,SLC8A3,0.17504231533279643,0.28793131721650805,0,0,0,0,0,0
ENSG00000111077,TNS2,0.17446175915752477,0.2722971818046207,0,0,0,0,0.030396539880581056,0.2800737184596738
ENSG00000229859,PGA3,0.17442652572516093,0.2869183900707626,0,0,0,0,0,0
ENSG00000170903,MSANTD4,0.17427141080342645,0.2866632378028665,0,0,0,0,0,0
ENSG00000149403,GRIK4,0.17380815876243874,0.2859012233716061,0,0,0,0,0,0
ENSG00000182836,PLCXD3,0.17371197054888288,0.2857430010641761,0,0,0,0,0,0
ENSG00000121335,PRB2,0.17370147714503456,0.28390194781880745,0,0,0,0,0.03647584785669726,0
ENSG00000130559,CAMSAP1,0.17294894127116667,0.28448787584151275,0,0,0,0,0,0
ENSG00000150672,DLG2,0.1727616519702505,0.28296393756773996,0,0,0,0,0.024317231904464845,0
ENSG00000138101,DTNB,0.17275834916680727,0.2841743663020912,0,0,0,0,0,0
ENSG00000078043,PIAS2,0.17264844810246965,0.28399358739638453,0,0,0,0,0,0
ENSG00000203943,SAMD13,0.17260863127068168,0.28392809173150885,0,0,0,0,0,0
ENSG00000184939,ZFP90,0.17215907005179976,0.28318859766302584,0,0,0,0,0,0
ENSG00000135298,ADGRB3,0.172150699154937,0.2831748281733148,0,0,0,0,0,0
ENSG00000164796,CSMD3,0.1720224922608811,0.28296393756773996,0,0,0,0,0,0
ENSG00000151322,NPAS3,0.1720224922608811,0.28296393756773996,0,0,0,0,0,0
ENSG00000158321,AUTS2,0.1720224922608811,0.28296393756773996,0,0,0,0,0,0
ENSG00000144642,RBMS3,0.1720224922608811,0.28296393756773996,0,0,0,0,0,0
ENSG00000169760,NLGN1,0.1720224922608811,0.22637115005419198,0,0,0,0,0,0
ENSG00000172264,MACROD2,0.1720224922608811,0.28296393756773996,0,0,0,0,0,0
ENSG00000147481,SNTG1,0.1720224922608811,0.28296393756773996,0,0,0,0,0,0
ENSG00000174469,CNTNAP2,0.1720224922608811,0.28296393756773996,0,0,0,0,0,0
ENSG00000129810,SGO1,0.17179054131741692,0.282582395878496,0,0,0,0,0,0
ENSG00000109132,PHOX2B,0.17166151936235066,0.28237016455944924,0,0,0,0,0,0
ENSG00000124177,CHD6,0.1708164883383934,0.2809801526908663,0,0,0,0,0,0
ENSG00000106460,TMEM106B,0.17060821822158043,0.2806375641633049,0,0,0,0,0,0
ENSG00000111331,OAS3,0.1705202246754797,0.2804928214615921,0,0,0,0,0,0
ENSG00000038002,AGA,0.170350647927981,0.28021388058844515,0,0,0,0,0,0
ENSG00000171587,DSCAM,0.17022000686523212,0.27999898596020434,0,0,0,0,0,0
ENSG00000183117,CSMD1,0.17022000686523212,0.27999898596020434,0,0,0,0,0,0
ENSG00000162670,BRINP3,0.1699163746102116,0.2794995339564345,0,0,0,0,0,0
ENSG00000132334,PTPRE,0.1698476781842471,0.2793865335520556,0,0,0,0,0,0
ENSG00000169567,HINT1,0.16922252638933086,0.2783582063191333,0,0,0,0,0,0
ENSG00000075292,ZNF638,0.16909646729118055,0.27815084867473433,0,0,0,0,0,0
ENSG00000172301,COPRS,0.16878471471548626,0.27763803936005726,0,0,0,0,0,0
ENSG00000183826,BTBD9,0.16826131612838893,0.2767770884275603,0,0,0,0,0,0
ENSG00000143919,CAMKMT,0.16826131612838893,0.2767770884275603,0,0,0,0,0,0
ENSG00000188993,LRRC66,0.16788103509538427,0.27615155500418603,0,0,0,0,0,0
ENSG00000157216,SSBP3,0.1678566493511025,0.27611144230652773,0,0,0,0,0,0
ENSG00000102753,KPNA3,0.16746961652891776,0.2754748027026365,0,0,0,0,0,0
ENSG00000177000,MTHFR,0.1673148503295547,0.23457196712988343,0,0,0,0,0.8129651385335678,0
ENSG00000157778,PSMG3,0.1671825608525531,0.2750026179120445,0,0,0,0,0,0
ENSG00000232258,TMEM114,0.1669974649028444,0.27469814912968327,0,0,0,0,0,0
ENSG00000134138,MEIS2,0.16646191474737357,0.27381720978991825,0,0,0,0,0,0
ENSG00000136153,LMO7,0.16583312822092486,0.2727829036996214,0,0,0,0,0,0
ENSG00000099256,PRTFDC1,0.1656911299989291,0.2725493274068038,0,0,0,0,0,0
ENSG00000164920,OSR2,0.16565602868058768,0.27249158840348414,0,0,0,0,0,0
ENSG00000013588,GPRC5A,0.16533696533806091,0.2719667534324969,0,0,0,0,0,0
ENSG00000151490,PTPRO,0.16521635675356636,0.2637788894355551,0,0,0,0,0.15978944067264306,0
ENSG00000068024,HDAC4,0.16518905150238133,0.2642762941336179,0,0,0,0,0.14894304541484715,0
ENSG00000187554,TLR5,0.16517133335896703,0.2516044682832643,0,0,0,0,0,0.40179666241146067
ENSG00000101384,JAG1,0.16495512295997253,0.2556415014890541,0,0,0,0,0.08509688154916233,0.2761221682751983
ENSG00000107771,CCSER2,0.16492714385060114,0.2712926282046423,0,0,0,0,0,0
ENSG00000133937,GSC,0.16488610442729768,0.2712251214695588,0,0,0,0,0,0
ENSG00000178573,MAF,0.16480753915450552,0.27109588756152053,0,0,0,0,0,0
ENSG00000077684,JADE1,0.1644824399547672,0.2705611240637416,0,0,0,0,0,0
ENSG00000165238,WNK2,0.16430379001820175,0.2647382967489236,0,0,0,0,0.11057923469223381,0
ENSG00000171262,TSLIG3B,0.16427016337251496,0.270211945204756,0,0,0,0,0,0
ENSG00000120725,SIL1,0.1640856374147966,0.2699084140159376,0,0,0,0,0,0
ENSG00000136826,KLF4,0.16406355719174026,0.26379278574951354,0,0,0,0,0.12158615952232422,0
ENSG00000011465,DCN,0.1637483166643807,0.24615684144532338,0,0,0,0,0.46393411099981946,0
ENSG00000171862,PTEN,0.16369863614599464,0.26143938066264566,0,0,0,0,0.15664891304638853,0
ENSG00000150667,FSIP1,0.1636867862079622,0.2692523340667043,0,0,0,0,0,0
ENSG00000180530,NRIP1,0.1632304071138723,0.2685016251112066,0,0,0,0,0,0
ENSG00000130720,FIBCD1,0.1630628349758855,0.26822598166849054,0,0,0,0,0,0
ENSG00000120685,PROSER1,0.1628579903181835,0.26788902776106094,0,0,0,0,0,0
ENSG00000067057,PFKP,0.16278710142215858,0.26503673232066144,0,0,0,0,0.0547137717850459,0
ENSG00000173068,BNC2,0.16251983912794205,0.2673327947299825,0,0,0,0,0,0
ENSG00000165983,PTER,0.1624013138369682,0.26713782962632354,0,0,0,0,0,0
ENSG00000239704,CDRT4,0.16236715837490057,0.26708164648475247,0,0,0,0,0,0
ENSG00000146147,MLIP,0.16141106352497409,0.2649010122582593,0,0,0,0,0.012158615952232422,0
ENSG00000168843,FSTL5,0.1613365137273496,0.26538631429957604,0,0,0,0,0,0
ENSG00000044524,EPHA3,0.16110989857329974,0.2517849754227267,0,0,0,0,0,0.2645714831205775
ENSG00000104413,ESRP1,0.16096051727181815,0.2647678286808039,0,0,0,0,0,0
ENSG00000139174,PRICKLE1,0.16082148328353058,0.2645391283273528,0,0,0,0,0,0
ENSG00000139734,DIAPH3,0.16077147818911358,0.2644568737440788,0,0,0,0,0,0
ENSG00000029559,IBSP,0.16055191837587385,0.26409571452315705,0,0,0,0,0,0
ENSG00000183775,KCTD16,0.16024324155405972,0.26358796459006134,0,0,0,0,0,0
ENSG00000107077,KDM4C,0.15947852928550058,0.2585305034901834,0,0,0,0,0.07599134970145263,0
ENSG00000111404,RERGL,0.15933364448087944,0.2620917464732069,0,0,0,0,0,0
ENSG00000148090,AUH,0.15920735339323547,0.2618840072237066,0,0,0,0,0,0
ENSG00000170044,ZPLD1,0.15874540173252516,0.2611241318192606,0,0,0,0,0,0
ENSG00000131374,TBC1D5,0.15856001941002906,0.26081919197540926,0,0,0,0,0,0
ENSG00000138081,FBXO11,0.15837204871810828,0.26050999446039724,0,0,0,0,0,0
ENSG00000164687,FABP5,0.15836597981788275,0.2605000115803567,0,0,0,0,0,0
ENSG00000188730,VWC2,0.1579651790732264,0.2598407247894407,0,0,0,0,0,0
ENSG00000106536,POU6F2,0.15785461714861015,0.25965885881875683,0,0,0,0,0,0
ENSG00000102452,NALCN,0.15737410564001197,0.2588684538738421,0,0,0,0,0,0
ENSG00000175591,P2RY2,0.1573275480333819,0.2587918701461991,0,0,0,0,0,0
ENSG00000253548,PYDC2,0.15697038609579161,0.25820436587927686,0,0,0,0,0,0
ENSG00000174145,NWD2,0.15695801699424308,0.25818401964645377,0,0,0,0,0,0
ENSG00000181666,ZNF875,0.15617053588621727,0.2568886730196344,0,0,0,0,0,0
ENSG00000135341,MAP3K7,0.15586285211711515,0.25334290259478626,0,0,0,0,0.06079307976116211,0
ENSG00000072954,TMEM38A,0.15576578099422703,0.25622288195660486,0,0,0,0,0,0
ENSG00000215018,COL28A1,0.15573296778344267,0.2549530451212502,0,0,0,0,0.024317231904464845,0
ENSG00000157060,SHCBP1L,0.1555835157293785,0.25592306943589593,0,0,0,0,0,0
ENSG00000148344,PTGES,0.15546730344937987,0.2557319090596571,0,0,0,0,0,0
ENSG00000203727,SAMD5,0.15540725327872756,0.25563313108872976,0,0,0,0,0,0
ENSG00000085382,HACE1,0.15521570292696418,0.25531804530509133,0,0,0,0,0,0
ENSG00000152932,RAB3C,0.1549926625829236,0.25495116087528974,0,0,0,0,0,0
ENSG00000006062,MAP3K14,0.1549139167580984,0.23975127483173314,0,0,0,0,0.3014071028226773,0
ENSG00000166181,API5,0.15432098622439125,0.2538463042679733,0,0,0,0,0,0
ENSG00000153822,KCNJ16,0.15424904233101752,0.2506883080382384,0,0,0,0,0.06079307976116211,0
ENSG00000196569,LAMA2,0.15421131646115113,0.2536659058350086,0,0,0,0,0,0
ENSG00000091664,SLC17A6,0.15403119899220818,0.25336962627547555,0,0,0,0,0,0
ENSG00000139329,LUM,0.15374816381354933,0.24864853931503939,0,0,0,0,0.08511031166562696,0
ENSG00000154654,NCAM2,0.15368567920985995,0.2528012724699015,0,0,0,0,0,0
ENSG00000033170,FUT8,0.15368567920985995,0.2528012724699015,0,0,0,0,0,0
ENSG00000230268,SSU72L6,0.15360896434584795,0.2526750823437993,0,0,0,0,0,0
ENSG00000180287,PLD5,0.15351788678511358,0.25252526667219294,0,0,0,0,0,0
ENSG00000103888,CEMIP,0.15320435715613,0.2489698802517341,0,0,0,0,0.06079307976116211,0
ENSG00000133030,MPRIP,0.15275991308852896,0.2512784574966051,0,0,0,0,0,0
ENSG00000049246,PER3,0.1526288706633042,0.24992303241204636,0,0,0,0,0.02279740491043579,0
ENSG00000140332,TLE3,0.1522246382915076,0.2503979711005806,0,0,0,0,0,0
ENSG00000163110,PDLIM5,0.1520694462694073,0.2501426920084372,0,0,0,0,0,0
ENSG00000153823,PID1,0.15170031350872976,0.24649584265846003,0,0,0,0,0.06079307976116211,0
ENSG00000133958,UNC79,0.15146682980999263,0.24915143369123702,0,0,0,0,0,0
ENSG00000112339,HBS1L,0.1514481611955172,0.24912072523799075,0,0,0,0,0,0
ENSG00000196562,SULF2,0.15118967602346955,0.24869553675755324,0,0,0,0,0,0
ENSG00000163599,CTLA4,0.1511272399583622,0.23724142297689804,0,0,0,0,0.22702822389035268,0
ENSG00000176956,LY6H,0.15095173259174957,0.24830413788015668,0,0,0,0,0,0
ENSG00000113430,IRX4,0.15095160110809,0.2483039215995206,0,0,0,0,0,0
ENSG00000288611,NPBWR1,0.15079258711071153,0.2480423556482591,0,0,0,0,0,0
ENSG00000062194,GPBP1,0.149892341210474,0.2465615195008319,0,0,0,0,0,0
ENSG00000234828,IQCM,0.14910065537892533,0.24525925642309515,0,0,0,0,0,0
ENSG00000170144,HNRNPA3,0.14882400549836472,0.24480418837645646,0,0,0,0,0,0
ENSG00000166833,NAV2,0.14871081114697188,0.24461799226361347,0,0,0,0,0,0
ENSG00000150051,MKX,0.1486384689751369,0.24449899488411042,0,0,0,0,0,0
ENSG00000171132,PRKCE,0.14757905487678924,0.24275633913692704,0,0,0,0,0,0
ENSG00000120594,PLXDC2,0.14708147114432624,0.2419378516801016,0,0,0,0,0,0
ENSG00000127129,EDN2,0.1468297708760658,0.23878813526194295,0,0,0,0,0.0547137717850459,0
ENSG00000151612,ZNF827,0.14638359167574586,0.24078989294643954,0,0,0,0,0,0
ENSG00000164151,ICE1,0.14567335411995488,0.23962160609770403,0,0,0,0,0,0
ENSG00000164342,TLR3,0.14556112569975707,0.23059170156943098,0,0,0,0,0.1769059459779938,0
ENSG00000165030,NFIL3,0.1455076778248924,0.23934908117264123,0,0,0,0,0,0
ENSG00000070019,GUCY2C,0.14546549153364707,0.23927968792687856,0,0,0,0,0,0
ENSG00000144407,PTH2R,0.14474939435005219,0.2381017624353453,0,0,0,0,0,0
ENSG00000164197,RNF180,0.14470288561954686,0.2380252591052162,0,0,0,0,0,0
ENSG00000162761,LMX1A,0.14395115223382252,0.23678871476714736,0,0,0,0,0,0
ENSG00000177752,YIPF7,0.14389743530750718,0.23670035450225144,0,0,0,0,0,0
ENSG00000197223,C1D,0.14318557864403358,0.23552940434432182,0,0,0,0,0,0
ENSG00000198010,DLGAP2,0.1428682115095553,0.235007359506776,0,0,0,0,0,0
ENSG00000219438,TAFA5,0.14281628992033027,0.23492195243506814,0,0,0,0,0,0
ENSG00000170242,USP47,0.14245148403218374,0.23432187444990973,0,0,0,0,0,0
ENSG00000243678,NME2,0.14238885650644476,0.23421885692557137,0,0,0,0,0,0
ENSG00000158092,NCK1,0.1423567025974102,0.23112631219869748,0,0,0,0,0.06079307976116211,0
ENSG00000170417,TMEM182,0.14212288227296865,0.23378134950775173,0,0,0,0,0,0
ENSG00000075426,FOSL2,0.14197280566188383,0.23292655408068813,0,0,0,0,0.012158615952232422,0
ENSG00000006740,ARHGAP44,0.14185077305323918,0.2333337505033938,0,0,0,0,0,0
ENSG00000163600,ICOS,0.14135058302490455,0.22416881438720418,0,0,0,0,0.16684323001118934,0
ENSG00000196505,GDAP2,0.14131913298775034,0.23245924296474385,0,0,0,0,0,0
ENSG00000165409,TSHR,0.140988372330177,0.23016736575558494,0,0,0,0,0.03495602086266821,0
ENSG00000165323,FAT3,0.14034780055020724,0.23086147486127026,0,0,0,0,0,0
ENSG00000129657,SEC14L1,0.13947706206141092,0.22942917616507458,0,0,0,0,0,0
ENSG00000146242,TPBG,0.13888398143281178,0.21205416369090924,0,0,0,0,0.32798879749142984,0
ENSG00000115290,GRB14,0.13870008863181543,0.2281511138713925,0,0,0,0,0,0
ENSG00000125409,TEKT3,0.13859742398752892,0.22798223832718606,0,0,0,0,0,0
ENSG00000169302,STK32A,0.13842240615706944,0.22769434728572696,0,0,0,0,0,0
ENSG00000158856,DMTN,0.13812668219671662,0.22720790382618414,0,0,0,0,0,0
ENSG00000082701,GSK3B,0.13768341975130788,0.221291770100824,0,0,0,0,0.10374001321910306,0
ENSG00000106541,AGR2,0.13758754136706522,0.22632105810004308,0,0,0,0,0,0
ENSG00000150681,RGS18,0.13734144801363815,0.2259162532202872,0,0,0,0,0,0
ENSG00000277586,NEFL,0.13721164716836773,0.19111772705622423,0,0,0,0,0.6917002725954782,0
ENSG00000236396,SLC35G4,0.13673120963234323,0.22491245742035013,0,0,0,0,0,0
ENSG00000248905,FMN1,0.13581854575443236,0.2234111946425859,0,0,0,0,0,0
ENSG00000104714,ERICH1,0.13542820243528933,0.2227691095225746,0,0,0,0,0,0
ENSG00000169067,ACTBL2,0.1350740804549808,0.2221866057545474,0,0,0,0,0,0
ENSG00000119203,CPSF3,0.13503719343709478,0.2221259294110706,0,0,0,0,0,0
ENSG00000144824,PHLDB2,0.13503710708468505,0.21908613337985547,0,0,0,0,0.06079307976116211,0
ENSG00000115020,PIKFYVE,0.13500697009368506,0.2220762143061138,0,0,0,0,0,0
ENSG00000102760,RGCC,0.13497741862489193,0.22202760438388378,0,0,0,0,0,0
ENSG00000008513,ST3GAL1,0.13450163314843305,0.2197251464089469,0,0,0,0,0.030396539880581056,0
ENSG00000165678,GHITM,0.13444867533029112,0.22115786181338384,0,0,0,0,0,0
ENSG00000176887,SOX11,0.13405516607737572,0.22051056897271615,0,0,0,0,0,0
ENSG00000205038,PKHD1L1,0.13372007687309198,0.21995937267603205,0,0,0,0,0,0
ENSG00000163527,STT3B,0.13364949699533335,0.21984327413646818,0,0,0,0,0,0
ENSG00000134108,ARL8B,0.13364891323542058,0.21984231389573833,0,0,0,0,0,0
ENSG00000111907,TPD52L1,0.13316750956544623,0.21905044141310442,0,0,0,0,0,0
ENSG00000164506,STXBP5,0.13307531955657614,0.21889879584878644,0,0,0,0,0,0
ENSG00000175040,CHST2,0.13262041638377522,0.21815051467173782,0,0,0,0,0,0
ENSG00000081923,ATP8B1,0.13258922946730875,0.20004215004621062,0,0,0,0,0,0.3611412903211835
ENSG00000124608,AARS2,0.1324713923909422,0.21790538151938152,0,0,0,0,0,0
ENSG00000164418,GRIK2,0.13198349026156125,0.2171028195644719,0,0,0,0,0,0
ENSG00000167992,VWCE,0.13185152747825507,0.2168857508062767,0,0,0,0,0,0
ENSG00000129351,ILF3,0.13181337381150168,0.21682299092159363,0,0,0,0,0,0
ENSG00000166479,TMX3,0.1312562685966093,0.2159065951458226,0,0,0,0,0,0
ENSG00000181031,RPH3AL,0.13090116008407682,0.21471453780958588,0,0,0,0,0.012158615952232422,0
ENSG00000135862,LAMC1,0.13041535791489103,0.20014275790984953,0,0,0,0,0,0.28761206035005793
ENSG00000154556,SORBS2,0.1301635329537509,0.20818180271141404,0,0,0,0,0.11854650553426611,0
ENSG00000135953,SLC67A2,0.13009409072493333,0.21399490079468622,0,0,0,0,0,0
ENSG00000113600,C9,0.12987454410383542,0.20673011802312513,0,0,0,0,0.13807290501421937,0
ENSG00000163071,SPATA18,0.1295904876567657,0.2131665119876935,0,0,0,0,0,0
ENSG00000158985,CDC42SE2,0.1292858696184962,0.21266543844533267,0,0,0,0,0,0
ENSG00000160145,KALRN,0.12927871029881097,0.2126536619080798,0,0,0,0,0,0
ENSG00000179833,SERTAD2,0.12900711875296642,0.21220691443795403,0,0,0,0,0,0
ENSG00000008256,CYTH3,0.1289528254049308,0.1996124694962267,0,0,0,0,0,0.2501027301374209
ENSG00000115464,USP34,0.12876942933941604,0.2118159334011581,0,0,0,0,0,0
ENSG00000187957,DNER,0.128692267645741,0.21108107747657776,0,0,0,0,0.012158615952232422,0
ENSG00000157765,SLC34A2,0.1286044345565159,0.211544529511853,0,0,0,0,0,0
ENSG00000153071,DAB2,0.12855526249850882,0.207056146927534,0,0,0,0,0.08814996565368505,0
ENSG00000138050,THUMPD2,0.1282972997420186,0.21103931606370405,0,0,0,0,0,0
ENSG00000182568,SATB1,0.12783433142058664,0.20408869507055086,0,0,0,0,0.12378146518036617,0
ENSG00000157168,NRG1,0.127589338277142,0.20896287701527455,0,0,0,0,0.01823792392834863,0
ENSG00000277639,CHD9NB,0.12756855809842577,0.20984059139560723,0,0,0,0,0,0
ENSG00000116044,NFE2L2,0.12703199401677043,0.1091214757151491,0,0,0,0,0.8592773176517975,0.4419968294300594
ENSG00000151090,THRB,0.1264580517464454,0.2061901003779565,0,0,0,0,0.03647584785669726,0
ENSG00000186867,QRFPR,0.12633112251559486,0.20598131143133755,0,0,0,0,0.03647584785669726,0
ENSG00000148082,SHC3,0.12632755475123725,0.20445561573585164,0,0,0,0,0.06687238773727831,0
ENSG00000145730,PAM,0.12589795838571713,0.20709258172201947,0,0,0,0,0,0
ENSG00000140015,KCNH5,0.12582779705280164,0.20697717165694116,0,0,0,0,0,0
ENSG00000067113,PLPP1,0.12554575290021663,0.20651323044242614,0,0,0,0,0,0
ENSG00000164758,MED30,0.1250341038581566,0.20567160661933617,0,0,0,0,0,0
ENSG00000104490,NCALD,0.12487459421556919,0.2054092253693418,0,0,0,0,0,0
ENSG00000144891,AGTR1,0.12452770352831181,0,0,0,0,0,0.90301474336752,0.41378809739434985
ENSG00000135744,AGT,0.12449545745051663,0,0,0,0,0,0.8993391031719017,0.4983550709096115
ENSG00000103335,PIEZO1,0.12437565410840656,0.20089549605330462,0,0,0,0,0.0738602145164919,0
ENSG00000107099,DOCK8,0.1242948655504714,0.20445561573585164,0,0,0,0,0,0
ENSG00000139330,KERA,0.1239508216894121,0.20388968970872662,0,0,0,0,0,0
ENSG00000023287,RB1CC1,0.12358097123447198,0.20328131379424236,0,0,0,0,0,0
ENSG00000166510,CCDC68,0.12327283411521874,0.20277445163087798,0,0,0,0,0,0
ENSG00000158169,FANCC,0.12311950351623659,0.20252223443842032,0,0,0,0,0,0
ENSG00000095383,TBC1D2,0.1229115748439009,0.20218020756109717,0,0,0,0,0,0
ENSG00000151474,FRMD4A,0.12273273503816329,0.20188602966051997,0,0,0,0,0,0
ENSG00000158079,PTPDC1,0.1226507443062602,0.20175116113234998,0,0,0,0,0,0
ENSG00000131409,LRRC4B,0.12247997801025998,0.20147026354224412,0,0,0,0,0,0
ENSG00000091436,MAP3K20,0.12219987238115897,0.2010095110516622,0,0,0,0,0,0
ENSG00000155329,ZCCHC10,0.12214607835447779,0.20092102396251896,0,0,0,0,0,0
ENSG00000186818,LILRB4,0.12205384428825578,0.2007693059272025,0,0,0,0,0,0
ENSG00000112715,VEGFA,0.12183269486284093,0,0,0,0,0,0.8989035984624282,0.41249624444942523
ENSG00000221840,OR4A5,0.12170539469200556,0.20019613280022955,0,0,0,0,0,0
ENSG00000130402,ACTN4,0.12165686145224253,0.18121186556933164,0,0,0,0,0.14502864655689235,0.31363149848783534
ENSG00000125851,PCSK2,0.12149466837782366,0.19984950401450297,0,0,0,0,0,0
ENSG00000244694,PTCHD4,0.12137581265671049,0.19965399537835538,0,0,0,0,0,0
ENSG00000170423,KRT78,0.1213471203062796,0.19960679864059572,0,0,0,0,0,0
ENSG00000141576,RNF157,0.1204898082954776,0.1981965854811866,0,0,0,0,0,0
ENSG00000119630,PGF,0.12036164868658535,0,0,0,0,0,0.9899288632805772,0
ENSG00000103494,RPGRIP1L,0.12033072270490232,0.19793490176455258,0,0,0,0,0,0
ENSG00000196704,AMZ2,0.12031477945068016,0.19790867632197787,0,0,0,0,0,0
ENSG00000160999,SH2B2,0.1198544777543204,0.19593565338837837,0,0,0,0,0.024317231904464845,0
ENSG00000065183,WDR3,0.11978099158928573,0.19703063582215205,0,0,0,0,0,0
ENSG00000136052,SLC41A2,0.11973419166722014,0.1969536535040174,0,0,0,0,0,0
ENSG00000171421,MRPL36,0.11921868485328355,0.19610568393912306,0,0,0,0,0,0
ENSG00000162105,SHANK2,0.11905245921811446,0.19583225539129798,0,0,0,0,0,0
ENSG00000284862,CCDC39,0.11893602665135632,0.19564073266006676,0,0,0,0,0,0
ENSG00000175984,DENND2C,0.11832539175389419,0.19463628462114338,0,0,0,0,0,0
ENSG00000169764,UGP2,0.11820496098245026,0.19443818514680014,0,0,0,0,0,0
ENSG00000182771,GRID1,0.11803472337467294,0.19415815720867605,0,0,0,0,0,0
ENSG00000170577,SIX2,0.11746485047687648,0.1932207595640176,0,0,0,0,0,0
ENSG00000166263,STXBP4,0.11732820866511832,0.19299599415931204,0,0,0,0,0,0
ENSG00000107736,CDH23,0.11727211264179989,0.19290372046049825,0,0,0,0,0,0
ENSG00000136634,IL10,0.11618047331716001,0,0,0,0,0,0.887847189001074,0.27077237725621606
ENSG00000185920,PTCH1,0.11599776475216297,0.1908075149472335,0,0,0,0,0,0
ENSG00000106804,C5,0.11590261487598343,0,0,0,0,0,0.4271832091541449,0
ENSG00000204084,INPP5B,0.11575429281117451,0.19040702209188715,0,0,0,0,0,0
ENSG00000104412,EMC2,0.11536267802439122,0.1897628455041541,0,0,0,0,0,0
ENSG00000164867,NOS3,0.11506466302087706,0,0,0,0,0,0.8228613375841947,0.49400731871475917
ENSG00000050730,TNIP3,0.1150575808624197,0.1892609838396848,0,0,0,0,0,0
ENSG00000140538,NTRK3,0.1150068488216962,0.18917753348493585,0,0,0,0,0,0
ENSG00000119408,NEK6,0.11495735038682617,0.18909611231814433,0,0,0,0,0,0
ENSG00000139289,PHLDA1,0.11468136412012868,0.18864213586592024,0,0,0,0,0,0
ENSG00000178394,HTR1A,0.11456839625106051,0.1884563122993038,0,0,0,0,0,0
ENSG00000188483,IER5L,0.11425159773178035,0.18793520279058215,0,0,0,0,0,0
ENSG00000185053,SGCZ,0.11397982789133981,0.1874881620393844,0,0,0,0,0,0
ENSG00000170390,DCLK2,0.11356718673335783,0.18680939866762708,0,0,0,0,0,0
ENSG00000118600,RXYLT1,0.11310173182477463,0.18604376068644266,0,0,0,0,0,0
ENSG00000124882,EREG,0.11303960073727697,0.18267393172815272,0,0,0,0,0.06535256074324927,0
ENSG00000174527,MYO1H,0.11242544045862977,0.18493131274203548,0,0,0,0,0,0
ENSG00000121904,CSMD2,0.11218962348253554,0.1845434117226749,0,0,0,0,0,0
ENSG00000148335,NTMT1,0.11198799501152289,0.1842117481981343,0,0,0,0,0,0
ENSG00000105198,LGALS13,0.11160645868487666,0,0,0,0,0,0.9179207495601898,0
ENSG00000138382,METTL5,0.11131569083572578,0.18310585887908945,0,0,0,0,0,0
ENSG00000125870,SNRPB2,0.11119627338337577,0.18290942623771125,0,0,0,0,0,0
ENSG00000042813,ZPBP,0.11097725327269696,0.18254915478652095,0,0,0,0,0,0
ENSG00000187210,GCNT1,0.11089069159053326,0.1824067673922587,0,0,0,0,0,0
ENSG00000144668,ITGA9,0.11048187417012349,0.1786946397904013,0,0,0,0,0.06079307976116211,0
ENSG00000196482,ESRRG,0.1104723301122079,0.17513606011657193,0,0,0,0,0.13165068822652515,0
ENSG00000102924,CBLN1,0.11046482320938766,0.1752630293059077,0,0,0,0,0.1288643387374719,0
ENSG00000116984,MTR,0.11010444527732195,0.16198364283980274,0,0,0,0,0.38259618138689355,0
ENSG00000165125,TRPV6,0.10923400662142148,0.1781618194212691,0,0,0,0,0.030396539880581056,0
ENSG00000106538,RARRES2,0.10912365693756133,0,0,0,0,0,0.8975006478227099,0
ENSG00000182752,PAPPA,0.10907641109879587,0,0,0,0,0,0.8971120687364794,0
ENSG00000096717,SIRT1,0.10902399472641415,0,0,0,0,0,0.8210087779416219,0.30268874413082614
ENSG00000100292,HMOX1,0.10895401717076962,0,0,0,0,0,0.8223482211269864,0.2950288160809197
ENSG00000174738,NR1D2,0.10851905843153573,0.1775937147347523,0,0,0,0,0.01823792392834863,0
ENSG00000077235,GTF3C1,0.10808496522022089,0.17779156056060083,0,0,0,0,0,0
ENSG00000100342,APOL1,0.10739316126343697,0,0,0,0,0,0.8832679779125575,0
ENSG00000161267,BDH1,0.10729549051702118,0.17649293462110027,0,0,0,0,0,0
ENSG00000125879,OTOR,0.10714952276310906,0.17413351444135863,0,0,0,0,0.04238628616681025,0
ENSG00000113048,MRPS27,0.10701604574819881,0.17603326919549556,0,0,0,0,0,0
ENSG00000007944,MYLIP,0.10672001602982374,0.17098684180513612,0,0,0,0,0.09118961964174316,0
ENSG00000093010,COMT,0.10587306557772455,0,0,0,0,0,0.8029206910120179,0.2713803080538277
ENSG00000116117,PARD3B,0.10580781543148973,0.17282996047396146,0,0,0,0,0.024317231904464845,0
ENSG00000109158,GABRA4,0.10561223307815638,0.14277873765403454,0,0,0,0,0,0
ENSG00000175445,LPL,0.1055434279499304,0.12990667443488257,0,0,0,0,0.7056712806453023,0
ENSG00000136928,GABBR2,0.10554097256326339,0.17360688581315903,0,0,0,0,0,0
ENSG00000118514,ALDH8A1,0.10517485596889756,0.17300465181579586,0,0,0,0,0,0
ENSG00000135968,GCC2,0.10481302395200492,0.17240946562303483,0,0,0,0,0,0
ENSG00000137252,HCRTR2,0.10451569947066477,0.17192038942800036,0,0,0,0,0,0
ENSG00000120937,NPPB,0.10441927627912113,0,0,0,0,0,0.8588089029981155,0
ENSG00000111615,KRR1,0.10422750174513107,0.17144632605324464,0,0,0,0,0,0
ENSG00000161270,NPHS1,0.1040717956208964,0,0,0,0,0,0.8559510065106379,0
ENSG00000165895,ARHGAP42,0.10318362612408488,0.16972922992133743,0,0,0,0,0,0
ENSG00000157978,LDLRAP1,0.10308399317632663,0.16956534128771386,0,0,0,0,0,0
ENSG00000116678,LEPR,0.1029418190696519,0.04294432074638752,0,0,0,0,0.704555164035247,0.47297703353724757
ENSG00000164176,EDIL3,0.10288181500310488,0.1615806134995096,0,0,0,0,0.15304320090540555,0
ENSG00000164855,TMEM184A,0.10266145012850306,0.16887029005904833,0,0,0,0,0,0
ENSG00000234224,TMEM229A,0.10208404548871847,0.16792050327072794,0,0,0,0,0,0
ENSG00000277494,GPIHBP1,0.10177872941677965,0.16741828151598495,0,0,0,0,0,0
ENSG00000115884,SDC1,0.10150083696710108,0,0,0,0,0,0.8348058476874969,0
ENSG00000171388,APLN,0.10127657323180739,0,0,0,0,0,0.8329613636099114,0
ENSG00000112238,PRDM13,0.10106706963459738,0.16624765521282978,0,0,0,0,0,0
ENSG00000060237,WNK1,0.10091829139367332,0.15817581728445337,0,0,0,0,0.15654218038499243,0
ENSG00000204315,FKBPL,0.10075603684233223,0,0,0,0,0,0.8286801494361913,0
ENSG00000104332,SFRP1,0.10036707717541941,0.16205656678202254,0,0,0,0,0.06079307976116211,0
ENSG00000149968,MMP3,0.10011690978509391,0,0,0,0,0,0.8234235720449056,0
ENSG00000172785,ZNG1A,0.10004659122099951,0.1645690457105525,0,0,0,0,0,0
ENSG00000100985,MMP9,0.09994841401529957,0,0,0,0,0,0.8220377583103792,0
ENSG00000148346,LCN2,0.0997864193446655,0,0,0,0,0,0.820705413648203,0
ENSG00000105825,TFPI2,0.09968981360330352,0,0,0,0,0,0.8199108681033687,0
ENSG00000153563,CD8A,0.09967812046390047,0,0,0,0,0,0.8198146964712603,0
ENSG00000142208,AKT1,0.09966902015579654,0,0,0,0,0,0.8197398498921786,0
ENSG00000102763,VWA8,0.09959134660372129,0.16382020288326568,0,0,0,0,0,0
ENSG00000138138,ATAD1,0.09931197893526478,0.16336066428190832,0,0,0,0,0,0
ENSG00000183137,CEP57L1,0.09928681117298661,0.16331926522402698,0,0,0,0,0,0
ENSG00000205903,ZNF316,0.09925534320938544,0.16326750281336314,0,0,0,0,0,0
ENSG00000101200,AVP,0.09910340266272892,0,0,0,0,0,0.8150878607571508,0
ENSG00000102524,TNFSF13B,0.09905469377329644,0.14896702715530893,0,0,0,0,0.27940845143243676,0
ENSG00000110799,VWF,0.09845822176822147,0,0,0,0,0,0.8097814928527595,0
ENSG00000143702,CEP170,0.09808889177457428,0.16134877877537426,0,0,0,0,0,0
ENSG00000048392,RRM2B,0.09797275536368537,0.13898321405067704,0,0,0,0,0,0.44349058294765764
ENSG00000174914,OR9G1,0.09773362430311609,0.16076439076138663,0,0,0,0,0,0
ENSG00000130513,GDF15,0.09759035671749362,0,0,0,0,0,0.7396164068665642,0.25210890176953926
ENSG00000165219,GAPVD1,0.09755860647265663,0.16047649971992753,0,0,0,0,0,0
ENSG00000165630,PRPF18,0.09752738082449094,0.1604251358997553,0,0,0,0,0,0
ENSG00000142698,C1orf94,0.09746300201901356,0.1603192376532274,0,0,0,0,0,0
ENSG00000049768,FOXP3,0.09726883717155378,0,0,0,0,0,0.6912347117390791,0.43505817749758613
ENSG00000197766,CFD,0.09675924446968247,0,0,0,0,0,0.7958080496153566,0
ENSG00000181092,ADIPOQ,0.09665674054900729,0,0,0,0,0,0.7949649937850064,0
ENSG00000113492,AGXT2,0.0966449561231007,0.15897361427121298,0,0,0,0,0,0
ENSG00000173467,AGR3,0.09658366133225696,0.15887278899457863,0,0,0,0,0,0
ENSG00000100644,HIF1A,0.09655549480137805,0,0,0,0,0,0.7941322859502745,0
ENSG00000087245,MMP2,0.09602807102329501,0,0,0,0,0,0.7897944256201584,0
ENSG00000008294,SPAG9,0.09599683943350178,0.1579075115303333,0,0,0,0,0,0
ENSG00000179600,GPHB5,0.09558315191341195,0.1572270269723621,0,0,0,0,0,0
ENSG00000168398,BDKRB2,0.09545967050659764,0,0,0,0,0,0.7146755659991473,0.2817759246929864
ENSG00000106991,ENG,0.09529361966474663,0,0,0,0,0,0.7837538420419465,0
ENSG00000152953,STK32B,0.09518555634110698,0.15657301244658547,0,0,0,0,0,0
ENSG00000188585,CLEC20A,0.09518411759320869,0.15657064581554136,0,0,0,0,0,0
ENSG00000155827,RNF20,0.0951065615091337,0.15644307194631205,0,0,0,0,0,0
ENSG00000124191,TOX2,0.09474046694344383,0.1558408741844481,0,0,0,0,0,0
ENSG00000189403,HMGB1,0.09466667935568891,0.04218357908703787,0,0,0,0,0.7258680221687611,0
ENSG00000137251,TINAG,0.09466599349721025,0.15571837102039365,0,0,0,0,0,0
ENSG00000138413,IDH1,0.09453809037859576,0.15398815310832428,0,0,0,0,0.030396539880581056,0
ENSG00000148604,RGR,0.09451836281813136,0.15547552976336426,0,0,0,0,0,0
ENSG00000106546,AHR,0.09438951074533278,0,0,0,0,0,0.6906756383252036,0.34256900445414845
ENSG00000188811,NHLRC3,0.09416587095984347,0.15489570742228082,0,0,0,0,0,0
ENSG00000175206,NPPA,0.09381723112334053,0.04184236637608826,0,0,0,0,0.6451310991554381,0.41293699427769354
ENSG00000184378,ACTRT3,0.09366962930342868,0.15407942757864668,0,0,0,0,0,0
ENSG00000120885,CLU,0.09361687085158124,0.13566866234647718,0,0,0,0,0.366479631699867,0
ENSG00000115414,FN1,0.09349723826400616,0,0,0,0,0,0.7689792870449148,0
ENSG00000120694,HSPH1,0.09342189648682801,0.15367192590645976,0,0,0,0,0,0
ENSG00000168724,DNAJC21,0.09341579454358859,0.15366188867317038,0,0,0,0,0,0
ENSG00000116574,RHOU,0.09340971462902511,0.15365188767538024,0,0,0,0,0,0
ENSG00000214046,SMIM7,0.09326813632866475,0.15341900212176693,0,0,0,0,0,0
ENSG00000175606,TMEM70,0.09281920292704754,0.15268054076501228,0,0,0,0,0,0
ENSG00000054282,SDCCAG8,0.09280738454239787,0.15266110041967018,0,0,0,0,0,0
ENSG00000078401,EDN1,0.09274173013925024,0,0,0,0,0,0.7627655195591739,0
ENSG00000136143,SUCLA2,0.09255062930980879,0.15223875755828234,0,0,0,0,0,0
ENSG00000143153,ATP1B1,0.09239496367117545,0,0,0,0,0,0,0
ENSG00000132681,ATP1A4,0.09239496367117545,0,0,0,0,0,0,0
ENSG00000129244,ATP1B2,0.09239496367117545,0,0,0,0,0,0,0
ENSG00000137731,FXYD2,0.09239496367117545,0,0,0,0,0,0,0
ENSG00000163399,ATP1A1,0.09239496367117545,0,0,0,0,0,0,0
ENSG00000105409,ATP1A3,0.09239496367117545,0,0,0,0,0,0,0
ENSG00000069849,ATP1B3,0.09239496367117545,0,0,0,0,0,0,0
ENSG00000018625,ATP1A2,0.09239496367117545,0,0,0,0,0,0,0
ENSG00000163661,PTX3,0.09230218755866378,0,0,0,0,0,0.7591504487130077,0
ENSG00000127951,FGL2,0.09216069110773364,0,0,0,0,0,0.6789404921659785,0.3161848078378041
ENSG00000025434,NR1H3,0.09205145972846016,0,0,0,0,0,0.6791515792484825,0.3117469130152393
ENSG00000132693,CRP,0.09198057177703109,0,0,0,0,0,0.7565052810154982,0
ENSG00000183668,PSG9,0.09195091915588542,0,0,0,0,0,0.7562613994646528,0
ENSG00000240505,TNFRSF13B,0.09188127146942063,0.15113771473726081,0,0,0,0,0,0
ENSG00000114062,UBE3A,0.09187166696670442,0.15112191605959233,0,0,0,0,0,0
ENSG00000137801,THBS1,0.09172312940778687,0.12975480239869433,0,0,0,0,0.4224556131079246,0
ENSG00000049883,PTCD2,0.0917228797821379,0.15087717243885285,0,0,0,0,0,0
ENSG00000162302,RPS6KA4,0.09148345044738518,0.15048332936379666,0,0,0,0,0,0
ENSG00000153936,HS2ST1,0.09137673218252496,0.15030778592155045,0,0,0,0,0,0
ENSG00000112242,E2F3,0.09128175674120227,0.14832776613951962,0,0,0,0,0.03647584785669726,0
ENSG00000082175,PGR,0.09103632094573647,0.10100989537062224,0,0,0,0,0.13091408642406,0
ENSG00000113249,HAVCR1,0.0909514514032194,0,0,0,0,0,0.7480411566624076,0
ENSG00000257017,HP,0.09087534681581624,0,0,0,0,0,0.7474152253253035,0
ENSG00000116688,MFN2,0.09083183363725728,0,0,0,0,0,0.747057345952109,0
ENSG00000160307,S100B,0.09073523077841736,0,0,0,0,0,0.7462628241149242,0
ENSG00000157017,GHRL,0.09041087796365493,0,0,0,0,0,0.7435951453590796,0
ENSG00000163002,NUP35,0.09002767954555692,0.1480886967714892,0,0,0,0,0,0
ENSG00000171714,ANO5,0.090003855532512,0.1480495080790615,0,0,0,0,0,0
ENSG00000109536,FRG1,0.08995008353450677,0.1479610572254175,0,0,0,0,0,0
ENSG00000178562,CD28,0.08960359558852153,0.14164684030541044,0,0,0,0,0.11488541117531614,0
ENSG00000204632,HLA-G,0.08958997347651418,0,0,0,0,0,0.7368435176214669,0
ENSG00000182083,OR6B2,0.08957645516164042,0.1473464669228136,0,0,0,0,0,0
ENSG00000174697,LEP,0.08947536480811583,0,0,0,0,0,0.6529487475027431,0.33180862933642274
ENSG00000116183,PAPPA2,0.08935155277027265,0,0,0,0,0,0.734882597832749,0
ENSG00000109184,DCUN1D4,0.08923890975998774,0.1467912303679643,0,0,0,0,0,0
ENSG00000026508,CD44,0.08919760388646811,0,0,0,0,0,0.6542054662745198,0.317643841752072
ENSG00000214688,C10orf105,0.0889930091574753,0.14638674254882678,0,0,0,0,0,0
ENSG00000091428,RAPGEF4,0.0889401293208462,0.14629975923290195,0,0,0,0,0,0
ENSG00000167701,GPT,0.08831946829185956,0,0,0,0,0,0.7263940948446799,0
ENSG00000227268,KLLN,0.08814657931259488,0.14499442972604204,0,0,0,0,0,0
ENSG00000022355,GABRA1,0.08780993220975226,0.08263682249663386,0,0,0,0,0,0
ENSG00000225997,OR4A8,0.08731298117145805,0.14362322408156444,0,0,0,0,0,0
ENSG00000109674,NEIL3,0.08729803471482284,0.14359863829533032,0,0,0,0,0,0
ENSG00000172461,FUT9,0.08717092925456467,0.1433895594647175,0,0,0,0,0,0
ENSG00000164308,ERAP2,0.0871505353093642,0,0,0,0,0,0.716780064867191,0
ENSG00000104899,AMH,0.08706692141202949,0,0,0,0,0,0.7160923723069259,0
ENSG00000204642,HLA-F,0.08670310078433208,0,0,0,0,0,0.7131000857742585,0
ENSG00000147459,DOCK5,0.086309580488894,0.1419727061500727,0,0,0,0,0,0
ENSG00000124818,OPN5,0.08624456285181394,0.14186575707406684,0,0,0,0,0,0
ENSG00000104884,ERCC2,0.08618396889105752,0,0,0,0,0,0.7088304230485497,0
ENSG00000130234,ACE2,0.0861008774525605,0,0,0,0,0,0.7081470275138648,0
ENSG00000114491,UMPS,0.08609184354858952,0.1416145454167131,0,0,0,0,0,0
ENSG00000131981,LGALS3,0.08594550829299717,0,0,0,0,0,0.7068691751647677,0
ENSG00000176225,RTTN,0.08573556826520644,0.14102849962863526,0,0,0,0,0,0
ENSG00000003436,TFPI,0.08560781016134868,0,0,0,0,0,0.7040917362442918,0
ENSG00000162407,PLPP3,0.08543646290309456,0.14053649401995913,0,0,0,0,0,0
ENSG00000239672,NME1,0.08512228441946076,0.14001969427092828,0,0,0,0,0,0
ENSG00000136244,IL6,0.08488211216964621,0,0,0,0,0,0.6981231457850362,0
ENSG00000170965,PLAC1,0.08485969243705137,0,0,0,0,0,0.6979387519964427,0
ENSG00000139144,PIK3C2G,0.0846899771610203,0.13930858165722476,0,0,0,0,0,0
ENSG00000136104,RNASEH2B,0.08468921166453086,0.13930732247362618,0,0,0,0,0,0
ENSG00000138767,CNOT6L,0.08444668144943947,0.13890837868587233,0,0,0,0,0,0
ENSG00000138079,SLC3A1,0.0843249824097757,0.11629749963132262,0,0,0,0,0.06079307976116211,0.42119472094525146
ENSG00000180745,CLRN3,0.08425318155985406,0.13859008606055115,0,0,0,0,0,0
ENSG00000100600,LGMN,0.08414224551606607,0,0,0,0,0,0.607930797611621,0.3364289033982711
ENSG00000138207,RBP4,0.08408222423218234,0,0,0,0,0,0.6915443711892566,0
ENSG00000198542,ITGBL1,0.08398094016806887,0.1381422696431978,0,0,0,0,0,0
ENSG00000105492,SIGLEC6,0.0838708677686224,0,0,0,0,0,0.6898060445212354,0
ENSG00000188373,GPR15LG,0.08354692018007293,0.1374283397194284,0,0,0,0,0,0
ENSG00000184708,EIF4ENIF1,0.08354388022279119,0.13742333922053332,0,0,0,0,0,0
ENSG00000117791,MTARC2,0.08335374521345786,0.137110581567721,0,0,0,0,0,0
ENSG00000105989,WNT2,0.08295487179573668,0,0,0,0,0,0.6822723254163273,0
ENSG00000146006,LRRTM2,0.08269946049459165,0.13603433288705422,0,0,0,0,0,0
ENSG00000140459,CYP11A1,0.08253461101048164,0,0,0,0,0,0.6788158400161295,0
ENSG00000115687,PASK,0.08239245234498106,0.13552932779302587,0,0,0,0,0,0
ENSG00000154589,LY96,0.08212789896110403,0.13509415756490717,0,0,0,0,0,0
ENSG00000256294,ZNF225,0.08194357952222273,0.13479096608389413,0,0,0,0,0,0
ENSG00000111057,KRT18,0.08188247002681061,0,0,0,0,0,0.6734522280208736,0
ENSG00000187621,TCL6,0.08155086219755846,0,0,0,0,0,0.6707248795253299,0
ENSG00000111906,HDDC2,0.08149583016193805,0.1340544523852236,0,0,0,0,0,0
ENSG00000196611,MMP1,0.08146928936064193,0,0,0,0,0,0.6700539739120841,0
ENSG00000144827,ABHD10,0.08145432813643956,0.1339861847046561,0,0,0,0,0,0
ENSG00000196141,SPATS2L,0.08145391509876541,0.13398550528904535,0,0,0,0,0,0
ENSG00000133704,IPO8,0.08112021370106681,0.13343659182881334,0,0,0,0,0,0
ENSG00000145864,GABRB2,0.08102291263704596,0.037980295146017785,0,0,0,0,0,0
ENSG00000198216,CACNA1E,0.08084561524095447,0.13298489821304135,0,0,0,0,0,0
ENSG00000136930,PSMB7,0.08059558492256079,0.13143374707933958,0,0,0,0,0.02279740491043579,0
ENSG00000143947,RPS27A,0.08055236744145816,0.13250252785008493,0,0,0,0,0,0
ENSG00000099246,RAB18,0.08055193994746543,0.13250182465492782,0,0,0,0,0,0
ENSG00000106366,SERPINE1,0.08038129338474068,0,0,0,0,0,0.5861477527393293,0.2998314693820515
ENSG00000164761,TNFRSF11B,0.08021315934679837,0,0,0,0,0,0.6597227814574617,0
ENSG00000206503,HLA-A,0.0801150666937008,0,0,0,0,0,0.6589160066281312,0
ENSG00000157107,FCHO2,0.08000041349475853,0.13159460551933924,0,0,0,0,0,0
ENSG00000137707,BTG4,0.07982287888807126,0.13130257457209202,0,0,0,0,0,0
ENSG00000179476,DORIP1,0.07967078740211156,0.1310523956264666,0,0,0,0,0,0
ENSG00000146070,PLA2G7,0.07961353837286507,0,0,0,0,0,0.6547911266022622,0
ENSG00000164733,CTSB,0.07949498416554743,0,0,0,0,0,0.6538160632580182,0
ENSG00000121966,CXCR4,0.07936885310694371,0,0,0,0,0,0.6527786831886151,0
ENSG00000240021,TEX35,0.07918964807624868,0.13026095796982354,0,0,0,0,0,0
ENSG00000184530,C6orf58,0.07918763245239883,0.13025764242164312,0,0,0,0,0,0
ENSG00000189280,GJB5,0.07890798391832388,0.12979764181767042,0,0,0,0,0,0
ENSG00000151491,EPS8,0.07880666302327059,0.1296309766389176,0,0,0,0,0,0
ENSG00000085274,MYNN,0.07878309142213766,0.1295922031449187,0,0,0,0,0,0
ENSG00000167244,IGF2,0.07877425456544014,0,0,0,0,0,0.6478883359333061,0
ENSG00000226490,C8orf90,0.07829652294551347,0.12879183494752555,0,0,0,0,0,0
ENSG00000196664,TLR7,0.07789879726684913,0,0,0,0,0,0.6311891133206541,0
ENSG00000169085,VXN,0.07769391199326779,0.1278005856892002,0,0,0,0,0,0
ENSG00000138032,PPM1B,0.07763146620410544,0.12769786710773057,0,0,0,0,0,0
ENSG00000186868,MAPT,0.0775616430963422,0,0,0,0,0,0.6379150669867258,0
ENSG00000002834,LASP1,0.07733903178593292,0.1241771807072311,0,0,0,0,0.06079307976116211,0
ENSG00000114248,LRRC31,0.07724752718707699,0.12706631657839923,0,0,0,0,0,0
ENSG00000166501,PRKCB,0.0771908590937298,0,0,0,0,0,0.634865509339136,0
ENSG00000166923,GREM1,0.07716799387635817,0.12693549032147775,0,0,0,0,0,0
ENSG00000171174,RBKS,0.07707049495658301,0.126775112001843,0,0,0,0,0,0
ENSG00000169344,UMOD,0.07692184569203692,0,0,0,0,0,0.25813923754251455,0.5681181668596934
ENSG00000164283,ESM1,0.0768268187089716,0,0,0,0,0,0.6318714153880777,0
ENSG00000171860,C3AR1,0.0767007551419896,0,0,0,0,0,0.6308345904116389,0
ENSG00000182197,EXT1,0.07666617513094288,0.12611003658992345,0,0,0,0,0,0
ENSG00000183977,PP2D1,0.07661890709951326,0.12603228426742996,0,0,0,0,0,0
ENSG00000094755,GABRP,0.07656206003541208,0,0,0,0,0,0.043146199663824776,0
ENSG00000214049,UCA1,0.07644287053227627,0,0,0,0,0,0.6287135874066384,0
ENSG00000144674,GOLGA4,0.07643020946128597,0.12572189098094302,0,0,0,0,0,0
ENSG00000100266,PACSIN2,0.07636017009909324,0.10503556987975979,0,0,0,0,0,0.41142223337364464
ENSG00000254647,INS,0.0763229432743996,0,0,0,0,0,0.5530885275660794,0.2985548147070671
ENSG00000102287,GABRE,0.07617451449334686,0,0,0,0,0,0.030396539880581056,0
ENSG00000152463,OLAH,0.07617451449334686,0,0,0,0,0,0.6265064608719761,0
ENSG00000146376,ARHGAP18,0.0760529518640561,0.1251013308798394,0,0,0,0,0,0
ENSG00000171509,RXFP1,0.07601025678015368,0,0,0,0,0,0.06889882372931705,0
ENSG00000162711,NLRP3,0.07592252875609823,0,0,0,0,0,0.6244339738533993,0
ENSG00000152990,ADGRA3,0.07584230815740901,0.12475483797723497,0,0,0,0,0,0
ENSG00000186073,CDIN1,0.07584230815740901,0.12475483797723497,0,0,0,0,0,0
ENSG00000196363,WDR5,0.07576387021036386,0,0,0,0,0,0.6231290675519116,0
ENSG00000132170,PPARG,0.07568613862934254,0,0,0,0,0,0.6224897548100113,0
ENSG00000169484,OR4K14,0.07563287602793943,0.1244103380270887,0,0,0,0,0,0
ENSG00000105880,DLX5,0.07552884363511222,0,0,0,0,0,0.6211960632019511,0
ENSG00000182256,GABRG3,0.07525056485663512,0,0,0,0,0,0,0
ENSG00000112038,OPRM1,0.07525056485663512,0,0,0,0,0,0,0
ENSG00000268089,GABRQ,0.07525056485663512,0,0,0,0,0,0,0
ENSG00000113327,GABRG2,0.07525056485663512,0,0,0,0,0,0,0
ENSG00000166206,GABRB3,0.07525056485663512,0,0,0,0,0,0,0
ENSG00000011677,GABRA3,0.07525056485663512,0,0,0,0,0,0,0
ENSG00000187730,GABRD,0.07525056485663512,0,0,0,0,0,0,0
ENSG00000186297,GABRA5,0.07525056485663512,0,0,0,0,0,0,0
ENSG00000179058,C9orf50,0.07523805606880474,0.12376088917421627,0,0,0,0,0,0
ENSG00000138378,STAT4,0.07518896821418766,0,0,0,0,0,0.6184007169038211,0
ENSG00000179348,GATA2,0.0751787021071131,0,0,0,0,0,0.6183162820708196,0
ENSG00000221878,PSG7,0.07516843600003852,0,0,0,0,0,0.618231847237818,0
ENSG00000171757,LRRC34,0.0747725601528469,0.12299518373901439,0,0,0,0,0,0
ENSG00000129055,ANAPC13,0.07469604600411024,0.12286932377429922,0,0,0,0,0,0
ENSG00000162144,CYB561A3,0.07455687984376692,0.12264040600785267,0,0,0,0,0,0
ENSG00000175315,CST6,0.07447034071896741,0,0,0,0,0,0.6124902785937083,0
ENSG00000125730,C3,0.07446222172876148,0,0,0,0,0,0.4467669064755629,0.5007317763628742
ENSG00000153234,NR4A2,0.07428555079162505,0,0,0,0,0,0.6109704515996791,0
ENSG00000134243,SORT1,0.07428555079162505,0,0,0,0,0,0.6109704515996791,0
ENSG00000133812,SBF2,0.07422073326303735,0.12208747040720506,0,0,0,0,0,0
ENSG00000136161,RCBTB2,0.0740959022635715,0.12188213289188872,0,0,0,0,0,0
ENSG00000134440,NARS1,0.07398615539996557,0.12170160763467673,0,0,0,0,0,0
ENSG00000188389,PDCD1,0.07397807925612375,0,0,0,0,0,0.6084416149565178,0
ENSG00000133105,RXFP2,0.07391597093694036,0,0,0,0,0,0,0
ENSG00000197249,SERPINA1,0.07360555972023615,0,0,0,0,0,0.6053777832066615,0
ENSG00000188306,LRRIQ4,0.07360010238536903,0.12106657973986824,0,0,0,0,0,0
ENSG00000105697,HAMP,0.07336251692130603,0,0,0,0,0,0.6033788484604292,0
ENSG00000068784,SRBD1,0.07323880572075621,0.12047227416095656,0,0,0,0,0,0
ENSG00000158022,TRIM63,0.07320117780690465,0.11858658670704007,0,0,0,0,0.03647584785669726,0
ENSG00000183644,HOATZ,0.07304548137218232,0.12015427028726994,0,0,0,0,0,0
ENSG00000289051,MLDHR,0.07292395467410966,0.11995436809683954,0,0,0,0,0,0
ENSG00000105329,TGFB1,0.0727809956268596,0,0,0,0,0,0.5985960565971854,0
ENSG00000183808,RBM12B,0.07256113136679905,0.11935755130661271,0,0,0,0,0,0
ENSG00000091129,NRCAM,0.07243765151820156,0,0,0,0,0,0.5957721816593886,0
ENSG00000162971,TYW5,0.072432032311367,0.11914519316331869,0,0,0,0,0,0
ENSG00000239732,TLR9,0.07231498926257703,0,0,0,0,0,0.5852644124648231,0
ENSG00000173391,OLR1,0.07226986478649496,0,0,0,0,0,0.5943921994939368,0
ENSG00000269335,IKBKG,0.07211734897747481,0,0,0,0,0,0.5931378148697383,0
ENSG00000026103,FAS,0.07145511283141173,0,0,0,0,0,0.4797150652057988,0.4319044351631762
ENSG00000188729,OSTN,0.07119683488607043,0.11711338719107763,0,0,0,0,0,0
ENSG00000008441,NFIX,0.07117138625817386,0.11707152613058101,0,0,0,0,0,0
ENSG00000154582,ELOC,0.07115714471916919,0.11704809988032257,0,0,0,0,0,0
ENSG00000103056,SMPD3,0.07111710760062166,0.11698224186045449,0,0,0,0,0,0
ENSG00000232810,TNF,0.07089591325551117,0,0,0,0,0,0.5830919697936022,0
ENSG00000204842,ATXN2,0.0706127658228346,0.11554470713461867,0,0,0,0,0.012158615952232422,0
ENSG00000170801,HTRA3,0.07061223327333478,0,0,0,0,0,0.5807588096437062,0
ENSG00000153266,FEZF2,0.07048389881747504,0.11594066149368525,0,0,0,0,0,0
ENSG00000135749,PCNX2,0.06972626346758516,0.11469440887271852,0,0,0,0,0,0
ENSG00000182472,CAPN12,0.06966469090890556,0.11459312668908594,0,0,0,0,0,0
ENSG00000081052,COL4A4,0.0695883716992133,0.09123635630189841,0,0,0,0,0.030396539880581056,0.4511150483677034
ENSG00000120915,EPHX2,0.06937508913311032,0.10692814094617245,0,0,0,0,0.14377225624182832,0
ENSG00000107249,GLIS3,0.06931180253445049,0.1140126521090162,0,0,0,0,0,0
ENSG00000111206,FOXM1,0.06920318668179923,0,0,0,0,0,0.5691699363947174,0
ENSG00000189433,GJB4,0.0691586867150589,0.11376078821267613,0,0,0,0,0,0
ENSG00000131203,IDO1,0.06896445975332122,0.04166004859402326,0,0,0,0,0.5151314373018372,0
ENSG00000105793,GTPBP10,0.0688704745332066,0.11328670105837403,0,0,0,0,0,0
ENSG00000116288,PARK7,0.06860839357938507,0,0,0,0,0,0.5642779889497866,0
ENSG00000170323,FABP4,0.06859404528382108,0,0,0,0,0,0.5641599796663258,0
ENSG00000059573,ALDH18A1,0.06857293990380502,0.09364745906096963,0,0,0,0,0.3829964024953213,0
ENSG00000144476,ACKR3,0.06856486528538887,0,0,0,0,0,0.5639199852578598,0
ENSG00000109133,TMEM33,0.06838122865459242,0.11248192873801079,0,0,0,0,0,0
ENSG00000091879,ANGPT2,0.06837362858290595,0,0,0,0,0,0.5623471359859178,0
ENSG00000197275,RAD54B,0.06830027327045918,0.11234876327830504,0,0,0,0,0,0
ENSG00000237651,DEMA1,0.06803442570186982,0.111911464214606,0,0,0,0,0,0
ENSG00000090339,ICAM1,0.06787216871099448,0,0,0,0,0,0.5582228189264633,0
ENSG00000151665,PIGF,0.06784870660741668,0,0,0,0,0,0.5580298520322874,0
ENSG00000101557,USP14,0.06779737112049364,0,0,0,0,0,0.5576076371426592,0
ENSG00000048052,HDAC9,0.06768399162870402,0,0,0,0,0,0.5566751338689719,0
ENSG00000147654,EBAG9,0.06761272851114554,0.1093940119638054,0,0,0,0,0.03647584785669726,0
ENSG00000214891,TRIM64C,0.0675697872310892,0.11114716921161216,0,0,0,0,0,0
ENSG00000112115,IL17A,0.06716066455946905,0,0,0,0,0,0.5523709674137524,0
ENSG00000242950,ERVW-1,0.06713470315145005,0,0,0,0,0,0.5521574446894474,0
ENSG00000176049,JAKMIP2,0.06697590445329443,0.11017027713750119,0,0,0,0,0,0
ENSG00000114166,KAT2B,0.06697233511939367,0.11016440585426501,0,0,0,0,0,0
ENSG00000206190,ATP10A,0.0668844021521518,0.1100197628001751,0,0,0,0,0,0
ENSG00000167642,SPINT2,0.06670916377058868,0,0,0,0,0,0.548657544844488,0
ENSG00000135100,HNF1A,0.06652713747927079,0,0,0,0,0,0.10030858160591748,0.5220833023060236
ENSG00000289767,EBAG9UORF,0.06650398894709143,0.1093940119638054,0,0,0,0,0,0
ENSG00000197885,NKIRAS1,0.0664760896289949,0.10934811970401837,0,0,0,0,0,0
ENSG00000103310,ZP2,0.06625029019329104,0.10897669677793703,0,0,0,0,0,0
ENSG00000170899,GSTA4,0.06621576024373216,0.10891989763287886,0,0,0,0,0,0
ENSG00000165970,SLC6A5,0.06618063001275354,0.10886211107046642,0,0,0,0,0,0
ENSG00000146276,GABRR1,0.06612641744122921,0.10877293550683761,0,0,0,0,0,0
ENSG00000170498,KISS1,0.06594785871349902,0,0,0,0,0,0.5423960997911974,0
ENSG00000081051,AFP,0.06584824442840334,0,0,0,0,0,0.5415768101163938,0
ENSG00000180210,F2,0.06575568679599902,0,0,0,0,0,0.5408155587308088,0
ENSG00000146674,IGFBP3,0.06571332936447326,0,0,0,0,0,0.5404671849381651,0
ENSG00000124196,GTSF1L,0.06527535606722934,0.10737300417033775,0,0,0,0,0,0
ENSG00000184221,OLIG1,0.06525930542321191,0.10734660207970426,0,0,0,0,0,0
ENSG00000160323,ADAMTS13,0.06521170333143868,0,0,0,0,0,0.5363415012665589,0
ENSG00000165168,CYBB,0.06516711417350755,0,0,0,0,0,0.17972872069613613,0.4910425921975066
ENSG00000154188,ANGPT1,0.06501080410609747,0,0,0,0,0,0.534689181412634,0
ENSG00000243646,IL10RB,0.06499451448209338,0.10630311029035014,0,0,0,0,0.012158615952232422,0
ENSG00000143839,REN,0.06451407258093456,0,0,0,0,0,0.4285055753186095,0.4083927115655468
ENSG00000183625,CCR3,0.06424716537012241,0.10385791615447082,0,0,0,0,0.03647584785669726,0
ENSG00000163040,CCDC74A,0.06414982840517287,0.10552159663106135,0,0,0,0,0,0
ENSG00000122507,BBS9,0.06405289672380354,0.10536215137553204,0,0,0,0,0,0
ENSG00000163069,SGCB,0.063911185961074,0.09077664614809933,0,0,0,0,0.28704803566560705,0
ENSG00000148773,MKI67,0.06390402299101684,0.1008321976147103,0,0,0,0,0.08570135549663825,0
ENSG00000084754,HADHA,0.06376120435739259,0,0,0,0,0,0.45576111258916835,0.2746023412811692
ENSG00000144566,RAB5A,0.06375437512160448,0.10487110600758577,0,0,0,0,0,0
ENSG00000116544,DLGAP3,0.06358860933504595,0.10459843387580733,0,0,0,0,0,0
ENSG00000187048,CYP4A11,0.06352112687965013,0,0,0,0,0,0.21429560615809642,0.46886325026464265
ENSG00000146858,ZC3HAV1L,0.06339219064589656,0.10427534004683689,0,0,0,0,0,0
ENSG00000134352,IL6ST,0.0633724736492103,0,0,0,0,0,0.45569479370971094,0.26207896685036985
ENSG00000258817,OR4C13,0.06336774432275592,0.10423512770155569,0,0,0,0,0,0
ENSG00000224578,HNRNPA1L3,0.06330041918186961,0.10412438295700446,0,0,0,0,0,0
ENSG00000196591,HDAC2,0.06328096169752351,0.09330654982232615,0,0,0,0,0.21571654100792215,0
ENSG00000111707,SUDS3,0.0630994515711356,0.10379380649744105,0,0,0,0,0,0
ENSG00000171988,JMJD1C,0.06303096992476166,0.10368115938917975,0,0,0,0,0,0
ENSG00000095752,IL11,0.06298627236191384,0,0,0,0,0,0.5180381764615983,0
ENSG00000221869,CEBPD,0.06296882702989368,0.10357893904582467,0,0,0,0,0,0
ENSG00000169031,COL4A3,0.06295352806156213,0.03176717979832679,0,0,0,0,0.030396539880581056,0.47468249895511394
ENSG00000107290,SETX,0.06289797592406238,0.10346239435667641,0,0,0,0,0,0
ENSG00000138083,SIX3,0.0628719669417212,0.10341961155566788,0,0,0,0,0,0
ENSG00000115289,PCGF1,0.0628285752963993,0,0,0,0,0,0.516741177969878,0
ENSG00000128739,SNRPN,0.06279912207550094,0.09646056580894145,0,0,0,0,0.13678442946261474,0
ENSG00000062650,WAPL,0.06268212381234427,0.10310733402322049,0,0,0,0,0,0
ENSG00000129757,CDKN1C,0.0626359360462971,0,0,0,0,0,0.20906581896332893,0.4628903385354338
ENSG00000091490,SEL1L3,0.06262206813452298,0.10300854699341837,0,0,0,0,0,0
ENSG00000172179,PRL,0.06261988132352632,0,0,0,0,0,0.5150247492769009,0
ENSG00000163993,S100P,0.06248926275436155,0.10279009222737726,0,0,0,0,0,0
ENSG00000183166,CALN1,0.062334527827287295,0.10253556502184308,0,0,0,0,0,0
ENSG00000178726,THBD,0.06226554129049573,0,0,0,0,0,0.5121104370359133,0
ENSG00000005381,MPO,0.062213506684991184,0,0,0,0,0,0.5116824721613834,0
ENSG00000224843,LINC00240,0.0620894155870299,0,0,0,0,0,0.5106618699937617,0
ENSG00000164850,GPER1,0.06206133773722759,0,0,0,0,0,0.5104309403393288,0
ENSG00000162999,DUSP19,0.06205214773739398,0.10207107121596468,0,0,0,0,0,0
ENSG00000184489,PTP4A3,0.06200481912710548,0.10199321924584827,0,0,0,0,0,0
ENSG00000170516,COX7B2,0.06199136924364293,0.10197109520884375,0,0,0,0,0,0
ENSG00000162817,C1orf115,0.06198440405166453,0.10195963799692791,0,0,0,0,0,0
ENSG00000154822,PLCL2,0.06193158479389434,0.10187275432862601,0,0,0,0,0,0
ENSG00000198075,SULT1C4,0.0618571333763367,0.10175028740007076,0,0,0,0,0,0
ENSG00000164654,MIOS,0.0617364988396402,0.10155185274735958,0,0,0,0,0,0
ENSG00000171747,LGALS4,0.0617196729404299,0.1003083138255781,0,0,0,0,0.024317231904464845,0
ENSG00000221829,FANCG,0.061594613767938504,0.10040656638176644,0,0,0,0,0.01823792392834863,0
ENSG00000163734,CXCL3,0.06147949359498605,0,0,0,0,0,0.5056454931755444,0
ENSG00000074803,SLC12A1,0.06144418665095002,0,0,0,0,0,0,0.505355106965677
ENSG00000197272,IL27,0.06137799078981022,0,0,0,0,0,0.5048106711400874,0
ENSG00000137869,CYP19A1,0.06135218936790615,0,0,0,0,0,0.14982060609774675,0.4671433127163998
ENSG00000187498,COL4A1,0.06129876724423867,0,0,0,0,0,0.029954101355652598,0.49667056221729605
ENSG00000197632,SERPINB2,0.061294861707518196,0,0,0,0,0,0.5041269659994808,0
ENSG00000135077,HAVCR2,0.0612869749883948,0,0,0,0,0,0.5040621007290061,0
ENSG00000197956,S100A6,0.06122049138673989,0,0,0,0,0,0.503515298346925,0
ENSG00000164307,ERAP1,0.061084664504771596,0,0,0,0,0,0.502398173811518,0
ENSG00000170891,CYTL1,0.06103121222877005,0.10039170982707818,0,0,0,0,0,0
ENSG00000006210,CX3CL1,0.060828744164885096,0,0,0,0,0,0.5002933261800775,0
ENSG00000158014,SLC30A2,0.060828184936834284,0.10005774534833585,0,0,0,0,0,0
ENSG00000171940,ZNF217,0.060760909360468865,0.09994708213365792,0,0,0,0,0,0
ENSG00000101439,CST3,0.060719323198083576,0,0,0,0,0,0.49939338027150215,0
ENSG00000273173,SNURF,0.06066375739233999,0.09978727452313621,0,0,0,0,0,0
ENSG00000176253,OR4K13,0.06052356689856477,0.09955667180597501,0,0,0,0,0,0
ENSG00000066926,FECH,0.060434731049235364,0.037027865430971627,0,0,0,0,0,0.450767886108334
ENSG00000128342,LIF,0.060349173265472345,0,0,0,0,0,0.11257751616682837,0.4682046585672301
ENSG00000154342,WNT3A,0.06033085181727472,0.09680161432778514,0,0,0,0,0.0487611160584321,0
ENSG00000143149,ALDH9A1,0.06026274737526204,0.09912764349497742,0,0,0,0,0,0
ENSG00000051341,POLQ,0.0601497567891218,0.0989417825605024,0,0,0,0,0,0
ENSG00000145808,ADAMTS19,0.0601497567891218,0.0989417825605024,0,0,0,0,0,0
ENSG00000154114,TBCEL,0.060140124750560645,0.09892593858845986,0,0,0,0,0,0
ENSG00000171365,CLCN5,0.06013741593464879,0,0,0,0,0,0,0.4946074139598682
ENSG00000187676,B3GLCT,0.06011083211870998,0.09887775443334591,0,0,0,0,0,0
ENSG00000072694,FCGR2B,0.0600751540484629,0,0,0,0,0,0.218981739389686,0.4393498987372585
ENSG00000047457,CP,0.05993937634670244,0.03062753031758412,0,0,0,0,0.45469420064083027,0
ENSG00000151148,UBE3B,0.059903729521722605,0.09853708638724425,0,0,0,0,0,0
ENSG00000172006,ZNF554,0.0598719364589217,0,0,0,0,0,0.4924239460654131,0
ENSG00000156052,GNAQ,0.0598719364589217,0,0,0,0,0,0.4924239460654131,0
ENSG00000151131,NOPCHAP1,0.059586725860397614,0.09801563943543591,0,0,0,0,0,0
ENSG00000152578,GRIA4,0.05945529176531437,0.09779944032922248,0,0,0,0,0,0
ENSG00000007171,NOS2,0.059448082371667196,0,0,0,0,0,0.4057121809274916,0.3329029047721237
ENSG00000124767,GLO1,0.059295758904502484,0.08819008487373323,0,0,0,0,0.18693872026557348,0
ENSG00000244020,MT1HL1,0.05928836947326821,0.09752486583373395,0,0,0,0,0,0
ENSG00000156475,PPP2R2B,0.059210734912035136,0.09739716287553858,0,0,0,0,0,0
ENSG00000118420,UBE3D,0.059146598421993254,0.0972916632195023,0,0,0,0,0,0
ENSG00000111846,GCNT2,0.05910455669393386,0.09722250776920341,0,0,0,0,0,0
ENSG00000165985,C1QL3,0.058973089555836675,0.09700625430974112,0,0,0,0,0,0
ENSG00000124788,ATXN1,0.05897233983187923,0.09639709027314837,0,0,0,0,0.012158615952232422,0
ENSG00000172270,BSG,0.05893772071513537,0,0,0,0,0,0.4847403762622662,0
ENSG00000111961,SASH1,0.058886698313712064,0.03269384380869485,0,0,0,0,0.44345343162113704,0
ENSG00000145012,LPP,0.05888478760827257,0.09686100431103895,0,0,0,0,0,0
ENSG00000109471,IL2,0.05885589179415466,0,0,0,0,0,0.48406736445481885,0
ENSG00000108262,GIT1,0.05876319689486759,0,0,0,0,0,0.4833049841012388,0
ENSG00000005700,IBTK,0.05875219700770169,0.09664290284111542,0,0,0,0,0,0
ENSG00000138696,BMPR1B,0.05848249442082027,0.09619926256504945,0,0,0,0,0,0
ENSG00000113083,LOX,0.05840725839184871,0,0,0,0,0,0.4803775250514813,0
ENSG00000140968,IRF8,0.05835646285851488,0.09599195021502453,0,0,0,0,0,0
ENSG00000104722,NEFM,0.05827828859472092,0.09586335948709779,0,0,0,0,0,0
ENSG00000171791,BCL2,0.05824295753728858,0,0,0,0,0,0.17716608854680607,0.4347346907653903
ENSG00000134504,KCTD1,0.05821876256728616,0.04218822176037795,0,0,0,0,0,0.4260919412593451
ENSG00000213658,LAT,0.05814969433609098,0,0,0,0,0,0.4012343264236699,0.3080993282295696
ENSG00000091831,ESR1,0.058141904690344956,0,0,0,0,0,0.27201398367845997,0.41019159568264607
ENSG00000116218,NPHS2,0.058117275754528484,0,0,0,0,0,0.2157486194743277,0.4240553730873462
ENSG00000064195,DLX3,0.05808563382794563,0,0,0,0,0,0.4777322851231322,0
ENSG00000109851,DBX1,0.05808439769613733,0.09554442368166512,0,0,0,0,0,0
ENSG00000112769,LAMA4,0.058070230263752506,0.055858136319538385,0,0,0,0,0.33206193383542765,0.36355781524168973
ENSG00000272047,GTF2H5,0.05802403718549818,0,0,0,0,0,0.4772256761251225,0
ENSG00000106066,CPVL,0.05801360854595715,0.09542798090485846,0,0,0,0,0,0
ENSG00000197385,ZNF860,0.05791786090592039,0.09527048330741328,0,0,0,0,0,0
ENSG00000111845,PAK1IP1,0.057848299854424676,0.09515606065968923,0,0,0,0,0,0
ENSG00000044574,HSPA5,0.057669310041123543,0.08725244603653295,0,0,0,0,0.1521837994305526,0
ENSG00000135218,CD36,0.057655640577065195,0.07822209649103488,0,0,0,0,0.10679560643584005,0.28487637176080566
ENSG00000085978,ATG16L1,0.05765445733081349,0,0,0,0,0,0.47418602213706446,0
ENSG00000250565,ATP6V1E2,0.057507483194392736,0.09459544313320283,0,0,0,0,0,0
ENSG00000116062,MSH6,0.05750651943981973,0.0945938578301111,0,0,0,0,0,0
ENSG00000086232,EIF2AK1,0.05747244107811793,0.09453780151278735,0,0,0,0,0,0
ENSG00000021488,SLC7A9,0.057330252296693696,0.04654182187583766,0,0,0,0,0,0.4133422814761014
ENSG00000137434,C6orf52,0.057324557069265564,0.0942945435475167,0,0,0,0,0,0
ENSG00000124216,SNAI1,0.057253609997217035,0,0,0,0,0,0.4708892050061405,0
ENSG00000150054,MPP7,0.05713369511362572,0.09398059012322946,0,0,0,0,0,0
ENSG00000166396,SERPINB7,0.05707065455021259,0.09387689318328037,0,0,0,0,0,0
ENSG00000162365,CYP4A22,0.057007281940832266,0,0,0,0,0,0,0.46886325026464265
ENSG00000204060,FOXO6,0.056928586111812236,0.09364320138980899,0,0,0,0,0,0
ENSG00000134640,MTNR1B,0.05688522367651466,0.08992428869071895,0,0,0,0,0.07295169571339453,0
ENSG00000184470,TXNRD2,0.056656416313223885,0.09319550273782816,0,0,0,0,0,0
ENSG00000044012,GUCA2B,0.05657672141012459,0,0,0,0,0,0,0.465322053368555
ENSG00000166033,HTRA1,0.05644891131821986,0,0,0,0,0,0.4642708638877221,0
ENSG00000162783,IER5,0.056274697909113214,0.09256760494812852,0,0,0,0,0,0
ENSG00000149294,NCAM1,0.05624237129469212,0,0,0,0,0,0.4625721506103295,0
ENSG00000204178,MACO1,0.05616144297886151,0.09238130918766262,0,0,0,0,0,0
ENSG00000130203,APOE,0.05613198307531074,0,0,0,0,0,0.3709799722502888,0.362737108664914
ENSG00000174748,RPL15,0.05612617506865816,0.09232329615337992,0,0,0,0,0,0
ENSG00000244274,DBNDD2,0.05605600272140471,0.09220786797055197,0,0,0,0,0,0
ENSG00000091972,CD200,0.05590408607459843,0,0,0,0,0,0.45978988311028923,0
ENSG00000139767,SRRM4,0.05579595970892938,0.09178011696090259,0,0,0,0,0,0
ENSG00000109667,SLC2A9,0.05563675664637651,0,0,0,0,0,0.01823792392834863,0.45303171907684014
ENSG00000125538,IL1B,0.0555909972989536,0,0,0,0,0,0.4572148467996198,0
ENSG00000163631,ALB,0.05552959473176155,0,0,0,0,0,0.45670983399690207,0
ENSG00000087237,CETP,0.05547290957746628,0,0,0,0,0,0.4562436201242214,0
ENSG00000140009,ESR2,0.05542658197357485,0,0,0,0,0,0.24860564147192646,0.3937111828032261
ENSG00000049247,UTS2,0.05518199400428232,0.07457567856997055,0,0,0,0,0.32389022854215904,0
ENSG00000138709,LARP1B,0.05513337568639727,0.09069021655589728,0,0,0,0,0,0
ENSG00000180251,SLC9A4,0.05499012320666437,0.09045457710434177,0,0,0,0,0,0
ENSG00000152782,PANK1,0.05485829259541393,0.09023772575914202,0,0,0,0,0,0
ENSG00000113721,PDGFRB,0.054772617349481224,0,0,0,0,0,0.03647584785669726,0.44136502046167503
ENSG00000102265,TIMP1,0.05469213794845244,0,0,0,0,0,0.44982206990764045,0
ENSG00000118113,MMP8,0.05455005382821809,0,0,0,0,0,0.4486534819631527,0
ENSG00000080493,SLC4A4,0.05442239569285375,0.04199529490355119,0,0,0,0,0,0.3951094236377329
ENSG00000181019,NQO1,0.05431797253157659,0,0,0,0,0,0.4467447014115399,0
ENSG00000122194,PLG,0.054300157626945296,0.08018505614707994,0,0,0,0,0.18269159939701082,0
ENSG00000250317,SMIM20,0.0542524199424808,0.035976983864491316,0,0,0,0,0.4012343264236699,0
ENSG00000005073,HOXA11,0.05412291649715967,0,0,0,0,0,0.4451404395845092,0
ENSG00000100604,CHGA,0.05404838455979825,0,0,0,0,0,0.3820473549723831,0.24992035089813744
ENSG00000159685,CHCHD6,0.054046844287949466,0.08890295490914987,0,0,0,0,0,0
ENSG00000178175,ZNF366,0.05401218216633486,0.08884593835109626,0,0,0,0,0,0
ENSG00000165029,ABCA1,0.05400938578101685,0,0,0,0,0,0.20860848467278906,0.39205457137973443
ENSG00000154734,ADAMTS1,0.054003694453851156,0.08260912951633995,0,0,0,0,0.1244569438443791,0
ENSG00000115009,CCL20,0.05385814960156476,0.08540092979075883,0,0,0,0,0.06383273374922022,0
ENSG00000114279,FGF12,0.053852639480733516,0.08858350274785302,0,0,0,0,0,0
ENSG00000100629,CEP128,0.053779135296241926,0.08846259394576508,0,0,0,0,0,0
ENSG00000182504,CEP97,0.05376717923236757,0.08844292712855277,0,0,0,0,0,0
ENSG00000176387,HSD11B2,0.05373180355072284,0,0,0,0,0,0.3728475472135417,0.2763045475144818
ENSG00000110880,CORO1C,0.05372767137478853,0,0,0,0,0,0.18845854725960254,0.39477506169904647
ENSG00000157214,STEAP2,0.05371518054277667,0.08835739323259754,0,0,0,0,0,0
ENSG00000079999,KEAP1,0.053585278361255144,0,0,0,0,0,0.44071857003935094,0
ENSG00000188580,NKAIN2,0.05350622753700911,0.08801368140455974,0,0,0,0,0,0
ENSG00000186204,CYP4F12,0.053492988167063736,0,0,0,0,0,0,0.4399595182315302
ENSG00000171903,CYP4F11,0.053492988167063736,0,0,0,0,0,0,0.4399595182315302
ENSG00000106436,MYL10,0.05345182221457018,0.08792418878031259,0,0,0,0,0,0
ENSG00000104375,STK3,0.053442858082710376,0.08608565107124269,0,0,0,0,0.03647584785669726,0
ENSG00000106392,C1GALT1,0.05344063102098341,0,0,0,0,0,0,0.43952890058322197
ENSG00000244682,FCGR2C,0.0534188668739853,0,0,0,0,0,0,0.4393498987372585
ENSG00000143226,FCGR2A,0.0534188668739853,0,0,0,0,0,0,0.4393498987372585
ENSG00000138185,ENTPD1,0.05334910867641356,0,0,0,0,0,0.17042495562711782,0.3961699251402331
ENSG00000118271,TTR,0.053335350285895096,0,0,0,0,0,0.4386630065085845,0
ENSG00000100345,MYH9,0.05320981172454662,0,0,0,0,0,0,0.437630499504155
ENSG00000104164,BLOC1S6,0.05319917218258939,0,0,0,0,0,0,0.4375429933110239
ENSG00000101425,BPI,0.053159220819033924,0.087442881702787,0,0,0,0,0,0
ENSG00000136816,TOR1B,0.05309631862324162,0.08733941236706749,0,0,0,0,0,0
ENSG00000198719,DLL1,0.05301438225524705,0,0,0,0,0,0.13374477547455663,0.40258697244835573
ENSG00000163161,ERCC3,0.05301417693310556,0,0,0,0,0,0.4360214776203349,0
ENSG00000231924,PSG1,0.053013513860061694,0,0,0,0,0,0.4360160240962951,0
ENSG00000160712,IL6R,0.05282668010569376,0,0,0,0,0,0.4344793874009512,0
ENSG00000061676,NCKAP1,0.05277650905931691,0.0868133499185435,0,0,0,0,0,0
ENSG00000090530,P3H2,0.052612579225219974,0.08654369778915481,0,0,0,0,0,0
ENSG00000137462,TLR2,0.052544339243629286,0,0,0,0,0,0.20266186893730148,0.3814917737712325
ENSG00000174358,SLC6A19,0.05254111471910914,0,0,0,0,0,0,0.4321307205156205
ENSG00000123999,INHA,0.052454130611718636,0,0,0,0,0,0.13415920196133319,0.39787550876686567
ENSG00000130702,LAMA5,0.05243224265358327,0,0,0,0,0,0.06535256074324927,0.4148971489258261
ENSG00000116127,ALMS1,0.05239348809937675,0,0,0,0,0,0,0.4309165476170573
ENSG00000156639,ZFAND3,0.05236084102357954,0.08612960756271879,0,0,0,0,0,0
ENSG00000162998,FRZB,0.05231921784036329,0.08606114058690545,0,0,0,0,0,0
ENSG00000261371,PECAM1,0.05221577195384589,0,0,0,0,0,0.3562600317603176,0.2927794721297567
ENSG00000164363,SLC6A18,0.05219391497784701,0,0,0,0,0,0,0.42927513446350596
ENSG00000146678,IGFBP1,0.052174010285820166,0,0,0,0,0,0.42911142592871016,0
ENSG00000196262,PPIA,0.0520898915282603,0,0,0,0,0,0.35852273762937503,0.27958737382158455
ENSG00000036565,SLC18A1,0.05203628152640211,0.08559573183467124,0,0,0,0,0,0
ENSG00000164841,TMEM74,0.05198121534368455,0.0855051521454469,0,0,0,0,0,0
ENSG00000131408,NR1H2,0.05197483625287558,0,0,0,0,0,0.4274732951272514,0
ENSG00000163736,PPBP,0.051878366847516254,0,0,0,0,0,0.4266798708942769,0
ENSG00000029534,ANK1,0.05184753652515085,0,0,0,0,0,0,0.4264263031980315
ENSG00000103876,FAH,0.051806745175300734,0,0,0,0,0,0,0.42609080983258285
ENSG00000188153,COL4A5,0.05179856719440514,0,0,0,0,0,0,0.42602354904461387
ENSG00000108691,CCL2,0.0517929138705963,0,0,0,0,0,0.4259770526026582,0
ENSG00000167207,NOD2,0.0517206474417091,0,0,0,0,0,0.4253826886621315,0
ENSG00000136155,SCEL,0.05170369257683923,0.08504864826715085,0,0,0,0,0,0
ENSG00000101916,TLR8,0.05164632082648918,0,0,0,0,0,0.42477138047119983,0
ENSG00000115204,MPV17,0.05163215359872628,0,0,0,0,0,0,0.4246548604016577
ENSG00000150722,PPP1R1C,0.05156669249620253,0.08178363954928643,0,0,0,0,0.06079307976116211,0
ENSG00000174990,CA5A,0.05152980922319142,0.08476262335390258,0,0,0,0,0,0
ENSG00000272636,DOC2B,0.051507455624266466,0.08472585338104914,0,0,0,0,0,0
ENSG00000167157,PRRX2,0.051482822401578275,0.08468533360020407,0,0,0,0,0,0
ENSG00000050165,DKK3,0.05147887570819765,0.08262707514733839,0,0,0,0,0.04103532883878443,0
ENSG00000172037,LAMB2,0.05133012521153597,0,0,0,0,0,0.16381034669788552,0.3812182049123073
ENSG00000129214,SHBG,0.05129680853257297,0,0,0,0,0,0.42189677455150193,0
ENSG00000106304,SPAM1,0.051220823999913914,0.0842543661238175,0,0,0,0,0,0
ENSG00000186222,BLOC1S4,0.05117560555614672,0.07062312843065799,0,0,0,0,0,0.271137135734783
ENSG00000117335,CD46,0.05116381809224338,0,0,0,0,0,0.42080297867167427,0
ENSG00000011638,LDAF1,0.05114383377745251,0.08412772305397488,0,0,0,0,0,0
ENSG00000111886,GABRR2,0.05106934174452358,0.08400518931621791,0,0,0,0,0,0
ENSG00000100030,MAPK1,0.05103091270557875,0,0,0,0,0,0.419709882325949,0
ENSG00000154864,PIEZO2,0.05100830785581069,0.08390479320377768,0,0,0,0,0,0
ENSG00000169612,RAMAC,0.05097865175080677,0.08385601116292628,0,0,0,0,0,0
ENSG00000162994,CLHC1,0.050942522657052826,0.08379658154709518,0,0,0,0,0,0
ENSG00000115415,STAT1,0.050861002977055064,0,0,0,0,0,0.16375758680116528,0.3773730426174138
ENSG00000176171,BNIP3,0.05085285839535016,0.07028376259781025,0,0,0,0,0.2673065609453915,0
ENSG00000105792,CFAP69,0.05083400595731973,0.08361807981604386,0,0,0,0,0,0
ENSG00000163513,TGFBR2,0.050779040100829086,0,0,0,0,0,0.4176383257792235,0
ENSG00000130182,ZSCAN10,0.05077472833585776,0,0,0,0,0,0,0.4176028631493628
ENSG00000102245,CD40LG,0.05071016403854592,0,0,0,0,0,0.41707184631680966,0
ENSG00000124193,SRSF6,0.05065392703855969,0.08332186366863445,0,0,0,0,0,0
ENSG00000150907,FOXO1,0.05061833210948909,0,0,0,0,0,0.41631656356573343,0
ENSG00000129991,TNNI3,0.05058131289146032,0,0,0,0,0,0.41601209455236704,0
ENSG00000145016,RUBCN,0.05057424931763182,0.0831907998678846,0,0,0,0,0,0
ENSG00000100593,ISM2,0.05053244820889778,0,0,0,0,0,0.41561020109052477,0
ENSG00000066230,SLC9A3,0.05052608322251154,0,0,0,0,0,0.06653464840527186,0.39892418939274576
ENSG00000138100,TRIM54,0.05042844701865717,0.0829509661572921,0,0,0,0,0,0
ENSG00000188641,DPYD,0.050407398618782524,0.08291634313776859,0,0,0,0,0,0
ENSG00000169418,NPR1,0.05037311822710038,0,0,0,0,0,0.25178467201081306,0.35135360447963637
ENSG00000184908,CLCNKB,0.05037111633622084,0,0,0,0,0,0.012158615952232422,0.4112436537018463
ENSG00000169429,CXCL8,0.05035462024377205,0,0,0,0,0,0.41414763359251033,0
ENSG00000186930,KRTAP6-2,0.05035357705625639,0.08282781075425129,0,0,0,0,0,0
ENSG00000163554,SPTA1,0.050349118121981444,0,0,0,0,0,0,0.4141023807297485
ENSG00000007908,SELE,0.05032103186409628,0,0,0,0,0,0.4138713819220265,0
ENSG00000072274,TFRC,0.0501548897066599,0,0,0,0,0,0.4125049257555589,0
ENSG00000130305,NSUN5,0.05013689510331441,0,0,0,0,0,0.09093631514273831,0.38962284818928794
ENSG00000283434,CSNK2A2IP,0.05013349956913174,0.08246579999909746,0,0,0,0,0,0
ENSG00000152518,ZFP36L2,0.05013042745585743,0,0,0,0,0,0,0.41230373303018153
ENSG00000186510,CLCNKA,0.05000153648153614,0,0,0,0,0,0,0.4112436537018463
ENSG00000156232,WHAMM,0.04996534845409826,0,0,0,0,0,0,0.4109460209155156
ENSG00000169676,DRD5,0.049915455173715824,0,0,0,0,0,0,0.41053566762712773
ENSG00000106617,PRKAG2,0.04982490810931806,0,0,0,0,0,0,0.4097909524000535
ENSG00000148943,LIN7C,0.04982121231077121,0,0,0,0,0,0,0.4097605558601728
ENSG00000162601,MYSM1,0.04975375823868799,0.08184115434545458,0,0,0,0,0,0
ENSG00000127870,RNF6,0.04973510545732341,0.0818104719364734,0,0,0,0,0,0
ENSG00000181143,MUC16,0.04955118855322319,0,0,0,0,0,0.4075397129730476,0
ENSG00000163132,MSX1,0.04955017472268436,0.08150627492035645,0,0,0,0,0,0
ENSG00000177697,CD151,0.04954033162121086,0,0,0,0,0,0.06079307976116211,0.39225214888895826
ENSG00000130368,MAS1,0.04949598203864868,0,0,0,0,0,0.02279740491043579,0.4013863091230728
ENSG00000206072,SERPINB11,0.04946524316254131,0.08136656895303793,0,0,0,0,0,0
ENSG00000165376,CLDN2,0.04934219575467155,0,0,0,0,0,0,0.40582082655231755
ENSG00000000971,CFH,0.04929157652322859,0,0,0,0,0,0.19760091004284072,0.3560042750813653
ENSG00000115364,MRPL19,0.04924924648763726,0.08101127082411826,0,0,0,0,0,0
ENSG00000180871,CXCR2,0.04924138258319923,0,0,0,0,0,0.2840387782174296,0.3339819819378843
ENSG00000108465,CDK5RAP3,0.04917999126289326,0,0,0,0,0,0,0.4044867561908921
ENSG00000137673,MMP7,0.04914372074452136,0,0,0,0,0,0.404188444947948,0
ENSG00000205795,CYS1,0.049109761241702445,0.0513457703641601,0,0,0,0,0,0.3397269279753142
ENSG00000070404,FSTL3,0.04910917909300298,0,0,0,0,0,0.33118063131419284,0.2908948866571607
ENSG00000057657,PRDM1,0.04908998462053744,0.07711015584361704,0,0,0,0,0.07278282604739131,0
ENSG00000174175,SELP,0.049076882543319426,0,0,0,0,0,0.40363872611922175,0
ENSG00000116741,RGS2,0.04903952737414632,0,0,0,0,0,0.40333149403524216,0
ENSG00000148602,LRIT1,0.04900509716486319,0.08060966372717028,0,0,0,0,0,0
ENSG00000113916,BCL6,0.04894077839731231,0,0,0,0,0,0.40251932119236306,0
ENSG00000011405,PIK3C2A,0.048917589566067135,0,0,0,0,0,0,0.4023286018593708
ENSG00000240520,UOX,0.048917589566067135,0,0,0,0,0,0,0.40232860185937086
ENSG00000008083,JARID2,0.04891430441180327,0,0,0,0,0,0.12597677083840814,0.3708073900032083
ENSG00000067248,DHX29,0.048872853515938605,0.08039213296635979,0,0,0,0,0,0
ENSG00000166224,SGPL1,0.048784540818380635,0,0,0,0,0,0.06383273374922022,0.38527614298636487
ENSG00000180574,EIF2S3B,0.048600430387576776,0.07994401760613772,0,0,0,0,0,0
ENSG00000030110,BAK1,0.04857921867688914,0,0,0,0,0,0.39954562976363767,0
ENSG00000102466,FGF14,0.04857891938550709,0.07990863364113018,0,0,0,0,0,0
ENSG00000116703,PDC,0.04855047357708032,0,0,0,0,0,0.12969190349047918,0.3668862363586133
ENSG00000109320,NFKB1,0.048534747604919104,0,0,0,0,0,0.39917987208081634,0
ENSG00000075643,MOCOS,0.04852213912155451,0,0,0,0,0,0,0.3990761720921487
ENSG00000187510,PLEKHG7,0.048421915504809517,0.07965037417917432,0,0,0,0,0,0
ENSG00000132874,SLC14A2,0.04834843658985268,0,0,0,0,0,0,0.39764753471776126
ENSG00000130700,GATA5,0.04833919709348557,0,0,0,0,0,0,0.3975715433680599
ENSG00000038427,VCAN,0.04828755763168151,0.07091833451352611,0,0,0,0,0.17022062333125393,0
ENSG00000113520,IL4,0.04815740296563093,0,0,0,0,0,0.39607635568741556,0
ENSG00000103855,CD276,0.048045381109011236,0,0,0,0,0,0.3951550184475537,0
ENSG00000170962,PDGFD,0.04792091243720748,0.0720630320522566,0,0,0,0,0.13526460246858568,0
ENSG00000165643,SOHLH1,0.04788227902994913,0.07876271315430035,0,0,0,0,0,0
ENSG00000123095,BHLHE41,0.0478503250745943,0,0,0,0,0,0.39355075662052297,0
ENSG00000171560,FGA,0.047798173250655475,0,0,0,0,0,0.024148362238461615,0.3870847371092595
ENSG00000147416,ATP6V1B2,0.047743162434126706,0.07853387691772709,0,0,0,0,0,0
ENSG00000138834,MAPK8IP3,0.04768865798264598,0.07844422123373336,0,0,0,0,0,0
ENSG00000134250,NOTCH2,0.04765578033770405,0,0,0,0,0,0.2892027465493471,0.3196500133841903
ENSG00000147571,CRH,0.04764685811110956,0,0,0,0,0,0.39187731809524917,0
ENSG00000187546,AGMO,0.04761743927328469,0.07832707186469154,0,0,0,0,0,0
ENSG00000244624,KRTAP20-1,0.047609569528799904,0.07831412673258817,0,0,0,0,0,0
ENSG00000120217,CD274,0.0476032462434683,0,0,0,0,0,0.3915186270418218,0
ENSG00000101191,DIDO1,0.04752410928043394,0.0781735511132879,0,0,0,0,0,0
ENSG00000152348,ATG10,0.0474338357663719,0.07802505803740377,0,0,0,0,0,0
ENSG00000184500,PROS1,0.04741722364451391,0,0,0,0,0,0.18773325079819483,0.3430553490922378
ENSG00000106133,NSUN5P2,0.04737274577348508,0,0,0,0,0,0,0.38962284818928794
ENSG00000111674,ENO2,0.04733175901483477,0,0,0,0,0,0.38928574766064783,0
ENSG00000089723,OTUB2,0.04730622139964183,0,0,0,0,0,0.3890757104714375,0
ENSG00000172379,ARNT2,0.04730622139964183,0,0,0,0,0,0.3890757104714375,0
ENSG00000075340,ADD2,0.04729061691688848,0,0,0,0,0,0,0.38894736952527503
ENSG00000126216,TUBGCP3,0.047188221536646854,0.07762104127975637,0,0,0,0,0,0
ENSG00000101745,ANKRD12,0.047039665653177874,0.07737667813175891,0,0,0,0,0,0
ENSG00000162434,JAK1,0.047038686649278405,0,0,0,0,0,0.08950092298171086,0.3645001079779877
ENSG00000162972,MAIP1,0.0470266411985197,0.07735525389283346,0,0,0,0,0,0
ENSG00000182053,TRIM49B,0.04701719674790222,0.07733971848871413,0,0,0,0,0,0
ENSG00000105668,UPK1A,0.0469735995304256,0,0,0,0,0,0,0.38634002188218514
ENSG00000115902,SLC1A4,0.04690811521914973,0.07716028765681511,0,0,0,0,0,0
ENSG00000179142,CYP11B2,0.04690658467112087,0,0,0,0,0,0.24729011224160632,0.3239663220472329
ENSG00000111725,PRKAB1,0.046875660868934146,0,0,0,0,0,0.03647584785669726,0.3764155516111754
ENSG00000148600,CDHR1,0.046781557033809804,0.0769521090518865,0,0,0,0,0,0
ENSG00000196839,ADA,0.04674516560610031,0,0,0,0,0,0.3131661552931889,0.28518033715961144
ENSG00000070081,NUCB2,0.04667998886809275,0,0,0,0,0,0.38392518565833905,0
ENSG00000118785,SPP1,0.04666419483499382,0,0,0,0,0,0.31537267446136197,0.2736904450847518
ENSG00000138685,FGF2,0.04664833508375207,0,0,0,0,0,0.383664845299987,0
ENSG00000165061,ZMAT4,0.04659849804823078,0.07665099092084558,0,0,0,0,0,0
ENSG00000254087,LYN,0.046596833400788684,0,0,0,0,0,0.05927325276713306,0.36842295031924266
ENSG00000100311,PDGFB,0.046592932280100356,0,0,0,0,0,0.030396539880581056,0.3756100433043401
ENSG00000154330,PGM5,0.04656706169027242,0,0,0,0,0,0.3829964024953213,0
ENSG00000140379,BCL2A1,0.04656706169027242,0,0,0,0,0,0.3829964024953213,0
ENSG00000164111,ANXA5,0.04655130831475286,0,0,0,0,0,0.38286683696268614,0
ENSG00000188676,IDO2,0.0465197534702259,0.07008939311517001,0,0,0,0,0.12864137908355194,0
ENSG00000198931,APRT,0.046435860841859355,0,0,0,0,0,0,0.3819173253295607
ENSG00000115386,REG1A,0.04638197525695172,0.07447103497760381,0,0,0,0,0.03647584785669726,0
ENSG00000152492,CCDC50,0.046257961565421134,0.07609083426461512,0,0,0,0,0,0
ENSG00000104918,RETN,0.04623122525791567,0,0,0,0,0,0.3802342753446969,0
ENSG00000118777,ABCG2,0.046229700266860754,0.03178807409307586,0,0,0,0,0.16167664822015507,0.32214252965439805
ENSG00000180815,MAP3K15,0.04621411292904853,0,0,0,0,0,0,0.3800935329367257
ENSG00000144815,NXPE3,0.046146278931915696,0.07590712481290744,0,0,0,0,0,0
ENSG00000279116,OR8D2,0.04610762686636882,0.07584354510005406,0,0,0,0,0,0
ENSG00000170775,GPR37,0.04606187605999556,0.07576828849757068,0,0,0,0,0,0
ENSG00000117592,PRDX6,0.04605149779298726,0,0,0,0,0,0,0.3787560851819802
ENSG00000005981,ASB4,0.046019056894631614,0,0,0,0,0,0.3061607044638525,0.2893142665833705
ENSG00000082438,COBLL1,0.04600810582428441,0.07264018655470851,0,0,0,0,0.06079307976116211,0
ENSG00000135446,CDK4,0.045944319635128704,0,0,0,0,0,0.30700505279386864,0.2834781309262989
ENSG00000052344,PRSS8,0.0458974171441032,0,0,0,0,0,0.3774888303440167,0
ENSG00000157483,MYO1E,0.0458962742540197,0,0,0,0,0,0,0.37747943050699584
ENSG00000054598,FOXC1,0.04587594736201204,0,0,0,0,0,0.012158615952232422,0.3742725955495945
ENSG00000126562,WNK4,0.045866913187786414,0,0,0,0,0,0,0.3772379468846112
ENSG00000137976,DNASE2B,0.04585862297413125,0.07543395260496115,0,0,0,0,0,0
ENSG00000049759,NEDD4L,0.04578232046549191,0,0,0,0,0,0.03090314887859074,0.3688164166410302
ENSG00000026025,VIM,0.04568059950393512,0,0,0,0,0,0.37570558757181394,0
ENSG00000040275,SPDL1,0.04567144650908649,0,0,0,0,0,0.3756303076642605,0
ENSG00000071246,VASH1,0.04564311205356067,0,0,0,0,0,0.375397267525176,0
ENSG00000075711,DLG1,0.04557636679554019,0.07496966262376598,0,0,0,0,0,0
ENSG00000150782,IL18,0.045572512484239054,0,0,0,0,0,0.3748166128717272,0
ENSG00000180264,ADGRD2,0.04554073816576808,0.07491105623318323,0,0,0,0,0,0
ENSG00000127241,MASP1,0.04543778991206917,0,0,0,0,0,0.3737085708651437,0
ENSG00000005471,ABCB4,0.04521439942212641,0,0,0,0,0,0,0.37187126889902855
ENSG00000075391,RASAL2,0.0451610546605987,0.07428650569772584,0,0,0,0,0,0
ENSG00000003137,CYP26B1,0.04515121610320048,0.07427032201787793,0,0,0,0,0,0
ENSG00000082556,OPRK1,0.0451456211548334,0.06006762332508456,0,0,0,0,0.2838699085514264,0
ENSG00000092531,SNAP23,0.04507335090173015,0.07300236942848373,0,0,0,0,0.02279740491043579,0
ENSG00000180613,GSX2,0.04502494773262858,0.0740626201362362,0,0,0,0,0,0
ENSG00000162604,TM2D1,0.044981576023258425,0.07399127696767072,0,0,0,0,0,0
ENSG00000221923,ZNF880,0.04496862881876109,0,0,0,0,0,0,0.36984989899696996
ENSG00000137198,GMPR,0.04495230542008372,0.07394312904805601,0,0,0,0,0,0
ENSG00000107959,PITRM1,0.04494667433979282,0.07393386634856287,0,0,0,0,0,0
ENSG00000004939,SLC4A1,0.04492612713547235,0,0,0,0,0,0.03647584785669726,0.360381376824169
ENSG00000070182,SPTB,0.044917318870233876,0,0,0,0,0,0.09795183834447001,0.3449399345648338
ENSG00000189143,CLDN4,0.04485590696308226,0,0,0,0,0,0.04863446380892969,0.3567641885783798
ENSG00000159921,GNE,0.044806013682699826,0,0,0,0,0,0,0.3685124512422244
ENSG00000164172,MOCS2,0.04480046998487956,0,0,0,0,0,0,0.36846685643240357
ENSG00000213689,TREX1,0.044769055697231344,0,0,0,0,0,0,0.3682084858434186
ENSG00000008710,PKD1,0.044754272503043965,0,0,0,0,0,0.03495602086266821,0.35934789446822923
ENSG00000198182,ZNF607,0.044682165013267695,0.07349876859144265,0,0,0,0,0,0
ENSG00000162909,CAPN2,0.04466286789313144,0.0734670262941087,0,0,0,0,0,0
ENSG00000169174,PCSK9,0.044614448124688254,0,0,0,0,0,0.36693689725841433,0
ENSG00000132963,POMP,0.04458595392966284,0.07334050866451866,0,0,0,0,0,0
ENSG00000067225,PKM,0.04457317837424846,0,0,0,0,0,0.36659746922974773,0
ENSG00000198648,STK39,0.04448612178625606,0,0,0,0,0,0,0.3658814618458941
ENSG00000115594,IL1R1,0.04438484663996538,0,0,0,0,0,0.1601948312606423,0.3249998044031726
ENSG00000240972,MIF,0.044383070770214667,0,0,0,0,0,0.36503390636387006,0
ENSG00000092199,HNRNPC,0.04434958256216421,0,0,0,0,0,0.36475847856697263,0
ENSG00000157500,APPL1,0.04434958256216421,0,0,0,0,0,0.36475847856697263,0
ENSG00000116030,SUMO1,0.044311374837040014,0.07228091610918468,0,0,0,0,0.012158615952232422,0
ENSG00000234278,PRR20E,0.04423308016450329,0.07276005811563072,0,0,0,0,0,0
ENSG00000188687,SLC4A5,0.044183271627556094,0,0,0,0,0,0,0.3633906342723465
ENSG00000065320,NTN1,0.04414671171562726,0,0,0,0,0,0.36308994287726937,0
ENSG00000084207,GSTP1,0.04413790730665521,0,0,0,0,0,0.3630175299562046,0
ENSG00000168610,STAT3,0.04411620436037434,0,0,0,0,0,0.36283903146290464,0
ENSG00000160584,SIK3,0.04402620018931511,0,0,0,0,0,0.07295169571339452,0.3438608573990732
ENSG00000012171,SEMA3B,0.04396727273470705,0,0,0,0,0,0.3616141253859926,0
ENSG00000160799,CCDC12,0.04389711256676586,0.07220741692841444,0,0,0,0,0,0
ENSG00000101132,PFDN4,0.04377371618482155,0.07200443924998608,0,0,0,0,0,0
ENSG00000011566,MAP4K3,0.04375795905088253,0.07106662376472701,0,0,0,0,0.01823792392834863,0
ENSG00000169194,IL13,0.04375558470933132,0,0,0,0,0,0.35987307174791916,0
ENSG00000168769,TET2,0.043743163617269064,0,0,0,0,0,0.13853729659572825,0.32513658883263524
ENSG00000125378,BMP4,0.04370671893715434,0,0,0,0,0,0.17898158160350142,0.31472577392353623
ENSG00000163273,NPPC,0.04369468873576204,0,0,0,0,0,0.35937222548541253,0
ENSG00000123689,G0S2,0.0436104228527948,0,0,0,0,0,0.3586791705908564,0
ENSG00000133794,BMAL1,0.04358219105833973,0,0,0,0,0,0.07050308555634772,0.3408212034110151
ENSG00000106799,TGFBR1,0.04353791899536161,0,0,0,0,0,0.35808285389068223,0
ENSG00000115616,SLC9A2,0.04341808799379462,0.07141945787969839,0,0,0,0,0,0
ENSG00000141522,ARHGDIA,0.04339647718136067,0,0,0,0,0,0.18069054262345408,0.3117469130152393
ENSG00000162692,VCAM1,0.04338062263349405,0,0,0,0,0,0.35678915103432485,0
ENSG00000115145,STAM2,0.043342383695292065,0.0712949300571239,0,0,0,0,0,0
ENSG00000168140,VASN,0.04324084299811012,0,0,0,0,0,0.35563951660279836,0
ENSG00000168961,LGALS9,0.04321745354546708,0,0,0,0,0,0.3554471472349778,0
ENSG00000179855,GIPC3,0.043213124509008764,0,0,0,0,0,0,0.355411542553694
ENSG00000117899,MESD,0.0431870471100058,0.07103941316951673,0,0,0,0,0,0
ENSG00000110422,HIPK3,0.04315399173225921,0,0,0,0,0,0,0.3549251979156047
ENSG00000139737,SLAIN1,0.043147173829735694,0.07097382465117424,0,0,0,0,0,0
ENSG00000030582,GRN,0.043120626884266836,0,0,0,0,0,0.12930350325867174,0.3223249088936815
ENSG00000163283,ALPP,0.043094867718860744,0,0,0,0,0,0.35443892535275096,0
ENSG00000170820,FSHR,0.04300800768965875,0,0,0,0,0,0,0.3537245345903217
ENSG00000186205,MTARC1,0.04298281787843825,0.07070347159134713,0,0,0,0,0,0
ENSG00000177464,GPR4,0.04295626651000289,0,0,0,0,0,0.06687238773727831,0.336580886097674
ENSG00000107159,CA9,0.04294066202724953,0,0,0,0,0,0.35317064208583115,0
ENSG00000178301,AQP11,0.0429248522223547,0,0,0,0,0,0,0.35304061244300866
ENSG00000164022,AIMP1,0.04287126314342541,0,0,0,0,0,0.3525998626147402,0
ENSG00000100079,LGALS2,0.04273533988575804,0,0,0,0,0,0.35148194542579886,0
ENSG00000205002,AARD,0.04271778261727471,0.07026750871168257,0,0,0,0,0,0
ENSG00000183722,LHFPL6,0.04271361093676581,0.07026064661401406,0,0,0,0,0,0
ENSG00000247626,MARS2,0.04271140806917034,0.07025702306409008,0,0,0,0,0,0
ENSG00000141384,TAF4B,0.042626198609349804,0.056946039242648114,0,0,0,0,0,0.2634164146051154
ENSG00000172459,OR5AR1,0.04260094802718039,0.07007532468259021,0,0,0,0,0,0
ENSG00000085063,CD59,0.0425908721482377,0,0,0,0,0,0.26239904245035583,0.28469399252152217
ENSG00000134013,LOXL2,0.04250168328874071,0,0,0,0,0,0.34956020862668213,0
ENSG00000164756,SLC30A8,0.04249242926225893,0.06989681955446084,0,0,0,0,0,0
ENSG00000126522,ASL,0.04244439841126458,0,0,0,0,0,0,0.3490890622585331
ENSG00000283232,CYP2C23P,0.042420375720710064,0,0,0,0,0,0,0.3488914847493093
ENSG00000143198,MGST3,0.042337295065432996,0.06964163558050293,0,0,0,0,0,0
ENSG00000023839,ABCC2,0.04222265049845376,0,0,0,0,0,0,0.3472652698656982
ENSG00000118007,STAG1,0.04218488416367195,0.06939093122013852,0,0,0,0,0,0
ENSG00000262406,MMP12,0.04216627699987098,0,0,0,0,0,0.34680161924292796,0
ENSG00000114473,DRC9,0.04214307649029457,0.06932216077201905,0,0,0,0,0,0
ENSG00000175414,ARL10,0.042132640405061074,0.06930499420425427,0,0,0,0,0,0
ENSG00000042286,AIFM2,0.042132103434056004,0,0,0,0,0,0.34652055463862397,0
ENSG00000112237,CCNC,0.04208848667769453,0.06923236467546577,0,0,0,0,0,0
ENSG00000169495,HTRA4,0.042062010038203985,0,0,0,0,0,0.3459440630697859,0
ENSG00000139269,INHBE,0.04190665035455553,0,0,0,0,0,0.34466628865649074,0
ENSG00000124145,SDC4,0.041895982971340784,0,0,0,0,0,0.3445785534795869,0
ENSG00000106588,PSMA2,0.041894021447471445,0.06594882149974027,0,0,0,0,0.05927325276713306,0
ENSG00000147488,ST18,0.04186474416960793,0.06886432523912595,0,0,0,0,0,0
ENSG00000131944,FAAP24,0.04182770019740574,0.06880339071771706,0,0,0,0,0,0
ENSG00000160882,CYP11B1,0.04174589248591049,0,0,0,0,0,0.07751117669548169,0.3239663220472329
ENSG00000122585,NPY,0.04171502735351374,0,0,0,0,0,0.34309026222556627,0
ENSG00000162367,TAL1,0.04167752021279382,0,0,0,0,0,0,0.3427817802333125
ENSG00000185989,RASA3,0.04165534542151274,0,0,0,0,0,0,0.3425994009940291
ENSG00000112893,MAN2A1,0.041610995838950574,0,0,0,0,0,0,0.34223464251546204
ENSG00000145901,TNIP1,0.0415814294505758,0,0,0,0,0,0,0.34199147019641746
ENSG00000120784,ZFP30,0.041520631468936274,0.0682982859760658,0,0,0,0,0,0
ENSG00000151704,KCNJ1,0.041474251292717236,0,0,0,0,0,0.01823792392834863,0.33655048955779343
ENSG00000160404,TOR2A,0.041392943724686604,0,0,0,0,0,0.34044124666250786,0
ENSG00000125571,IL37,0.041359149376296214,0,0,0,0,0,0.3401633009775454,0
ENSG00000234741,GAS5,0.0413276512836923,0,0,0,0,0,0.3399042411246175,0
ENSG00000119509,INVS,0.04130424455956228,0,0,0,0,0,0,0.3397117297053739
ENSG00000168329,CX3CR1,0.04128852484499482,0,0,0,0,0,0.33958244102129,0
ENSG00000188191,PRKAR1B,0.041279425727986645,0.06790152084770373,0,0,0,0,0,0
ENSG00000174059,CD34,0.04127689148660223,0,0,0,0,0,0.3394867610652959,0
ENSG00000099364,FBXL19,0.0412689152959718,0.06788423198512901,0,0,0,0,0,0
ENSG00000010610,CD4,0.041076652405890826,0,0,0,0,0,0.337839870650317,0
ENSG00000118017,A4GNT,0.04100295758400265,0.06744675174393377,0,0,0,0,0,0
ENSG00000067365,METTL22,0.04097438914487401,0.06739975883085735,0,0,0,0,0,0
ENSG00000147872,PLIN2,0.04096787504510747,0.06586921663734813,0,0,0,0,0.030396539880581056,0
ENSG00000106302,HYAL4,0.0409475940141597,0.0673556828754697,0,0,0,0,0,0
ENSG00000153094,BCL2L11,0.04093466470487757,0,0,0,0,0,0.115506851546208,0.30779536283076375
ENSG00000197746,PSAP,0.04092054446070693,0.03267591403072732,0,0,0,0,0.012158615952232422,0.2943600922035469
ENSG00000143633,FSAF1,0.04089449664435558,0.0672683417339899,0,0,0,0,0,0
ENSG00000001617,SEMA3F,0.040818041728510404,0,0,0,0,0,0.33571289601441745,0
ENSG00000196730,DAPK1,0.040818041728510404,0,0,0,0,0,0.33571289601441745,0
ENSG00000132554,RGS22,0.040779831878842786,0.06707972690157267,0,0,0,0,0,0
ENSG00000167703,SLC43A2,0.040779441165909994,0,0,0,0,0,0,0.33539542104233133
ENSG00000186716,BCR,0.040779441165909994,0,0,0,0,0,0.20061716321183495,0.2852411302393726
ENSG00000071794,HLTF,0.04077719119131272,0.0670753831711013,0,0,0,0,0,0
ENSG00000227151,PRR20D,0.04074913216531552,0.06702922820394479,0,0,0,0,0,0
ENSG00000146648,EGFR,0.040688795496380055,0,0,0,0,0,0.33464989482548174,0
ENSG00000083720,OXCT1,0.040685356394842394,0.06692432190420856,0,0,0,0,0,0
ENSG00000158125,XDH,0.0406646954496179,0,0,0,0,0,0.15696194308246578,0.29521119532020323
ENSG00000140463,BBS4,0.040661175612410894,0,0,0,0,0,0,0.3344227317661528
ENSG00000163032,VSNL1,0.040653784015317204,0,0,0,0,0,0.33436193868639164,0
ENSG00000253148,RGS21,0.040649358784748055,0.06686510856901356,0,0,0,0,0,0
ENSG00000185630,PBX1,0.04063280974193714,0.06683788665020976,0,0,0,0,0,0
ENSG00000142168,SOD1,0.040586598335462486,0,0,0,0,0,0.2292897408956266,0.27648692675376524
ENSG00000124198,ARFGEF2,0.040580269972993126,0.06675146271980448,0,0,0,0,0,0
ENSG00000178988,MRFAP1L1,0.0404198640386528,0.06648760713793478,0,0,0,0,0,0
ENSG00000248767,FOXL3,0.040412630372186197,0.06647570830587195,0,0,0,0,0,0
ENSG00000120738,EGR1,0.0404014182820258,0,0,0,0,0,0.1930442308019401,0.28402526864414934
ENSG00000104903,LYL1,0.0403808815429666,0.0664234838925928,0,0,0,0,0,0
ENSG00000137752,CASP1,0.04037739939784327,0,0,0,0,0,0.33208878014137494,0
ENSG00000176170,SPHK1,0.04036723636481419,0,0,0,0,0,0.33200519305326387,0
ENSG00000132386,SERPINF1,0.04035750416514496,0,0,0,0,0,0.331925149405965,0
ENSG00000166736,HTR3A,0.040350728534475744,0,0,0,0,0,0,0.331869422416184
ENSG00000133116,KL,0.0403444941364499,0,0,0,0,0,0.26555368991974065,0.26505782775866676
ENSG00000221954,OR4C12,0.04032088919758869,0.06632480103985099,0,0,0,0,0,0
ENSG00000111335,OAS2,0.040286428087642163,0.06626811513072793,0,0,0,0,0,0
ENSG00000146122,DAAM2,0.0402842041606325,0,0,0,0,0,0.3313222846983335,0
ENSG00000131558,EXOC4,0.04021971974968258,0.06615838498015543,0,0,0,0,0,0
ENSG00000146085,MMUT,0.040195504995508176,0,0,0,0,0,0,0.33059276774119956
ENSG00000126581,BECN1,0.04014099951820205,0,0,0,0,0,0.3301444808842065,0
ENSG00000128791,TWSG1,0.04009941423329014,0,0,0,0,0,0,0.32980245770430444
ENSG00000150433,TMEM218,0.04005506465072798,0,0,0,0,0,0,0.3294376992257374
ENSG00000277200,CCDC92B,0.04005119487146074,0.06588117435209723,0,0,0,0,0,0
ENSG00000171345,KRT19,0.0399916201090071,0,0,0,0,0,0.3289158919577875,0
ENSG00000164040,PGRMC2,0.03993427767383158,0.06568885443988272,0,0,0,0,0,0
ENSG00000206105,KRTAP20-4,0.03990697863715481,0.06564394959744997,0,0,0,0,0,0
ENSG00000138075,ABCG5,0.03990168901103383,0,0,0,0,0,0,0.32817624282069335
ENSG00000143552,NUP210L,0.039897993690949825,0.0656291700431976,0,0,0,0,0,0
ENSG00000172936,MYD88,0.0398865978336342,0,0,0,0,0,0.06862525487039182,0.310895809898583
ENSG00000182220,ATP6AP2,0.039876696714601124,0,0,0,0,0,0.1697023801322752,0.2855450956381784
ENSG00000113460,BRIX1,0.03986829628217849,0.06558032006078512,0,0,0,0,0,0
ENSG00000149483,TMEM138,0.039819298999686434,0.06549972325160132,0,0,0,0,0,0
ENSG00000229665,PRR20C,0.03977207502560871,0.0654220434001063,0,0,0,0,0,0
ENSG00000015532,XYLT2,0.03976864026334734,0,0,0,0,0,0,0.3270819673849924
ENSG00000160293,VAV2,0.03973722597569914,0,0,0,0,0,0,0.3268235967960075
ENSG00000077943,ITGA8,0.0397277065186516,0.06534906057520021,0,0,0,0,0,0
ENSG00000140675,SLC5A2,0.03970950748659779,0,0,0,0,0,0.062312906755191154,0.3110173960581053
ENSG00000180772,AGTR2,0.03964653980661573,0,0,0,0,0,0.20006544916107935,0.2760613751954371
ENSG00000115966,ATF2,0.039618495304695835,0,0,0,0,0,0.1767709742859277,0.28165433853346405
ENSG00000150630,VEGFC,0.0396169382217866,0.05923585555778777,0,0,0,0,0.11861999160099744,0
ENSG00000157224,CLDN12,0.039578587309620356,0.030617241700518757,0,0,0,0,0,0.28724730187149095
ENSG00000291237,SOD2,0.03956596590987614,0,0,0,0,0,0.3254150477761533,0
ENSG00000079112,CDH17,0.03937510626962817,0,0,0,0,0,0.32384529969793624,0
ENSG00000134817,APLNR,0.03936952464451355,0,0,0,0,0,0.323799392950519,0
ENSG00000204305,AGER,0.039356021393431785,0,0,0,0,0,0.3236883338370902,0
ENSG00000134962,KLB,0.03935194962497114,0.06473096901748229,0,0,0,0,0,0
ENSG00000116014,KISS1R,0.03924322090327059,0,0,0,0,0,0.13548751042770996,0.2888887150250423
ENSG00000171766,GATM,0.03923829317187479,0,0,0,0,0,0.012158615952232422,0.319680409924071
ENSG00000185697,MYBL1,0.039221283779961806,0.06451603362430484,0,0,0,0,0,0
ENSG00000111727,HCFC2,0.03916437720093785,0,0,0,0,0,0,0.3221121331145175
ENSG00000180644,PRF1,0.039147814257201444,0,0,0,0,0,0.1214060223054771,0.29162440361429465
ENSG00000083307,GRHL2,0.039122799157709484,0.06041514893941733,0,0,0,0,0.0787776991905059,0
ENSG00000135766,EGLN1,0.03907750707897191,0,0,0,0,0,0.3213976593429366,0
ENSG00000164626,KCNK5,0.0390551865411334,0.05156745914850834,0,0,0,0,0,0.253507142604046
ENSG00000130173,ANGPTL8,0.03897014245508689,0,0,0,0,0,0.3205146260741269,0
ENSG00000134215,VAV3,0.03895371668376757,0,0,0,0,0,0,0.3203795303413243
ENSG00000143921,ABCG8,0.038938933489580184,0,0,0,0,0,0.03647584785669726,0.3111389822176277
ENSG00000150938,CRIM1,0.038901975504111716,0,0,0,0,0,0,0.31995397878299614
ENSG00000150510,FAM124A,0.038830054839205784,0.06387249172398815,0,0,0,0,0,0
ENSG00000047579,DTNBP1,0.038770953322689414,0.03415472778435322,0,0,0,0,0,0.27618296135495946
ENSG00000118762,PKD2,0.03876153515933153,0,0,0,0,0,0.01823792392834863,0.31423942928544696
ENSG00000185338,SOCS1,0.03874305616659729,0,0,0,0,0,0.09422927362980127,0.2950896091606809
ENSG00000118137,APOA1,0.03868077549053618,0,0,0,0,0,0.3181346926533531,0
ENSG00000106004,HOXA5,0.038591528426176566,0,0,0,0,0,0,0.31740066943302736
ENSG00000151224,MAT1A,0.03858968052690313,0,0,0,0,0,0,0.317385471163087
ENSG00000204525,HLA-C,0.03857329346612377,0,0,0,0,0,0.3172506938097785,0
ENSG00000187531,SIRT7,0.03856196203780179,0,0,0,0,0,0.07903100368951074,0.29739974619160503
ENSG00000259207,ITGB3,0.0384917418654117,0,0,0,0,0,0.11854650553426611,0.28694333647268516
ENSG00000162409,PRKAA2,0.038481790270065666,0.06177979595853257,0,0,0,0,0.030396539880581056,0
ENSG00000103569,AQP9,0.038444179247010865,0,0,0,0,0,0.3161887783777906,0
ENSG00000130303,BST2,0.038436304887208984,0,0,0,0,0,0.31612401475804297,0
ENSG00000124721,DNAH8,0.03842282688414159,0.0632026326599893,0,0,0,0,0,0
ENSG00000167460,TPM4,0.03830140824024908,0,0,0,0,0,0,0.3150145410524018
ENSG00000150637,CD226,0.03830038162954161,0,0,0,0,0,0.3150060975691016,0
ENSG00000129422,MTUS1,0.03826814605332744,0,0,0,0,0,0,0.3147409721934765
ENSG00000168621,GDNF,0.038229340168585556,0,0,0,0,0,0,0.3144218085247304
ENSG00000121390,PSPC1,0.03819816668344339,0.06222515289137502,0,0,0,0,0.012158615952232422,0
ENSG00000175387,SMAD2,0.03818835162474093,0,0,0,0,0,0.3140846933135447,0
ENSG00000077942,FBLN1,0.038154192264799665,0,0,0,0,0,0.17528671331135076,0.2699820672193209
ENSG00000187097,ENTPD5,0.03812585780927384,0,0,0,0,0,0,0.3135707054080742
ENSG00000109445,NOAZFP,0.03812068156474799,0.06270562655241811,0,0,0,0,0,0
ENSG00000153815,CMIP,0.038066725032524285,0,0,0,0,0,0.31308436076998486,0
ENSG00000169245,CXCL10,0.03806250331697851,0,0,0,0,0,0.3130496387624606,0
ENSG00000087086,FTL,0.038015394497151404,0,0,0,0,0,0.31266218660497674,0
ENSG00000171119,NRTN,0.0379262846877441,0,0,0,0,0,0,0.31192929225452276
ENSG00000162552,WNT4,0.03792500142435978,0,0,0,0,0,0.18306653882411947,0.2661521031943677
ENSG00000171444,MCC,0.03789451314872188,0.062333596681724515,0,0,0,0,0,0
ENSG00000101230,ISM1,0.03788193510518193,0,0,0,0,0,0.3115645337759558,0
ENSG00000111011,RSRC2,0.03785958117582684,0.06227613623880523,0,0,0,0,0,0
ENSG00000005421,PON1,0.03780512999193792,0,0,0,0,0,0.31093284087977613,0
ENSG00000152784,PRDM8,0.03780501829558171,0.062186384443930716,0,0,0,0,0,0
ENSG00000164305,CASP3,0.03776076031651986,0,0,0,0,0,0.31056791714509807,0
ENSG00000153767,GTF2E1,0.037697145177839585,0,0,0,0,0,0.31004470678192675,0
ENSG00000163344,PMVK,0.037697145177839585,0,0,0,0,0,0.31004470678192675,0
ENSG00000103490,PYCARD,0.037697145177839585,0,0,0,0,0,0.31004470678192675,0
ENSG00000165471,MBL2,0.037670953987102726,0,0,0,0,0,0.30982929418200783,0
ENSG00000119185,ITGB1BP1,0.03765694213930477,0.061942810410736994,0,0,0,0,0,0
ENSG00000265972,TXNIP,0.03764957172338742,0,0,0,0,0,0.1457973309375799,0.2732041004466625
ENSG00000228336,OR9H1,0.03764196539324012,0.06191817480069143,0,0,0,0,0,0
ENSG00000105974,CAV1,0.03759779178393955,0,0,0,0,0,0.22434071485070703,0.253142384125479
ENSG00000204033,LRIT2,0.03759101306575707,0.06183436209095009,0,0,0,0,0,0
ENSG00000179456,ZBTB18,0.037571853624845546,0.0618028462654864,0,0,0,0,0,0
ENSG00000188386,PPP3R2,0.037515845716230914,0.06171071750866956,0,0,0,0,0,0
ENSG00000037474,NSUN2,0.037491823036348085,0,0,0,0,0,0.30835601012189445,0
ENSG00000185532,PRKG1,0.037486330669063185,0,0,0,0,0,0.11586654393479486,0.2793442015025399
ENSG00000128567,PODXL,0.03745767159993791,0,0,0,0,0,0.30807512752354327,0
ENSG00000147883,CDKN2B,0.037433385002526326,0.06005524890209422,0,0,0,0,0.030396539880581056,0
ENSG00000074181,NOTCH3,0.03742283479680693,0,0,0,0,0,0.30778860804412356,0
ENSG00000126603,GLIS2,0.037416264488279206,0,0,0,0,0,0,0.30773456975100255
ENSG00000106591,MRPL32,0.037409576629841325,0.061535912930900036,0,0,0,0,0,0
ENSG00000145431,PDGFC,0.03740148129409183,0,0,0,0,0,0,0.30761298359148026
ENSG00000136542,GALNT5,0.037333250021243054,0.06141036145547202,0,0,0,0,0,0
ENSG00000129197,RPAIN,0.037327565323154885,0,0,0,0,0,0.30700505279386864,0
ENSG00000133048,CHI3L1,0.0373052753000597,0,0,0,0,0,0.3068217258166637,0
ENSG00000127318,IL22,0.03727397624422559,0,0,0,0,0,0.30656430296560017,0
ENSG00000144802,NFKBIZ,0.03725983670503978,0.06128960212481844,0,0,0,0,0,0
ENSG00000169019,COMMD8,0.03721458613318299,0.0612151683701303,0,0,0,0,0,0
ENSG00000035862,TIMP2,0.037178237306072295,0,0,0,0,0,0.3057768865480619,0
ENSG00000144040,SFXN5,0.03716362370922348,0.06113133905245182,0,0,0,0,0,0
ENSG00000067560,RHOA,0.03715385022070972,0,0,0,0,0,0.30557631202988994,0
ENSG00000048405,ZNF800,0.03714667815024538,0.06110346489466171,0,0,0,0,0,0
ENSG00000172889,EGFL7,0.03713075147979192,0,0,0,0,0,0.3053863336556363,0
ENSG00000261857,MIA,0.03712902767363674,0.06107443120089593,0,0,0,0,0,0
ENSG00000197375,SLC22A5,0.0371242964030783,0,0,0,0,0,0.021277577916406734,0.300013848621335
ENSG00000205359,SLCO6A1,0.037122983555671694,0.061064489085792054,0,0,0,0,0,0
ENSG00000107521,HPS1,0.03707625102196928,0,0,0,0,0,0,0.3049380880819891
ENSG00000116717,GADD45A,0.0370024221108775,0,0,0,0,0,0.19624292560572262,0.25527014191711966
ENSG00000099250,NRP1,0.03698542216340796,0,0,0,0,0,0.304191055204907,0
ENSG00000136938,ANP32B,0.036947492108679196,0.060775818981099294,0,0,0,0,0,0
ENSG00000114200,BCHE,0.03693147831016617,0,0,0,0,0,0.30374738749261376,0
ENSG00000149781,FERMT3,0.036928419080095407,0,0,0,0,0,0,0.3037222264867659
ENSG00000249859,PVT1,0.03692286281153177,0,0,0,0,0,0.30367652828735353,0
ENSG00000171522,PTGER4,0.03687667790043954,0,0,0,0,0,0.06079307976116211,0.2880984049881472
ENSG00000145287,PLAC8,0.03685532439772444,0,0,0,0,0,0.3031210504757944,0
ENSG00000196712,NF1,0.03684998375328783,0.05789240177629033,0,0,0,0,0.05446046728604106,0
ENSG00000161533,ACOX1,0.036847111512064774,0,0,0,0,0,0,0.3030535026093931
ENSG00000148484,RSU1,0.03679081039736745,0.0605180894633198,0,0,0,0,0,0
ENSG00000012504,NR1H4,0.03678058713822152,0,0,0,0,0,0.01823792392834863,0.29794688390945545
ENSG00000272398,CD24,0.036742397219904105,0,0,0,0,0,0.30219226731277665,0
ENSG00000283267,FAM237B,0.03671516392413928,0.06039365675893081,0,0,0,0,0,0
ENSG00000112782,CLIC5,0.03669188797309719,0,0,0,0,0,0.030396539880581056,0.2941777129642634
ENSG00000187391,MAGI2,0.03669188797309719,0,0,0,0,0,0,0.30177684793440873
ENSG00000100271,TTLL1,0.03661295912846332,0.060225537630771,0,0,0,0,0,0
ENSG00000147003,CLTRN,0.036603188807972864,0,0,0,0,0,0.15806200737902149,0.2615318291325194
ENSG00000079308,TNS1,0.036573622419598086,0,0,0,0,0,0,0.30080415865823007
ENSG00000154640,BTG3,0.03656931065462677,0,0,0,0,0,0.3007686960283694,0
ENSG00000107562,CXCL12,0.03651066800344588,0,0,0,0,0,0.3002863824869986,0
ENSG00000125124,BBS2,0.036507098045754846,0,0,0,0,0,0,0.30025702094037965
ENSG00000147364,FBXO25,0.036481453440183206,0.060009220759185036,0,0,0,0,0,0
ENSG00000145217,SLC26A1,0.036462748463192675,0,0,0,0,0,0,0.29989226246181266
ENSG00000159403,C1R,0.03634201904399568,0,0,0,0,0,0.2988993088257137,0
ENSG00000164070,HSPA4L,0.03633709131259988,0,0,0,0,0,0,0.2988587801058729
ENSG00000106341,PPP1R17,0.03631208596510609,0.0597306241232809,0,0,0,0,0,0
ENSG00000118579,MED28,0.03628103379276356,0.0596795456576652,0,0,0,0,0,0
ENSG00000182326,C1S,0.03624716021462661,0,0,0,0,0,0.2981191309687788,0
ENSG00000173080,RXFP4,0.03624100055038186,0,0,0,0,0,0,0.2980684700689778
ENSG00000077232,DNAJC10,0.03623981814005246,0.05961174903858779,0,0,0,0,0,0
ENSG00000107798,LIPA,0.03623360895328817,0,0,0,0,0,0,0.29800767698921665
ENSG00000088836,SLC4A11,0.03618186777363231,0,0,0,0,0,0,0.2975821254308885
ENSG00000114346,ECT2,0.03617823697642132,0.059510452700463325,0,0,0,0,0,0
ENSG00000122870,BICC1,0.036144909788163836,0,0,0,0,0,0,0.2972781600320827
ENSG00000110057,UNC93B1,0.03601925263757103,0,0,0,0,0,0,0.29624467767614293
ENSG00000083782,EPYC,0.0360084344349941,0.05923114041344921,0,0,0,0,0,0
ENSG00000019991,HGF,0.03599641481953317,0,0,0,0,0,0.16655122597219923,0.25441903880046346
ENSG00000118972,FGF23,0.035975108377150365,0,0,0,0,0,0.295881607894236,0
ENSG00000138668,HNRNPD,0.035974903055008875,0,0,0,0,0,0,0.295879919197576
ENSG00000154025,SLC5A10,0.03596011986082148,0,0,0,0,0,0,0.29575833303805366
ENSG00000248329,APELA,0.03592579467789413,0.03517965793922182,0,0,0,0,0.25150144901653687,0
ENSG00000163975,MELTF,0.03592413959170085,0.05514093161252519,0,0,0,0,0.07903100368951074,0
ENSG00000112541,PDE10A,0.035922743394637795,0.05757880164812069,0,0,0,0,0.030227670214577826,0
ENSG00000204103,MAFB,0.03587881229279085,0,0,0,0,0,0,0.2950896091606809
ENSG00000178449,COX14,0.03585663750150976,0,0,0,0,0,0,0.29490722992139734
ENSG00000183087,GAS6,0.03583527723244871,0,0,0,0,0,0.2947315498181276,0
ENSG00000130812,ANGPTL6,0.035828713690266925,0,0,0,0,0,0.29467756717563304,0
ENSG00000184937,WT1,0.035815983717494455,0,0,0,0,0,0.13070512148649854,0.2618965876110863
ENSG00000075223,SEMA3C,0.035800535991509,0.058281232462678266,0,0,0,0,0.012158615952232422,0
ENSG00000145623,OSMR,0.03579750472476021,0,0,0,0,0,0.0547137717850459,0.2807424423370466
ENSG00000064601,CTSA,0.035767938336385446,0,0,0,0,0,0.06079307976116211,0.27897944302397293
ENSG00000124212,PTGIS,0.035723588753823275,0,0,0,0,0,0.01823792392834863,0.2892534735036093
ENSG00000182389,CACNB4,0.03570401327801594,0.05873039072586283,0,0,0,0,0,0
ENSG00000146530,VWDE,0.03568862211748489,0.046964058748390256,0,0,0,0,0,0
ENSG00000042832,TG,0.03566958733584664,0,0,0,0,0,0.29336881332531445,0
ENSG00000122068,FYTTD1,0.03563591575667897,0.05861837547411952,0,0,0,0,0,0
ENSG00000114656,CFAP92,0.03558954814737898,0.05854210427765744,0,0,0,0,0,0
ENSG00000005238,ATOSB,0.03556836521485569,0,0,0,0,0,0,0.29253629981071205
ENSG00000012048,BRCA1,0.035540198406071644,0.0584609277004858,0,0,0,0,0,0
ENSG00000189013,KIR2DL4,0.035497105861014795,0,0,0,0,0,0.29195021868008947,0
ENSG00000171819,ANGPTL7,0.03547966604973137,0,0,0,0,0,0.2918067828535781,0
ENSG00000152558,TMEM123,0.03547823174061129,0.05835899724112463,0,0,0,0,0,0
ENSG00000184724,KRTAP6-1,0.03547711929247558,0.05835716734841303,0,0,0,0,0,0
ENSG00000204919,PRR20A,0.03546230776148059,0.05833280350461176,0,0,0,0,0,0
ENSG00000152705,CATSPER3,0.03545447656717872,0.05831992178463206,0,0,0,0,0,0
ENSG00000146247,PHIP,0.035398430108381174,0.05822772961569155,0,0,0,0,0,0
ENSG00000134184,GSTM1,0.03536036307065885,0,0,0,0,0,0.29082556114593294,0
ENSG00000173575,CHD2,0.035354008899138575,0,0,0,0,0,0,0.2907733004976384
ENSG00000113971,NPHP3,0.03534661730204488,0,0,0,0,0,0,0.2907125074178772
ENSG00000274810,NPHP3-ACAD11,0.03534661730204488,0,0,0,0,0,0,0.2907125074178772
ENSG00000204918,PRR20B,0.03534428637646921,0.058138667287997874,0,0,0,0,0,0
ENSG00000205076,LGALS7,0.03531346937554018,0.03308569676219124,0,0,0,0,0.2490827573547614,0
ENSG00000173083,HPSE,0.03530225514873936,0,0,0,0,0,0.2903476455497188,0
ENSG00000134363,FST,0.03529384427387183,0,0,0,0,0,0.2902784692972525,0
ENSG00000108821,COL1A1,0.035266849650075434,0,0,0,0,0,0.14157695058378636,0.25466221111950804
ENSG00000132854,KANK4,0.035226656000456026,0.05794517425149549,0,0,0,0,0,0
ENSG00000117394,SLC2A1,0.03521849114767496,0,0,0,0,0,0.2896587184432662,0
ENSG00000104783,KCNN4,0.03521490314827808,0,0,0,0,0,0.15713322421600373,0.25034590245646554
ENSG00000116752,BCAS2,0.03518738713198241,0.05788057994466339,0,0,0,0,0,0
ENSG00000148331,ASB6,0.035179644052384364,0.05786784316668065,0,0,0,0,0,0
ENSG00000173020,GRK2,0.035171682837494125,0,0,0,0,0,0.2892737378635297,0
ENSG00000148848,ADAM12,0.03516236417345416,0,0,0,0,0,0.28919709538977634,0
ENSG00000135338,LCA5,0.03513241457113765,0.057790154256310816,0,0,0,0,0,0
ENSG00000053918,KCNQ1,0.03511008619504667,0,0,0,0,0,0.28876712886552,0
ENSG00000113296,THBS4,0.035069021766748365,0,0,0,0,0,0.28842938953351355,0
ENSG00000139278,GLIPR1,0.035055523477718044,0.05766367424621478,0,0,0,0,0,0
ENSG00000111537,IFNG,0.03505218883983155,0,0,0,0,0,0.2882909451005044,0
ENSG00000204463,BAG6,0.03503617022410973,0,0,0,0,0,0.012158615952232422,0.28511954407985024
ENSG00000179776,CDH5,0.03499525841920112,0,0,0,0,0,0.2878227140053363,0
ENSG00000131242,RAB11FIP4,0.034962358699936955,0.057510425261055445,0,0,0,0,0,0
ENSG00000198734,F5,0.03495878582083573,0,0,0,0,0,0.2799236057610233,0
ENSG00000198914,POU3F3,0.03494007946189171,0,0,0,0,0,0,0.2873688880310133
ENSG00000069493,CLEC2D,0.03492529626770432,0,0,0,0,0,0,0.28724730187149095
ENSG00000175467,SART1,0.03486616349095477,0,0,0,0,0,0,0.28676095723340167
ENSG00000167363,FN3K,0.034797650289824254,0.05723949243324051,0,0,0,0,0,0
ENSG00000105835,NAMPT,0.03477628575991933,0,0,0,0,0,0.28602174701910965,0
ENSG00000213699,SLC35F6,0.034758835762792206,0.05717564548358022,0,0,0,0,0,0
ENSG00000149295,DRD2,0.03474789793745566,0,0,0,0,0,0,0.28578826795722306
ENSG00000124664,SPDEF,0.034740506340361965,0,0,0,0,0,0.28572747487746186,0
ENSG00000143575,HAX1,0.03471637273630518,0.05710579702935838,0,0,0,0,0,0
ENSG00000180919,OR56B4,0.03465891919583103,0.05701129031790393,0,0,0,0,0,0
ENSG00000012061,ERCC1,0.03464441557814395,0,0,0,0,0,0.09726892761785938,0.2606199329361019
ENSG00000107859,PITX3,0.034614849189769176,0,0,0,0,0,0,0.28469399252152217
ENSG00000092969,TGFB2,0.03459769222021127,0,0,0,0,0,0.284552882960818,0
ENSG00000075407,ZNF37A,0.034550076196335364,0.05683225184852012,0,0,0,0,0,0
ENSG00000164611,PTTG1,0.03454832481592593,0,0,0,0,0,0.024317231904464845,0.2780675468275555
ENSG00000007001,UPP2,0.03452790089200642,0.05679577515673865,0,0,0,0,0,0
ENSG00000237489,C10orf143,0.03452268560297416,0.056787196402293655,0,0,0,0,0,0
ENSG00000085514,PILRA,0.034511366830457454,0,0,0,0,0,0,0.28384288940486585
ENSG00000121716,PILRB,0.034511366830457454,0,0,0,0,0,0,0.28384288940486585
ENSG00000161638,ITGA5,0.03443252312812472,0,0,0,0,0,0.2831944298874135,0
ENSG00000128581,IFT22,0.034394581624138734,0.056576475084441843,0,0,0,0,0,0
ENSG00000113070,HBEGF,0.03437298936794125,0,0,0,0,0,0.2827047873128198,0
ENSG00000169071,ROR2,0.03435961696344216,0.053175341485707205,0,0,0,0,0.06687238773727831,0
ENSG00000140274,DUOXA2,0.03435614329148988,0,0,0,0,0,0,0.28256623472988146
ENSG00000103266,STUB1,0.03427483572345925,0,0,0,0,0,0,0.2818975108525087
ENSG00000171105,INSR,0.03426775210957778,0,0,0,0,0,0.08584996080272109,0.2603767606170573
ENSG00000282608,ADORA3,0.03423048614089708,0,0,0,0,0,0.01823792392834863,0.27697327139185457
ENSG00000100504,PYGL,0.03420091975252231,0,0,0,0,0,0,0.2812895800548971
ENSG00000109321,AREG,0.03415028910671021,0.044751013679602186,0,0,0,0,0.22493439511629978,0
ENSG00000144061,NPHP1,0.03412700378158536,0,0,0,0,0,0,0.28068164925728545
ENSG00000243414,TICAM2,0.03411315874905527,0.056113555824241344,0,0,0,0,0,0
ENSG00000118816,CCNI,0.03410482899030429,0,0,0,0,0,0,0.28049927001800196
ENSG00000125255,SLC10A2,0.03409743739321059,0,0,0,0,0,0,0.2804384769382408
ENSG00000284643,SCYGR2,0.03409241427606918,0.05607943274137142,0,0,0,0,0,0
ENSG00000143171,RXRG,0.03404656606164444,0.056004015910039846,0,0,0,0,0,0
ENSG00000124151,NCOA3,0.03403367787882336,0.052077704801614215,0,0,0,0,0.07810222052649297,0
ENSG00000176697,BDNF,0.034031567134378896,0,0,0,0,0,0.27989671906801544,0
ENSG00000173401,GLIPR1L1,0.03402623084015383,0.05597056601480424,0,0,0,0,0,0
ENSG00000118515,SGK1,0.03401761841070577,0,0,0,0,0,0.08199804372118746,0.2592824851813564
ENSG00000138449,SLC40A1,0.034013152654128326,0,0,0,0,0,0.04464576229793344,0.26858382638481415
ENSG00000164400,CSF2,0.03400345651818328,0,0,0,0,0,0.27966551992243793,0
ENSG00000150281,CTF1,0.03400134663099257,0,0,0,0,0,0.2796481669013457,0
ENSG00000160213,CSTB,0.03400134663099257,0,0,0,0,0,0.2796481669013457,0
ENSG00000168487,BMP1,0.03400134663099257,0,0,0,0,0,0.2796481669013457,0
ENSG00000189052,CGB5,0.033991593829271714,0,0,0,0,0,0.11153841439513214,0.25168335021121113
ENSG00000124275,MTRR,0.03399108052391799,0,0,0,0,0,0.27956373206834406,0
ENSG00000162843,WDR64,0.03396518937908358,0.05587015744641114,0,0,0,0,0,0
ENSG00000169609,C15orf40,0.033886434108961305,0.055740611007191944,0,0,0,0,0,0
ENSG00000163659,TIPARP,0.03387568948039977,0,0,0,0,0,0,0.27861468454540594
ENSG00000162399,BSND,0.03386090628621238,0,0,0,0,0,0,0.2784930983858836
ENSG00000162551,ALPL,0.03385351468911868,0,0,0,0,0,0,0.27843230530612245
ENSG00000213005,PTTG3P,0.03380916510655652,0,0,0,0,0,0,0.2780675468275555
ENSG00000250254,PTTG2,0.03380916510655652,0,0,0,0,0,0,0.2780675468275555
ENSG00000144118,RALB,0.03380675088086445,0.055609538147567285,0,0,0,0,0,0
ENSG00000105929,ATP6V0A4,0.03379438191236914,0,0,0,0,0,0,0.2779459606680332
ENSG00000018408,WWTR1,0.03373524913561959,0,0,0,0,0,0.01823792392834863,0.2729001350478567
ENSG00000037637,FBXO42,0.033720465941432194,0,0,0,0,0,0,0.27733802987042155
ENSG00000084710,EFR3B,0.033681487568632984,0.05540348951057836,0,0,0,0,0,0
ENSG00000163884,KLF15,0.03361328778357363,0,0,0,0,0,0.07599134970145263,0.2574586927885215
ENSG00000128052,KDR,0.0335575611706434,0,0,0,0,0,0.2759981999800064,0
ENSG00000109610,SOD3,0.03351883959848754,0,0,0,0,0,0.27567972975026983,0
ENSG00000173715,TOP6BL,0.033509575781483114,0.05512070767451205,0,0,0,0,0,0
ENSG00000167098,SUN5,0.03348393483443398,0,0,0,0,0,0,0.27539265131806434
ENSG00000197894,ADH5,0.03344697684896552,0,0,0,0,0,0.27508868591925856,0
ENSG00000151806,GUF1,0.03343327670872979,0.05499520149345808,0,0,0,0,0,0
ENSG00000110906,KCTD10,0.033407442579004,0.05495270631172477,0,0,0,0,0,0
ENSG00000174437,ATP2A2,0.03335088608674749,0,0,0,0,0,0.03647584785669726,0.2651794139181891
ENSG00000099337,KCNK6,0.0333434944896538,0,0,0,0,0,0,0.27423758280260224
ENSG00000136352,NKX2-1,0.033269578518716855,0,0,0,0,0,0,0.2736296520049906
ENSG00000160868,CYP3A4,0.033262186921623166,0,0,0,0,0,0.2735688589252295,0
ENSG00000172201,ID4,0.033262186921623166,0,0,0,0,0,0.2735688589252295,0
ENSG00000121807,CCR2,0.03325705926511148,0.05243404017169963,0,0,0,0,0.04542594015486835,0
ENSG00000119772,DNMT3A,0.03320834189721283,0.03227667582954214,0,0,0,0,0.2327801592556254,0
ENSG00000162493,PDPN,0.03320123872002053,0,0,0,0,0,0.2730675831069778,0
ENSG00000175395,ZNF25,0.03319814537517464,0.054608428304011344,0,0,0,0,0,0
ENSG00000161011,SQSTM1,0.03319257014491418,0,0,0,0,0,0.27299628736788706,0
ENSG00000184371,CSF1,0.033180612934915386,0,0,0,0,0,0.2728979438553871,0
ENSG00000169856,ONECUT1,0.033158704562311445,0,0,0,0,0,0,0.2727177558085732
ENSG00000188958,UTS2B,0.03312147456851458,0.05448231064890771,0,0,0,0,0,0
ENSG00000118432,CNR1,0.033118666744720596,0,0,0,0,0,0.2723884599598669,0
ENSG00000137486,ARRB1,0.03310757934908006,0,0,0,0,0,0.07345830471140422,0.25393269416237413
ENSG00000284353,MIR142,0.0330921801884682,0,0,0,0,0,0,0.2721706180907228
ENSG00000198087,CD2AP,0.033070005397187116,0,0,0,0,0,0,0.2719882388514393
ENSG00000173621,LRFN4,0.0330614161371088,0.05438351908966818,0,0,0,0,0,0
ENSG00000240498,CDKN2B-AS1,0.03305686478013166,0,0,0,0,0,0.27188016226519723,0
ENSG00000140279,DUOX2,0.03305522220299973,0,0,0,0,0,0,0.27186665269191695
ENSG00000112619,PRPH2,0.033040439008812345,0,0,0,0,0,0,0.2717450665323946
ENSG00000100097,LGALS1,0.033008821399612254,0,0,0,0,0,0.2714850237008396,0
ENSG00000171517,LPAR3,0.032982538164911736,0,0,0,0,0,0.2712688540742655,0
ENSG00000157227,MMP14,0.03297937603538915,0,0,0,0,0,0.27124284675949367,0
ENSG00000127955,GNAI1,0.032898158866024596,0.05411497327536565,0,0,0,0,0,0
ENSG00000108651,UTP6,0.03288654562341977,0.05409587037311024,0,0,0,0,0,0
ENSG00000101440,ASIP,0.03287043227565738,0,0,0,0,0,0,0.27034682569788787
ENSG00000181856,SLC2A4,0.03285564908146999,0,0,0,0,0,0.012158615952232422,0.26718558555030747
ENSG00000155465,SLC7A7,0.03281129949890783,0,0,0,0,0,0.012158615952232422,0.2668208270717405
ENSG00000126838,PZP,0.03279108577725858,0,0,0,0,0,0.26969423087368644,0
ENSG00000081800,SLC13A1,0.032789124707626745,0,0,0,0,0,0,0.2696781018205151
ENSG00000100577,GSTZ1,0.03274477512506458,0,0,0,0,0,0.06079307976116211,0.2541150734016576
ENSG00000196329,GIMAP5,0.032737383527970884,0,0,0,0,0,0,0.269252550262187
ENSG00000172831,CES2,0.032737383527970884,0,0,0,0,0,0.01823792392834863,0.26469306928009984
ENSG00000281887,GIMAP1-GIMAP5,0.032737383527970884,0,0,0,0,0,0,0.269252550262187
ENSG00000177455,CD19,0.03272979626958476,0,0,0,0,0,0.26919014794258145,0
ENSG00000166147,FBN1,0.03272568016590587,0,0,0,0,0,0.0762142576605769,0.2501027301374209
ENSG00000116954,RRAGC,0.032685642348315024,0,0,0,0,0,0,0.26882699870385884
ENSG00000112164,GLP1R,0.032658375222965684,0.05156745914850834,0,0,0,0,0.043061764830823156,0
ENSG00000136883,KIF12,0.03264868436284656,0,0,0,0,0,0,0.26852303330505306
ENSG00000173409,ARV1,0.03263390116865917,0,0,0,0,0,0,0.2684014471455307
ENSG00000137142,IGFBPL1,0.03262804774169009,0,0,0,0,0,0.2683533049310543,0
ENSG00000188910,GJB3,0.032607429907944484,0.05363674621527542,0,0,0,0,0,0
ENSG00000175662,TOM1L2,0.032589551586097006,0,0,0,0,0,0,0.26803668866696373
ENSG00000173757,STAT5B,0.03256737679481592,0,0,0,0,0,0,0.2678543094276803
ENSG00000080910,CFHR2,0.03256737679481592,0,0,0,0,0,0.01823792392834863,0.2632948284455931
ENSG00000156515,HK1,0.032537810406441145,0,0,0,0,0,0.01823792392834863,0.26305165612654846
ENSG00000118526,TCF21,0.03252302721225376,0,0,0,0,0,0.26748955094911325,0
ENSG00000128564,VGF,0.03246389443550421,0,0,0,0,0,0,0.267003206311024
ENSG00000100373,UPK3A,0.032397370061660956,0,0,0,0,0,0,0.2664560685931735
ENSG00000158457,TSPAN33,0.03238997846456726,0,0,0,0,0,0,0.26639527551341236
ENSG00000196159,FAT4,0.03238258686747358,0,0,0,0,0,0,0.2663344824336512
ENSG00000244414,CFHR1,0.03238258686747358,0,0,0,0,0,0.012158615952232422,0.2632948284455931
ENSG00000133115,STOML3,0.03237587823423197,0.053255861294455135,0,0,0,0,0,0
ENSG00000152256,PDK1,0.03234413392089094,0.05016399032139521,0,0,0,0,0.06079307976116211,0
ENSG00000156282,CLDN17,0.03232345409072402,0,0,0,0,0,0,0.2658481377955619
ENSG00000118855,MFSD1,0.03228649610525555,0,0,0,0,0,0,0.2655441723967561
ENSG00000152822,GRM1,0.03227910450816186,0,0,0,0,0,0.03647584785669726,0.2563644173528206
ENSG00000143870,PDIA6,0.032256929716880774,0,0,0,0,0,0,0.26530100007771146
ENSG00000131482,G6PC1,0.03224953811978708,0,0,0,0,0,0,0.2652402069979503
ENSG00000179218,CALR,0.03222837108309842,0,0,0,0,0,0.2650661161575798,0
ENSG00000136827,TOR1A,0.032213601927623875,0.05298892909222812,0,0,0,0,0,0
ENSG00000119927,GPAM,0.03220518853722491,0,0,0,0,0,0,0.26487544851938327
ENSG00000198517,MAFK,0.032172099213729245,0.05292066027930125,0,0,0,0,0,0
ENSG00000149480,MTA2,0.03210909777500689,0,0,0,0,0,0,0.26408513848248816
ENSG00000072518,MARK2,0.03209431458081951,0,0,0,0,0,0,0.26396355232296587
ENSG00000284622,SCYGR10,0.032022932034502516,0.05267529159619989,0,0,0,0,0,0
ENSG00000163479,SSR2,0.03201300701278887,0,0,0,0,0,0,0.2632948284455931
ENSG00000169083,AR,0.03198478776682232,0,0,0,0,0,0.26306273586139267,0
ENSG00000185215,TNFAIP2,0.03198344062441409,0,0,0,0,0,0,0.26305165612654846
ENSG00000105852,PON3,0.031968657430226706,0,0,0,0,0,0,0.2629300699670261
ENSG00000106346,USP42,0.03196024943707364,0.05257218348311343,0,0,0,0,0,0
ENSG00000100147,CCDC134,0.03195387423603931,0,0,0,0,0,0,0.26280848380750377
ENSG00000138821,SLC39A8,0.031946482638945624,0,0,0,0,0,0.012158615952232422,0.2597080367396845
ENSG00000071127,WDR1,0.031946482638945624,0,0,0,0,0,0,0.2627476907277426
ENSG00000104826,LHB,0.03194478873127832,0,0,0,0,0,0.04420163507634495,0.25168335021121113
ENSG00000159197,KCNE2,0.03190213305638346,0,0,0,0,0,0,0.26238293224917564
ENSG00000163347,CLDN1,0.03184922722063476,0,0,0,0,0,0.26194780183666366,0
ENSG00000164751,PEX2,0.03182082548835283,0,0,0,0,0,0,0.26171420837180287
ENSG00000074582,BCS1L,0.03181343389125913,0,0,0,0,0,0,0.2616534152920417
ENSG00000036257,CUL3,0.03180604229416544,0,0,0,0,0,0.012158615952232422,0.25855296822422247
ENSG00000146197,SCUBE3,0.031798650697071745,0,0,0,0,0,0,0.2615318291325194
ENSG00000124299,PEPD,0.03178288669811615,0.04650509266792086,0,0,0,0,0.115506851546208,0
ENSG00000157404,KIT,0.03176981873187997,0.048322728721905905,0,0,0,0,0.07872421422316124,0
ENSG00000064547,LPAR2,0.031763335288735206,0,0,0,0,0,0.2612413733069938,0
ENSG00000205403,CFI,0.03175901095302053,0,0,0,0,0,0.2612058072875417,0
ENSG00000111785,RIC8B,0.0317426419152404,0.05221423563331185,0,0,0,0,0,0
ENSG00000213626,LBH,0.0317426419152404,0.05221423563331185,0,0,0,0,0,0
ENSG00000164631,ZNF12,0.031730275567276374,0.05219389392992618,0,0,0,0,0,0
ENSG00000109572,CLCN3,0.03170995153194742,0,0,0,0,0,0,0.2608023121753854
ENSG00000104827,CGB3,0.03170995153194742,0,0,0,0,0,0.03647584785669726,0.25168335021121113
ENSG00000113387,SUB1,0.03170065380559019,0.05214516838122465,0,0,0,0,0,0
ENSG00000177669,MBOAT4,0.03169887885267399,0.052142248718455186,0,0,0,0,0,0
ENSG00000251562,MALAT1,0.031693801435277655,0,0,0,0,0,0.26066948376191135,0
ENSG00000110934,BIN2,0.03168038514357264,0,0,0,0,0,0,0.26055913985634077
ENSG00000160796,NBEAL2,0.03164074171006686,0.05007084244116226,0,0,0,0,0.03951550184475537,0
ENSG00000135547,HEY2,0.031636035561010474,0,0,0,0,0,0,0.2601943813777738
ENSG00000207935,MIR204,0.03162125236682309,0,0,0,0,0,0,0.2600727952182515
ENSG00000120008,WDR11,0.031606469172635696,0,0,0,0,0,0,0.25995120905872915
ENSG00000103707,MTFMT,0.031606469172635696,0,0,0,0,0,0,0.25995120905872915
ENSG00000188039,NWD1,0.031599077575542006,0,0,0,0,0,0,0.259890415978968
ENSG00000196821,ILRUN,0.03158429438135461,0,0,0,0,0,0,0.25976882981944566
ENSG00000260032,NORAD,0.03157854536139286,0,0,0,0,0,0.2597215463129648,0
ENSG00000105220,GPI,0.031575054884987505,0,0,0,0,0,0.03495602086266821,0.25095383325407716
ENSG00000143248,RGS5,0.03152865208101041,0,0,0,0,0,0.2593111930245769,0
ENSG00000181885,CLDN7,0.03147342042494921,0,0,0,0,0,0.030396539880581056,0.251257798652883
ENSG00000095015,MAP3K1,0.03147120798457232,0.050627877182661346,0,0,0,0,0.02279740491043579,0
ENSG00000145642,SHISAL2B,0.031463290768290846,0.051754724208578906,0,0,0,0,0,0
ENSG00000007168,PAFAH1B1,0.03145160455569692,0.05173550127623226,0,0,0,0,0,0
ENSG00000170456,DENND5B,0.03145124563366813,0,0,0,0,0,0,0.25867455438374476
ENSG00000138798,EGF,0.0314444622127721,0,0,0,0,0,0.2586187633223059,0
ENSG00000169550,MUC15,0.03141428764819966,0,0,0,0,0,0.258370588984939,0
ENSG00000163536,SERPINI1,0.03141428764819965,0,0,0,0,0,0.258370588984939,0
ENSG00000186468,RPS23,0.03141387218737115,0.05167343439547213,0,0,0,0,0,0
ENSG00000196711,ALKAL1,0.03139600417758746,0.05164404287615136,0,0,0,0,0,0
ENSG00000111897,SERINC1,0.03133582183487943,0.05154504749222861,0,0,0,0,0,0
ENSG00000197353,LYPD2,0.03131819688598163,0,0,0,0,0,0,0.2575802789480438
ENSG00000119318,RAD23B,0.03131221260142506,0.051506212095918505,0,0,0,0,0,0
ENSG00000137106,GRHPR,0.03131080528888794,0,0,0,0,0,0,0.25751948586828266
ENSG00000121989,ACVR2A,0.03130379090126462,0,0,0,0,0,0.257461795193202,0
ENSG00000136381,IREB2,0.03127384730341947,0,0,0,0,0,0,0.2572155204694769
ENSG00000137478,FCHSD2,0.03126749438923718,0.05143265403246199,0,0,0,0,0,0
ENSG00000150093,ITGB1,0.03125530249526741,0.042233941901543594,0,0,0,0,0.18357314782212916,0
ENSG00000108395,TRIM37,0.03125167251213839,0,0,0,0,0,0,0.2570331412301934
ENSG00000155876,RRAGA,0.03124761350918813,0.051399951494398195,0,0,0,0,0,0
ENSG00000136819,C9orf78,0.031199685994272107,0.05132111437164621,0,0,0,0,0,0
ENSG00000165655,ZNF503,0.031199274333390207,0.05132043722075417,0,0,0,0,0,0
ENSG00000198690,FAN1,0.03118514813829514,0,0,0,0,0,0,0.2564860035123429
ENSG00000078900,TP73,0.03115558174992036,0,0,0,0,0,0,0.25624283119329827
ENSG00000162772,ATF3,0.03114181259569708,0,0,0,0,0,0.25612958512748474,0
ENSG00000198589,LRBA,0.03112670912121119,0.051201072956821324,0,0,0,0,0,0
ENSG00000177666,PNPLA2,0.031074274181889724,0,0,0,0,0,0.012158615952232422,0.2525344533278674
ENSG00000128944,KNSTRN,0.031052099390608646,0,0,0,0,0,0,0.255391728076642
ENSG00000164690,SHH,0.03104354313742212,0,0,0,0,0,0.255321356142697,0
ENSG00000147065,MSN,0.031007749808046485,0,0,0,0,0,0.01823792392834863,0.2504674886159879
ENSG00000116191,RALGPS2,0.030972632300831075,0.05094762828682692,0,0,0,0,0,0
ENSG00000125656,CLPP,0.03095600862839062,0,0,0,0,0,0,0.2546014180397469
ENSG00000174775,HRAS,0.030941225434203235,0,0,0,0,0,0,0.25447983188022455
ENSG00000135617,PRADC1,0.030938889876437586,0.05089212456086657,0,0,0,0,0,0
ENSG00000146021,KLHL3,0.030926442240015853,0,0,0,0,0,0,0.2543582457207023
ENSG00000187513,GJA4,0.030926193098334238,0.05087123932499231,0,0,0,0,0,0
ENSG00000197919,IFNA1,0.030894411088445196,0,0,0,0,0,0.25409480166015713,0
ENSG00000163781,TOPBP1,0.030891335472220546,0.050813901176882954,0,0,0,0,0,0
ENSG00000154309,DISP1,0.030861266329542485,0.050764439720420815,0,0,0,0,0,0
ENSG00000113361,CDH6,0.0308599178661726,0,0,0,0,0,0.2538111080028518,0
ENSG00000134824,FADS2,0.0308599178661726,0,0,0,0,0,0.2538111080028518,0
ENSG00000188690,UROS,0.030845134671985207,0,0,0,0,0,0,0.25368952184332944
ENSG00000141337,ARSG,0.030844728301069553,0.050737235919366644,0,0,0,0,0,0
ENSG00000176692,FOXC2,0.03081556828361044,0,0,0,0,0,0,0.2534463495242848
ENSG00000047621,FERRY3,0.03080078508942305,0,0,0,0,0,0,0.2533247633647625
ENSG00000150347,ARID5B,0.03080078508942305,0,0,0,0,0,0,0.2533247633647625
ENSG00000184163,C1QTNF12,0.030793393492329357,0,0,0,0,0,0,0.2532639702850013
ENSG00000132514,CLEC10A,0.030786001895235657,0,0,0,0,0,0.012158615952232422,0.25016352321718205
ENSG00000166152,C16orf78,0.03078081485137171,0.05063210314776017,0,0,0,0,0,0
ENSG00000147647,DPYS,0.03076604737772863,0.050607811774957386,0,0,0,0,0,0
ENSG00000127824,TUBA4A,0.03076382710395457,0,0,0,0,0,0,0.25302079796595667
ENSG00000198715,GLMP,0.030756435506860882,0,0,0,0,0,0,0.2529600048861955
ENSG00000122859,NEUROG3,0.030756435506860882,0,0,0,0,0,0,0.2529600048861955
ENSG00000102189,EEA1,0.030699311503924104,0.050498036330010834,0,0,0,0,0,0
ENSG00000196776,CD47,0.030689911133017635,0,0,0,0,0,0,0.2524128671683451
ENSG00000243509,TNFRSF6B,0.030675127938830257,0,0,0,0,0,0.25229128100882275,0
ENSG00000163221,S100A12,0.030675127938830257,0,0,0,0,0,0.25229128100882275,0
ENSG00000177469,CAVIN1,0.03067512793883025,0,0,0,0,0,0,0.25229128100882275
ENSG00000107147,KCNT1,0.030649488146083734,0.05041608068960553,0,0,0,0,0,0
ENSG00000135956,TMEM127,0.030645561550455475,0,0,0,0,0,0,0.2520481086897781
ENSG00000095002,MSH2,0.030624581974332543,0.05037511192827769,0,0,0,0,0,0
ENSG00000187109,NAP1L1,0.030622492003701346,0.050371674085287324,0,0,0,0,0,0
ENSG00000160791,CCR5,0.030612003267178733,0.03606050669023873,0,0,0,0,0.20669647118795118,0
ENSG00000196337,CGB7,0.030601211967893307,0,0,0,0,0,0,0.25168335021121113
ENSG00000104818,CGB2,0.030601211967893307,0,0,0,0,0,0,0.25168335021121113
ENSG00000267631,CGB1,0.030601211967893307,0,0,0,0,0,0,0.25168335021121113
ENSG00000213030,CGB8,0.030601211967893307,0,0,0,0,0,0,0.25168335021121113
ENSG00000135823,STX6,0.03058501021156456,0.050310019383331045,0,0,0,0,0,0
ENSG00000263874,LASP1NB,0.03057240980891851,0.050289292677765954,0,0,0,0,0,0
ENSG00000132740,IGHMBP2,0.030571645579518532,0,0,0,0,0,0,0.25144017789216644
ENSG00000132382,MYBBP1A,0.030564253982424842,0,0,0,0,0,0,0.25137938481240535
ENSG00000101017,CD40,0.03051332152059159,0,0,0,0,0,0.25096048465112586,0
ENSG00000178074,C2orf69,0.030511354579925785,0.05018886146218583,0,0,0,0,0,0
ENSG00000089177,KIF16B,0.030483042224155106,0.05014228978678806,0,0,0,0,0,0
ENSG00000100170,SLC5A1,0.03046077162311312,0,0,0,0,0,0,0.25052828169574903
ENSG00000145861,C1QTNF2,0.030423813637644653,0,0,0,0,0,0,0.2502243162969432
ENSG00000115339,GALNT3,0.030409030443457268,0,0,0,0,0,0,0.2501027301374209
ENSG00000124749,COL21A1,0.030381558867616655,0.049975357371228345,0,0,0,0,0,0
ENSG00000160679,CHTOP,0.030364680860895103,0,0,0,0,0,0,0.24973797165885395
ENSG00000204612,FOXB2,0.030356972111666804,0.04993491402463948,0,0,0,0,0,0
ENSG00000243766,HOTTIP,0.03035687861951842,0,0,0,0,0,0.2496738011857727,0
ENSG00000244754,N4BP2L2,0.03035093900803973,0.04992499002728522,0,0,0,0,0,0
ENSG00000141404,GNAL,0.030335711685786096,0.0498999422384358,0,0,0,0,0,0
ENSG00000140307,GTF2A2,0.030324460539542276,0.04988143495719915,0,0,0,0,0,0
ENSG00000146592,CREB5,0.030323381134420496,0.0498796594177364,0,0,0,0,0,0
ENSG00000213782,DDX47,0.03032125536719088,0.04987616269205978,0,0,0,0,0,0
ENSG00000214548,MEG3,0.030254854638403793,0,0,0,0,0,0.24883469267609157,0
ENSG00000023697,DERA,0.03020537351733159,0.049685545848309545,0,0,0,0,0,0
ENSG00000108932,SLC16A6,0.030145912613761074,0.04958773717698689,0,0,0,0,0,0
ENSG00000215788,TNFRSF25,0.030120758156803203,0,0,0,0,0,0.24773180002673562,0
ENSG00000211891,IGHE,0.030111300767551235,0,0,0,0,0,0.24765401659078268,0
ENSG00000151702,FLI1,0.030106796251181775,0,0,0,0,0,0.2476169686538534,0
ENSG00000134086,VHL,0.030031738437723277,0,0,0,0,0,0.24699964663502016,0
ENSG00000161921,CXCL16,0.030010282273937417,0,0,0,0,0,0.24682317783404678,0
ENSG00000133063,CHIT1,0.02993596822946085,0,0,0,0,0,0.24621197303270656,0
ENSG00000006042,TMEM98,0.029892508493501575,0.04917090664092086,0,0,0,0,0,0
ENSG00000165272,AQP3,0.029879709962692173,0,0,0,0,0,0.2457492701478577,0
ENSG00000178921,PFAS,0.02987052517233781,0,0,0,0,0,0.24567372873434112,0
ENSG00000233087,RAB6D,0.02985540428663857,0.049109873038068734,0,0,0,0,0,0
ENSG00000158486,DNAH3,0.029842285865909528,0.049088294232091836,0,0,0,0,0,0
ENSG00000165131,SOFU1,0.02982950166149849,0.04906726518657997,0,0,0,0,0,0
ENSG00000181072,CHRM2,0.029751178302118497,0,0,0,0,0,0.24469214603867745,0
ENSG00000142082,SIRT3,0.029710113873820197,0,0,0,0,0,0.24435440670667102,0
ENSG00000173258,ZNF483,0.029704521280073816,0.048861681949284405,0,0,0,0,0,0
ENSG00000126860,EVI2A,0.029598902039624883,0.048687946318742445,0,0,0,0,0,0
ENSG00000108518,PFN1,0.029525323946477843,0,0,0,0,0,0.24283457971264197,0
ENSG00000141040,ZNF287,0.02948557826976083,0.04850153732234142,0,0,0,0,0,0
ENSG00000151461,UPF2,0.029475954491953154,0.048485706938611095,0,0,0,0,0,0
ENSG00000185862,EVI2B,0.029464433494428885,0.04846675577250875,0,0,0,0,0,0
ENSG00000115363,EVA1A,0.029429063701599246,0.04840857514904207,0,0,0,0,0,0
ENSG00000180616,SSTR2,0.0293943767977242,0.04835151782605182,0,0,0,0,0,0
ENSG00000160539,PLPP7,0.029376660923483816,0.048322376558147674,0,0,0,0,0,0
ENSG00000214324,PRR23E,0.029374272877331107,0.04831844840355822,0,0,0,0,0,0
ENSG00000172349,IL16,0.029357476471285927,0,0,0,0,0,0.24145409795508552,0
ENSG00000251655,PRB1,0.029353240998963435,0.04828385256065916,0,0,0,0,0,0
ENSG00000237136,C4orf51,0.029334249526706057,0.04825261303087717,0,0,0,0,0,0
ENSG00000057149,SERPINB3,0.0293310223256787,0.04824730453023855,0,0,0,0,0,0
ENSG00000197461,PDGFA,0.029313633946256572,0.04639490957360787,0,0,0,0,0.03647584785669726,0
ENSG00000180767,CHST13,0.02928266387478932,0.048167758550532694,0,0,0,0,0,0
ENSG00000073792,IGF2BP2,0.029260155372662685,0.04395965302339502,0,0,0,0,0.08342161500559467,0
ENSG00000152583,SPARCL1,0.029196808520091447,0,0,0,0,0,0.24013266505659034,0
ENSG00000119973,PRLHR,0.029195716690796427,0.04802473703503375,0,0,0,0,0,0
ENSG00000121858,TNFSF10,0.029133548382941337,0,0,0,0,0,0.23961237444622285,0
ENSG00000157884,CIB4,0.02913130208872062,0.04791877990581958,0,0,0,0,0,0
ENSG00000106789,CORO2A,0.029117130270475352,0.04637564134688718,0,0,0,0,0.030396539880581056,0
ENSG00000101405,OXT,0.02909083169703611,0,0,0,0,0,0.2392610459227047,0
ENSG00000130427,EPO,0.029080835615098027,0,0,0,0,0,0.23917883194393147,0
ENSG00000115457,IGFBP2,0.0289684902987529,0,0,0,0,0,0.23825483437063447,0
ENSG00000111275,ALDH2,0.02895587053219087,0.04763020831639038,0,0,0,0,0,0
ENSG00000173369,C1QB,0.028945650774062415,0.0432818906573042,0,0,0,0,0.086630138659656,0
ENSG00000187239,FNBP1,0.028929891150883014,0.04758747420683396,0,0,0,0,0,0
ENSG00000178691,SUZ12,0.028893370359734744,0.04752740027853201,0,0,0,0,0,0
ENSG00000084674,APOB,0.02888177159065961,0,0,0,0,0,0.23754160592066959,0
ENSG00000129128,SPCS3,0.02886709841007436,0.0474841849162513,0,0,0,0,0,0
ENSG00000010030,ETV7,0.028859553588559905,0.04747177425776172,0,0,0,0,0,0
ENSG00000107984,DKK1,0.028857547785237875,0,0,0,0,0,0.23734237431801927,0
ENSG00000141510,TP53,0.028844759398614497,0,0,0,0,0,0.23723719469335128,0
ENSG00000239264,TXNDC5,0.028827228665406743,0,0,0,0,0,0.23709301106853223,0
ENSG00000117643,MAN1C1,0.028798288095855187,0.04433134318628325,0,0,0,0,0.06079307976116211,0
ENSG00000089685,BIRC5,0.028794151198575,0,0,0,0,0,0.2368209614622144,0
ENSG00000114113,RBP2,0.028792999451332,0.047362297755683895,0,0,0,0,0,0
ENSG00000188672,RHCE,0.028782329311416482,0.04734474618573969,0,0,0,0,0,0
ENSG00000140941,MAP1LC3B,0.028773434264335967,0,0,0,0,0,0.23665057254360375,0
ENSG00000041353,RAB27B,0.02876826675540395,0.04732161434891256,0,0,0,0,0,0
ENSG00000109220,CHIC2,0.028729102523141127,0.04725719216070186,0,0,0,0,0,0
ENSG00000115963,RND3,0.028631084050778417,0,0,0,0,0,0.23547979608255915,0
ENSG00000163823,CCR1,0.028618100025005786,0.04707460148003321,0,0,0,0,0,0
ENSG00000214274,ANG,0.028616752856816582,0,0,0,0,0,0.23536192745328313,0
ENSG00000006747,SCIN,0.028607719011462168,0.047057525501016516,0,0,0,0,0,0
ENSG00000137269,LRRC1,0.028584172868135735,0.04458707069272975,0,0,0,0,0.04863446380892969,0
ENSG00000087088,BAX,0.028580775259109598,0,0,0,0,0,0.2350660253715961,0
ENSG00000120903,CHRNA2,0.02857852275506881,0.04700949987621175,0,0,0,0,0,0
ENSG00000168216,LMBRD1,0.028570961412047388,0.046997062041097735,0,0,0,0,0,0
ENSG00000100596,SPTLC2,0.028536348854953687,0.04694012701291742,0,0,0,0,0,0
ENSG00000160097,FNDC5,0.02852460090146801,0,0,0,0,0,0.23460401260746014,0
ENSG00000115008,IL1A,0.028518698038265077,0,0,0,0,0,0.23455546379872955,0
ENSG00000135318,NT5E,0.028508344523555402,0,0,0,0,0,0.2344703100711149,0
ENSG00000165626,BEND7,0.02847995269092536,0.046847359605426485,0,0,0,0,0,0
ENSG00000177885,GRB2,0.02845764881072204,0,0,0,0,0,0.23405335708047412,0
ENSG00000070476,ZXDC,0.028452741768952412,0.04680259970499069,0,0,0,0,0,0
ENSG00000102032,RENBP,0.02843855385156333,0,0,0,0,0,0.2338963082910911,0
ENSG00000039068,CDH1,0.028421554220026957,0,0,0,0,0,0.2337564927758782,0
ENSG00000089737,DDX24,0.028355515454042194,0.046642669799659045,0,0,0,0,0,0
ENSG00000108813,DLX4,0.028344721632901713,0,0,0,0,0,0.23312457391745636,0
ENSG00000151466,SCLT1,0.02831035116116623,0.046568377967342936,0,0,0,0,0,0
ENSG00000198821,CD247,0.02827285888337969,0,0,0,0,0,0.23253353008644506,0
ENSG00000116675,DNAJC6,0.028186583045315187,0.0463647888148649,0,0,0,0,0,0
ENSG00000101000,PROCR,0.028177262570400357,0,0,0,0,0,0.23174728670681286,0
ENSG00000166148,AVPR1A,0.0281499447311807,0.04478469457614545,0,0,0,0,0.030396539880581056,0
ENSG00000240654,C1QTNF9,0.02808806895603734,0,0,0,0,0,0.231013703092416,0
ENSG00000169397,RNASE3,0.02808806895603734,0,0,0,0,0,0.231013703092416,0
ENSG00000279296,PRAL,0.02808806895603734,0,0,0,0,0,0.231013703092416,0
ENSG00000000938,FGR,0.028073289985765932,0,0,0,0,0,0.23089215167299898,0
ENSG00000271672,DUXAP8,0.02804700452773904,0,0,0,0,0,0.23067596376040952,0
ENSG00000206195,DUXAP8,0.02804700452773904,0,0,0,0,0,0.23067596376040952,0
ENSG00000086991,NOX4,0.02801824685718687,0,0,0,0,0,0.23043944283841358,0
ENSG00000111432,FZD10,0.027971014208601933,0.046010194447282014,0,0,0,0,0,0
ENSG00000110169,HPX,0.02794401820025349,0,0,0,0,0,0.2298289403171973,0
ENSG00000006715,VPS41,0.02794348834540245,0.04596491649244303,0,0,0,0,0,0
ENSG00000144381,HSPD1,0.027889317123073562,0,0,0,0,0,0.22937904472550474,0
ENSG00000159167,STC1,0.02788028294884794,0,0,0,0,0,0.22930474207246335,0
ENSG00000181873,IBA57,0.027877564779023745,0.04585647723153094,0,0,0,0,0,0
ENSG00000114251,WNT5A,0.027819096950683467,0,0,0,0,0,0.2288015104677737,0
ENSG00000175311,ANKS4B,0.027737153998488986,0.045625512159377345,0,0,0,0,0,0
ENSG00000214960,CRPPA,0.02772260130443646,0.045601574082692144,0,0,0,0,0,0
ENSG00000140044,JDP2,0.027718489101352637,0,0,0,0,0,0.2279740491043579,0
ENSG00000222014,RAB6C,0.027718489101352637,0,0,0,0,0,0.2279740491043579,0
ENSG00000164024,METAP1,0.027718489101352637,0,0,0,0,0,0.2279740491043579,0
ENSG00000173918,C1QTNF1,0.027718489101352637,0,0,0,0,0,0.2279740491043579,0
ENSG00000166145,SPINT1,0.027718489101352637,0,0,0,0,0,0.2279740491043579,0
ENSG00000171049,FPR2,0.027708222994278064,0,0,0,0,0,0.22788961427135632,0
ENSG00000150893,FREM2,0.02767405285621697,0.045521715571805337,0,0,0,0,0,0
ENSG00000120659,TNFSF11,0.027622398339134605,0,0,0,0,0,0.22718373906746275,0
ENSG00000187772,LIN28B,0.02759520536671426,0.039173391988138954,0,0,0,0,0.12437250901137747,0
ENSG00000116761,CTH,0.027563057330349267,0,0,0,0,0,0.22669568179993763,0
ENSG00000104671,DCTN6,0.027497322296202026,0.04523100722028035,0,0,0,0,0,0
ENSG00000123610,TNFAIP6,0.027485206524426983,0.045211077695698536,0,0,0,0,0,0
ENSG00000213722,DDAH2,0.027485037826476797,0,0,0,0,0,0.2260540010019012,0
ENSG00000033030,ZCCHC8,0.02748279713799445,0.0452071144379692,0,0,0,0,0,0
ENSG00000198718,TOGARAM1,0.027465625785087815,0.04517886886631188,0,0,0,0,0,0
ENSG00000187151,ANGPTL5,0.027452025487072273,0.045156497408789124,0,0,0,0,0,0
ENSG00000175287,PHYHD1,0.027429782375725152,0.04511990917961155,0,0,0,0,0,0
ENSG00000163586,FABP1,0.027410505889115384,0,0,0,0,0,0.22544100411430948,0
ENSG00000225968,ELFN1,0.027385920528315007,0.04504775977118798,0,0,0,0,0,0
ENSG00000181847,TIGIT,0.027330828327473324,0,0,0,0,0,0.22478568642062552,0
ENSG00000139618,BRCA2,0.027287788284106156,0.044886339680950106,0,0,0,0,0,0
ENSG00000092009,CMA1,0.02726543252703365,0,0,0,0,0,0.22424783079053906,0
ENSG00000184584,STING1,0.027242552377375332,0,0,0,0,0,0.22405965024640304,0
ENSG00000116096,SPR,0.027242034724148403,0.044811078549029326,0,0,0,0,0,0
ENSG00000215910,C1orf167,0.027215528719806002,0.04476747818456921,0,0,0,0,0,0
ENSG00000078081,LAMP3,0.02716411931932558,0,0,0,0,0,0.22341456812227073,0
ENSG00000132646,PCNA,0.02716411931932558,0,0,0,0,0,0.22341456812227073,0
ENSG00000112183,RBM24,0.027158298219675896,0.04467333835754457,0,0,0,0,0,0
ENSG00000136231,IGF2BP3,0.027143587105176434,0,0,0,0,0,0.22324569845626752,0
ENSG00000196547,MAN2A2,0.027071469439816257,0.04453051160785404,0,0,0,0,0,0
ENSG00000159399,HK2,0.027054361166457038,0,0,0,0,0,0.22251184898631193,0
ENSG00000182315,MBD3L3,0.02700368445031939,0.0444190104472562,0,0,0,0,0,0
ENSG00000101638,ST8SIA5,0.0269883882884534,0.04439384942247166,0,0,0,0,0,0
ENSG00000154723,ATP5PF,0.026979329391983227,0,0,0,0,0,0.22189474112824167,0
ENSG00000122203,KIAA1191,0.02697423761773705,0.044370572643647584,0,0,0,0,0,0
ENSG00000144366,GULP1,0.026960904761615518,0.04434864110773278,0,0,0,0,0,0
ENSG00000176658,MYO1D,0.02687021511209677,0.03535957081649666,0,0,0,0,0,0
ENSG00000178586,OR6B3,0.026847674613624264,0.04416238611220352,0,0,0,0,0,0
ENSG00000111666,CHPT1,0.026839625886147345,0.04414914656666883,0,0,0,0,0,0
ENSG00000204389,HSPA1A,0.026810095992336243,0,0,0,0,0,0.22050286066823,0
ENSG00000056291,NPFFR2,0.026696349634438017,0.039973485399662875,0,0,0,0,0.07879965224708631,0
ENSG00000144834,TAGLN3,0.02665216185377351,0.04384078246813932,0,0,0,0,0,0
ENSG00000110080,ST3GAL4,0.02662346124258913,0.043793572142067444,0,0,0,0,0,0
ENSG00000197635,DPP4,0.02661898903366565,0,0,0,0,0,0.21893107848988505,0
ENSG00000152266,PTH,0.026611581309778785,0,0,0,0,0,0.21887015277337285,0
ENSG00000170802,FOXN2,0.026592260376683902,0.04374224908683187,0,0,0,0,0,0
ENSG00000152595,MEPE,0.02657593162063254,0.043715389523020474,0,0,0,0,0,0
ENSG00000179010,MRFAP1,0.026568904473003016,0.04370383039876302,0,0,0,0,0,0
ENSG00000119314,PTBP3,0.026559286202364328,0.043688009073907505,0,0,0,0,0,0
ENSG00000101825,MXRA5,0.026514890707929457,0,0,0,0,0,0.21807490928324869,0
ENSG00000179165,PXT1,0.026503198439799366,0.04359574896340592,0,0,0,0,0,0
ENSG00000170523,KRT83,0.026500276886650884,0.043590943230319264,0,0,0,0,0,0
ENSG00000070540,WIPI1,0.026485941725773413,0.043567362979189055,0,0,0,0,0,0
ENSG00000175164,ABO,0.02647463823707533,0,0,0,0,0,0.21774384799294833,0
ENSG00000110680,CALCA,0.02645662251897298,0,0,0,0,0,0.2175956755515033,0
ENSG00000019186,CYP24A1,0.02645329406548201,0,0,0,0,0,0.21756830028523902,0
ENSG00000059378,PARP12,0.02645053888992984,0.043509128002473516,0,0,0,0,0,0
ENSG00000162599,NFIA,0.02630368472167835,0.043267564046792314,0,0,0,0,0,0
ENSG00000102935,ZNF423,0.02630253923052871,0.043265679800831854,0,0,0,0,0,0
ENSG00000166035,LIPC,0.026276101057374844,0,0,0,0,0,0.21611095506763117,0
ENSG00000166068,SPRED1,0.026256234953672096,0.04318951278143009,0,0,0,0,0,0
ENSG00000198625,MDM4,0.026240169682613827,0,0,0,0,0,0.2158154331521255,0
ENSG00000091592,NLRP1,0.026239905847067306,0,0,0,0,0,0.2158132632049246,0
ENSG00000126858,RHOT1,0.026234024541140852,0.043152978339321704,0,0,0,0,0,0
ENSG00000105550,FGF21,0.026221077312240756,0,0,0,0,0,0.21565840565452146,0
ENSG00000168958,MFF,0.026127157926915986,0.042977190873635294,0,0,0,0,0,0
ENSG00000135655,USP15,0.026116044459896882,0.04295891006426889,0,0,0,0,0,0
ENSG00000104517,UBR5,0.0260894806302801,0.042915214581623264,0,0,0,0,0,0
ENSG00000163618,CADPS,0.026079110631074463,0.04289815672035619,0,0,0,0,0,0
ENSG00000163281,GNPDA2,0.026079035535318134,0.04229010239592766,0,0,0,0,0.012158615952232422,0
ENSG00000236609,ZNF853,0.02605526458935359,0.042858931792429264,0,0,0,0,0,0
ENSG00000160200,CBS,0.02602790989878329,0,0,0,0,0,0.2140696770178381,0
ENSG00000196136,SERPINA3,0.026025659403369237,0,0,0,0,0,0.214051167547493,0
ENSG00000129226,CD68,0.026022896887695896,0,0,0,0,0,0.21402844690491168,0
ENSG00000106927,AMBP,0.02600503845917898,0,0,0,0,0,0.21388156811058945,0
ENSG00000196975,ANXA4,0.025981053140051554,0,0,0,0,0,0.21368429796716473,0
ENSG00000120616,EPC1,0.025976481783386372,0.04272934005883602,0,0,0,0,0,0
ENSG00000169918,OTUD7A,0.025966114537765227,0.04271228672700635,0,0,0,0,0,0
ENSG00000170634,ACYP2,0.0259316121240513,0.04265553287632223,0,0,0,0,0,0
ENSG00000153029,MR1,0.02591336411960739,0.04262551629463958,0,0,0,0,0,0
ENSG00000158669,GPAT4,0.02587526277095938,0.042562842469267184,0,0,0,0,0,0
ENSG00000164045,CDC25A,0.02587058982792912,0,0,0,0,0,0.21277577916406737,0
ENSG00000115946,PNO1,0.025859861972882602,0.042537509325861256,0,0,0,0,0,0
ENSG00000064989,CALCRL,0.025859082592739627,0,0,0,0,0,0.21268113652353407,0
ENSG00000106537,TSPAN13,0.025856037244019983,0.04253121793730577,0,0,0,0,0,0
ENSG00000221888,OR1C1,0.025833986539389408,0.04249494620256687,0,0,0,0,0,0
ENSG00000168077,SCARA3,0.025831590920879343,0.04249100559202456,0,0,0,0,0,0
ENSG00000212916,MAP10,0.02574749920400706,0.042352681103114555,0,0,0,0,0,0
ENSG00000165140,FBP1,0.02573252521152691,0.0423280500225064,0,0,0,0,0,0
ENSG00000148400,NOTCH1,0.025669821691393164,0,0,0,0,0,0.2111245374657958,0
ENSG00000059804,SLC2A3,0.025624203258139328,0,0,0,0,0,0.21074934317202865,0
ENSG00000175073,VCPIP1,0.02557669435782391,0.042071720100885036,0,0,0,0,0,0
ENSG00000100330,MTMR3,0.025501009973244428,0,0,0,0,0,0.20973612517600929,0
ENSG00000241127,YAE1,0.025489287325220465,0.04192794216933947,0,0,0,0,0,0
ENSG00000109072,VTN,0.02547273104310798,0,0,0,0,0,0.20950354171217142,0
ENSG00000146374,RSPO3,0.02545994554494612,0,0,0,0,0,0.2093983858440028,0
ENSG00000206075,SERPINB5,0.025443176406099936,0,0,0,0,0,0.20926046604365653,0
ENSG00000166863,TAC3,0.025434776354943445,0,0,0,0,0,0.2091913788121041,0
ENSG00000170846,MRFAP1L2,0.025338032928947044,0.041679140172685154,0,0,0,0,0,0
ENSG00000123131,PRDX4,0.025316220045902074,0,0,0,0,0,0.20821629818198023,0
ENSG00000163794,UCN,0.025219186477932302,0,0,0,0,0,0.20741823392572784,0
ENSG00000055044,NOP58,0.025215826095504285,0.04147811921121573,0,0,0,0,0,0
ENSG00000080293,SCTR,0.025215663634019114,0.041477851974408834,0,0,0,0,0,0
ENSG00000291303,ENSG00000291303,0.025188827199537397,0.04143370807746012,0,0,0,0,0,0
ENSG00000150636,CCDC102B,0.02516421015415811,0.03311457192564784,0,0,0,0,0,0
ENSG00000163013,FBXO41,0.025145496793934657,0.04136243285045571,0,0,0,0,0,0
ENSG00000122359,ANXA11,0.025131430118559724,0,0,0,0,0,0.20669647118795118,0
ENSG00000174405,LIG4,0.02509893694037962,0.039462053033956904,0,0,0,0,0.03647584785669726,0
ENSG00000110092,CCND1,0.025088607881315384,0,0,0,0,0,0.20634427454474297,0
ENSG00000182718,ANXA2,0.0250719539742833,0,0,0,0,0,0.20620730248231814,0
ENSG00000084731,KIF3C,0.02505842019147053,0.041219198451398736,0,0,0,0,0,0
ENSG00000171631,P2RY6,0.025050679865456973,0.0412064662028534,0,0,0,0,0,0
ENSG00000162763,LRRC52,0.0250376581643833,0.04118504649336536,0,0,0,0,0,0
ENSG00000103316,CRYM,0.02503135520947578,0.041174678611145404,0,0,0,0,0,0
ENSG00000183023,SLC8A1,0.024987539424027056,0.04049467417353913,0,0,0,0,0.012158615952232422,0
ENSG00000164294,GPX8,0.024874199881631014,0.040916170030132266,0,0,0,0,0,0
ENSG00000189164,ZNF527,0.02487189513140926,0.040912378891024316,0,0,0,0,0,0
ENSG00000180398,MCFD2,0.024858146484029082,0.04088976341006136,0,0,0,0,0,0
ENSG00000163866,SMIM12,0.024784901136479964,0.04076928037508949,0,0,0,0,0,0
ENSG00000134259,NGF,0.024780599987584962,0,0,0,0,0,0.20381102655878394,0
ENSG00000181649,PHLDA2,0.02476943461236685,0,0,0,0,0,0.20371919558672283,0
ENSG00000102010,BMX,0.02476185026387502,0,0,0,0,0,0.20365681719989306,0
ENSG00000104765,BNIP3L,0.02476185026387502,0,0,0,0,0,0.20365681719989306,0
ENSG00000198732,SMOC1,0.02475457040327494,0.04071938862207388,0,0,0,0,0,0
ENSG00000177575,CD163,0.024739840824032362,0,0,0,0,0,0.20347579791341236,0
ENSG00000140943,MBTPS1,0.024674588353741127,0,0,0,0,0,0.20293912111937934,0
ENSG00000143819,EPHX1,0.024655549023377035,0,0,0,0,0,0.20278252985571169,0
ENSG00000124762,CDKN1A,0.02462592700620765,0,0,0,0,0,0.2025389000109517,0
ENSG00000127412,TRPV5,0.02458732043467397,0.040444275123534164,0,0,0,0,0,0
ENSG00000136810,TXN,0.02457993484651354,0,0,0,0,0,0.20216063195910441,0
ENSG00000138792,ENPEP,0.024527167056150233,0,0,0,0,0,0.2017266369174761,0
ENSG00000240563,L1TD1,0.02450797314388542,0.04031375485527291,0,0,0,0,0,0
ENSG00000138385,SSB,0.02450025989356224,0.038561709584349055,0,0,0,0,0.034787151196664985,0
ENSG00000163430,FSTL1,0.024497183234058733,0.03695238688605541,0,0,0,0,0.06687238773727831,0
ENSG00000145839,IL9,0.024489798426398778,0,0,0,0,0,0.20141929412535028,0
ENSG00000206538,VGLL3,0.02447439926578692,0,0,0,0,0,0.2012926418758479,0
ENSG00000138459,SLC35A5,0.02440935351522107,0.04015153305461435,0,0,0,0,0,0
ENSG00000119953,SMNDC1,0.024405297485260928,0.04014486119331685,0,0,0,0,0,0
ENSG00000196341,OR8D1,0.02439523313393416,0.04012830609960173,0,0,0,0,0,0
ENSG00000143125,PROK1,0.024386816801697436,0,0,0,0,0,0.20057230936075265,0
ENSG00000184557,SOCS3,0.02436249780117607,0,0,0,0,0,0.20037229481455016,0
ENSG00000146576,INTS15,0.024342592859156097,0.04004171684473116,0,0,0,0,0,0
ENSG00000006659,LGALS14,0.024337635863438546,0,0,0,0,0,0.20016781481587922,0
ENSG00000115523,GNLY,0.02421528272322464,0,0,0,0,0,0.1991615066908871,0
ENSG00000255112,CHMP1B,0.024212926565318198,0.0398284256373317,0,0,0,0,0,0
ENSG00000087274,ADD1,0.024207480481847968,0,0,0,0,0,0.1990973362178059,0
ENSG00000068903,SIRT2,0.02418694826769882,0,0,0,0,0,0.19892846655180269,0
ENSG00000122778,KIAA1549,0.0241390396325819,0.039706887243444476,0,0,0,0,0,0
ENSG00000205426,KRT81,0.02412930295780996,0.03969087115278055,0,0,0,0,0,0
ENSG00000075673,ATP12A,0.02412589111965376,0,0,0,0,0,0.19842629469042525,0
ENSG00000186924,KRTAP22-1,0.024120637427406312,0.03967661701326715,0,0,0,0,0,0
ENSG00000165819,METTL3,0.024116393335479422,0,0,0,0,0,0.19834817902157237,0
ENSG00000196549,MME,0.024092251222863032,0,0,0,0,0,0.19814961931123004,0
ENSG00000133110,POSTN,0.02408428719695307,0,0,0,0,0,0.19808411822178656,0
ENSG00000064726,BTBD1,0.02407351533595488,0.039599104750956106,0,0,0,0,0,0
ENSG00000160211,G6PD,0.02407121385665372,0,0,0,0,0,0.1979765949613208,0
ENSG00000137693,YAP1,0.024065875480974937,0,0,0,0,0,0.19793268884815995,0
ENSG00000196126,HLA-DRB1,0.024065192237794356,0,0,0,0,0,0.19792706943240354,0
ENSG00000204381,LAYN,0.0240365126675201,0.039538238171108284,0,0,0,0,0,0
ENSG00000104361,NIPAL2,0.024017884668415975,0.039507596527063746,0,0,0,0,0,0
ENSG00000204256,BRD2,0.023999909457649127,0,0,0,0,0,0.19739014335132893,0
ENSG00000107560,RAB11FIP2,0.023995685270222708,0.03947108020270498,0,0,0,0,0,0
ENSG00000006744,ELAC2,0.023990772875484827,0.03946299968637454,0,0,0,0,0,0
ENSG00000188710,QRFP,0.023875945648486864,0.039274117617150404,0,0,0,0,0,0
ENSG00000137509,PRCP,0.02386623508268909,0,0,0,0,0,0.19629072236883227,0
ENSG00000284701,TMEM247,0.023858215317927884,0.03924495256969988,0,0,0,0,0,0
ENSG00000123977,DAW1,0.023847289094654393,0.03922697976207701,0,0,0,0,0,0
ENSG00000197594,ENPP1,0.023837900627163264,0,0,0,0,0,0.19605768222974782,0
ENSG00000100650,SRSF5,0.023823727057638258,0.036148568012265916,0,0,0,0,0.06079307976116211,0
ENSG00000135631,RAB11FIP5,0.02382035903829987,0.039182681864256524,0,0,0,0,0,0
ENSG00000005339,CREBBP,0.023784106226092495,0,0,0,0,0,0.19561524370481934,0
ENSG00000101190,TCFL5,0.023781494946746928,0.039118753384722954,0,0,0,0,0,0
ENSG00000125266,EFNB2,0.023731543757870666,0,0,0,0,0,0.19518293735985104,0
ENSG00000167580,AQP2,0.023724973449342938,0,0,0,0,0,0.19512889906673003,0
ENSG00000140678,ITGAX,0.02368144515534674,0,0,0,0,0,0.19477089537480322,0
ENSG00000164949,GEM,0.023655983811910974,0.03891229709836758,0,0,0,0,0,0
ENSG00000140093,SERPINA10,0.023653110699820915,0,0,0,0,0,0.19453785523571876,0
ENSG00000173653,RCE1,0.023627844931963436,0.03886601077752632,0,0,0,0,0,0
ENSG00000163220,S100A9,0.023619848512899288,0,0,0,0,0,0.1942642863767935,0
ENSG00000019582,CD74,0.02359527713267642,0,0,0,0,0,0.19406219610336595,0
ENSG00000118160,SLC8A2,0.023557372444000104,0.03875008888602124,0,0,0,0,0,0
ENSG00000204882,GPR20,0.023533167445004548,0.03567061951257609,0,0,0,0,0.06079307976116211,0
ENSG00000205927,OLIG2,0.02352506498132622,0.03869694556312855,0,0,0,0,0,0
ENSG00000114416,FXR1,0.02352483096794797,0.035656906640832584,0,0,0,0,0.06079307976116211,0
ENSG00000092529,CAPN3,0.023515047096737792,0.038680466903669636,0,0,0,0,0,0
ENSG00000133805,AMPD3,0.023503415955833756,0.0386613345600711,0,0,0,0,0,0
ENSG00000119862,LGALSL,0.023470529896217996,0.038607239489143685,0,0,0,0,0,0
ENSG00000158815,FGF17,0.02344682428730633,0.03856824556252441,0,0,0,0,0,0
ENSG00000197566,ZNF624,0.023443054630133593,0.03856204476271702,0,0,0,0,0,0
ENSG00000163083,INHBB,0.02343196618269122,0,0,0,0,0,0.19271902554327258,0
ENSG00000054277,OPN3,0.023342848936800515,0.03839721400611321,0,0,0,0,0,0
ENSG00000139826,ABHD13,0.023299793889647206,0.038326391722849296,0,0,0,0,0,0
ENSG00000186529,CYP4F3,0.02328353084513621,0,0,0,0,0,0.19149820124766065,0
ENSG00000152154,TMEM178A,0.023216916503536925,0.03819006471583488,0,0,0,0,0,0
ENSG00000152104,PTPN14,0.02316106279565398,0.03809818960751272,0,0,0,0,0,0
ENSG00000122085,MTERF4,0.023150645985511937,0.038081054745809764,0,0,0,0,0,0
ENSG00000123552,USP45,0.023135352577230445,0.038055898250462634,0,0,0,0,0,0
ENSG00000136878,USP20,0.023118071080944044,0.03802747150130912,0,0,0,0,0,0
ENSG00000172901,LVRN,0.023108372202328926,0,0,0,0,0,0.19005758791226596,0
ENSG00000197993,KEL,0.023104239826029032,0.038004720137224016,0,0,0,0,0,0
ENSG00000113594,LIFR,0.02309874091779386,0,0,0,0,0,0.1899783742536316,0
ENSG00000138684,IL21,0.023096277052095965,0,0,0,0,0,0.1899581098937112,0
ENSG00000143324,XPR1,0.023059681321741823,0.037931424781136994,0,0,0,0,0,0
ENSG00000168118,RAB4A,0.023031223025992944,0.03788461304555676,0,0,0,0,0,0
ENSG00000117525,F3,0.023011653150437742,0,0,0,0,0,0.189262110431349,0
ENSG00000134533,RERG,0.02300988412295415,0.03784951217038704,0,0,0,0,0,0
ENSG00000141867,BRD4,0.02300901514196208,0,0,0,0,0,0.1892404138131975,0
ENSG00000198959,TGM2,0.02300798049994637,0,0,0,0,0,0.18923190427543615,0
ENSG00000113441,LNPEP,0.022998412823919345,0,0,0,0,0,0.1891532137726305,0
ENSG00000117595,IRF6,0.022913950990451515,0,0,0,0,0,0.18845854725960257,0
ENSG00000142330,CAPN10,0.022913950990451508,0,0,0,0,0,0.18845854725960254,0
ENSG00000122707,RECK,0.022913950990451508,0,0,0,0,0,0.18845854725960254,0
ENSG00000124334,IL9R,0.022913950990451508,0,0,0,0,0,0.18845854725960254,0
ENSG00000292373,IL9R,0.022913950990451508,0,0,0,0,0,0.18845854725960254,0
ENSG00000154305,MIA3,0.022908762862776707,0.03768317537584608,0,0,0,0,0,0
ENSG00000101057,MYBL2,0.02289684397229301,0.03766356970603872,0,0,0,0,0,0
ENSG00000115738,ID2,0.02289341877630236,0,0,0,0,0,0.1882896775935993,0
ENSG00000111012,CYP27B1,0.0228537916029945,0,0,0,0,0,0.18796375913821306,0
ENSG00000170458,CD14,0.022829799536665685,0,0,0,0,0,0.18776643350161862,0
ENSG00000187240,DYNC2H1,0.022814864254727882,0.037528719295618324,0,0,0,0,0,0
ENSG00000177994,CIMIP6,0.02276895649403845,0.03745320451520287,0,0,0,0,0,0
ENSG00000115705,TPO,0.022745166716424292,0,0,0,0,0,0.18707036068729593,0
ENSG00000164136,IL15,0.02273337211651177,0,0,0,0,0,0.18697335458101824,0
ENSG00000068028,RASSF1,0.02270974554999485,0,0,0,0,0,0.18677903504160895,0
ENSG00000124374,PAIP2B,0.022669670497926474,0.037289886590692316,0,0,0,0,0,0
ENSG00000168159,RNF187,0.022648477534865877,0.03725502577570506,0,0,0,0,0,0
ENSG00000171724,VAT1L,0.02262680131772653,0.037219370044453234,0,0,0,0,0,0
ENSG00000173786,CNP,0.022605967778214265,0,0,0,0,0,0.18592550226955415,0
ENSG00000288708,ENSG00000288708,0.022599776262706952,0.03717491588104228,0,0,0,0,0,0
ENSG00000116918,TSNAX,0.022567937941991287,0.037122544261047455,0,0,0,0,0,0
ENSG00000178445,GLDC,0.022566113692263794,0.03711954350876667,0,0,0,0,0,0
ENSG00000144724,PTPRG,0.022563249964389694,0.03711483289386552,0,0,0,0,0,0
ENSG00000011523,CEP68,0.022560953474921423,0.03711105534306978,0,0,0,0,0,0
ENSG00000147874,HAUS6,0.02252252720330308,0.0370478470440836,0,0,0,0,0,0
ENSG00000196411,EPHB4,0.022521580378061255,0,0,0,0,0,0.18523144794228086,0
ENSG00000205502,C2CD4B,0.022486758140721763,0.0369890096521932,0,0,0,0,0,0
ENSG00000198793,MTOR,0.0224725865533311,0,0,0,0,0,0.1848284923351407,0
ENSG00000171223,JUNB,0.02247050987084263,0,0,0,0,0,0.18481141241011775,0
ENSG00000131370,SH3BP5,0.02247004452054689,0,0,0,0,0,0.18480758508061274,0
ENSG00000148935,GAS2,0.022431866810619584,0.03689871758224407,0,0,0,0,0,0
ENSG00000173376,NDNF,0.022396963750361733,0.03684130469841753,0,0,0,0,0,0
ENSG00000117984,CTSD,0.022392801725659776,0,0,0,0,0,0.18417229241909125,0
ENSG00000174600,CMKLR1,0.02238759510999469,0,0,0,0,0,0.18412946998201835,0
ENSG00000167775,CD320,0.022359581208424465,0,0,0,0,0,0.1838990662775154,0
ENSG00000110245,APOC3,0.022329507101693003,0,0,0,0,0,0.1836517181677502,0
ENSG00000188452,CERKL,0.022319228683294612,0.036713436415756875,0,0,0,0,0,0
ENSG00000112276,POPDC1,0.022316918425903876,0.03670963621777412,0,0,0,0,0,0
ENSG00000108950,FAM20A,0.022312179506989136,0.03670184105600019,0,0,0,0,0,0
ENSG00000184361,SPATA32,0.022273958377415616,0.03663897020010067,0,0,0,0,0,0
ENSG00000171097,KYAT1,0.0222205195631342,0.03655106740838266,0,0,0,0,0,0
ENSG00000108474,PIGL,0.02217479128108211,0,0,0,0,0,0.18237923928348634,0
ENSG00000007933,FMO3,0.022174791281082105,0,0,0,0,0,0.18237923928348632,0
ENSG00000165152,PGAP4,0.022165150486122255,0.03645998948104377,0,0,0,0,0,0
ENSG00000105246,EBI3,0.022133200976686727,0,0,0,0,0,0.18203717482023837,0
ENSG00000137309,HMGA1,0.02212099688001134,0,0,0,0,0,0.1819368007585579,0
ENSG00000243667,DNAAF10,0.022090222698447105,0.036336738959817476,0,0,0,0,0,0
ENSG00000102996,MMP15,0.02208752937094822,0,0,0,0,0,0.18166154320297262,0
ENSG00000079385,CEACAM1,0.022051597996187212,0,0,0,0,0,0.18136602128746698,0
ENSG00000152620,NADK2,0.022044569644323397,0.03626164315236198,0,0,0,0,0,0
ENSG00000136960,ENPP2,0.022022236929953923,0,0,0,0,0,0.18112453766508235,0
ENSG00000138109,CYP2C9,0.021990001353739755,0,0,0,0,0,0.18085941228945726,0
ENSG00000119227,PIGZ,0.021988364854417426,0.03616919054077069,0,0,0,0,0,0
ENSG00000146535,GNA12,0.021969469139590612,0,0,0,0,0,0.18069054262345408,0
ENSG00000269858,EGLN2,0.02194893692544145,0,0,0,0,0,0.18052167295745078,0
ENSG00000184640,SEPTIN9,0.021941432760296104,0.036091990809640595,0,0,0,0,0,0
ENSG00000094975,SUCO,0.021938262007750883,0.03608677516246878,0,0,0,0,0,0
ENSG00000173930,SLCO4C1,0.02189857347097167,0.03510959433672324,0,0,0,0,0.01823792392834863,0
ENSG00000137745,MMP13,0.021895142524370685,0,0,0,0,0,0.18007923443252236,0
ENSG00000168065,SLC22A11,0.02185814571791344,0.03534705915155295,0,0,0,0,0.012158615952232422,0
ENSG00000142192,APP,0.021826957027620057,0.030775932804720147,0,0,0,0,0.1025550823433161,0
ENSG00000132561,MATN2,0.021822404940152043,0.03589619908365519,0,0,0,0,0,0
ENSG00000282881,TMEM275,0.0218103387328979,0.03587635108894667,0,0,0,0,0,0
ENSG00000187889,FYB2,0.02179454554903068,0.035850372500710534,0,0,0,0,0,0
ENSG00000041982,TNC,0.021784679212248262,0,0,0,0,0,0.17917071562942502,0
ENSG00000104055,TGM5,0.02176568660673788,0.03580290173198788,0,0,0,0,0,0
ENSG00000185158,LRRC37B,0.02176357460743073,0.03579942765349828,0,0,0,0,0,0
ENSG00000178163,ZNF518B,0.021748904886037198,0.03577529707572336,0,0,0,0,0,0
ENSG00000113456,RAD1,0.021704128848574936,0.03570164389408135,0,0,0,0,0,0
ENSG00000179588,ZFPM1,0.021701965907954642,0.035698086020999754,0,0,0,0,0,0
ENSG00000164430,CGAS,0.02168201814150251,0,0,0,0,0,0.17832636729940884,0
ENSG00000148343,MIGA2,0.021674617306756978,0.03565309964869372,0,0,0,0,0,0
ENSG00000150244,TRIM48,0.02166497150027335,0.03563723302946415,0,0,0,0,0,0
ENSG00000162390,ACOT11,0.021656118726124083,0.03562267088820721,0,0,0,0,0,0
ENSG00000254682,DHCR7-DT,0.021648755954580885,0,0,0,0,0,0.17805279844048366,0
ENSG00000121897,LIAS,0.021641410454547632,0.03559847689830863,0,0,0,0,0,0
ENSG00000204653,ASPDH,0.021629687068563032,0.03557919281855702,0,0,0,0,0,0
ENSG00000164266,SPINK1,0.02162778984884644,0.03557607203618501,0,0,0,0,0,0
ENSG00000188404,SELL,0.021594284296327447,0,0,0,0,0,0.17760478973235896,0
ENSG00000169919,GUSB,0.021588256636261377,0.03551104290336203,0,0,0,0,0,0
ENSG00000039123,MTREX,0.021581879334572514,0.03550055272633215,0,0,0,0,0,0
ENSG00000115163,CENPA,0.021575608045886683,0.03549023693264236,0,0,0,0,0,0
ENSG00000185926,OR4C46,0.021558669370869823,0.03546237409844576,0,0,0,0,0,0
ENSG00000102882,MAPK3,0.021556198713443938,0,0,0,0,0,0.17729155027292431,0
ENSG00000163737,PF4,0.02150352882598899,0,0,0,0,0,0.17685836044554695,0
ENSG00000132792,CTNNBL1,0.02145587117773533,0.03529327887652518,0,0,0,0,0,0
ENSG00000165841,CYP2C19,0.021435631571712705,0,0,0,0,0,0.1762999313073701,0
ENSG00000186115,CYP4F2,0.021435631571712705,0,0,0,0,0,0.1762999313073701,0
ENSG00000147889,CDKN2A,0.02141260410702359,0.030785057356372436,0,0,0,0,0.08874100948469636,0
ENSG00000113302,IL12B,0.02137403492926525,0,0,0,0,0,0.1757933223093604,0
ENSG00000183044,ABAT,0.0213657146910143,0.035144978301730766,0,0,0,0,0,0
ENSG00000180316,PNPLA1,0.021302343697461843,0.035040737829293074,0,0,0,0,0,0
ENSG00000112078,KCTD20,0.02129863461914798,0.03503463667710859,0,0,0,0,0,0
ENSG00000180190,TDRP,0.021283025925441887,0.035008961561178595,0,0,0,0,0,0
ENSG00000109794,FAM149A,0.021257493313218228,0.03496696235284112,0,0,0,0,0,0
ENSG00000164287,CDC20B,0.02125747541491902,0.034966932911497994,0,0,0,0,0,0
ENSG00000106153,CHCHD2,0.021250841644370355,0,0,0,0,0,0.17478010431334107,0
ENSG00000085733,CTTN,0.021243154021964018,0.03494337530755481,0,0,0,0,0,0
ENSG00000184292,TACSTD2,0.02124038342031752,0.033418990884197634,0,0,0,0,0.030396539880581056,0
ENSG00000253457,SMIM18,0.021235644997047987,0.03493102353175149,0,0,0,0,0,0
ENSG00000065618,COL17A1,0.02123030943022121,0,0,0,0,0,0.17461123464733785,0
ENSG00000176040,TMPRSS7,0.021218462629803383,0.034902759842344554,0,0,0,0,0,0
ENSG00000115459,ELMOD3,0.021214940795235136,0.03489696669190361,0,0,0,0,0,0
ENSG00000197891,SLC22A12,0.021200647565942345,0.03426552461743458,0,0,0,0,0.012158615952232422,0
ENSG00000151135,TMEM263,0.021133127669531914,0.03476239031244621,0,0,0,0,0,0
ENSG00000143951,WDPCP,0.021123883886384455,0.03474718499107777,0,0,0,0,0,0
ENSG00000180917,CMTR2,0.021109500537778336,0.034723525474792974,0,0,0,0,0,0
ENSG00000033867,SLC4A7,0.021098718877690794,0.03470579046263386,0,0,0,0,0,0
ENSG00000152592,DMP1,0.021077995400786486,0.034671701916724154,0,0,0,0,0,0
ENSG00000020633,RUNX3,0.021066051717028005,0,0,0,0,0,0.173260277319312,0
ENSG00000169248,CXCL11,0.02106091866349072,0,0,0,0,0,0.17321805990281122,0
ENSG00000057593,F7,0.021046956757869294,0,0,0,0,0,0.17310322852992902,0
ENSG00000180481,GLIPR1L2,0.021036266204567194,0.034603060557570724,0,0,0,0,0,0
ENSG00000137814,HAUS2,0.021018749276806532,0.03457424654151909,0,0,0,0,0,0
ENSG00000213694,S1PR3,0.021007479483288512,0.033947777789320704,0,0,0,0,0.012158615952232422,0
ENSG00000151617,EDNRA,0.02100374703071625,0,0,0,0,0,0.17274784492933826,0
ENSG00000205981,DNAJC19,0.0209540042445914,0.03446774587981632,0,0,0,0,0,0
ENSG00000203668,CHML,0.020914875808927005,0.034403382574291874,0,0,0,0,0,0
ENSG00000150401,DCUN1D2,0.02090266228490241,0.03438329225468218,0,0,0,0,0,0
ENSG00000140557,ST8SIA2,0.0208793173955595,0.03434489168436295,0,0,0,0,0,0
ENSG00000134716,CYP2J2,0.020857637172670772,0,0,0,0,0,0.1715461468197878,0
ENSG00000163106,HPGDS,0.0207634117496319,0,0,0,0,0,0.17077117848943626,0
ENSG00000165322,ARHGAP12,0.020755952679836875,0.034141966094464744,0,0,0,0,0,0
ENSG00000187855,ASCL4,0.020744866748662712,0.034123730579472385,0,0,0,0,0,0
ENSG00000078549,ADCYAP1R1,0.02072325248717449,0.034088176760562174,0,0,0,0,0,0
ENSG00000165233,CARD19,0.020722123517531815,0.03408631969122614,0,0,0,0,0,0
ENSG00000223573,TINCR,0.020696471862343302,0,0,0,0,0,0.17022062333125393,0
ENSG00000163017,ACTG2,0.020696471862343302,0,0,0,0,0,0.17022062333125393,0
ENSG00000101846,STS,0.020696471862343302,0,0,0,0,0,0.17022062333125393,0
ENSG00000173848,NET1,0.020696471862343302,0,0,0,0,0,0.17022062333125393,0
ENSG00000138279,ANXA7,0.020696471862343302,0,0,0,0,0,0.17022062333125393,0
ENSG00000173153,ESRRA,0.020696471862343302,0,0,0,0,0,0.17022062333125393,0
ENSG00000140525,FANCI,0.020696471862343302,0,0,0,0,0,0.17022062333125393,0
ENSG00000197358,BNIP3P1,0.020696471862343302,0,0,0,0,0,0.17022062333125393,0
ENSG00000108342,CSF3,0.020660139504148366,0,0,0,0,0,0.16992180347924382,0
ENSG00000109458,GAB1,0.020657510073612502,0.03071240744511562,0,0,0,0,0.06535256074324927,0
ENSG00000105948,IFT56,0.020649930039259527,0.03396756690134296,0,0,0,0,0,0
ENSG00000185591,SP1,0.020615066588512,0,0,0,0,0,0.1695510958607662,0
ENSG00000163728,TTC14,0.020557320108754048,0.033815230597820725,0,0,0,0,0,0
ENSG00000134982,APC,0.02052794569465045,0,0,0,0,0,0.16883455958555338,0
ENSG00000196589,MBD3L2B,0.02052358456832179,0.03375973819545389,0,0,0,0,0,0
ENSG00000172023,REG1B,0.02051329442306649,0.03374281168787156,0,0,0,0,0,0
ENSG00000142224,IL19,0.020511681935000952,0,0,0,0,0,0.16870079633722487,0
ENSG00000154429,CCSAP,0.020494114330271252,0.033711261891627334,0,0,0,0,0,0
ENSG00000138336,TET1,0.02048355280161662,0,0,0,0,0,0.16846944489480045,0
ENSG00000275489,SPMAP1,0.020481533202716666,0.03369056689212408,0,0,0,0,0,0
ENSG00000198729,PPP1R14C,0.020477468912003038,0.033683881442514364,0,0,0,0,0,0
ENSG00000145723,GIN1,0.020468293968467936,0.03366878935708104,0,0,0,0,0,0
ENSG00000178395,CCDC185,0.020439726906131533,0.03362179870872331,0,0,0,0,0,0
ENSG00000186367,MINAR2,0.020436487313973958,0.03361646982561638,0,0,0,0,0,0
ENSG00000100290,BIK,0.020412499462651622,0.033577011631663094,0,0,0,0,0,0
ENSG00000150477,KIAA1328,0.020405158406389744,0.03356493615154148,0,0,0,0,0,0
ENSG00000152291,TGOLN2,0.0204006879619632,0.033557582609914524,0,0,0,0,0,0
ENSG00000132394,EEFSEC,0.02039936624140592,0.03355540847996014,0,0,0,0,0,0
ENSG00000023734,STRAP,0.02039878110470088,0.03355444597451159,0,0,0,0,0,0
ENSG00000107485,GATA3,0.02038159778762273,0,0,0,0,0,0.167630903613503,0
ENSG00000135002,RFK,0.020368404937351703,0.0335044794857788,0,0,0,0,0,0
ENSG00000186352,ANKRD37,0.020365697892400496,0,0,0,0,0,0.16750013301194192,0
ENSG00000155545,MIER3,0.02036417956194516,0.0334975290640809,0,0,0,0,0,0
ENSG00000104812,GYS1,0.02033147523890603,0.033443732936022215,0,0,0,0,0,0
ENSG00000188786,MTF1,0.020326892007658602,0,0,0,0,0,0.16718096934319582,0
ENSG00000180535,BHLHA15,0.020323754187983933,0.033431032393538715,0,0,0,0,0,0
ENSG00000111843,TMEM14C,0.020316908776931035,0.03341977221214999,0,0,0,0,0,0
ENSG00000064225,ST3GAL6,0.02030721202913426,0.03340382179832843,0,0,0,0,0,0
ENSG00000157150,TIMP4,0.020283363713662406,0,0,0,0,0,0.16682296565126897,0
ENSG00000205765,RIMOC1,0.02027467016758029,0.03335029290707664,0,0,0,0,0,0
ENSG00000189144,ZNF573,0.020274507706095124,0.03335002567026975,0,0,0,0,0,0
ENSG00000141736,ERBB2,0.020271865673738874,0,0,0,0,0,0.16672839863830713,0
ENSG00000185559,DLK1,0.02021882062864708,0,0,0,0,0,0.16629212328180112,0
ENSG00000180881,CAPS2,0.020193575727430094,0.03321689871078194,0,0,0,0,0,0
ENSG00000160439,RDH13,0.020183166508614545,0,0,0,0,0,0.1659988816811732,0
ENSG00000244731,C4A,0.020157049819112267,0,0,0,0,0,0.16578408182562315,0
ENSG00000099139,PCSK5,0.020155159093357477,0.03315370626482667,0,0,0,0,0,0
ENSG00000130522,JUND,0.02014210208031625,0,0,0,0,0,0.16566114234916676,0
ENSG00000290320,H2BN1,0.020131039069979415,0.03311403065787795,0,0,0,0,0,0
ENSG00000099769,IGFALS,0.020105994348870802,0.031249041600542777,0,0,0,0,0.03647584785669726,0
ENSG00000172534,HCFC1,0.02008830767924548,0,0,0,0,0,0.1652187038242383,0
ENSG00000130202,NECTIN2,0.02005997322371965,0,0,0,0,0,0.16498566368515383,0
ENSG00000124228,DDX27,0.020054624346677326,0.03298833424045297,0,0,0,0,0,0
ENSG00000260314,MRC1,0.020011311876186166,0,0,0,0,0,0.1645854425767262,0
ENSG00000131871,SELENOS,0.019985646608499726,0,0,0,0,0,0.16437435549422216,0
ENSG00000145375,AFG2A,0.019976202260278866,0.032859335863159776,0,0,0,0,0,0
ENSG00000141448,GATA6,0.0199573121529739,0,0,0,0,0,0.1641413153551377,0
ENSG00000142871,CCN1,0.01995727218227083,0,0,0,0,0,0.16414098661128046,0
ENSG00000119383,PTPA,0.019891999651051838,0.03211289816713499,0,0,0,0,0.012158615952232422,0
ENSG00000106785,TRIM14,0.019873954784043243,0.03269114652872019,0,0,0,0,0,0
ENSG00000165714,BORCS5,0.019872357705036533,0.032688519455025315,0,0,0,0,0,0
ENSG00000143816,WNT9A,0.01984176538130455,0.03263819740545624,0,0,0,0,0,0
ENSG00000081181,ARG2,0.019815023908920287,0,0,0,0,0,0.16297104856973532,0
ENSG00000260097,SPDYE6,0.019787442666400454,0.03254884066433124,0,0,0,0,0,0
ENSG00000134258,VTCN1,0.019786894775535954,0,0,0,0,0,0.1627396971273109,0
ENSG00000132581,SDF2,0.0197519900114824,0,0,0,0,0,0.16245261869510544,0
ENSG00000049245,VAMP3,0.019725964762187846,0.03244771418010945,0,0,0,0,0,0
ENSG00000100300,TSPO,0.01969431781559454,0.032395657356014275,0,0,0,0,0,0
ENSG00000143933,CALM2,0.019677599680667,0.03145626109710088,0,0,0,0,0.01823792392834863,0
ENSG00000161677,JOSD2,0.01965213978510267,0.03232627769856383,0,0,0,0,0,0
ENSG00000169398,PTK2,0.019644359539654536,0,0,0,0,0,0.16156739892789912,0
ENSG00000145506,NKD2,0.019630000965768273,0.03228986102182797,0,0,0,0,0,0
ENSG00000220948,TRIM51G,0.01961548819869092,0.032265988621985146,0,0,0,0,0,0
ENSG00000182871,COL18A1,0.019597677851408174,0,0,0,0,0,0.16118345976549972,0
ENSG00000135108,FBXO21,0.019593076774491586,0.032229123530946195,0,0,0,0,0,0
ENSG00000172247,C1QTNF4,0.019587732298289195,0,0,0,0,0,0.1611016613670796,0
ENSG00000211459,MT-RNR1,0.019587732298289195,0,0,0,0,0,0.1611016613670796,0
ENSG00000176407,KCMF1,0.019587732298289195,0,0,0,0,0,0.1611016613670796,0
ENSG00000049656,CLPTM1L,0.01956664236334604,0.032185640931858606,0,0,0,0,0,0
ENSG00000170035,UBE2E3,0.019539505788154443,0.03214100332623275,0,0,0,0,0,0
ENSG00000165138,ANKS6,0.019532350598845928,0.03212923358313596,0,0,0,0,0,0
ENSG00000173272,MZT2A,0.019520059974455498,0.03210901643927894,0,0,0,0,0,0
ENSG00000105607,GCDH,0.019486167479707064,0.032053265858980017,0,0,0,0,0,0
ENSG00000150628,SPATA4,0.019486089002548976,0.03205313677001398,0,0,0,0,0,0
ENSG00000196914,ARHGEF12,0.019480134629409767,0.031131446081916564,0,0,0,0,0.01823792392834863,0
ENSG00000214367,HAUS3,0.01947480512046887,0,0,0,0,0,0.1601728782040618,0
ENSG00000145476,CYP4V2,0.019453793586807253,0.032000013263409934,0,0,0,0,0,0
ENSG00000161544,CYGB,0.0194378471350004,0,0,0,0,0,0.15986891280525603,0
ENSG00000169715,MT1E,0.019433740692170565,0,0,0,0,0,0.15983513887205536,0
ENSG00000147576,ADHFE1,0.019430988400025228,0.03196250046282207,0,0,0,0,0,0
ENSG00000137033,IL33,0.0194137720371225,0,0,0,0,0,0.15967090426569455,0
ENSG00000154118,JPH3,0.019412535253536492,0.03193214643805275,0,0,0,0,0,0
ENSG00000187244,BCAM,0.019402942370946846,0,0,0,0,0,0.15958183437305054,0
ENSG00000168310,IRF2,0.019402942370946846,0,0,0,0,0,0.15958183437305054,0
ENSG00000197520,FAM177B,0.019401957358701535,0.03191474660426161,0,0,0,0,0,0
ENSG00000130600,H19,0.019393880774177988,0,0,0,0,0,0.15950730618000244,0
ENSG00000118260,CREB1,0.01939267626387227,0,0,0,0,0,0.1594973995400489,0
ENSG00000187678,SPRY4,0.019382410156797696,0,0,0,0,0,0.15941296470704733,0
ENSG00000139679,LPAR6,0.01938196220489597,0.0318818560945455,0,0,0,0,0,0
ENSG00000126821,SGPP1,0.019368948764575778,0.031860449973369676,0,0,0,0,0,0
ENSG00000117228,GBP1,0.019361877942648546,0,0,0,0,0,0.15924409504104406,0
ENSG00000151388,ADAMTS12,0.019340608244889142,0,0,0,0,0,0.1590691598523436,0
ENSG00000205718,MBD3L4,0.01932191891820491,0.031783089447211706,0,0,0,0,0,0
ENSG00000170525,PFKFB3,0.019308503846709818,0,0,0,0,0,0.15880511336625133,0
ENSG00000138379,MSTN,0.01930686126957788,0,0,0,0,0,0.15879160379297105,0
ENSG00000175283,DOLK,0.019306661306521835,0.03175799183455083,0,0,0,0,0,0
ENSG00000229515,FLT1P1,0.019300281300201096,0,0,0,0,0,0.1587374860430344,0
ENSG00000137270,GCM1,0.019267916995725574,0,0,0,0,0,0.15847130192633338,0
ENSG00000115368,WDR75,0.01925450841619927,0.03167220429010094,0,0,0,0,0,0
ENSG00000182308,DCAF4L1,0.019240470642447185,0.03164911321821046,0,0,0,0,0,0
ENSG00000004478,FKBP4,0.019218152443604492,0,0,0,0,0,0.15806200737902149,0
ENSG00000198759,EGFL6,0.019218152443604492,0,0,0,0,0,0.15806200737902149,0
ENSG00000070087,PFN2,0.019218152443604492,0,0,0,0,0,0.15806200737902149,0
ENSG00000185245,GP1BA,0.019203664661885986,0,0,0,0,0,0.15794285087489776,0
ENSG00000013288,MAN2B2,0.01918838108456799,0.03156342985082088,0,0,0,0,0,0
ENSG00000017797,RALBP1,0.01914900620309135,0.03149866116064869,0,0,0,0,0,0
ENSG00000171817,ZNF540,0.01914211122751755,0.03148731944938667,0,0,0,0,0,0
ENSG00000095319,NUP188,0.01913681470774271,0.03147860707653824,0,0,0,0,0,0
ENSG00000184012,TMPRSS2,0.019064160837485866,0,0,0,0,0,0.15679548488399725,0
ENSG00000166509,CLEC3A,0.019060354550296466,0.031352835923396084,0,0,0,0,0,0
ENSG00000070718,AP3M2,0.01904215611037345,0.03132290087158671,0,0,0,0,0,0
ENSG00000138039,LHCGR,0.01902822946272486,0,0,0,0,0,0.15649996296849164,0
ENSG00000105939,ZC3HAV1,0.01901938121302087,0.031285437894810315,0,0,0,0,0,0
ENSG00000051523,CYBA,0.019015704812093873,0,0,0,0,0,0.15639695247222965,0
ENSG00000115602,IL33R,0.019002564195038416,0,0,0,0,0,0.15628887588598758,0
ENSG00000061987,MON2,0.0190010484752749,0.030647351135668213,0,0,0,0,0.012158615952232422,0
ENSG00000072818,ACAP1,0.01899901019493183,0.031251929116888434,0,0,0,0,0,0
ENSG00000182077,PTCHD3,0.018989765034992126,0.03123672153080129,0,0,0,0,0,0
ENSG00000204592,HLA-E,0.018950193580716757,0,0,0,0,0,0.15585814746650783,0
ENSG00000184719,RNLS,0.018945995678888928,0,0,0,0,0,0.1558236213177725,0
ENSG00000100612,DHRS7,0.018942691131269347,0.03115928853364484,0,0,0,0,0,0
ENSG00000159899,NPR2,0.018879370910143512,0,0,0,0,0,0.1552756578899682,0
ENSG00000198203,SULT1C2,0.01884851578797884,0.031004377244957887,0,0,0,0,0,0
ENSG00000176720,BOK,0.01881724839159898,0,0,0,0,0,0.154764723760717,0
ENSG00000181915,ADO,0.018807508160621496,0,0,0,0,0,0.15468461405895695,0
ENSG00000163104,SMARCAD1,0.01880013117803676,0.030924788235596672,0,0,0,0,0,0
ENSG00000165185,KIAA1958,0.01879807838079624,0.030921411540011278,0,0,0,0,0,0
ENSG00000248771,SMIM31,0.018736305843042738,0.030819800405987162,0,0,0,0,0,0
ENSG00000146243,IRAK1BP1,0.01873596990573443,0.03081924781462376,0,0,0,0,0,0
ENSG00000226690,C7orf78,0.018715184473179,0.030785057356372436,0,0,0,0,0,0
ENSG00000215012,RTL10,0.018696902048928907,0.030754984156722218,0,0,0,0,0,0
ENSG00000185838,GNB1L,0.018696902048928907,0.030754984156722218,0,0,0,0,0,0
ENSG00000206127,GOLGA8O,0.018659150405511676,0.03069288556990025,0,0,0,0,0,0
ENSG00000155875,SAXO1,0.018649651915798492,0.03067726127557185,0,0,0,0,0,0
ENSG00000172215,CXCR6,0.018632984340353716,0,0,0,0,0,0.15324922189792947,0
ENSG00000242265,PEG10,0.018612452126204562,0,0,0,0,0,0.15308035223192623,0
ENSG00000198515,CNGA1,0.018581087661889727,0.030564478284188405,0,0,0,0,0,0
ENSG00000066405,CLDN18,0.018554632598860477,0.030520961714320276,0,0,0,0,0,0
ENSG00000106853,PTGR1,0.01854148974006905,0.030499342709586413,0,0,0,0,0,0
ENSG00000153531,ADPRHL1,0.018535608083589165,0.030489667831289424,0,0,0,0,0,0
ENSG00000067182,TNFRSF1A,0.018530751559094928,0,0,0,0,0,0.15240839608633688,0
ENSG00000226979,LTA,0.01852599893389329,0,0,0,0,0,0.15236930754846126,0
ENSG00000117009,KMO,0.018521456036080568,0.030466388787746646,0,0,0,0,0,0
ENSG00000205238,SPDYE2,0.018512388482340745,0.03045147335037212,0,0,0,0,0,0
ENSG00000145526,CDH18,0.01847899273423509,0,0,0,0,0,0.15198269940290526,0
ENSG00000280109,PLAC4,0.01847899273423509,0,0,0,0,0,0.15198269940290526,0
ENSG00000149474,KAT14,0.01847899273423509,0,0,0,0,0,0.15198269940290526,0
ENSG00000113088,GZMK,0.01847899273423509,0,0,0,0,0,0.15198269940290526,0
ENSG00000149534,MS4A2,0.01847899273423509,0,0,0,0,0,0.15198269940290526,0
ENSG00000078399,HOXA9,0.018322537262418566,0,0,0,0,0,0.15069591254796066,0
ENSG00000149435,GGTLC1,0.018283936699818162,0,0,0,0,0,0.1503784375758746,0
ENSG00000175084,DES,0.018263404485669012,0,0,0,0,0,0.15020956790987136,0
ENSG00000073008,PVR,0.018160743414923262,0,0,0,0,0,0.14936521957985524,0
ENSG00000080824,HSP90AA1,0.018141648455764554,0,0,0,0,0,0.14920817079047222,0
ENSG00000143546,S100A8,0.018111329330343862,0,0,0,0,0,0.14895880749501325,0
ENSG00000142515,KLK3,0.01810941287955039,0,0,0,0,0,0.14894304541484715,0
ENSG00000109861,CTSC,0.018006751808804636,0,0,0,0,0,0.14809869708483103,0
ENSG00000243649,CFB,0.017984781442167076,0,0,0,0,0,0.14791799916062748,0
ENSG00000117450,PRDX1,0.017924622952208036,0,0,0,0,0,0.1474232184208181,0
ENSG00000144648,ACKR2,0.01791435684513346,0,0,0,0,0,0.1473387835878165,0
ENSG00000134545,KLRC1,0.017908697915499087,0,0,0,0,0,0.14729224104007416,0
ENSG00000107317,PTGDS,0.017811695774387713,0,0,0,0,0,0.14649443525780037,0
ENSG00000123358,NR4A1,0.017811695774387713,0,0,0,0,0,0.14649443525780037,0
ENSG00000196352,CD55,0.017753474376531516,0,0,0,0,0,0.14601558636508977,0
ENSG00000141086,CTRL,0.017741270279856128,0,0,0,0,0,0.1459152123034093,0
ENSG00000204301,NOTCH4,0.01773983302486569,0,0,0,0,0,0.14590339142678907,0
ENSG00000137331,IER3,0.017739833024865686,0,0,0,0,0,0.14590339142678904,0
ENSG00000116747,RO60,0.017739833024865686,0,0,0,0,0,0.14590339142678904,0
ENSG00000095209,TMEM38B,0.017739833024865686,0,0,0,0,0,0.14590339142678904,0
ENSG00000163931,TKT,0.017739833024865686,0,0,0,0,0,0.14590339142678904,0
ENSG00000113889,KNG1,0.01773291005954806,0,0,0,0,0,0.1458464526654627,0
ENSG00000138764,CCNG2,0.01772956691779111,0,0,0,0,0,0.14581895659378744,0
ENSG00000105173,CCNE1,0.01770903470364196,0,0,0,0,0,0.1456500869277842,0
ENSG00000185896,LAMP1,0.017701437784406776,0,0,0,0,0,0.14558760515136301,0
ENSG00000100234,TIMP3,0.01765468074114271,0,0,0,0,0,0.1452030462225527,0
ENSG00000087494,PTHLH,0.017452382026777583,0,0,0,0,0,0.14353921610274384,0
ENSG00000136238,RAC1,0.017442924637525614,0,0,0,0,0,0.14346143266679093,0
ENSG00000240403,KIR3DL2,0.01739314484302071,0,0,0,0,0,0.14305201275665907,0
ENSG00000078902,TOLLIP,0.017370253170180983,0,0,0,0,0,0.14286373743873093,0
ENSG00000267534,S1PR2,0.017316458769110213,0,0,0,0,0,0.14242129891380248,0
ENSG00000164251,F2RL1,0.01727785820650981,0,0,0,0,0,0.14210382394171645,0
ENSG00000234906,APOC2,0.017213797698364463,0,0,0,0,0,0.14157695058378636,0
ENSG00000104419,NDRG1,0.017201026914900098,0,0,0,0,0,0.14147191573841797,0
ENSG00000173531,MST1,0.01719326548421531,0,0,0,0,0,0.14140808091778312,0
ENSG00000131781,FMO5,0.017180176006140333,0,0,0,0,0,0.14130042493023978,0
ENSG00000131095,GFAP,0.017134132707465756,0,0,0,0,0,0.14092173627969382,0
ENSG00000160339,FCN2,0.017098201332704746,0,0,0,0,0,0.14062621436418818,0
ENSG00000149131,SERPING1,0.017098201332704743,0,0,0,0,0,0.14062621436418815,0
ENSG00000118689,FOXO3,0.01705407976945958,0,0,0,0,0,0.14026333125793244,0
ENSG00000079557,AFM,0.017024080039626313,0,0,0,0,0,0.14001659486991652,0
ENSG00000068366,ACSL4,0.017021205529645433,0,0,0,0,0,0.13999295311667606,0
ENSG00000167613,LAIR1,0.017000673315496286,0,0,0,0,0,0.13982408345067285,0
ENSG00000129824,RPS4Y1,0.017000673315496286,0,0,0,0,0,0.13982408345067285,0
ENSG00000136689,IL1RN,0.016996977516949435,0,0,0,0,0,0.13979368691079228,0
ENSG00000122861,PLAU,0.016987872258575423,0,0,0,0,0,0.13971879961761854,0
ENSG00000148737,TCF7L2,0.016980141101347133,0,0,0,0,0,0.1396552137846696,0
ENSG00000104324,CPQ,0.016831282548765796,0,0,0,0,0,0.13843090870614622,0
ENSG00000135929,CYP27A1,0.016815883388153933,0,0,0,0,0,0.1383042564566438,0
ENSG00000149311,ATM,0.016815883388153933,0,0,0,0,0,0.1383042564566438,0
ENSG00000142798,HSPG2,0.016805684557835474,0,0,0,0,0,0.13822037494941855,0
ENSG00000171552,BCL2L1,0.016795351174004783,0,0,0,0,0,0.13813538679064055,0
ENSG00000128271,ADORA2A,0.016785085066930206,0,0,0,0,0,0.13805095195763895,0
ENSG00000236932,CEACAMP8,0.016774818959855633,0,0,0,0,0,0.13796651712463734,0
ENSG00000138794,CASP6,0.016774818959855633,0,0,0,0,0,0.13796651712463734,0
ENSG00000100994,PYGB,0.016646492621423443,0,0,0,0,0,0.13691108171211716,0
ENSG00000185652,NTF3,0.016631093460811583,0,0,0,0,0,0.13678442946261474,0
ENSG00000167136,ENDOG,0.016631093460811583,0,0,0,0,0,0.13678442946261474,0
ENSG00000211452,DIO1,0.016631093460811583,0,0,0,0,0,0.13678442946261474,0
ENSG00000276231,PIK3R6,0.016631093460811583,0,0,0,0,0,0.13678442946261474,0
ENSG00000145936,KCNMB1,0.016631093460811583,0,0,0,0,0,0.13678442946261474,0
ENSG00000087460,GNAS,0.01661056124666243,0,0,0,0,0,0.1366155597966115,0
ENSG00000090659,CD209,0.01660785752294701,0,0,0,0,0,0.13659332269556282,0
ENSG00000109819,PPARGC1A,0.016600295139587856,0,0,0,0,0,0.1365311249636099,0
ENSG00000111405,ENDOU,0.016569496818364133,0,0,0,0,0,0.13627782046460504,0
ENSG00000051382,PIK3CB,0.01642577131932008,0,0,0,0,0,0.13509573280258244,0
ENSG00000112062,MAPK14,0.016412083287360206,0,0,0,0,0,0.13498315393658614,0
ENSG00000111981,ULBP1,0.016333376355648903,0,0,0,0,0,0.13433581930556793,0
ENSG00000125735,TNFSF14,0.016314884792171313,0,0,0,0,0,0.1341837332165736,0
ENSG00000184113,CLDN5,0.016312844141499756,0,0,0,0,0,0.13416694963956471,0
ENSG00000140545,MFGE8,0.01630257803442518,0,0,0,0,0,0.1340825148065631,0
ENSG00000184216,IRAK1,0.01626151360612688,0,0,0,0,0,0.13374477547455663,0
ENSG00000124875,CXCL6,0.01626151360612688,0,0,0,0,0,0.13374477547455663,0
ENSG00000143257,NR1I3,0.01626151360612688,0,0,0,0,0,0.13374477547455663,0
ENSG00000181449,SOX2,0.01626151360612688,0,0,0,0,0,0.13374477547455663,0
ENSG00000213462,ERV3-1,0.01626151360612688,0,0,0,0,0,0.13374477547455663,0
ENSG00000164692,COL1A2,0.01626151360612688,0,0,0,0,0,0.13374477547455663,0
ENSG00000173638,SLC19A1,0.01626151360612688,0,0,0,0,0,0.13374477547455663,0
ENSG00000091137,SLC26A4,0.01626151360612688,0,0,0,0,0,0.13374477547455663,0
ENSG00000154229,PRKCA,0.01626151360612688,0,0,0,0,0,0.13374477547455663,0
ENSG00000163421,PROK2,0.01626151360612688,0,0,0,0,0,0.13374477547455663,0
ENSG00000113742,CPEB4,0.01626151360612688,0,0,0,0,0,0.13374477547455663,0
ENSG00000133636,NTS,0.01626151360612688,0,0,0,0,0,0.13374477547455663,0
ENSG00000132341,RAN,0.01626151360612688,0,0,0,0,0,0.13374477547455663,0
ENSG00000101441,CST4,0.01613832032123198,0,0,0,0,0,0.13273155747853727,0
ENSG00000123384,LRP1,0.016117788107082833,0,0,0,0,0,0.13256268781253405,0
ENSG00000107643,MAPK8,0.016108084574441663,0,0,0,0,0,0.1324828799406571,0
ENSG00000166949,SMAD3,0.016071293151322667,0,0,0,0,0,0.13218028445393776,0
ENSG00000006377,DLX6,0.016007710297756675,0,0,0,0,0,0.1316573396235739,0
ENSG00000120053,GOT1,0.01599957919137127,0,0,0,0,0,0.13159046436065455,0
ENSG00000180875,GREM2,0.015953530393889626,0,0,0,0,0,0.1312117304845082,0
ENSG00000070961,ATP2B1,0.01593299817974048,0,0,0,0,0,0.131042860818505,0
ENSG00000120708,TGFBI,0.015891933751442176,0,0,0,0,0,0.13070512148649852,0
ENSG00000124440,HIF3A,0.015891933751442176,0,0,0,0,0,0.13070512148649852,0
ENSG00000130766,SESN2,0.015871401537293026,0,0,0,0,0,0.1305362518204953,0
ENSG00000155657,TTN,0.015826012773280048,0,0,0,0,0,0.13016294646903673,0
ENSG00000057252,SOAT1,0.015765955575721146,0,0,0,0,0,0.12966899882076124,0
ENSG00000186951,PPARA,0.015724627034340872,0,0,0,0,0,0.12932908725893014,0
ENSG00000070808,CAMK2A,0.01570714382409983,0,0,0,0,0,0.1291852944924695,0
ENSG00000164078,MST1R,0.01570714382409983,0,0,0,0,0,0.1291852944924695,0
ENSG00000110651,CD81,0.015662383597254678,0,0,0,0,0,0.12881715862058243,0
ENSG00000167749,KLK4,0.015659508189775826,0,0,0,0,0,0.1287935094857619,0
ENSG00000167346,MMP26,0.015645547181652376,0,0,0,0,0,0.1286786854944598,0
ENSG00000113360,DROSHA,0.015645547181652376,0,0,0,0,0,0.1286786854944598,0
ENSG00000172071,EIF2AK3,0.01564502130555529,0,0,0,0,0,0.12867436036321828,0
ENSG00000135919,SERPINE2,0.015583950539204926,0,0,0,0,0,0.12817207649645013,0
ENSG00000134058,CDK7,0.015522353896757478,0,0,0,0,0,0.12766546749844043,0
ENSG00000160013,PTGIR,0.015522353896757475,0,0,0,0,0,0.12766546749844043,0
ENSG00000072803,FBXW11,0.015522353896757475,0,0,0,0,0,0.12766546749844043,0
ENSG00000113525,IL5,0.015497782516534607,0,0,0,0,0,0.1274633772250129,0
ENSG00000204390,HSPA1L,0.015481289468459176,0,0,0,0,0,0.12732772816643395,0
ENSG00000167711,SERPINF2,0.015399160611862575,0,0,0,0,0,0.12665224950242107,0
ENSG00000167772,ANGPTL4,0.01536793907561251,0,0,0,0,0,0.1263954642205047,0
ENSG00000151694,ADAM17,0.015337563969415128,0,0,0,0,0,0.12614564050441138,0
ENSG00000137077,CCL21,0.015319906265246857,0,0,0,0,0,0.1260004125916486,0
ENSG00000062485,CS,0.015304301782493502,0,0,0,0,0,0.12587207164548614,0
ENSG00000125740,FOSB,0.015234902898669375,0,0,0,0,0,0.12530129217439523,0
ENSG00000271303,SRXN1,0.015214370684520223,0,0,0,0,0,0.12513242250839202,0
ENSG00000113905,HRG,0.0151652861219604,0,0,0,0,0,0.12472872061705287,0
ENSG00000011422,PLAUR,0.015129983284367215,0,0,0,0,0,0.12443836818111874,0
ENSG00000101460,MAP1LC3A,0.015126588286162953,0,0,0,0,0,0.12441044560985239,0
ENSG00000167618,LAIR2,0.015114378801613862,0,0,0,0,0,0.12431002723495628,0
ENSG00000135404,CD63,0.015110076697491604,0,0,0,0,0,0.12427464406191126,0
ENSG00000130816,DNMT1,0.015091986117447932,0,0,0,0,0,0.12412585590942132,0
ENSG00000145192,AHSG,0.015085621131061697,0,0,0,0,0,0.12407350631296034,0
ENSG00000179344,HLA-DQB1,0.015061187796224208,0,0,0,0,0,0.12387255141041649,0
ENSG00000112414,ADGRG6,0.014967984114730425,0,0,0,0,0,0.12310598651635328,0
ENSG00000106462,EZH2,0.014961824450485677,0,0,0,0,0,0.1230553256165523,0
ENSG00000001626,CFTR,0.01490638747228297,0,0,0,0,0,0.12259937751834359,0
ENSG00000101204,CHRNA4,0.01482939166922366,0,0,0,0,0,0.12196611627083148,0
ENSG00000102908,NFAT5,0.014815429763602235,0,0,0,0,0,0.12185128489794927,0
ENSG00000130340,SNX9,0.014783194187388075,0,0,0,0,0,0.12158615952232422,0
ENSG00000173163,COMMD1,0.014783194187388075,0,0,0,0,0,0.12158615952232422,0
ENSG00000162594,IL23R,0.014783194187388075,0,0,0,0,0,0.12158615952232422,0
ENSG00000170854,RIOX2,0.014783194187388075,0,0,0,0,0,0.12158615952232422,0
ENSG00000101224,CDC25B,0.014783194187388075,0,0,0,0,0,0.12158615952232422,0
ENSG00000119707,RBM25,0.014783194187388075,0,0,0,0,0,0.12158615952232422,0
ENSG00000196396,PTPN1,0.014783194187388075,0,0,0,0,0,0.12158615952232422,0
ENSG00000128191,DGCR8,0.014783194187388075,0,0,0,0,0,0.12158615952232422,0
ENSG00000123405,NFE2,0.014783194187388075,0,0,0,0,0,0.12158615952232422,0
ENSG00000165197,VEGFD,0.014783194187388075,0,0,0,0,0,0.12158615952232422,0
ENSG00000132688,NES,0.014762661973238922,0,0,0,0,0,0.12141728985632098,0
ENSG00000140945,CDH13,0.014742129759089772,0,0,0,0,0,0.12124842019031776,0
ENSG00000175899,A2M,0.014730837041307737,0,0,0,0,0,0.12115554187401598,0
ENSG00000243955,GSTA1,0.014724472054921504,0,0,0,0,0,0.12110319227755499,0
ENSG00000186340,THBS2,0.014647270929720697,0,0,0,0,0,0.12046824233338284,0
ENSG00000124731,TREM1,0.014630011299092053,0,0,0,0,0,0.12032628842434868,0
ENSG00000127445,PIN1,0.014598404260045723,0,0,0,0,0,0.12006633252829517,0
ENSG00000120156,TEK,0.014598404260045723,0,0,0,0,0,0.12006633252829517,0
ENSG00000131473,ACLY,0.01457871888350328,0,0,0,0,0,0.1199044277800921,0
ENSG00000128714,HOXD13,0.014577872045896572,0,0,0,0,0,0.11989746286229193,0
ENSG00000104723,TUSC3,0.014577872045896572,0,0,0,0,0,0.11989746286229193,0
ENSG00000228612,HK2P1,0.014577872045896572,0,0,0,0,0,0.11989746286229193,0
ENSG00000130164,LDLR,0.014571712381651827,0,0,0,0,0,0.11984680196249096,0
ENSG00000172216,CEBPB,0.014536281741501183,0,0,0,0,0,0.11955539839904396,0
ENSG00000129514,FOXA1,0.014485477082225395,0,0,0,0,0,0.1191375493652774,0
ENSG00000197406,DIO3,0.014413614332703372,0,0,0,0,0,0.11854650553426611,0
ENSG00000008517,IL32,0.014413614332703372,0,0,0,0,0,0.11854650553426611,0
ENSG00000155363,MOV10,0.014413614332703372,0,0,0,0,0,0.11854650553426611,0
ENSG00000185483,ROR1,0.014413614332703372,0,0,0,0,0,0.11854650553426611,0
ENSG00000100393,EP300,0.014379193885866814,0,0,0,0,0,0.1182634104272919,0
ENSG00000115850,LCT,0.014344420771020735,0,0,0,0,0,0.11797741475983523,0
ENSG00000134627,PIWIL4,0.014331485476106768,0,0,0,0,0,0.11787102687025319,0
ENSG00000083444,PLOD1,0.014257158860886847,0,0,0,0,0,0.1172597186793215,0
ENSG00000115718,PROC,0.014245145769673014,0,0,0,0,0,0.11716091556504413,0
ENSG00000145715,RASA1,0.01422882440536102,0,0,0,0,0,0.11702667854023706,0
ENSG00000074370,ATP2A3,0.01422882440536102,0,0,0,0,0,0.11702667854023706,0
ENSG00000125347,IRF1,0.01422882440536102,0,0,0,0,0,0.11702667854023706,0
ENSG00000134333,LDHA,0.01422450006964634,0,0,0,0,0,0.11699111252078495,0
ENSG00000101966,XIAP,0.014200695271976682,0,0,0,0,0,0.11679532709781262,0
ENSG00000120129,DUSP1,0.014155935045131534,0,0,0,0,0,0.11642719122592558,0
ENSG00000198408,OGA,0.014105631120466118,0,0,0,0,0,0.11601346054421768,0
ENSG00000125166,GOT2,0.01405943363863053,0,0,0,0,0,0.11563350379571041,0
ENSG00000122786,CALD1,0.01404403447801867,0,0,0,0,0,0.115506851546208,0
ENSG00000089057,SLC23A2,0.01404403447801867,0,0,0,0,0,0.115506851546208,0
ENSG00000179914,ITLN1,0.01404403447801867,0,0,0,0,0,0.115506851546208,0
ENSG00000101255,TRIB3,0.01404403447801867,0,0,0,0,0,0.115506851546208,0
ENSG00000170482,SLC23A1,0.01404403447801867,0,0,0,0,0,0.115506851546208,0
ENSG00000140505,CYP1A2,0.01404403447801867,0,0,0,0,0,0.115506851546208,0
ENSG00000139292,LGR5,0.01404403447801867,0,0,0,0,0,0.115506851546208,0
ENSG00000106615,RHEB,0.01404403447801867,0,0,0,0,0,0.115506851546208,0
ENSG00000130508,PXDN,0.01404403447801867,0,0,0,0,0,0.115506851546208,0
ENSG00000080819,CPOX,0.01404403447801867,0,0,0,0,0,0.115506851546208,0
ENSG00000166167,BTRC,0.014002970049720367,0,0,0,0,0,0.11516911221420155,0
ENSG00000170345,FOS,0.013990240076947894,0,0,0,0,0,0.11506441302127954,0
ENSG00000117298,ECE1,0.013983875090561657,0,0,0,0,0,0.11501206342481853,0
ENSG00000128917,DLL4,0.013923902169131105,0,0,0,0,0,0.11451880891570196,0
ENSG00000167468,GPX4,0.013910165431299101,0,0,0,0,0,0.11440582946239929,0
ENSG00000186652,PRG2,0.013859244550676319,0,0,0,0,0,0.11398702455217895,0
ENSG00000250722,SELENOP,0.013859244550676319,0,0,0,0,0,0.11398702455217895,0
ENSG00000168913,ENHO,0.013859244550676319,0,0,0,0,0,0.11398702455217895,0
ENSG00000115461,IGFBP5,0.013838917658668655,0,0,0,0,0,0.11381984358283573,0
ENSG00000100823,APEX1,0.013838712336527167,0,0,0,0,0,0.11381815488617571,0
ENSG00000106211,HSPB1,0.013695192159624605,0,0,0,0,0,0.11263775592081314,0
ENSG00000134107,BHLHE40,0.01367536600222732,0,0,0,0,0,0.1124746933035286,0
ENSG00000074527,NTN4,0.013674454623333965,0,0,0,0,0,0.11246719755814989,0
ENSG00000076984,MAP2K7,0.013674454623333965,0,0,0,0,0,0.11246719755814989,0
ENSG00000143514,TP53BP2,0.013674454623333965,0,0,0,0,0,0.11246719755814989,0
ENSG00000163565,IFI16,0.013674454623333965,0,0,0,0,0,0.11246719755814989,0
ENSG00000204388,HSPA1B,0.013674454623333965,0,0,0,0,0,0.11246719755814989,0
ENSG00000101144,BMP7,0.013674454623333965,0,0,0,0,0,0.11246719755814989,0
ENSG00000223865,HLA-DPB1,0.013572602270410825,0,0,0,0,0,0.11162950062518245,0
ENSG00000197405,C5AR1,0.013540132273112217,0,0,0,0,0,0.11136244722513944,0
ENSG00000177272,KCNA3,0.013379406706010675,0,0,0,0,0,0.1100405404576835,0
ENSG00000163739,CXCL1,0.01337673751817129,0,0,0,0,0,0.1100185874011031,0
ENSG00000137275,RIPK1,0.013320273929261123,0,0,0,0,0,0.10955419581959419,0
ENSG00000000005,TNMD,0.013304874768649264,0,0,0,0,0,0.1094275435700918,0
ENSG00000128383,APOBEC3A,0.013304874768649264,0,0,0,0,0,0.1094275435700918,0
ENSG00000082898,XPO1,0.013304874768649264,0,0,0,0,0,0.1094275435700918,0
ENSG00000102145,GATA1,0.013304874768649264,0,0,0,0,0,0.1094275435700918,0
ENSG00000105976,MET,0.013266065974013077,0,0,0,0,0,0.10910835596856992,0
ENSG00000253352,TUG1,0.013251080367578489,0,0,0,0,0,0.10898510504516332,0
ENSG00000244734,HBB,0.013181681483754362,0,0,0,0,0,0.10841432557407242,0
ENSG00000108786,HSD17B1,0.013174954273726223,0,0,0,0,0,0.10835899682568058,0
ENSG00000198492,YTHDF2,0.013168951510981892,0,0,0,0,0,0.10830962638115042,0
ENSG00000118523,CCN2,0.01314841929683274,0,0,0,0,0,0.1081407567151472,0
ENSG00000148053,NTRK2,0.013120084841306914,0,0,0,0,0,0.10790771657606275,0
ENSG00000089692,LAG3,0.013120084841306912,0,0,0,0,0,0.10790771657606274,0
ENSG00000245848,CEBPA,0.01308928652008319,0,0,0,0,0,0.1076544120770579,0
ENSG00000070495,JMJD6,0.013086085170775037,0,0,0,0,0,0.10762808219444027,0
ENSG00000100219,XBP1,0.013039393239700754,0,0,0,0,0,0.10724405878867005,0
ENSG00000155957,TMBIM4,0.013038944883187702,0,0,0,0,0,0.1072403712265757,0
ENSG00000121691,CAT,0.012979019560210695,0,0,0,0,0,0.10674750819666806,0
ENSG00000091483,FH,0.012972035006548184,0,0,0,0,0,0.10669006289458803,0
ENSG00000135046,ANXA1,0.012970199678018119,0,0,0,0,0,0.10667496801423917,0
ENSG00000244476,ERVFRD-1,0.012937964101803952,0,0,0,0,0,0.10640984263861411,0
ENSG00000213341,CHUK,0.012935294913964564,0,0,0,0,0,0.1063878895820337,0
ENSG00000229124,VIM-AS1,0.012935294913964564,0,0,0,0,0,0.1063878895820337,0
ENSG00000111679,PTPN6,0.012935294913964564,0,0,0,0,0,0.1063878895820337,0
ENSG00000148795,CYP17A1,0.012935294913964564,0,0,0,0,0,0.1063878895820337,0
ENSG00000150760,DOCK1,0.01293529491396456,0,0,0,0,0,0.10638788958203368,0
ENSG00000135124,P2RX4,0.01293529491396456,0,0,0,0,0,0.10638788958203368,0
ENSG00000096968,JAK2,0.012896476458479312,0,0,0,0,0,0.10606862252369616,0
ENSG00000102962,CCL22,0.012873698271517114,0,0,0,0,0,0.105881280584024,0
ENSG00000122691,TWIST1,0.012650718425857344,0,0,0,0,0,0.10404735601122896,0
ENSG00000187608,ISG15,0.012613349796105892,0,0,0,0,0,0.10374001321910307,0
ENSG00000185507,IRF7,0.012565715059279862,0,0,0,0,0,0.10334823559397559,0
ENSG00000139209,SLC38A4,0.012565715059279862,0,0,0,0,0,0.10334823559397559,0
ENSG00000134480,CCNH,0.012565715059279862,0,0,0,0,0,0.10334823559397559,0
ENSG00000143753,DEGS1,0.012565715059279862,0,0,0,0,0,0.10334823559397559,0
ENSG00000105664,COMP,0.012565715059279862,0,0,0,0,0,0.10334823559397559,0
ENSG00000113369,ARRDC3,0.01246305398853411,0,0,0,0,0,0.10250388726395944,0
ENSG00000110848,CD69,0.012424030210907369,0,0,0,0,0,0.10218293150896188,0
ENSG00000118194,TNNT2,0.01238092513193751,0,0,0,0,0,0.10182840859994653,0
ENSG00000102349,KLF8,0.01238092513193751,0,0,0,0,0,0.10182840859994653,0
ENSG00000187605,TET3,0.012370659024862934,0,0,0,0,0,0.10174397376694491,0
ENSG00000110090,CPT1A,0.012370659024862934,0,0,0,0,0,0.10174397376694491,0
ENSG00000275152,CCL16,0.012360392917788359,0,0,0,0,0,0.10165953893394329,0
ENSG00000155659,VSIG4,0.012267997954117182,0,0,0,0,0,0.10089962543692878,0
ENSG00000135480,KRT7,0.012244128781890124,0,0,0,0,0,0.1007033105576626,0
ENSG00000259384,GH1,0.012227959239028365,0,0,0,0,0,0.10057032220664237,0
ENSG00000173432,SAA1,0.01221153436520702,0,0,0,0,0,0.10043523385541989,0
ENSG00000170558,CDH2,0.012209776556260989,0,0,0,0,0,0.1004207765442182,0
ENSG00000007952,NOX1,0.012203937445971837,0,0,0,0,0,0.1003727520789987,0
ENSG00000175832,ETV4,0.012196135204595159,0,0,0,0,0,0.10030858160591748,0
ENSG00000064012,CASP8,0.012155667886606299,0,0,0,0,0,0.09997575327950396,0
ENSG00000136488,CSH1,0.01214110887067544,0,0,0,0,0,0.09985601090102886,0
ENSG00000087470,DNM1L,0.01211400634799856,0,0,0,0,0,0.09963310294190457,0
ENSG00000100385,IL2RB,0.012083208026774834,0,0,0,0,0,0.09937979844289972,0
ENSG00000167081,PBX3,0.012011345277252809,0,0,0,0,0,0.09878875461188842,0
ENSG00000006128,TAC1,0.011988421315830954,0,0,0,0,0,0.09860021373263116,0
ENSG00000007062,PROM1,0.01196412118470976,0,0,0,0,0,0.09840035438008099,0
ENSG00000087085,ACHE,0.011949748634805357,0,0,0,0,0,0.09828214561387873,0
ENSG00000099985,OSM,0.011898418099432482,0,0,0,0,0,0.09785997144887067,0
ENSG00000075624,ACTB,0.011877905788960313,0,0,0,0,0,0.09769126548305387,0
ENSG00000158710,TAGLN2,0.011867619778208757,0,0,0,0,0,0.09760666694986583,0
ENSG00000173801,JUP,0.011854889805436284,0,0,0,0,0,0.09750196775694384,0
ENSG00000135439,AGAP2,0.011826555349910457,0,0,0,0,0,0.09726892761785938,0
ENSG00000139514,SLC7A1,0.011826555349910457,0,0,0,0,0,0.09726892761785938,0
ENSG00000112033,PPARD,0.011826555349910457,0,0,0,0,0,0.09726892761785938,0
ENSG00000179546,HTR1D,0.011826555349910457,0,0,0,0,0,0.09726892761785938,0
ENSG00000210082,MT-RNR2,0.011826555349910457,0,0,0,0,0,0.09726892761785938,0
ENSG00000108840,HDAC5,0.011826555349910457,0,0,0,0,0,0.09726892761785938,0
ENSG00000183963,SMTN,0.011826555349910457,0,0,0,0,0,0.09726892761785938,0
ENSG00000110013,SIAE,0.011826555349910457,0,0,0,0,0,0.09726892761785938,0
ENSG00000164252,AGGF1,0.011826555349910457,0,0,0,0,0,0.09726892761785938,0
ENSG00000168214,RBPJ,0.011826555349910457,0,0,0,0,0,0.09726892761785938,0
ENSG00000131477,RAMP2,0.011826555349910457,0,0,0,0,0,0.09726892761785938,0
ENSG00000100320,RBFOX2,0.011826555349910457,0,0,0,0,0,0.09726892761785938,0
ENSG00000106299,WASL,0.011826555349910457,0,0,0,0,0,0.09726892761785938,0
ENSG00000205213,LGR4,0.011826555349910457,0,0,0,0,0,0.09726892761785938,0
ENSG00000156273,BACH1,0.011826555349910457,0,0,0,0,0,0.09726892761785938,0
ENSG00000154767,XPC,0.011826555349910457,0,0,0,0,0,0.09726892761785938,0
ENSG00000101938,CHRDL1,0.011826555349910457,0,0,0,0,0,0.09726892761785938,0
ENSG00000126012,KDM5C,0.011826555349910457,0,0,0,0,0,0.09726892761785938,0
ENSG00000129682,FGF13,0.011826555349910457,0,0,0,0,0,0.09726892761785938,0
ENSG00000119522,DENND1A,0.011826555349910457,0,0,0,0,0,0.09726892761785938,0
ENSG00000186188,FFAR4,0.011826555349910457,0,0,0,0,0,0.09726892761785938,0
ENSG00000089280,FUS,0.011826555349910457,0,0,0,0,0,0.09726892761785938,0
ENSG00000140931,CMTM3,0.011826555349910457,0,0,0,0,0,0.09726892761785938,0
ENSG00000124256,ZBP1,0.011826555349910457,0,0,0,0,0,0.09726892761785938,0
ENSG00000070031,SCT,0.011826555349910457,0,0,0,0,0,0.09726892761785938,0
ENSG00000154764,WNT7A,0.011826555349910457,0,0,0,0,0,0.09726892761785938,0
ENSG00000110013,SIAE,0.011826555349910457,0,0,0,0,0,0.09726892761785938,0
ENSG00000164252,AGGF1,0.011826555349910457,0,0,0,0,0,0.09726892761785938,0
ENSG00000154175,ABI3BP,0.011806023135761307,0,0,0,0,0,0.09710005795185614,0
ENSG00000004776,HSPB6,0.011785490921612157,0,0,0,0,0,0.09693118828585291,0
ENSG00000204520,MICA,0.011703362065015557,0,0,0,0,0,0.09625570962184,0
ENSG00000103415,HMOX2,0.011682829850866407,0,0,0,0,0,0.09608683995583678,0
ENSG00000164442,CITED2,0.011621233208418956,0,0,0,0,0,0.09558023095782708,0
ENSG00000106484,MEST,0.011621233208418956,0,0,0,0,0,0.09558023095782708,0
ENSG00000165953,SERPINA12,0.011600700994269806,0,0,0,0,0,0.09541136129182386,0
ENSG00000196139,AKR1C3,0.011545674660350086,0,0,0,0,0,0.09495879058693521,0
ENSG00000012223,LTF,0.01152964696257039,0,0,0,0,0,0.09482696885786127,0
ENSG00000211448,DIO2,0.011518572137673207,0,0,0,0,0,0.09473588262781096,0
ENSG00000167601,AXL,0.011473962992539883,0,0,0,0,0,0.09436898934564315,0
ENSG00000123146,ADGRE5,0.011456975495225754,0,0,0,0,0,0.09422927362980127,0
ENSG00000292332,IL3RA,0.011456975495225754,0,0,0,0,0,0.09422927362980127,0
ENSG00000101076,HNF4A,0.011456975495225754,0,0,0,0,0,0.09422927362980127,0
ENSG00000164120,HPGD,0.011456975495225754,0,0,0,0,0,0.09422927362980127,0
ENSG00000269821,KCNQ1OT1,0.011456975495225754,0,0,0,0,0,0.09422927362980127,0
ENSG00000185291,IL3RA,0.011456975495225754,0,0,0,0,0,0.09422927362980127,0
ENSG00000105281,SLC1A5,0.011426177174002032,0,0,0,0,0,0.09397596913079644,0
ENSG00000134548,SPX,0.011426177174002032,0,0,0,0,0,0.09397596913079644,0
ENSG00000185010,F8,0.011356057916746107,0,0,0,0,0,0.08580012989158468,0
ENSG00000105369,CD79A,0.011306987306369816,0,0,0,0,0,0.09299567772180319,0
ENSG00000175197,DDIT3,0.011285120862797367,0,0,0,0,0,0.09281583452535423,0
ENSG00000134318,ROCK2,0.011251653353734256,0,0,0,0,0,0.09254057696976899,0
ENSG00000091583,APOH,0.011167591260303445,0,0,0,0,0,0.09184919816677804,0
ENSG00000136999,CCN3,0.01116006710788569,0,0,0,0,0,0.09178731486980315,0
ENSG00000126759,CFP,0.01111573009606688,0,0,0,0,0,0.0914226597808276,0
ENSG00000173372,C1QA,0.011087395640541052,0,0,0,0,0,0.09118961964174316,0
ENSG00000151376,ME3,0.011087395640541052,0,0,0,0,0,0.09118961964174316,0
ENSG00000143632,ACTA1,0.011087395640541052,0,0,0,0,0,0.09118961964174316,0
ENSG00000091181,IL5RA,0.011087395640541052,0,0,0,0,0,0.09118961964174316,0
ENSG00000105953,OGDH,0.011087395640541052,0,0,0,0,0,0.09118961964174316,0
ENSG00000221823,PPP3R1,0.011087395640541052,0,0,0,0,0,0.09118961964174316,0
ENSG00000118058,KMT2A,0.011087395640541052,0,0,0,0,0,0.09118961964174316,0
ENSG00000117519,CNN3,0.011087395640541052,0,0,0,0,0,0.09118961964174316,0
ENSG00000128268,MGAT3,0.011087395640541052,0,0,0,0,0,0.09118961964174316,0
ENSG00000205809,KLRC2,0.011087395640541052,0,0,0,0,0,0.09118961964174316,0
ENSG00000143217,NECTIN4,0.011087395640541052,0,0,0,0,0,0.09118961964174316,0
ENSG00000108883,EFTUD2,0.011087395640541052,0,0,0,0,0,0.09118961964174316,0
ENSG00000233056,ERVH48-1,0.01097446846272073,0,0,0,0,0,0.0902608364787254,0
ENSG00000163531,NFASC,0.010964202355646154,0,0,0,0,0,0.0901764016457238,0
ENSG00000141646,SMAD4,0.010964202355646154,0,0,0,0,0,0.0901764016457238,0
ENSG00000081237,PTPRC,0.010958646087082524,0,0,0,0,0,0.09013070344631148,0
ENSG00000111640,GAPDH,0.01093751047725226,0,0,0,0,0,0.08995687107991959,0
ENSG00000134644,PUM1,0.010930940168724531,0,0,0,0,0,0.08990283278679857,0
ENSG00000197548,ATG7,0.01088207349904955,0,0,0,0,0,0.08950092298171086,0
ENSG00000104687,GSR,0.010767074243699278,0,0,0,0,0,0.08855509776770565,0
ENSG00000076706,MCAM,0.01074615024138218,0,0,0,0,0,0.08838300579276952,0
ENSG00000172572,PDE3A,0.010717815785856354,0,0,0,0,0,0.08814996565368506,0
ENSG00000167004,PDIA3,0.010717815785856354,0,0,0,0,0,0.08814996565368506,0
ENSG00000198502,HLA-DRB5,0.010717815785856354,0,0,0,0,0,0.08814996565368506,0
ENSG00000164451,CALHM4,0.010717815785856354,0,0,0,0,0,0.08814996565368506,0
ENSG00000143603,KCNN3,0.010717815785856354,0,0,0,0,0,0.08814996565368506,0
ENSG00000266412,NCOA4,0.010717815785856353,0,0,0,0,0,0.08814996565368505,0
ENSG00000103202,NME4,0.010717815785856353,0,0,0,0,0,0.08814996565368505,0
ENSG00000107014,RLN2,0.010607557795875416,0,0,0,0,0,0.08724313554724772,0
ENSG00000245532,NEAT1,0.010586602366699926,0,0,0,0,0,0.087070785098333,0
ENSG00000134121,CHL1,0.010533025858514003,0,0,0,0,0,0.086630138659656,0
ENSG00000129465,RIPK3,0.010533025858514001,0,0,0,0,0,0.08663013865965599,0
ENSG00000106683,LIMK1,0.010512493644364851,0,0,0,0,0,0.08646126899365278,0
ENSG00000117713,ARID1A,0.010409832573619101,0,0,0,0,0,0.08561692066363663,0
ENSG00000121361,KCNJ8,0.010402235654383914,0,0,0,0,0,0.08555443888721544,0
ENSG00000169896,ITGAM,0.010351587906247444,0,0,0,0,0,0.08513788038799602,0
ENSG00000135679,MDM2,0.010350905119011038,0,0,0,0,0,0.08513226472220735,0
ENSG00000168743,NPNT,0.010348235931171651,0,0,0,0,0,0.08511031166562696,0
ENSG00000164885,CDK5,0.010348235931171651,0,0,0,0,0,0.08511031166562696,0
ENSG00000115474,KCNJ13,0.010348235931171651,0,0,0,0,0,0.08511031166562696,0
ENSG00000175868,CALCB,0.010348235931171651,0,0,0,0,0,0.08511031166562696,0
ENSG00000126016,AMOT,0.010348235931171651,0,0,0,0,0,0.08511031166562696,0
ENSG00000145390,USP53,0.010348235931171651,0,0,0,0,0,0.08511031166562696,0
ENSG00000171992,SYNPO,0.0103277037170225,0,0,0,0,0,0.08494144199962372,0
ENSG00000161956,SENP3,0.0103277037170225,0,0,0,0,0,0.08494144199962372,0
ENSG00000112561,TFEB,0.010320106797787313,0,0,0,0,0,0.08487896022320252,0
ENSG00000196083,IL1RAP,0.010317437609947924,0,0,0,0,0,0.08485700716662212,0
ENSG00000198836,OPA1,0.010258510155339861,0,0,0,0,0,0.08437235122519282,0
ENSG00000271503,CCL5,0.010250871566418369,0,0,0,0,0,0.08430952673142228,0
ENSG00000073050,XRCC1,0.010235308753351326,0,0,0,0,0,0.0841815285026092,0
ENSG00000168404,MLKL,0.010227917156257631,0,0,0,0,0,0.08412073542284804,0
ENSG00000168615,ADAM9,0.01019937737859031,0,0,0,0,0,0.08388600658710353,0
ENSG00000130829,DUSP9,0.010163446003829301,0,0,0,0,0,0.08359048467159791,0
ENSG00000118217,ATF6,0.010163446003829301,0,0,0,0,0,0.08359048467159791,0
ENSG00000073921,PICALM,0.010163446003829301,0,0,0,0,0,0.08359048467159791,0
ENSG00000179593,ALOX15B,0.010163446003829301,0,0,0,0,0,0.08359048467159791,0
ENSG00000171867,PRNP,0.010163446003829301,0,0,0,0,0,0.08359048467159791,0
ENSG00000203710,CR1,0.01012381883052144,0,0,0,0,0,0.08326456621621167,0
ENSG00000101158,NELFCD,0.010076678542934106,0,0,0,0,0,0.08287685524834712,0
ENSG00000162775,RBM15,0.01006078493308355,0,0,0,0,0,0.08274613634158175,0
ENSG00000160179,ABCG1,0.010050518826008974,0,0,0,0,0,0.08266170150858014,0
ENSG00000197122,SRC,0.009992034490104232,0,0,0,0,0,0.08218069005024878,0
ENSG00000123124,WWP1,0.00997865607648695,0,0,0,0,0,0.08207065767756885,0
ENSG00000139193,CD27,0.00997865607648695,0,0,0,0,0,0.08207065767756885,0
ENSG00000116473,RAP1A,0.00997865607648695,0,0,0,0,0,0.08207065767756885,0
ENSG00000107957,SH3PXD2A,0.00997865607648695,0,0,0,0,0,0.08207065767756885,0
ENSG00000080618,CPB2,0.00997865607648695,0,0,0,0,0,0.08207065767756885,0
ENSG00000251493,FOXD1,0.00997865607648695,0,0,0,0,0,0.08207065767756885,0
ENSG00000204403,CASP12,0.00997865607648695,0,0,0,0,0,0.08207065767756885,0
ENSG00000145708,CRHBP,0.00997865607648695,0,0,0,0,0,0.08207065767756885,0
ENSG00000116260,QSOX1,0.009939028903179088,0,0,0,0,0,0.08174473922218262,0
ENSG00000158828,PINK1,0.00992999472895346,0,0,0,0,0,0.08167043656914118,0
ENSG00000228630,HOTAIR,0.009898956549712215,0,0,0,0,0,0.08141515932900804,0
ENSG00000090534,THPO,0.009887069830638383,0,0,0,0,0,0.08131739557760301,0
ENSG00000176533,GNG7,0.009883797247117874,0,0,0,0,0,0.08129047982063392,0
ENSG00000106483,SFRP4,0.0098349305774429,0,0,0,0,0,0.08088857001554625,0
ENSG00000137203,TFAP2A,0.009824664470368323,0,0,0,0,0,0.08080413518254463,0
ENSG00000066044,ELAVL1,0.009824664470368323,0,0,0,0,0,0.08080413518254463,0
ENSG00000231389,HLA-DPA1,0.009814398363293746,0,0,0,0,0,0.08071970034954301,0
ENSG00000138061,CYP1B1,0.009742535613771723,0,0,0,0,0,0.08012865651853172,0
ENSG00000100353,EIF3D,0.009742535613771723,0,0,0,0,0,0.08012865651853172,0
ENSG00000023318,ERP44,0.009732269506697146,0,0,0,0,0,0.0800442216855301,0
ENSG00000167633,KIR3DL1,0.009725268051565329,0,0,0,0,0,0.07998663737528193,0
ENSG00000173511,VEGFB,0.009719539533924673,0,0,0,0,0,0.0799395224926081,0
ENSG00000105398,SULT2A1,0.00971736479532398,0,0,0,0,0,0.07992163609329062,0
ENSG00000163131,CTSS,0.009692642333389288,0,0,0,0,0,0.07971830323014388,0
ENSG00000168209,DDIT4,0.009678475105626375,0,0,0,0,0,0.07960178316060165,0
ENSG00000154153,RETREG1,0.009660406757175125,0,0,0,0,0,0.07945317785451882,0
ENSG00000197930,ERO1A,0.009650140650100548,0,0,0,0,0,0.0793687430215172,0
ENSG00000101412,E2F1,0.009639874543025971,0,0,0,0,0,0.07928430818851558,0
ENSG00000188157,AGRN,0.009609076221802246,0,0,0,0,0,0.07903100368951074,0
ENSG00000122862,SRGN,0.009609076221802246,0,0,0,0,0,0.07903100368951074,0
ENSG00000132855,ANGPTL3,0.009609076221802246,0,0,0,0,0,0.07903100368951074,0
ENSG00000104325,DECR1,0.009609076221802246,0,0,0,0,0,0.07903100368951074,0
ENSG00000290738,URAHP,0.009609076221802246,0,0,0,0,0,0.07903100368951074,0
ENSG00000198431,TXNRD1,0.009609076221802246,0,0,0,0,0,0.07903100368951074,0
ENSG00000170421,KRT8,0.009609076221802246,0,0,0,0,0,0.07903100368951074,0
ENSG00000134308,YWHAQ,0.009609076221802246,0,0,0,0,0,0.07903100368951074,0
ENSG00000100031,GGT1,0.009609076221802246,0,0,0,0,0,0.07903100368951074,0
ENSG00000134028,ADAMDEC1,0.009609076221802246,0,0,0,0,0,0.07903100368951074,0
ENSG00000102981,PARD6A,0.009609076221802246,0,0,0,0,0,0.07903100368951074,0
ENSG00000069696,DRD4,0.009609076221802246,0,0,0,0,0,0.07903100368951074,0
ENSG00000184845,DRD1,0.009609076221802246,0,0,0,0,0,0.07903100368951074,0
ENSG00000117632,STMN1,0.009609076221802246,0,0,0,0,0,0.07903100368951074,0
ENSG00000138166,DUSP5,0.009609076221802246,0,0,0,0,0,0.07903100368951074,0
ENSG00000151923,TIAL1,0.009609076221802246,0,0,0,0,0,0.07903100368951074,0
ENSG00000184988,TMEM106A,0.009609076221802246,0,0,0,0,0,0.07903100368951074,0
ENSG00000126878,AIF1L,0.009609076221802246,0,0,0,0,0,0.07903100368951074,0
ENSG00000122729,ACO1,0.009609076221802246,0,0,0,0,0,0.07903100368951074,0
ENSG00000072310,SREBF1,0.009609076221802246,0,0,0,0,0,0.07903100368951074,0
ENSG00000110492,MDK,0.009609076221802246,0,0,0,0,0,0.07903100368951074,0
ENSG00000077463,SIRT6,0.009609076221802246,0,0,0,0,0,0.07903100368951074,0
ENSG00000162892,IL24,0.009609076221802246,0,0,0,0,0,0.07903100368951074,0
ENSG00000222019,URAHP,0.009609076221802246,0,0,0,0,0,0.07903100368951074,0
ENSG00000213413,PVRIG,0.009609076221802246,0,0,0,0,0,0.07903100368951074,0
ENSG00000134460,IL2RA,0.009591418517633976,0,0,0,0,0,0.07888577577674796,0
ENSG00000196735,HLA-DQA1,0.009588544007653096,0,0,0,0,0,0.0788621340235075,0
ENSG00000243130,PSG11,0.009555281820731473,0,0,0,0,0,0.07858856516458228,0
ENSG00000020181,ADGRA2,0.009547479579354796,0,0,0,0,0,0.07852439469150105,0
ENSG00000151012,SLC7A11,0.009496149043981921,0,0,0,0,0,0.07810222052649297,0
ENSG00000094631,HDAC6,0.009485882936907346,0,0,0,0,0,0.07801778569349137,0
ENSG00000198691,ABCA4,0.009485882936907346,0,0,0,0,0,0.07801778569349137,0
ENSG00000118520,ARG1,0.009452620749985721,0,0,0,0,0,0.07774421683456613,0
ENSG00000136997,MYC,0.009439685455071756,0,0,0,0,0,0.0776378289449841,0
ENSG00000104921,FCER2,0.009424286294459896,0,0,0,0,0,0.07751117669548169,0
ENSG00000172724,CCL19,0.009424286294459896,0,0,0,0,0,0.07751117669548169,0
ENSG00000187764,SEMA4D,0.009424286294459896,0,0,0,0,0,0.07751117669548169,0
ENSG00000110218,PANX1,0.009403754080310744,0,0,0,0,0,0.07734230702947845,0
ENSG00000205866,FAM99A,0.009403754080310744,0,0,0,0,0,0.07734230702947845,0
ENSG00000185728,YTHDF3,0.009403754080310744,0,0,0,0,0,0.07734230702947845,0
ENSG00000104432,IL7,0.009403754080310744,0,0,0,0,0,0.07734230702947845,0
ENSG00000224389,C4B,0.009396651610314253,0,0,0,0,0,0.07728389191032019,0
ENSG00000138398,PPIG,0.00935466951775092,0,0,0,0,0,0.07693860513813931,0
ENSG00000164093,PITX2,0.009350351467407921,0,0,0,0,0,0.07690309081348293,0
ENSG00000168685,IL7R,0.009324294411553536,0,0,0,0,0,0.07668878142204598,0
ENSG00000028137,TNFRSF1B,0.009292264157480861,0,0,0,0,0,0.07642534474308094,0
ENSG00000196498,NCOR2,0.009283229983255236,0,0,0,0,0,0.07635104209003953,0
ENSG00000130649,CYP2E1,0.009239496367117545,0,0,0,0,0,0.07599134970145263,0
ENSG00000011304,PTBP1,0.009239496367117545,0,0,0,0,0,0.07599134970145263,0
ENSG00000125388,GRK4,0.009239496367117545,0,0,0,0,0,0.07599134970145263,0
ENSG00000163930,BAP1,0.009239496367117545,0,0,0,0,0,0.07599134970145263,0
ENSG00000108773,KAT2A,0.009239496367117545,0,0,0,0,0,0.07599134970145263,0
ENSG00000077279,DCX,0.009239496367117545,0,0,0,0,0,0.07599134970145263,0
ENSG00000124422,USP22,0.009239496367117545,0,0,0,0,0,0.07599134970145263,0
ENSG00000100968,NFATC4,0.009239496367117545,0,0,0,0,0,0.07599134970145263,0
ENSG00000247095,MIR210HG,0.009239496367117545,0,0,0,0,0,0.07599134970145263,0
ENSG00000108379,WNT3,0.009239496367117545,0,0,0,0,0,0.07599134970145263,0
ENSG00000120093,HOXB3,0.009239496367117545,0,0,0,0,0,0.07599134970145263,0
ENSG00000176998,HCG4,0.009239496367117545,0,0,0,0,0,0.07599134970145263,0
ENSG00000005893,LAMP2,0.009239496367117545,0,0,0,0,0,0.07599134970145263,0
ENSG00000128610,FEZF1,0.009239496367117545,0,0,0,0,0,0.07599134970145263,0
ENSG00000174640,SLCO2A1,0.009239496367117545,0,0,0,0,0,0.07599134970145263,0
ENSG00000171408,PDE7B,0.009239496367117545,0,0,0,0,0,0.07599134970145263,0
ENSG00000163602,RYBP,0.009239496367117545,0,0,0,0,0,0.07599134970145263,0
ENSG00000099834,CDHR5,0.009239496367117545,0,0,0,0,0,0.07599134970145263,0
ENSG00000175567,UCP2,0.009239496367117545,0,0,0,0,0,0.07599134970145263,0
ENSG00000153250,RBMS1,0.009239496367117545,0,0,0,0,0,0.07599134970145263,0
ENSG00000119699,TGFB3,0.009222339397559648,0,0,0,0,0,0.07585024014074851,0
ENSG00000163072,NOSTRIN,0.009218964152968395,0,0,0,0,0,0.0758224800354494,0
ENSG00000023445,BIRC3,0.009218964152968395,0,0,0,0,0,0.0758224800354494,0
ENSG00000166311,SMPD1,0.009149770591285758,0,0,0,0,0,0.07525338926101853,0
ENSG00000204941,PSG5,0.009124105323599321,0,0,0,0,0,0.07504230217851449,0
ENSG00000145388,METTL14,0.00908550476099892,0,0,0,0,0,0.07472482720642842,0
ENSG00000105483,CARD8,0.009054706439775195,0,0,0,0,0,0.07447152270742358,0
ENSG00000258289,CHURC1,0.009054706439775195,0,0,0,0,0,0.07447152270742358,0
ENSG00000126432,PRDX5,0.009049573386237906,0,0,0,0,0,0.07442930529092277,0
ENSG00000189430,NCR1,0.009009317675762218,0,0,0,0,0,0.07409821735596502,0
ENSG00000165995,CACNB2,0.008993109797327745,0,0,0,0,0,0.0739649137094139,0
ENSG00000135346,CGA,0.008986218934844423,0,0,0,0,0,0.0739082389817114,0
ENSG00000159339,PADI4,0.008980379824555271,0,0,0,0,0,0.0738602145164919,0
ENSG00000233276,GPX1,0.008974014838169035,0,0,0,0,0,0.0738078649200309,0
ENSG00000259706,HSP90B2P,0.008972883820454254,0,0,0,0,0,0.07379856272873524,0
ENSG00000114861,FOXP1,0.00894177926195487,0,0,0,0,0,0.07354273954440584,0
ENSG00000091542,ALKBH5,0.008939315396256971,0,0,0,0,0,0.07352247518448544,0
ENSG00000275302,CCL4,0.00887771875380952,0,0,0,0,0,0.07301586618647575,0
ENSG00000115665,SLC5A7,0.008869916512432843,0,0,0,0,0,0.07295169571339452,0
ENSG00000118985,ELL2,0.008869916512432843,0,0,0,0,0,0.07295169571339452,0
ENSG00000073849,ST6GAL1,0.008869916512432843,0,0,0,0,0,0.07295169571339452,0
ENSG00000122863,CHST3,0.008869916512432843,0,0,0,0,0,0.07295169571339452,0
ENSG00000092096,SLC22A17,0.008869916512432843,0,0,0,0,0,0.07295169571339452,0
ENSG00000125686,MED1,0.008869916512432843,0,0,0,0,0,0.07295169571339452,0
ENSG00000164117,FBXO8,0.008869916512432843,0,0,0,0,0,0.07295169571339452,0
ENSG00000130948,HSD17B3,0.008869916512432843,0,0,0,0,0,0.07295169571339452,0
ENSG00000106100,NOD1,0.008869916512432843,0,0,0,0,0,0.07295169571339452,0
ENSG00000120054,CPN1,0.008869916512432843,0,0,0,0,0,0.07295169571339452,0
ENSG00000187098,MITF,0.008869916512432843,0,0,0,0,0,0.07295169571339452,0
ENSG00000111664,GNB3,0.008866220713885997,0,0,0,0,0,0.07292129917351396,0
ENSG00000178607,ERN1,0.008841787379048506,0,0,0,0,0,0.0727203442709701,0
ENSG00000120949,TNFRSF8,0.008839118191209118,0,0,0,0,0,0.07269839121438969,0
ENSG00000147257,GPC3,0.00879558989721292,0,0,0,0,0,0.07234038752246284,0
ENSG00000055955,ITIH4,0.008746723227537943,0,0,0,0,0,0.07193847771737516,0
ENSG00000132329,RAMP1,0.008726191013388791,0,0,0,0,0,0.07176960805137192,0
ENSG00000196565,HBG2,0.008700525745702355,0,0,0,0,0,0.07155852096886789,0
ENSG00000096264,NCR2,0.008685126585090491,0,0,0,0,0,0.07143186871936547,0
ENSG00000104067,TJP1,0.008664594370941343,0,0,0,0,0,0.07126299905336225,0
ENSG00000221826,PSG3,0.008664594370941343,0,0,0,0,0,0.07126299905336225,0
ENSG00000100697,DICER1,0.008651864398168868,0,0,0,0,0,0.07115829986044024,0
ENSG00000153162,BMP6,0.008644062156792191,0,0,0,0,0,0.07109412938735903,0
ENSG00000140465,CYP1A1,0.00856193330019559,0,0,0,0,0,0.07041865072334609,0
ENSG00000166086,JAM3,0.008500336657748143,0,0,0,0,0,0.06991204172533642,0
ENSG00000121853,GHSR,0.008500336657748143,0,0,0,0,0,0.06991204172533642,0
ENSG00000069869,NEDD4,0.008500336657748143,0,0,0,0,0,0.06991204172533642,0
ENSG00000072832,CRMP1,0.008500336657748143,0,0,0,0,0,0.06991204172533642,0
ENSG00000128573,FOXP2,0.008500336657748143,0,0,0,0,0,0.06991204172533642,0
ENSG00000131914,LIN28A,0.008500336657748143,0,0,0,0,0,0.06991204172533642,0
ENSG00000106031,HOXA13,0.008500336657748143,0,0,0,0,0,0.06991204172533642,0
ENSG00000255346,NOX5,0.008500336657748143,0,0,0,0,0,0.06991204172533642,0
ENSG00000156709,AIFM1,0.008500336657748143,0,0,0,0,0,0.06991204172533642,0
ENSG00000110711,AIP,0.008481241698589432,0,0,0,0,0,0.06975499293595343,0
ENSG00000140479,PCSK6,0.008479804443598991,0,0,0,0,0,0.0697431720593332,0
ENSG00000184895,SRY,0.008460709484440282,0,0,0,0,0,0.0695861232699502,0
ENSG00000156574,NODAL,0.008460709484440282,0,0,0,0,0,0.0695861232699502,0
ENSG00000160255,ITGB2,0.008399112841992832,0,0,0,0,0,0.0690795142719405,0
ENSG00000168397,ATG4B,0.008377143372853241,0,0,0,0,0,0.06889882372931705,0
ENSG00000159128,IFNGR2,0.008315546730405791,0,0,0,0,0,0.06839221473130737,0
ENSG00000004487,KDM1A,0.008315546730405791,0,0,0,0,0,0.06839221473130737,0
ENSG00000142156,COL6A1,0.008315546730405791,0,0,0,0,0,0.06839221473130737,0
ENSG00000135245,HILPDA,0.008315546730405791,0,0,0,0,0,0.06839221473130737,0
ENSG00000261742,LINC00922,0.008315546730405791,0,0,0,0,0,0.06839221473130737,0
ENSG00000197111,PCBP2,0.008315546730405791,0,0,0,0,0,0.06839221473130737,0
ENSG00000136068,FLNB,0.008295014516256641,0,0,0,0,0,0.06822334506530414,0
ENSG00000150995,ITPR1,0.008295014516256641,0,0,0,0,0,0.06822334506530414,0
ENSG00000144136,SLC20A1,0.008284748409182066,0,0,0,0,0,0.06813891023230254,0
ENSG00000170017,ALCAM,0.008202619552585465,0,0,0,0,0,0.06746343156828963,0
ENSG00000105928,GSDME,0.00819235344551089,0,0,0,0,0,0.06737899673528801,0
ENSG00000170893,TRH,0.00819235344551089,0,0,0,0,0,0.06737899673528801,0
ENSG00000138136,LBX1,0.00819235344551089,0,0,0,0,0,0.06737899673528801,0
ENSG00000241635,UGT1A1,0.00819235344551089,0,0,0,0,0,0.06737899673528801,0
ENSG00000166278,C2,0.008143692097977403,0,0,0,0,0,0.06697877562686035,0
ENSG00000164256,PRDM9,0.00813075680306344,0,0,0,0,0,0.06687238773727831,0
ENSG00000105137,SYDE1,0.00813075680306344,0,0,0,0,0,0.06687238773727831,0
ENSG00000116833,NR5A2,0.00813075680306344,0,0,0,0,0,0.06687238773727831,0
ENSG00000137070,IL11RA,0.00813075680306344,0,0,0,0,0,0.06687238773727831,0
ENSG00000126215,XRCC3,0.00813075680306344,0,0,0,0,0,0.06687238773727831,0
ENSG00000099381,SETD1A,0.00813075680306344,0,0,0,0,0,0.06687238773727831,0
ENSG00000182168,UNC5C,0.00813075680306344,0,0,0,0,0,0.06687238773727831,0
ENSG00000175104,TRAF6,0.00813075680306344,0,0,0,0,0,0.06687238773727831,0
ENSG00000242221,PSG2,0.00813075680306344,0,0,0,0,0,0.06687238773727831,0
ENSG00000113578,FGF1,0.00813075680306344,0,0,0,0,0,0.06687238773727831,0
ENSG00000185420,SMYD3,0.00813075680306344,0,0,0,0,0,0.06687238773727831,0
ENSG00000167634,NLRP7,0.00811022458891429,0,0,0,0,0,0.0667035180712751,0
ENSG00000115596,WNT6,0.00811022458891429,0,0,0,0,0,0.0667035180712751,0
ENSG00000106178,CCL24,0.00811022458891429,0,0,0,0,0,0.0667035180712751,0
ENSG00000136048,DRAM1,0.00811022458891429,0,0,0,0,0,0.0667035180712751,0
ENSG00000049540,ELN,0.008076962401992667,0,0,0,0,0,0.06642994921234986,0
ENSG00000213809,KLRK1,0.008017829625243115,0,0,0,0,0,0.06594360457426057,0
ENSG00000136868,SLC31A1,0.00794596687572109,0,0,0,0,0,0.06535256074324927,0
ENSG00000004799,PDK4,0.00794596687572109,0,0,0,0,0,0.06535256074324927,0
ENSG00000213585,VDAC1,0.00794596687572109,0,0,0,0,0,0.06535256074324927,0
ENSG00000143653,SCCPDH,0.00794596687572109,0,0,0,0,0,0.06535256074324927,0
ENSG00000100665,SERPINA4,0.00794596687572109,0,0,0,0,0,0.06535256074324927,0
ENSG00000135414,GDF11,0.00794596687572109,0,0,0,0,0,0.06535256074324927,0
ENSG00000167996,FTH1,0.00794596687572109,0,0,0,0,0,0.06535256074324927,0
ENSG00000173546,CSPG4,0.00794596687572109,0,0,0,0,0,0.06535256074324927,0
ENSG00000160789,LMNA,0.00794596687572109,0,0,0,0,0,0.06535256074324927,0
ENSG00000124942,AHNAK,0.00794596687572109,0,0,0,0,0,0.06535256074324927,0
ENSG00000121058,COIL,0.00794596687572109,0,0,0,0,0,0.06535256074324927,0
ENSG00000116478,HDAC1,0.00794596687572109,0,0,0,0,0,0.06535256074324927,0
ENSG00000076003,MCM6,0.00794596687572109,0,0,0,0,0,0.06535256074324927,0
ENSG00000133661,SFTPD,0.00794596687572109,0,0,0,0,0,0.06535256074324927,0
ENSG00000145391,SETD7,0.00794596687572109,0,0,0,0,0,0.06535256074324927,0
ENSG00000148840,PPRC1,0.00794596687572109,0,0,0,0,0,0.06535256074324927,0
ENSG00000229807,XIST,0.007925434661571938,0,0,0,0,0,0.06518369107724604,0
ENSG00000152661,GJA1,0.007925434661571938,0,0,0,0,0,0.06518369107724604,0
ENSG00000128272,ATF4,0.007925434661571938,0,0,0,0,0,0.06518369107724604,0
ENSG00000110448,CD5,0.007925434661571938,0,0,0,0,0,0.06518369107724604,0
ENSG00000145040,UCN2,0.007925434661571938,0,0,0,0,0,0.06518369107724604,0
ENSG00000105202,FBL,0.007925434661571938,0,0,0,0,0,0.06518369107724603,0
ENSG00000166803,PCLAF,0.007876773314038452,0,0,0,0,0,0.06478346996881838,0
ENSG00000182578,CSF1R,0.00779791704096236,0,0,0,0,0,0.06413490706177456,0
ENSG00000180914,OXTR,0.007797108323139752,0,0,0,0,0,0.05378498862202815,0
ENSG00000128165,ADM2,0.007761176948378739,0,0,0,0,0,0.06383273374922022,0
ENSG00000204370,SDHD,0.007761176948378739,0,0,0,0,0,0.06383273374922022,0
ENSG00000105894,PTN,0.007761176948378739,0,0,0,0,0,0.06383273374922022,0
ENSG00000067900,ROCK1,0.007761176948378739,0,0,0,0,0,0.06383273374922022,0
ENSG00000128016,ZFP36,0.007761176948378739,0,0,0,0,0,0.06383273374922022,0
ENSG00000122592,HOXA7,0.007761176948378739,0,0,0,0,0,0.06383273374922022,0
ENSG00000139644,TMBIM6,0.007761176948378739,0,0,0,0,0,0.06383273374922022,0
ENSG00000158813,EDA,0.007761176948378739,0,0,0,0,0,0.06383273374922022,0
ENSG00000094804,CDC6,0.007761176948378739,0,0,0,0,0,0.06383273374922022,0
ENSG00000155660,PDIA4,0.007761176948378739,0,0,0,0,0,0.06383273374922022,0
ENSG00000122884,P4HA1,0.007761176948378739,0,0,0,0,0,0.06383273374922022,0
ENSG00000253729,PRKDC,0.007761176948378739,0,0,0,0,0,0.06383273374922022,0
ENSG00000149257,SERPINH1,0.007761176948378739,0,0,0,0,0,0.06383273374922022,0
ENSG00000105647,PIK3R2,0.007761176948378739,0,0,0,0,0,0.06383273374922022,0
ENSG00000115758,ODC1,0.007761176948378739,0,0,0,0,0,0.06383273374922022,0
ENSG00000248257,PSG10P,0.007761176948378739,0,0,0,0,0,0.06383273374922022,0
ENSG00000170848,PSG6,0.007761176948378739,0,0,0,0,0,0.06383273374922022,0
ENSG00000229314,ORM1,0.007761176948378739,0,0,0,0,0,0.06383273374922022,0
ENSG00000120057,SFRP5,0.007761176948378739,0,0,0,0,0,0.06383273374922022,0
ENSG00000157193,LRP8,0.007761176948378739,0,0,0,0,0,0.06383273374922022,0
ENSG00000178473,UCN3,0.007761176948378739,0,0,0,0,0,0.06383273374922022,0
ENSG00000145833,DDX46,0.007761176948378739,0,0,0,0,0,0.06383273374922022,0
ENSG00000203875,SNHG5,0.007761176948378739,0,0,0,0,0,0.06383273374922022,0
ENSG00000169057,MECP2,0.007761176948378739,0,0,0,0,0,0.06383273374922022,0
ENSG00000135903,PAX3,0.007761176948378739,0,0,0,0,0,0.06383273374922022,0
ENSG00000205250,E2F4,0.007761176948378739,0,0,0,0,0,0.06383273374922022,0
ENSG00000166856,ACKR5,0.007761176948378737,0,0,0,0,0,0.06383273374922022,0
ENSG00000163235,TGFA,0.007761176948378737,0,0,0,0,0,0.06383273374922022,0
ENSG00000135372,NAT10,0.007730378627155012,0,0,0,0,0,0.06357942925021537,0
ENSG00000234745,HLA-B,0.007730378627155012,0,0,0,0,0,0.06357942925021537,0
ENSG00000162344,FGF19,0.0076379836634838365,0,0,0,0,0,0.06281951575320084,0
ENSG00000162267,ITIH3,0.007635519797785939,0,0,0,0,0,0.06279925139328046,0
ENSG00000055130,CUL1,0.0075558548068872375,0,0,0,0,0,0.06214403708918793,0
ENSG00000163702,IL17RC,0.007463459843216062,0,0,0,0,0,0.061384123592173406,0
ENSG00000186350,RXRA,0.007463459843216062,0,0,0,0,0,0.061384123592173406,0
ENSG00000122133,PAEP,0.007463459843216062,0,0,0,0,0,0.061384123592173406,0
ENSG00000125810,CD93,0.007463459843216062,0,0,0,0,0,0.061384123592173406,0
ENSG00000196218,RYR1,0.007453193736141485,0,0,0,0,0,0.06129968875917179,0
ENSG00000151655,ITIH2,0.007442927629066911,0,0,0,0,0,0.06121525392617018,0
ENSG00000168811,IL12A,0.0073915970936940375,0,0,0,0,0,0.06079307976116211,0
ENSG00000111371,SLC38A1,0.0073915970936940375,0,0,0,0,0,0.06079307976116211,0
ENSG00000152503,TRIM36,0.0073915970936940375,0,0,0,0,0,0.06079307976116211,0
ENSG00000204217,BMPR2,0.0073915970936940375,0,0,0,0,0,0.06079307976116211,0
ENSG00000139187,KLRG1,0.0073915970936940375,0,0,0,0,0,0.06079307976116211,0
ENSG00000213290,PGK1P2,0.0073915970936940375,0,0,0,0,0,0.06079307976116211,0
ENSG00000185551,NR2F2,0.0073915970936940375,0,0,0,0,0,0.06079307976116211,0
ENSG00000114268,PFKFB4,0.0073915970936940375,0,0,0,0,0,0.06079307976116211,0
ENSG00000242689,CNTF,0.0073915970936940375,0,0,0,0,0,0.06079307976116211,0
ENSG00000103381,CPPED1,0.0073915970936940375,0,0,0,0,0,0.06079307976116211,0
ENSG00000105698,USF2,0.0073915970936940375,0,0,0,0,0,0.06079307976116211,0
ENSG00000215182,MUC5AC,0.0073915970936940375,0,0,0,0,0,0.06079307976116211,0
ENSG00000107731,UNC5B,0.0073915970936940375,0,0,0,0,0,0.06079307976116211,0
ENSG00000102144,PGK1,0.0073915970936940375,0,0,0,0,0,0.06079307976116211,0
ENSG00000189067,LITAF,0.0073915970936940375,0,0,0,0,0,0.06079307976116211,0
ENSG00000166411,IDH3A,0.0073915970936940375,0,0,0,0,0,0.06079307976116211,0
ENSG00000136237,RAPGEF5,0.0073915970936940375,0,0,0,0,0,0.06079307976116211,0
ENSG00000228716,DHFR,0.0073915970936940375,0,0,0,0,0,0.06079307976116211,0
ENSG00000204091,TDRG1,0.0073915970936940375,0,0,0,0,0,0.06079307976116211,0
ENSG00000188379,IFNA2,0.0073915970936940375,0,0,0,0,0,0.06079307976116211,0
ENSG00000064042,LIMCH1,0.0073915970936940375,0,0,0,0,0,0.06079307976116211,0
ENSG00000069020,MAST4,0.0073915970936940375,0,0,0,0,0,0.06079307976116211,0
ENSG00000108924,HLF,0.0073915970936940375,0,0,0,0,0,0.06079307976116211,0
ENSG00000114739,ACVR2B,0.0073915970936940375,0,0,0,0,0,0.06079307976116211,0
ENSG00000136936,XPA,0.0073915970936940375,0,0,0,0,0,0.06079307976116211,0
ENSG00000205542,TMSB4X,0.0073915970936940375,0,0,0,0,0,0.06079307976116211,0
ENSG00000146904,EPHA1,0.0073915970936940375,0,0,0,0,0,0.06079307976116211,0
ENSG00000090674,MCOLN1,0.0073915970936940375,0,0,0,0,0,0.06079307976116211,0
ENSG00000134531,EMP1,0.0073915970936940375,0,0,0,0,0,0.06079307976116211,0
ENSG00000175595,ERCC4,0.0073915970936940375,0,0,0,0,0,0.06079307976116211,0
ENSG00000146587,RBAK,0.0073915970936940375,0,0,0,0,0,0.06079307976116211,0
ENSG00000168490,PHYHIP,0.0073915970936940375,0,0,0,0,0,0.06079307976116211,0
ENSG00000196092,PAX5,0.0073915970936940375,0,0,0,0,0,0.06079307976116211,0
ENSG00000015285,WAS,0.0073915970936940375,0,0,0,0,0,0.06079307976116211,0
ENSG00000131467,PSME3,0.0073915970936940375,0,0,0,0,0,0.06079307976116211,0
ENSG00000064300,NGFR,0.0073915970936940375,0,0,0,0,0,0.06079307976116211,0
ENSG00000170365,SMAD1,0.0073915970936940375,0,0,0,0,0,0.06079307976116211,0
ENSG00000004975,DVL2,0.0073915970936940375,0,0,0,0,0,0.06079307976116211,0
ENSG00000078237,TIGAR,0.0073915970936940375,0,0,0,0,0,0.06079307976116211,0
ENSG00000111450,STX2,0.0073915970936940375,0,0,0,0,0,0.06079307976116211,0
ENSG00000152894,PTPRK,0.0073915970936940375,0,0,0,0,0,0.06079307976116211,0
ENSG00000122952,ZWINT,0.0073915970936940375,0,0,0,0,0,0.06079307976116211,0
ENSG00000188064,WNT7B,0.0073915970936940375,0,0,0,0,0,0.06079307976116211,0
ENSG00000231852,CYP21A2,0.0073915970936940375,0,0,0,0,0,0.06079307976116211,0
ENSG00000086758,HUWE1,0.0073915970936940375,0,0,0,0,0,0.06079307976116211,0
ENSG00000116774,OLFML3,0.0073915970936940375,0,0,0,0,0,0.06079307976116211,0
ENSG00000134294,SLC38A2,0.0073915970936940375,0,0,0,0,0,0.06079307976116211,0
ENSG00000134899,ERCC5,0.0073915970936940375,0,0,0,0,0,0.06079307976116211,0
ENSG00000108788,MLX,0.0073915970936940375,0,0,0,0,0,0.06079307976116211,0
ENSG00000141644,MBD1,0.0073915970936940375,0,0,0,0,0,0.06079307976116211,0
ENSG00000186470,BTN3A2,0.0073915970936940375,0,0,0,0,0,0.06079307976116211,0
ENSG00000136002,ARHGEF4,0.0073915970936940375,0,0,0,0,0,0.06079307976116211,0
ENSG00000169877,AHSP,0.0073915970936940375,0,0,0,0,0,0.06079307976116211,0
ENSG00000164934,DCAF13,0.0073915970936940375,0,0,0,0,0,0.06079307976116211,0
ENSG00000174307,PHLDA3,0.0073915970936940375,0,0,0,0,0,0.06079307976116211,0
ENSG00000161714,PLCD3,0.0073915970936940375,0,0,0,0,0,0.06079307976116211,0
ENSG00000196632,WNK3,0.0073915970936940375,0,0,0,0,0,0.06079307976116211,0
ENSG00000204371,EHMT2,0.0073915970936940375,0,0,0,0,0,0.06079307976116211,0
ENSG00000165704,HPRT1,0.0073915970936940375,0,0,0,0,0,0.06079307976116211,0
ENSG00000112964,GHR,0.0073915970936940375,0,0,0,0,0,0.06079307976116211,0
ENSG00000198947,DMD,0.0073915970936940375,0,0,0,0,0,0.06079307976116211,0
ENSG00000164683,HEY1,0.0073915970936940375,0,0,0,0,0,0.06079307976116211,0
ENSG00000063176,SPHK2,0.0073915970936940375,0,0,0,0,0,0.06079307976116211,0
ENSG00000181408,UTS2R,0.0073915970936940375,0,0,0,0,0,0.06079307976116211,0
ENSG00000147162,OGT,0.0073915970936940375,0,0,0,0,0,0.06079307976116211,0
ENSG00000152931,PART1,0.0073915970936940375,0,0,0,0,0,0.06079307976116211,0
ENSG00000167005,NUDT21,0.0073915970936940375,0,0,0,0,0,0.06079307976116211,0
ENSG00000162729,IGSF8,0.0073915970936940375,0,0,0,0,0,0.06079307976116211,0
ENSG00000166741,NNMT,0.0073915970936940375,0,0,0,0,0,0.06079307976116211,0
ENSG00000166233,ARIH1,0.0073915970936940375,0,0,0,0,0,0.06079307976116211,0
ENSG00000111087,GLI1,0.0073915970936940375,0,0,0,0,0,0.06079307976116211,0
ENSG00000148498,PARD3,0.0073915970936940375,0,0,0,0,0,0.06079307976116211,0
ENSG00000124523,SIRT5,0.0073915970936940375,0,0,0,0,0,0.06079307976116211,0
ENSG00000278195,SSTR3,0.0073915970936940375,0,0,0,0,0,0.06079307976116211,0
ENSG00000211623,IGKV2D-26,0.0073915970936940375,0,0,0,0,0,0.06079307976116211,0
ENSG00000189221,MAOA,0.0073915970936940375,0,0,0,0,0,0.06079307976116211,0
ENSG00000147403,RPL10,0.0073915970936940375,0,0,0,0,0,0.06079307976116211,0
ENSG00000138829,FBN2,0.0073915970936940375,0,0,0,0,0,0.06079307976116211,0
ENSG00000047936,ROS1,0.0073915970936940375,0,0,0,0,0,0.06079307976116211,0
ENSG00000172172,MRPL13,0.0073915970936940375,0,0,0,0,0,0.06079307976116211,0
ENSG00000175745,NR2F1,0.0073915970936940375,0,0,0,0,0,0.06079307976116211,0
ENSG00000105552,BCAT2,0.0073915970936940375,0,0,0,0,0,0.06079307976116211,0
ENSG00000104738,MCM4,0.0073915970936940375,0,0,0,0,0,0.06079307976116211,0
ENSG00000100811,YY1,0.0073915970936940375,0,0,0,0,0,0.06079307976116211,0
ENSG00000107611,CUBN,0.0073915970936940375,0,0,0,0,0,0.06079307976116211,0
ENSG00000135457,TFCP2,0.0073915970936940375,0,0,0,0,0,0.06079307976116211,0
ENSG00000251694,USP17L9P,0.0073915970936940375,0,0,0,0,0,0.06079307976116211,0
ENSG00000183864,TOB2,0.0073915970936940375,0,0,0,0,0,0.06079307976116211,0
ENSG00000167635,ZNF146,0.0073915970936940375,0,0,0,0,0,0.06079307976116211,0
ENSG00000115548,KDM3A,0.0073915970936940375,0,0,0,0,0,0.06079307976116211,0
ENSG00000138271,GPR87,0.0073915970936940375,0,0,0,0,0,0.06079307976116211,0
ENSG00000112658,SRF,0.0073915970936940375,0,0,0,0,0,0.06079307976116211,0
ENSG00000137714,FDX1,0.0073915970936940375,0,0,0,0,0,0.06079307976116211,0
ENSG00000128710,HOXD10,0.0073915970936940375,0,0,0,0,0,0.06079307976116211,0
ENSG00000083290,ULK2,0.0073915970936940375,0,0,0,0,0,0.06079307976116211,0
ENSG00000092621,PHGDH,0.0073915970936940375,0,0,0,0,0,0.06079307976116211,0
ENSG00000130826,DKC1,0.0073915970936940375,0,0,0,0,0,0.06079307976116211,0
ENSG00000102218,RP2,0.0073915970936940375,0,0,0,0,0,0.06079307976116211,0
ENSG00000168412,MTNR1A,0.0073915970936940375,0,0,0,0,0,0.06079307976116211,0
ENSG00000076685,NT5C2,0.0073915970936940375,0,0,0,0,0,0.06079307976116211,0
ENSG00000171051,FPR1,0.0073915970936940375,0,0,0,0,0,0.06079307976116211,0
ENSG00000176485,PLAAT3,0.0073915970936940375,0,0,0,0,0,0.06079307976116211,0
ENSG00000163568,AIM2,0.0073915970936940375,0,0,0,0,0,0.06079307976116211,0
ENSG00000175048,ZDHHC14,0.0073915970936940375,0,0,0,0,0,0.06079307976116211,0
ENSG00000168306,ACOX2,0.0073915970936940375,0,0,0,0,0,0.06079307976116211,0
ENSG00000113013,HSPA9,0.0073915970936940375,0,0,0,0,0,0.06079307976116211,0
ENSG00000006327,TNFRSF12A,0.0073915970936940375,0,0,0,0,0,0.06079307976116211,0
ENSG00000188976,NOC2L,0.0073915970936940375,0,0,0,0,0,0.06079307976116211,0
ENSG00000004455,AK2,0.0073915970936940375,0,0,0,0,0,0.06079307976116211,0
ENSG00000143878,RHOB,0.0073915970936940375,0,0,0,0,0,0.06079307976116211,0
ENSG00000187260,WDR86,0.0073915970936940375,0,0,0,0,0,0.06079307976116211,0
ENSG00000105605,CACNG7,0.0073915970936940375,0,0,0,0,0,0.06079307976116211,0
ENSG00000148218,ALAD,0.0073915970936940375,0,0,0,0,0,0.06079307976116211,0
ENSG00000070756,PABPC1,0.0073915970936940375,0,0,0,0,0,0.06079307976116211,0
ENSG00000010278,CD9,0.0073915970936940375,0,0,0,0,0,0.06079307976116211,0
ENSG00000134443,GRP,0.0073915970936940375,0,0,0,0,0,0.06079307976116211,0
ENSG00000126353,CCR7,0.0073915970936940375,0,0,0,0,0,0.06079307976116211,0
ENSG00000145604,SKP2,0.0073915970936940375,0,0,0,0,0,0.06079307976116211,0
ENSG00000177238,TRIM72,0.0073915970936940375,0,0,0,0,0,0.06079307976116211,0
ENSG00000109758,HGFAC,0.0073915970936940375,0,0,0,0,0,0.06079307976116211,0
ENSG00000106852,LHX6,0.0073915970936940375,0,0,0,0,0,0.06079307976116211,0
ENSG00000221914,PPP2R2A,0.0073915970936940375,0,0,0,0,0,0.06079307976116211,0
ENSG00000102683,SGCG,0.0073915970936940375,0,0,0,0,0,0.06079307976116211,0
ENSG00000092445,TYRO3,0.0073915970936940375,0,0,0,0,0,0.06079307976116211,0
ENSG00000292348,CD99,0.0073915970936940375,0,0,0,0,0,0.06079307976116211,0
ENSG00000002586,CD99,0.0073915970936940375,0,0,0,0,0,0.06079307976116211,0
ENSG00000233725,NRAD1,0.0073915970936940375,0,0,0,0,0,0.06079307976116211,0
ENSG00000184574,LPAR5,0.0073915970936940375,0,0,0,0,0,0.06079307976116211,0
ENSG00000236824,BCYRN1,0.0073915970936940375,0,0,0,0,0,0.06079307976116211,0
ENSG00000149177,PTPRJ,0.0073915970936940375,0,0,0,0,0,0.06079307976116211,0
ENSG00000164068,RNF123,0.0073915970936940375,0,0,0,0,0,0.06079307976116211,0
ENSG00000139318,DUSP6,0.0073915970936940375,0,0,0,0,0,0.06079307976116211,0
ENSG00000198612,COPS8,0.0073915970936940375,0,0,0,0,0,0.06079307976116211,0
ENSG00000166619,BLCAP,0.007391597093694037,0,0,0,0,0,0.060793079761162105,0
ENSG00000090316,MAEA,0.007371064879544886,0,0,0,0,0,0.06062421009515888,0
ENSG00000101665,SMAD7,0.007371064879544886,0,0,0,0,0,0.06062421009515888,0
ENSG00000184156,KCNQ3,0.007360798772470311,0,0,0,0,0,0.060539775262157265,0
ENSG00000089041,P2RX7,0.0072730109862393375,0,0,0,0,0,0.05981775405040203,0
ENSG00000077238,IL4R,0.007206807166351686,0,0,0,0,0,0.05927325276713306,0
ENSG00000108468,CBX1,0.007206807166351686,0,0,0,0,0,0.05927325276713306,0
ENSG00000166710,B2M,0.007206807166351686,0,0,0,0,0,0.05927325276713306,0
ENSG00000204475,NCR3,0.007206807166351686,0,0,0,0,0,0.05927325276713306,0
ENSG00000123561,SERPINA7,0.007206807166351686,0,0,0,0,0,0.05927325276713306,0
ENSG00000112936,C7,0.007206807166351686,0,0,0,0,0,0.05927325276713306,0
ENSG00000211445,GPX3,0.007176008845127959,0,0,0,0,0,0.05901994826812821,0
ENSG00000247077,PGAM5,0.007022017239009335,0,0,0,0,0,0.057753425773104,0
ENSG00000143384,MCL1,0.007022017239009335,0,0,0,0,0,0.057753425773104,0
ENSG00000009724,MASP2,0.007022017239009335,0,0,0,0,0,0.057753425773104,0
ENSG00000148814,LRRC27,0.0068372273116669826,0,0,0,0,0,0.056233598779074946,0
ENSG00000134871,COL4A2,0.006824497338894509,0,0,0,0,0,0.05612889958615294,0
ENSG00000167779,IGFBP6,0.006652437384324632,0,0,0,0,0,0.0547137717850459,0
ENSG00000221890,NPTXR,0.006652437384324632,0,0,0,0,0,0.0547137717850459,0
ENSG00000100983,GSS,0.006652437384324632,0,0,0,0,0,0.0547137717850459,0
ENSG00000100450,GZMH,0.006652437384324632,0,0,0,0,0,0.0547137717850459,0
ENSG00000055070,SZRD1,0.006652437384324632,0,0,0,0,0,0.0547137717850459,0
ENSG00000115657,ABCB6,0.006652437384324632,0,0,0,0,0,0.0547137717850459,0
ENSG00000100567,PSMA3,0.006652437384324632,0,0,0,0,0,0.0547137717850459,0
ENSG00000138071,ACTR2,0.006652437384324632,0,0,0,0,0,0.0547137717850459,0
ENSG00000063660,GPC1,0.006652437384324632,0,0,0,0,0,0.0547137717850459,0
ENSG00000006831,ADIPOR2,0.006652437384324632,0,0,0,0,0,0.0547137717850459,0
ENSG00000228285,LYPLA2P1,0.006652437384324632,0,0,0,0,0,0.0547137717850459,0
ENSG00000127533,F2RL3,0.006652437384324632,0,0,0,0,0,0.0547137717850459,0
ENSG00000144597,EAF1,0.006652437384324632,0,0,0,0,0,0.0547137717850459,0
ENSG00000087191,PSMC5,0.006652437384324632,0,0,0,0,0,0.0547137717850459,0
ENSG00000004864,SLC25A13,0.006652437384324632,0,0,0,0,0,0.0547137717850459,0
ENSG00000157766,ACAN,0.006652437384324632,0,0,0,0,0,0.0547137717850459,0
ENSG00000181192,DHTKD1,0.006652437384324632,0,0,0,0,0,0.0547137717850459,0
ENSG00000100983,GSS,0.006652437384324632,0,0,0,0,0,0.0547137717850459,0
ENSG00000100450,GZMH,0.006652437384324632,0,0,0,0,0,0.0547137717850459,0
ENSG00000055070,SZRD1,0.006652437384324632,0,0,0,0,0,0.0547137717850459,0
ENSG00000167779,IGFBP6,0.006652437384324632,0,0,0,0,0,0.0547137717850459,0
ENSG00000221890,NPTXR,0.006652437384324632,0,0,0,0,0,0.0547137717850459,0
ENSG00000115657,ABCB6,0.006652437384324632,0,0,0,0,0,0.0547137717850459,0
ENSG00000100567,PSMA3,0.006652437384324632,0,0,0,0,0,0.0547137717850459,0
ENSG00000138071,ACTR2,0.006652437384324632,0,0,0,0,0,0.0547137717850459,0
ENSG00000085563,ABCB1,0.006631905170175482,0,0,0,0,0,0.054544902119042664,0
ENSG00000169836,TACR3,0.006631905170175482,0,0,0,0,0,0.054544902119042664,0
ENSG00000141753,IGFBP4,0.006601106848951758,0,0,0,0,0,0.054291597620037824,0
ENSG00000143437,ARNT,0.0064830466175941435,0,0,0,0,0,0.053320597040519266,0
ENSG00000069011,PITX1,0.00646764745698228,0,0,0,0,0,0.05319394479101684,0
ENSG00000203857,HSD3B1,0.006287567368150879,0,0,0,0,0,0.051712854430577104,0
ENSG00000049130,KITLG,0.006282857529639931,0,0,0,0,0,0.051674117796987794,0
ENSG00000117594,HSD11B1,0.006282857529639931,0,0,0,0,0,0.051674117796987794,0
ENSG00000152952,PLOD2,0.006282857529639931,0,0,0,0,0,0.051674117796987794,0
ENSG00000066827,ZFAT,0.006262325315490781,0,0,0,0,0,0.05150524813098457,0
ENSG00000115138,POMC,0.006252867926238815,0,0,0,0,0,0.05142746469503165,0
ENSG00000170425,ADORA2B,0.006161101499735472,0,0,0,0,0,0.050672720677588656,0
ENSG00000173039,RELA,0.0061405692855863205,0,0,0,0,0,0.05050385101158543,0
ENSG00000198400,NTRK1,0.006129959810984875,0,0,0,0,0,0.0504165921110401,0
ENSG00000126218,F10,0.006077535388148429,0,0,0,0,0,0.04238628616681025,0
ENSG00000057935,MTA3,0.006069938468913243,0,0,0,0,0,0.04992293936053431,0
ENSG00000167371,PRRT2,0.006059043824670838,0,0,0,0,0,0.04983333504796117,0
ENSG00000198650,TAT,0.00593943739188036,0,0,0,0,0,0.048849617548696656,0
ENSG00000177674,AGTRAP,0.005913277674955229,0,0,0,0,0,0.04863446380892969,0
ENSG00000124701,APOBEC2,0.005913277674955229,0,0,0,0,0,0.04863446380892969,0
ENSG00000174125,TLR1,0.005913277674955229,0,0,0,0,0,0.04863446380892969,0
ENSG00000118804,STBD1,0.005913277674955229,0,0,0,0,0,0.04863446380892969,0
ENSG00000165092,ALDH1A1,0.005913277674955229,0,0,0,0,0,0.04863446380892969,0
ENSG00000140396,NCOA2,0.005913277674955229,0,0,0,0,0,0.04863446380892969,0
ENSG00000186827,TNFRSF4,0.005913277674955229,0,0,0,0,0,0.04863446380892969,0
ENSG00000158769,F11R,0.005913277674955229,0,0,0,0,0,0.04863446380892969,0
ENSG00000173320,STOX2,0.005913277674955229,0,0,0,0,0,0.04863446380892969,0
ENSG00000117400,MPL,0.005913277674955229,0,0,0,0,0,0.04863446380892969,0
ENSG00000213398,LCAT,0.005913277674955229,0,0,0,0,0,0.04863446380892969,0
ENSG00000166340,TPP1,0.005913277674955229,0,0,0,0,0,0.04863446380892969,0
ENSG00000102786,INTS6,0.005913277674955229,0,0,0,0,0,0.04863446380892969,0
ENSG00000125968,ID1,0.005913277674955229,0,0,0,0,0,0.04863446380892969,0
ENSG00000124491,F13A1,0.00590814462141794,0,0,0,0,0,0.04859224639242887,0
ENSG00000184207,PGP,0.005885148541570892,0,0,0,0,0,0.04840311236650526,0
ENSG00000177628,GBA1,0.005826015764821341,0,0,0,0,0,0.047916767728415965,0
ENSG00000166825,ANPEP,0.005803019684974292,0,0,0,0,0,0.04772763370249234,0
ENSG00000115263,GCG,0.005769552175911177,0,0,0,0,0,0.04745237614690708,0
ENSG00000169032,MAP2K1,0.0057438869082247395,0,0,0,0,0,0.04724128906440305,0
ENSG00000104518,GSDMD,0.005715757774840405,0,0,0,0,0,0.04700993762197863,0
ENSG00000108443,RPS6KB1,0.005707955533463728,0,0,0,0,0,0.0469457671488974,0
ENSG00000049860,HEXB,0.005707955533463728,0,0,0,0,0,0.0469457671488974,0
ENSG00000167748,KLK1,0.005707955533463728,0,0,0,0,0,0.0469457671488974,0
ENSG00000002726,AOC1,0.005687423319314578,0,0,0,0,0,0.046776897482894174,0
ENSG00000112116,IL17F,0.005687423319314578,0,0,0,0,0,0.046776897482894174,0
ENSG00000213949,ITGA1,0.005615560569792552,0,0,0,0,0,0.04618585365188288,0
ENSG00000197822,OCLN,0.005613096704094653,0,0,0,0,0,0.04616558929196248,0
ENSG00000101336,HCK,0.005543697820270526,0,0,0,0,0,0.04559480982087158,0
ENSG00000254550,OMP,0.005543697820270526,0,0,0,0,0,0.04559480982087158,0
ENSG00000104998,IL27RA,0.005543697820270526,0,0,0,0,0,0.04559480982087158,0
ENSG00000011600,TYROBP,0.005543697820270526,0,0,0,0,0,0.04559480982087158,0
ENSG00000043462,LCP2,0.005543697820270526,0,0,0,0,0,0.04559480982087158,0
ENSG00000224189,HAGLR,0.005543697820270526,0,0,0,0,0,0.04559480982087158,0
ENSG00000115956,PLEK,0.005543697820270526,0,0,0,0,0,0.04559480982087158,0
ENSG00000132356,PRKAA1,0.005523165606121377,0,0,0,0,0,0.04542594015486835,0
ENSG00000168036,CTNNB1,0.005474504258587891,0,0,0,0,0,0.045025719046440704,0
ENSG00000125498,KIR2DL1,0.005458476560808197,0,0,0,0,0,0.04489389731736675,0
ENSG00000187010,RHD,0.005433439830289591,0,0,0,0,0,0.044687979714434244,0
ENSG00000121594,CD80,0.005387242348454003,0,0,0,0,0,0.04430802296592698,0
ENSG00000102468,HTR2A,0.00537430705354004,0,0,0,0,0,0.04420163507634495,0
ENSG00000090020,SLC9A1,0.005358907892928176,0,0,0,0,0,0.044074982826842524,0
ENSG00000101292,PROKR2,0.005358907892928176,0,0,0,0,0,0.044074982826842524,0
ENSG00000103546,SLC6A2,0.005358907892928176,0,0,0,0,0,0.044074982826842524,0
ENSG00000090554,FLT3LG,0.005358907892928176,0,0,0,0,0,0.044074982826842524,0
ENSG00000180720,CHRM4,0.005358907892928176,0,0,0,0,0,0.044074982826842524,0
ENSG00000167941,SOST,0.005358907892928176,0,0,0,0,0,0.044074982826842524,0
ENSG00000101443,WFDC2,0.005338375678779025,0,0,0,0,0,0.0439061131608393,0
ENSG00000124469,CEACAM8,0.005328109571704451,0,0,0,0,0,0.04382167832783768,0
ENSG00000104689,TNFRSF10A,0.005328109571704451,0,0,0,0,0,0.04382167832783768,0
ENSG00000108576,SLC6A4,0.005245980715107851,0,0,0,0,0,0.043146199663824776,0
ENSG00000277632,CCL3,0.005245980715107851,0,0,0,0,0,0.043146199663824776,0
ENSG00000005844,ITGAL,0.005245980715107851,0,0,0,0,0,0.043146199663824776,0
ENSG00000147852,VLDLR,0.0052357146080332755,0,0,0,0,0,0.043061764830823156,0
ENSG00000092820,EZR,0.0052357146080332755,0,0,0,0,0,0.043061764830823156,0
ENSG00000073060,SCARB1,0.0051741179655858255,0,0,0,0,0,0.04255515583281348,0
ENSG00000163956,LRPAP1,0.0051741179655858255,0,0,0,0,0,0.04255515583281348,0
ENSG00000284040,MIR296,0.0051741179655858255,0,0,0,0,0,0.04255515583281348,0
ENSG00000198963,RORB,0.0051741179655858255,0,0,0,0,0,0.04255515583281348,0
ENSG00000175274,TP53I11,0.0051741179655858255,0,0,0,0,0,0.04255515583281348,0
ENSG00000004468,CD38,0.0051741179655858255,0,0,0,0,0,0.04255515583281348,0
ENSG00000165591,FAAH2,0.0051741179655858255,0,0,0,0,0,0.04255515583281348,0
ENSG00000073712,FERMT2,0.0051741179655858255,0,0,0,0,0,0.04255515583281348,0
ENSG00000108515,ENO3,0.0051741179655858255,0,0,0,0,0,0.04255515583281348,0
ENSG00000186838,SELENOV,0.0051741179655858255,0,0,0,0,0,0.04255515583281348,0
ENSG00000198911,SREBF2,0.0051741179655858255,0,0,0,0,0,0.04255515583281348,0
ENSG00000104825,NFKBIB,0.005174117965585825,0,0,0,0,0,0.04255515583281347,0
ENSG00000115648,MLPH,0.005174117965585825,0,0,0,0,0,0.04255515583281347,0
ENSG00000143793,C1orf35,0.005174117965585825,0,0,0,0,0,0.04255515583281347,0
ENSG00000096060,FKBP5,0.005086856055451937,0,0,0,0,0,0.04183745975229976,0
ENSG00000160862,AZGP1,0.0050611907877655,0,0,0,0,0,0.04162637266979572,0
ENSG00000131269,ABCB7,0.005004727198855337,0,0,0,0,0,0.04116198108828684,0
ENSG00000141837,CACNA1A,0.004989328038243475,0,0,0,0,0,0.04103532883878443,0
ENSG00000123374,CDK2,0.004989328038243475,0,0,0,0,0,0.04103532883878443,0
ENSG00000204531,POU5F1,0.004989328038243475,0,0,0,0,0,0.04103532883878443,0
ENSG00000160181,TFF2,0.004989328038243475,0,0,0,0,0,0.04103532883878443,0
ENSG00000134046,MBD2,0.004989328038243475,0,0,0,0,0,0.04103532883878443,0
ENSG00000204397,CARD16,0.004989328038243475,0,0,0,0,0,0.04103532883878443,0
ENSG00000198848,CES1,0.004989328038243475,0,0,0,0,0,0.04103532883878443,0
ENSG00000173599,PC,0.004989328038243475,0,0,0,0,0,0.04103532883878443,0
ENSG00000061918,GUCY1B1,0.004989328038243475,0,0,0,0,0,0.012158615952232422,0
ENSG00000164171,ITGA2,0.004989328038243475,0,0,0,0,0,0.04103532883878443,0
ENSG00000176076,KCNE5,0.004989328038243475,0,0,0,0,0,0.04103532883878443,0
ENSG00000184995,IFNE,0.004989328038243475,0,0,0,0,0,0.04103532883878443,0
ENSG00000185122,HSF1,0.004968795824094324,0,0,0,0,0,0.04086645917278119,0
ENSG00000147437,GNRH1,0.0049355336371727015,0,0,0,0,0,0.04059289031385596,0
ENSG00000164399,IL3,0.004920134476560839,0,0,0,0,0,0.040466238064353545,0
ENSG00000100453,GZMB,0.00487640086042315,0,0,0,0,0,0.04010654567576667,0
ENSG00000159307,SCUBE1,0.004804538110901123,0,0,0,0,0,0.03951550184475537,0
ENSG00000141655,TNFRSF11A,0.004804538110901123,0,0,0,0,0,0.03951550184475537,0
ENSG00000145423,SFRP2,0.004804538110901123,0,0,0,0,0,0.03951550184475537,0
ENSG00000101182,PSMA7,0.004804538110901123,0,0,0,0,0,0.03951550184475537,0
ENSG00000132906,CASP9,0.004804538110901123,0,0,0,0,0,0.03951550184475537,0
ENSG00000128683,GAD1,0.004804538110901123,0,0,0,0,0,0.03951550184475537,0
ENSG00000145147,SLIT2,0.004804538110901123,0,0,0,0,0,0.03951550184475537,0
ENSG00000103275,UBE2I,0.004804538110901123,0,0,0,0,0,0.03951550184475537,0
ENSG00000099953,MMP11,0.004804538110901123,0,0,0,0,0,0.03951550184475537,0
ENSG00000203859,HSD3B2,0.004804538110901123,0,0,0,0,0,0.03951550184475537,0
ENSG00000265107,GJA5,0.004804538110901123,0,0,0,0,0,0.03951550184475537,0
ENSG00000124479,NDP,0.004804538110901123,0,0,0,0,0,0.03951550184475537,0
ENSG00000133065,SLC41A1,0.004804538110901123,0,0,0,0,0,0.03951550184475537,0
ENSG00000153904,DDAH1,0.004804538110901123,0,0,0,0,0,0.03951550184475537,0
ENSG00000197561,ELANE,0.004795080721649159,0,0,0,0,0,0.03943771840880247,0
ENSG00000114013,CD86,0.004765514333274382,0,0,0,0,0,0.03919454608975781,0
ENSG00000173221,GLRX,0.00475074370983035,0,0,0,0,0,0.039073063319826906,0
ENSG00000166794,PPIB,0.004723846509294965,0,0,0,0,0,0.03885184405736269,0
ENSG00000120211,INSL4,0.004681344826006223,0,0,0,0,0,0.038502283848736,0
ENSG00000005961,ITGA2B,0.004635147344170636,0,0,0,0,0,0.03812232710022874,0
ENSG00000007866,TEAD3,0.004619748183558772,0,0,0,0,0,0.037995674850726316,0
ENSG00000143379,SETDB1,0.004619748183558772,0,0,0,0,0,0.037995674850726316,0
ENSG00000164116,GUCY1A1,0.004619748183558772,0,0,0,0,0,0,0
ENSG00000116285,ERRFI1,0.004619748183558772,0,0,0,0,0,0.037995674850726316,0
ENSG00000143590,EFNA3,0.004607018210786299,0,0,0,0,0,0.03789097565780432,0
ENSG00000104365,IKBKB,0.004588949862335047,0,0,0,0,0,0.037742370351721476,0
ENSG00000221957,KIR2DS4,0.004434958256216422,0,0,0,0,0,0.03647584785669727,0
ENSG00000188822,CNR2,0.0044349582562164215,0,0,0,0,0,0.03647584785669726,0
ENSG00000133316,WDR74,0.0044349582562164215,0,0,0,0,0,0.03647584785669726,0
ENSG00000108679,LGALS3BP,0.0044349582562164215,0,0,0,0,0,0.03647584785669726,0
ENSG00000117399,CDC20,0.0044349582562164215,0,0,0,0,0,0.03647584785669726,0
ENSG00000027697,IFNGR1,0.0044349582562164215,0,0,0,0,0,0.03647584785669726,0
ENSG00000186575,NF2,0.0044349582562164215,0,0,0,0,0,0.03647584785669726,0
ENSG00000139567,ACVRL1,0.0044349582562164215,0,0,0,0,0,0.03647584785669726,0
ENSG00000182393,IFNL1,0.0044349582562164215,0,0,0,0,0,0.03647584785669726,0
ENSG00000163435,ELF3,0.0044349582562164215,0,0,0,0,0,0.03647584785669726,0
ENSG00000184661,CDCA2,0.0044349582562164215,0,0,0,0,0,0.03647584785669726,0
ENSG00000134690,CDCA8,0.0044349582562164215,0,0,0,0,0,0.03647584785669726,0
ENSG00000135423,GLS2,0.0044349582562164215,0,0,0,0,0,0.03647584785669726,0
ENSG00000182580,EPHB3,0.0044349582562164215,0,0,0,0,0,0.03647584785669726,0
ENSG00000143365,RORC,0.0044349582562164215,0,0,0,0,0,0.03647584785669726,0
ENSG00000103260,METRN,0.0044349582562164215,0,0,0,0,0,0.03647584785669726,0
ENSG00000223749,MIR503HG,0.0044349582562164215,0,0,0,0,0,0.03647584785669726,0
ENSG00000102003,SYP,0.0044349582562164215,0,0,0,0,0,0.03647584785669726,0
ENSG00000171094,ALK,0.0044349582562164215,0,0,0,0,0,0.03647584785669726,0
ENSG00000116985,BMP8B,0.0044349582562164215,0,0,0,0,0,0.03647584785669726,0
ENSG00000105829,BET1,0.0044349582562164215,0,0,0,0,0,0.03647584785669726,0
ENSG00000075415,SLC25A3,0.0044349582562164215,0,0,0,0,0,0.03647584785669726,0
ENSG00000170310,STX8,0.0044349582562164215,0,0,0,0,0,0.03647584785669726,0
ENSG00000104267,CA2,0.0044349582562164215,0,0,0,0,0,0.03647584785669726,0
ENSG00000159346,ADIPOR1,0.0044349582562164215,0,0,0,0,0,0.03647584785669726,0
ENSG00000198001,IRAK4,0.0044349582562164215,0,0,0,0,0,0.03647584785669726,0
ENSG00000113555,PCDH12,0.0044349582562164215,0,0,0,0,0,0.03647584785669726,0
ENSG00000172269,DPAGT1,0.0044349582562164215,0,0,0,0,0,0.03647584785669726,0
ENSG00000091127,PUS7,0.0044349582562164215,0,0,0,0,0,0.03647584785669726,0
ENSG00000163453,IGFBP7,0.0044349582562164215,0,0,0,0,0,0.03647584785669726,0
ENSG00000154451,GBP5,0.0044349582562164215,0,0,0,0,0,0.03647584785669726,0
ENSG00000104044,OCA2,0.0044349582562164215,0,0,0,0,0,0.03647584785669726,0
ENSG00000172757,CFL1,0.0044349582562164215,0,0,0,0,0,0.03647584785669726,0
ENSG00000104327,CALB1,0.0044349582562164215,0,0,0,0,0,0.03647584785669726,0
ENSG00000138755,CXCL9,0.0044349582562164215,0,0,0,0,0,0.03647584785669726,0
ENSG00000183735,TBK1,0.0044349582562164215,0,0,0,0,0,0.03647584785669726,0
ENSG00000064666,CNN2,0.0044349582562164215,0,0,0,0,0,0.03647584785669726,0
ENSG00000181634,TNFSF15,0.0044349582562164215,0,0,0,0,0,0.03647584785669726,0
ENSG00000160695,VPS11,0.0044349582562164215,0,0,0,0,0,0.03647584785669726,0
ENSG00000115234,SNX17,0.0044349582562164215,0,0,0,0,0,0.03647584785669726,0
ENSG00000121797,CCRL2,0.0044349582562164215,0,0,0,0,0,0.03647584785669726,0
ENSG00000103512,NOMO1,0.0044349582562164215,0,0,0,0,0,0.03647584785669726,0
ENSG00000010322,NISCH,0.0044349582562164215,0,0,0,0,0,0.03647584785669726,0
ENSG00000169242,EFNA1,0.0044349582562164215,0,0,0,0,0,0.03647584785669726,0
ENSG00000109189,USP46,0.0044349582562164215,0,0,0,0,0,0.03647584785669726,0
ENSG00000110931,CAMKK2,0.0044349582562164215,0,0,0,0,0,0.03647584785669726,0
ENSG00000122126,OCRL,0.0044349582562164215,0,0,0,0,0,0.03647584785669726,0
ENSG00000116017,ARID3A,0.0044349582562164215,0,0,0,0,0,0.03647584785669726,0
ENSG00000148965,SAA4,0.0044349582562164215,0,0,0,0,0,0.03647584785669726,0
ENSG00000145907,G3BP1,0.0044349582562164215,0,0,0,0,0,0.03647584785669726,0
ENSG00000167323,STIM1,0.0044349582562164215,0,0,0,0,0,0.03647584785669726,0
ENSG00000185436,IFNLR1,0.0044349582562164215,0,0,0,0,0,0.03647584785669726,0
ENSG00000115488,NEU2,0.0044349582562164215,0,0,0,0,0,0.03647584785669726,0
ENSG00000137496,IL18BP,0.0044349582562164215,0,0,0,0,0,0.03647584785669726,0
ENSG00000138069,RAB1A,0.0044349582562164215,0,0,0,0,0,0.03647584785669726,0
ENSG00000145386,CCNA2,0.0044349582562164215,0,0,0,0,0,0.03647584785669726,0
ENSG00000187474,FPR3,0.0044349582562164215,0,0,0,0,0,0.03647584785669726,0
ENSG00000204386,NEU1,0.0044349582562164215,0,0,0,0,0,0.03647584785669726,0
ENSG00000109971,HSPA8,0.0044349582562164215,0,0,0,0,0,0.03647584785669726,0
ENSG00000150593,PDCD4,0.0044349582562164215,0,0,0,0,0,0.03647584785669726,0
ENSG00000069482,GAL,0.0044349582562164215,0,0,0,0,0,0.03647584785669726,0
ENSG00000129946,SHC2,0.0044349582562164215,0,0,0,0,0,0.03647584785669726,0
ENSG00000223572,CKMT1A,0.0044349582562164215,0,0,0,0,0,0.03647584785669726,0
ENSG00000168078,PBK,0.0044349582562164215,0,0,0,0,0,0.03647584785669726,0
ENSG00000164050,PLXNB1,0.0044349582562164215,0,0,0,0,0,0.03647584785669726,0
ENSG00000103175,WFDC1,0.0044349582562164215,0,0,0,0,0,0.03647584785669726,0
ENSG00000167114,SLC27A4,0.0044349582562164215,0,0,0,0,0,0.03647584785669726,0
ENSG00000261609,GAN,0.0044349582562164215,0,0,0,0,0,0.03647584785669726,0
ENSG00000170266,GLB1,0.0044349582562164215,0,0,0,0,0,0.03647584785669726,0
ENSG00000176014,TUBB6,0.0044349582562164215,0,0,0,0,0,0.03647584785669726,0
ENSG00000110921,MVK,0.0044349582562164215,0,0,0,0,0,0.03647584785669726,0
ENSG00000166483,WEE1,0.0044144260420672715,0,0,0,0,0,0.03630697819069404,0
ENSG00000072415,PALS1,0.0044144260420672715,0,0,0,0,0,0.03630697819069404,0
ENSG00000274736,CCL23,0.0042501683288740716,0,0,0,0,0,0.03495602086266821,0
ENSG00000164107,HAND2,0.0042501683288740716,0,0,0,0,0,0.03495602086266821,0
ENSG00000105771,SMG9,0.0042501683288740716,0,0,0,0,0,0.03495602086266821,0
ENSG00000181544,FANCB,0.0042501683288740716,0,0,0,0,0,0.03495602086266821,0
ENSG00000180448,ARHGAP45,0.0042501683288740716,0,0,0,0,0,0.03495602086266821,0
ENSG00000165646,SLC18A2,0.0042501683288740716,0,0,0,0,0,0.03495602086266821,0
ENSG00000105516,DBP,0.0042501683288740716,0,0,0,0,0,0.03495602086266821,0
ENSG00000132478,UNK,0.004229636114724921,0,0,0,0,0,0.034787151196664985,0
ENSG00000144895,EIF2A,0.004229636114724921,0,0,0,0,0,0.034787151196664985,0
ENSG00000204936,CD177,0.004229636114724921,0,0,0,0,0,0.034787151196664985,0
ENSG00000100906,NFKBIA,0.004169476727267912,0,0,0,0,0,0.03429236307527553,0
ENSG00000137845,ADAM10,0.004139910338893135,0,0,0,0,0,0.034049190756230883,0
ENSG00000171557,FGG,0.004080777562143582,0,0,0,0,0,0.03356284611814158,0
ENSG00000171855,IFNB1,0.00406537840153172,0,0,0,0,0,0.03343619386863916,0
ENSG00000085662,AKR1B1,0.00406537840153172,0,0,0,0,0,0.03343619386863916,0
ENSG00000175535,PNLIP,0.00406537840153172,0,0,0,0,0,0.03343619386863916,0
ENSG00000137757,CASP5,0.00406537840153172,0,0,0,0,0,0.03343619386863916,0
ENSG00000114423,CBLB,0.00406537840153172,0,0,0,0,0,0.03343619386863916,0
ENSG00000011198,ABHD5,0.00406537840153172,0,0,0,0,0,0.03343619386863916,0
ENSG00000186104,CYP2R1,0.00406537840153172,0,0,0,0,0,0.03343619386863916,0
ENSG00000158773,USF1,0.00406537840153172,0,0,0,0,0,0.03343619386863916,0
ENSG00000213024,NUP62,0.00406537840153172,0,0,0,0,0,0.03343619386863916,0
ENSG00000020426,MNAT1,0.00406537840153172,0,0,0,0,0,0.03343619386863916,0
ENSG00000061656,SPAG4,0.00406537840153172,0,0,0,0,0,0.03343619386863916,0
ENSG00000103257,SLC7A5,0.004034580080307995,0,0,0,0,0,0.033182889369634316,0
ENSG00000169855,ROBO1,0.004034580080307995,0,0,0,0,0,0.033182889369634316,0
ENSG00000168003,SLC3A2,0.003860056260040219,0,0,0,0,0,0.03174749720860688,0
ENSG00000164362,TERT,0.003860056260040219,0,0,0,0,0,0.03174749720860688,0
ENSG00000186318,BACE1,0.0038497901529656437,0,0,0,0,0,0.03166306237560527,0
ENSG00000204444,APOM,0.0038497901529656437,0,0,0,0,0,0.03166306237560527,0
ENSG00000172156,CCL11,0.0037676612963690433,0,0,0,0,0,0.030987583711592354,0
ENSG00000168575,SLC20A2,0.0037676612963690433,0,0,0,0,0,0.030987583711592354,0
ENSG00000133895,MEN1,0.0037573951892944687,0,0,0,0,0,0.03090314887859074,0
ENSG00000166598,HSP90B1,0.0037573951892944687,0,0,0,0,0,0.03090314887859074,0
ENSG00000068305,MEF2A,0.0037573951892944687,0,0,0,0,0,0.03090314887859074,0
ENSG00000171564,FGB,0.0037573951892944687,0,0,0,0,0,0.03090314887859074,0
ENSG00000163638,ADAMTS9,0.0036957985468470188,0,0,0,0,0,0.030396539880581056,0
ENSG00000113494,PRLR,0.0036957985468470188,0,0,0,0,0,0.030396539880581056,0
ENSG00000131037,EPS8L1,0.0036957985468470188,0,0,0,0,0,0.030396539880581056,0
ENSG00000057663,ATG5,0.0036957985468470188,0,0,0,0,0,0.030396539880581056,0
ENSG00000177169,ULK1,0.0036957985468470188,0,0,0,0,0,0.030396539880581056,0
ENSG00000170445,HARS1,0.0036957985468470188,0,0,0,0,0,0.030396539880581056,0
ENSG00000187094,CCK,0.0036957985468470188,0,0,0,0,0,0.030396539880581056,0
ENSG00000165810,BTNL9,0.0036957985468470188,0,0,0,0,0,0.030396539880581056,0
ENSG00000163359,COL6A3,0.0036957985468470188,0,0,0,0,0,0.030396539880581056,0
ENSG00000180370,PAK2,0.0036957985468470188,0,0,0,0,0,0.030396539880581056,0
ENSG00000051108,HERPUD1,0.0036957985468470188,0,0,0,0,0,0.030396539880581056,0
ENSG00000234465,PINLYP,0.0036957985468470188,0,0,0,0,0,0.030396539880581056,0
ENSG00000162777,DENND2D,0.0036957985468470188,0,0,0,0,0,0.030396539880581056,0
ENSG00000182866,LCK,0.0036957985468470188,0,0,0,0,0,0.030396539880581056,0
ENSG00000068796,KIF2A,0.0036957985468470188,0,0,0,0,0,0.030396539880581056,0
ENSG00000189337,KAZN,0.0036957985468470188,0,0,0,0,0,0.030396539880581056,0
ENSG00000147381,MAGEA4,0.0036957985468470188,0,0,0,0,0,0.030396539880581056,0
ENSG00000123496,IL13RA2,0.0036957985468470188,0,0,0,0,0,0.030396539880581056,0
ENSG00000198925,ATG9A,0.0036957985468470188,0,0,0,0,0,0.030396539880581056,0
ENSG00000035403,VCL,0.0036957985468470188,0,0,0,0,0,0.030396539880581056,0
ENSG00000116824,CD2,0.0036957985468470188,0,0,0,0,0,0.030396539880581056,0
ENSG00000197905,TEAD4,0.0036957985468470188,0,0,0,0,0,0.030396539880581056,0
ENSG00000123505,AMD1,0.0036957985468470188,0,0,0,0,0,0.030396539880581056,0
ENSG00000110944,IL23A,0.0036957985468470188,0,0,0,0,0,0.030396539880581056,0
ENSG00000179051,RCC2,0.0036957985468470188,0,0,0,0,0,0.030396539880581056,0
ENSG00000182195,LDOC1,0.0036957985468470188,0,0,0,0,0,0.030396539880581056,0
ENSG00000204792,LINC01291,0.0036957985468470188,0,0,0,0,0,0.030396539880581056,0
ENSG00000105205,CLC,0.0036957985468470188,0,0,0,0,0,0.030396539880581056,0
ENSG00000131018,SYNE1,0.0036957985468470188,0,0,0,0,0,0.030396539880581056,0
ENSG00000157985,AGAP1,0.0036957985468470188,0,0,0,0,0,0.030396539880581056,0
ENSG00000254636,ARMS2,0.0036957985468470188,0,0,0,0,0,0.030396539880581056,0
ENSG00000249861,LGALS16,0.0036957985468470188,0,0,0,0,0,0.030396539880581056,0
ENSG00000125084,WNT1,0.0036957985468470188,0,0,0,0,0,0.030396539880581056,0
ENSG00000169020,ATP5ME,0.0036957985468470188,0,0,0,0,0,0.030396539880581056,0
ENSG00000253309,SERPINE3,0.0036957985468470188,0,0,0,0,0,0.030396539880581056,0
ENSG00000121671,CRY2,0.0036957985468470188,0,0,0,0,0,0.030396539880581056,0
ENSG00000185745,IFIT1,0.0036957985468470188,0,0,0,0,0,0.030396539880581056,0
ENSG00000111732,AICDA,0.0036957985468470188,0,0,0,0,0,0.030396539880581056,0
ENSG00000151882,CCL28,0.0036957985468470188,0,0,0,0,0,0.030396539880581056,0
ENSG00000127415,IDUA,0.0036957985468470188,0,0,0,0,0,0.030396539880581056,0
ENSG00000106682,EIF4H,0.0036957985468470188,0,0,0,0,0,0.030396539880581056,0
ENSG00000141098,GFOD2,0.0036957985468470188,0,0,0,0,0,0.030396539880581056,0
ENSG00000119535,CSF3R,0.0036957985468470188,0,0,0,0,0,0.030396539880581056,0
ENSG00000241837,ATP5PO,0.0036957985468470188,0,0,0,0,0,0.030396539880581056,0
ENSG00000167657,DAPK3,0.0036957985468470188,0,0,0,0,0,0.030396539880581056,0
ENSG00000182199,SHMT2,0.0036957985468470188,0,0,0,0,0,0.030396539880581056,0
ENSG00000136874,STX17,0.0036957985468470188,0,0,0,0,0,0.030396539880581056,0
ENSG00000112186,CAP2,0.0036957985468470188,0,0,0,0,0,0.030396539880581056,0
ENSG00000114942,EEF1B2,0.0036957985468470188,0,0,0,0,0,0.030396539880581056,0
ENSG00000213066,CEP43,0.0036957985468470188,0,0,0,0,0,0.030396539880581056,0
ENSG00000121898,CPXM2,0.0036957985468470188,0,0,0,0,0,0.030396539880581056,0
ENSG00000174951,FUT1,0.0036957985468470188,0,0,0,0,0,0.030396539880581056,0
ENSG00000147862,NFIB,0.0036957985468470188,0,0,0,0,0,0.030396539880581056,0
ENSG00000164508,H2AC1,0.0036957985468470188,0,0,0,0,0,0.030396539880581056,0
ENSG00000198198,SZT2,0.0036957985468470188,0,0,0,0,0,0.030396539880581056,0
ENSG00000187688,TRPV2,0.0036957985468470188,0,0,0,0,0,0.030396539880581056,0
ENSG00000102317,RBM3,0.0036957985468470188,0,0,0,0,0,0.030396539880581056,0
ENSG00000133800,LYVE1,0.0036957985468470188,0,0,0,0,0,0.030396539880581056,0
ENSG00000174547,MRPL11,0.0036957985468470188,0,0,0,0,0,0.030396539880581056,0
ENSG00000090776,EFNB1,0.0036957985468470188,0,0,0,0,0,0.030396539880581056,0
ENSG00000197747,S100A10,0.0036957985468470188,0,0,0,0,0,0.030396539880581056,0
ENSG00000104835,SARS2,0.0036957985468470188,0,0,0,0,0,0.030396539880581056,0
ENSG00000156269,NAA11,0.0036957985468470188,0,0,0,0,0,0.030396539880581056,0
ENSG00000172893,DHCR7,0.0036957985468470188,0,0,0,0,0,0.030396539880581056,0
ENSG00000086102,NFX1,0.0036957985468470188,0,0,0,0,0,0.030396539880581056,0
ENSG00000173660,UQCRH,0.0036957985468470188,0,0,0,0,0,0.030396539880581056,0
ENSG00000188536,HBA2,0.0036957985468470188,0,0,0,0,0,0.030396539880581056,0
ENSG00000126088,UROD,0.0036957985468470188,0,0,0,0,0,0.030396539880581056,0
ENSG00000058668,ATP2B4,0.0036957985468470188,0,0,0,0,0,0.030396539880581056,0
ENSG00000088305,DNMT3B,0.0036957985468470188,0,0,0,0,0,0.030396539880581056,0
ENSG00000173404,INSM1,0.0036957985468470188,0,0,0,0,0,0.030396539880581056,0
ENSG00000115816,CEBPZ,0.0036957985468470188,0,0,0,0,0,0.030396539880581056,0
ENSG00000168016,TRANK1,0.0036957985468470188,0,0,0,0,0,0.030396539880581056,0
ENSG00000167863,ATP5PD,0.0036957985468470188,0,0,0,0,0,0.030396539880581056,0
ENSG00000095066,HOOK2,0.0036957985468470188,0,0,0,0,0,0.030396539880581056,0
ENSG00000185220,PGBD2,0.0036957985468470188,0,0,0,0,0,0.030396539880581056,0
ENSG00000011114,BTBD7,0.0036957985468470188,0,0,0,0,0,0.030396539880581056,0
ENSG00000188846,RPL14,0.0036957985468470188,0,0,0,0,0,0.030396539880581056,0
ENSG00000120265,PCMT1,0.0036957985468470188,0,0,0,0,0,0.030396539880581056,0
ENSG00000089012,SIRPG,0.0036957985468470188,0,0,0,0,0,0.030396539880581056,0
ENSG00000113263,ITK,0.0036957985468470188,0,0,0,0,0,0.030396539880581056,0
ENSG00000078747,ITCH,0.0036957985468470188,0,0,0,0,0,0.030396539880581056,0
ENSG00000125148,MT2A,0.0036957985468470188,0,0,0,0,0,0.030396539880581056,0
ENSG00000163297,ANTXR2,0.0036957985468470188,0,0,0,0,0,0.030396539880581056,0
ENSG00000205978,NYNRIN,0.0036957985468470188,0,0,0,0,0,0.030396539880581056,0
ENSG00000136931,NR5A1,0.0036957985468470188,0,0,0,0,0,0.030396539880581056,0
ENSG00000164588,HCN1,0.0036957985468470188,0,0,0,0,0,0.030396539880581056,0
ENSG00000171346,KRT15,0.0036957985468470188,0,0,0,0,0,0.030396539880581056,0
ENSG00000198643,FAM3D,0.0036957985468470188,0,0,0,0,0,0.030396539880581056,0
ENSG00000138646,HERC5,0.0036957985468470188,0,0,0,0,0,0.030396539880581056,0
ENSG00000181804,SLC9A9,0.0036957985468470188,0,0,0,0,0,0.030396539880581056,0
ENSG00000159261,CLDN14,0.0036957985468470188,0,0,0,0,0,0.030396539880581056,0
ENSG00000153093,ACOXL,0.0036957985468470188,0,0,0,0,0,0.030396539880581056,0
ENSG00000127528,KLF2,0.0036957985468470188,0,0,0,0,0,0.030396539880581056,0
ENSG00000064886,CHI3L2,0.0036957985468470188,0,0,0,0,0,0.030396539880581056,0
ENSG00000038945,MSR1,0.0036957985468470188,0,0,0,0,0,0.030396539880581056,0
ENSG00000074966,TXK,0.0036957985468470188,0,0,0,0,0,0.030396539880581056,0
ENSG00000169583,CLIC3,0.0036957985468470188,0,0,0,0,0,0.030396539880581056,0
ENSG00000205581,HMGN1,0.0036957985468470188,0,0,0,0,0,0.030396539880581056,0
ENSG00000158055,GRHL3,0.0036957985468470188,0,0,0,0,0,0.030396539880581056,0
ENSG00000162512,SDC3,0.0036957985468470188,0,0,0,0,0,0.030396539880581056,0
ENSG00000128626,MRPS12,0.0036957985468470188,0,0,0,0,0,0.030396539880581056,0
ENSG00000085117,CD82,0.0036957985468470188,0,0,0,0,0,0.030396539880581056,0
ENSG00000126267,COX6B1,0.0036957985468470188,0,0,0,0,0,0.030396539880581056,0
ENSG00000183844,FAM3B,0.0036957985468470188,0,0,0,0,0,0.030396539880581056,0
ENSG00000196154,S100A4,0.0036957985468470188,0,0,0,0,0,0.030396539880581056,0
ENSG00000178568,ERBB4,0.0036957985468470188,0,0,0,0,0,0.030396539880581056,0
ENSG00000228126,FALEC,0.0036957985468470188,0,0,0,0,0,0.030396539880581056,0
ENSG00000140287,HDC,0.0036957985468470188,0,0,0,0,0,0.030396539880581056,0
ENSG00000115085,ZAP70,0.0036957985468470188,0,0,0,0,0,0.030396539880581056,0
ENSG00000170961,HAS2,0.0036957985468470188,0,0,0,0,0,0.030396539880581056,0
ENSG00000183696,UPP1,0.0036957985468470188,0,0,0,0,0,0.030396539880581056,0
ENSG00000161647,MPP3,0.0036957985468470188,0,0,0,0,0,0.030396539880581056,0
ENSG00000069535,MAOB,0.0036957985468470188,0,0,0,0,0,0.030396539880581056,0
ENSG00000120471,TP53AIP1,0.0036957985468470188,0,0,0,0,0,0.030396539880581056,0
ENSG00000066056,TIE1,0.0036957985468470188,0,0,0,0,0,0.030396539880581056,0
ENSG00000288892,PEARL1,0.0036957985468470188,0,0,0,0,0,0.030396539880581056,0
ENSG00000198467,TPM2,0.0036957985468470188,0,0,0,0,0,0.030396539880581056,0
ENSG00000082641,NFE2L1,0.0036957985468470188,0,0,0,0,0,0.030396539880581056,0
ENSG00000099624,ATP5F1D,0.0036957985468470188,0,0,0,0,0,0.030396539880581056,0
ENSG00000125877,ITPA,0.0036957985468470188,0,0,0,0,0,0.030396539880581056,0
ENSG00000127152,BCL11B,0.0036957985468470188,0,0,0,0,0,0.030396539880581056,0
ENSG00000171320,ESCO2,0.0036957985468470188,0,0,0,0,0,0.030396539880581056,0
ENSG00000129596,CDO1,0.0036957985468470188,0,0,0,0,0,0.030396539880581056,0
ENSG00000131016,AKAP12,0.0036957985468470188,0,0,0,0,0,0.030396539880581056,0
ENSG00000136848,DAB2IP,0.0036957985468470188,0,0,0,0,0,0.030396539880581056,0
ENSG00000051825,MPHOSPH9,0.0036957985468470188,0,0,0,0,0,0.030396539880581056,0
ENSG00000147613,PSKH2,0.0036957985468470188,0,0,0,0,0,0.030396539880581056,0
ENSG00000069399,BCL3,0.0036957985468470188,0,0,0,0,0,0.030396539880581056,0
ENSG00000164405,UQCRQ,0.0036957985468470188,0,0,0,0,0,0.030396539880581056,0
ENSG00000115226,FNDC4,0.0036957985468470188,0,0,0,0,0,0.030396539880581056,0
ENSG00000169223,LMAN2,0.0036957985468470188,0,0,0,0,0,0.030396539880581056,0
ENSG00000263761,GDF2,0.003675266332697868,0,0,0,0,0,0.030227670214577826,0
ENSG00000100197,CYP2D6,0.003675266332697868,0,0,0,0,0,0.030227670214577826,0
ENSG00000092439,TRPM7,0.003675266332697868,0,0,0,0,0,0.030227670214577826,0
ENSG00000175097,RAG2,0.0035110086195046675,0,0,0,0,0,0.028876712886552,0
ENSG00000105383,CD33,0.0035110086195046675,0,0,0,0,0,0.028876712886552,0
ENSG00000185052,SLC24A3,0.0035110086195046675,0,0,0,0,0,0.028876712886552,0
ENSG00000077009,NMRK2,0.0035110086195046675,0,0,0,0,0,0.028876712886552,0
ENSG00000184009,ACTG1,0.0035110086195046675,0,0,0,0,0,0.028876712886552,0
ENSG00000171109,MFN1,0.0035110086195046675,0,0,0,0,0,0.028876712886552,0
ENSG00000145908,ZNF300,0.003326218692162316,0,0,0,0,0,0.02735688589252295,0
ENSG00000008056,SYN1,0.003326218692162316,0,0,0,0,0,0.02735688589252295,0
ENSG00000117151,CTBS,0.003326218692162316,0,0,0,0,0,0.02735688589252295,0
ENSG00000185499,MUC1,0.003326218692162316,0,0,0,0,0,0.02735688589252295,0
ENSG00000197081,IGF2R,0.003326218692162316,0,0,0,0,0,0.02735688589252295,0
ENSG00000185950,IRS2,0.003326218692162316,0,0,0,0,0,0.02735688589252295,0
ENSG00000130066,SAT1,0.003326218692162316,0,0,0,0,0,0.02735688589252295,0
ENSG00000184347,SLIT3,0.003326218692162316,0,0,0,0,0,0.02735688589252295,0
ENSG00000168702,LRP1B,0.00331676130291035,0,0,0,0,0,0.02727910245657003,0
ENSG00000120088,CRHR1,0.0031568279254318285,0,0,0,0,0,0.025963711147996317,0
ENSG00000136487,GH2,0.0030876343637491924,0,0,0,0,0,0.02539462037356544,0
ENSG00000187079,TEAD1,0.00302850158699964,0,0,0,0,0,0.024908275735476142,0
ENSG00000140284,SLC27A2,0.0030182354799250647,0,0,0,0,0,0.024823840902474525,0
ENSG00000117152,RGS4,0.0030182354799250647,0,0,0,0,0,0.024823840902474525,0
ENSG00000101096,NFATC2,0.0029566388374776143,0,0,0,0,0,0.024317231904464845,0
ENSG00000188257,PLA2G2A,0.0029566388374776143,0,0,0,0,0,0.024317231904464845,0
ENSG00000125149,PHAF1,0.0029566388374776143,0,0,0,0,0,0.024317231904464845,0
ENSG00000270141,TERC,0.0029566388374776143,0,0,0,0,0,0.024317231904464845,0
ENSG00000130208,APOC1,0.0029566388374776143,0,0,0,0,0,0.024317231904464845,0
ENSG00000134339,SAA2,0.0029566388374776143,0,0,0,0,0,0.024317231904464845,0
ENSG00000106976,DNM1,0.0029566388374776143,0,0,0,0,0,0.024317231904464845,0
ENSG00000122025,FLT3,0.0029566388374776143,0,0,0,0,0,0.024317231904464845,0
ENSG00000163606,CD200R1,0.0029566388374776143,0,0,0,0,0,0.024317231904464845,0
ENSG00000273079,GRIN2B,0.0029566388374776143,0,0,0,0,0,0.024317231904464845,0
ENSG00000096063,SRPK1,0.0029566388374776143,0,0,0,0,0,0.024317231904464845,0
ENSG00000180176,TH,0.0029566388374776143,0,0,0,0,0,0.024317231904464845,0
ENSG00000284883,KRT88P,0.0029566388374776143,0,0,0,0,0,0.024317231904464845,0
ENSG00000169598,DFFB,0.0029566388374776143,0,0,0,0,0,0.024317231904464845,0
ENSG00000169136,ATF5,0.0029566388374776143,0,0,0,0,0,0.024317231904464845,0
ENSG00000156510,HKDC1,0.0029566388374776143,0,0,0,0,0,0.024317231904464845,0
ENSG00000204387,SNHG32,0.0029566388374776143,0,0,0,0,0,0.024317231904464845,0
ENSG00000167085,PHB1,0.0029566388374776143,0,0,0,0,0,0.024317231904464845,0
ENSG00000164951,PDP1,0.0029566388374776143,0,0,0,0,0,0.024317231904464845,0
ENSG00000126456,IRF3,0.0029566388374776143,0,0,0,0,0,0.024317231904464845,0
ENSG00000115380,EFEMP1,0.0029566388374776143,0,0,0,0,0,0.024317231904464845,0
ENSG00000133742,CA1,0.0029566388374776143,0,0,0,0,0,0.024317231904464845,0
ENSG00000188783,PRELP,0.0029566388374776143,0,0,0,0,0,0.024317231904464845,0
ENSG00000234883,MIR155HG,0.0029566388374776143,0,0,0,0,0,0.024317231904464845,0
ENSG00000160991,ORAI2,0.0029566388374776143,0,0,0,0,0,0.024317231904464845,0
ENSG00000267322,SNHG22,0.0029566388374776143,0,0,0,0,0,0.024317231904464845,0
ENSG00000166333,ILK,0.0029566388374776143,0,0,0,0,0,0.024317231904464845,0
ENSG00000142910,TINAGL1,0.0029566388374776143,0,0,0,0,0,0.024317231904464845,0
ENSG00000268654,MIMT1,0.0029566388374776143,0,0,0,0,0,0.024317231904464845,0
ENSG00000112972,HMGCS1,0.0029566388374776143,0,0,0,0,0,0.024317231904464845,0
ENSG00000142867,BCL10,0.0029566388374776143,0,0,0,0,0,0.024317231904464845,0
ENSG00000204472,AIF1,0.0029566388374776143,0,0,0,0,0,0.024317231904464845,0
ENSG00000163673,DCLK3,0.0029566388374776143,0,0,0,0,0,0.024317231904464845,0
ENSG00000131979,GCH1,0.0029566388374776143,0,0,0,0,0,0.024317231904464845,0
ENSG00000153037,SRP19,0.0029566388374776143,0,0,0,0,0,0.024317231904464845,0
ENSG00000117122,MFAP2,0.0029566388374776143,0,0,0,0,0,0.024317231904464845,0
ENSG00000164114,MAP9,0.0029566388374776143,0,0,0,0,0,0.024317231904464845,0
ENSG00000177663,IL17RA,0.0029566388374776143,0,0,0,0,0,0.024317231904464845,0
ENSG00000142185,TRPM2,0.0029566388374776143,0,0,0,0,0,0.024317231904464845,0
ENSG00000113739,STC2,0.0029566388374776143,0,0,0,0,0,0.024317231904464845,0
ENSG00000163687,DNASE1L3,0.0029566388374776143,0,0,0,0,0,0.024317231904464845,0
ENSG00000213918,DNASE1,0.0029566388374776143,0,0,0,0,0,0.024317231904464845,0
ENSG00000003400,CASP10,0.0029566388374776143,0,0,0,0,0,0.024317231904464845,0
ENSG00000066336,SPI1,0.0029566388374776143,0,0,0,0,0,0.024317231904464845,0
ENSG00000182492,BGN,0.0029566388374776143,0,0,0,0,0,0.024317231904464845,0
ENSG00000081479,LRP2,0.0029566388374776143,0,0,0,0,0,0.024317231904464845,0
ENSG00000163563,MNDA,0.0029566388374776143,0,0,0,0,0,0.024317231904464845,0
ENSG00000146457,WTAP,0.0029566388374776143,0,0,0,0,0,0.024317231904464845,0
ENSG00000276045,ORAI1,0.0029566388374776143,0,0,0,0,0,0.024317231904464845,0
ENSG00000005001,PRSS22,0.0029566388374776143,0,0,0,0,0,0.024317231904464845,0
ENSG00000143320,CRABP2,0.0029566388374776143,0,0,0,0,0,0.024317231904464845,0
ENSG00000143924,EML4,0.0029566388374776143,0,0,0,0,0,0.024317231904464845,0
ENSG00000188529,SRSF10,0.0029566388374776143,0,0,0,0,0,0.024317231904464845,0
ENSG00000162595,DIRAS3,0.0029566388374776143,0,0,0,0,0,0.024317231904464845,0
ENSG00000238113,LINC01410,0.0029566388374776143,0,0,0,0,0,0.024317231904464845,0
ENSG00000145545,SRD5A1,0.0029566388374776143,0,0,0,0,0,0.024317231904464845,0
ENSG00000049192,ADAMTS6,0.0029566388374776143,0,0,0,0,0,0.024317231904464845,0
ENSG00000110400,NECTIN1,0.0029566388374776143,0,0,0,0,0,0.024317231904464845,0
ENSG00000267467,APOC4,0.0029566388374776143,0,0,0,0,0,0.024317231904464845,0
ENSG00000111276,CDKN1B,0.0029566388374776143,0,0,0,0,0,0.024317231904464845,0
ENSG00000107745,MICU1,0.0029566388374776143,0,0,0,0,0,0.024317231904464845,0
ENSG00000106144,CASP2,0.0029566388374776143,0,0,0,0,0,0.024317231904464845,0
ENSG00000178202,POGLUT3,0.0029566388374776143,0,0,0,0,0,0.024317231904464845,0
ENSG00000100739,BDKRB1,0.0029566388374776143,0,0,0,0,0,0.024317231904464845,0
ENSG00000188886,ASTL,0.0029566388374776143,0,0,0,0,0,0.024317231904464845,0
ENSG00000065978,YBX1,0.0029361066233284643,0,0,0,0,0,0.024148362238461615,0
ENSG00000112149,CD83,0.0029361066233284643,0,0,0,0,0,0.024148362238461615,0
ENSG00000172115,CYCS,0.0029361066233284643,0,0,0,0,0,0.024148362238461615,0
ENSG00000183072,NKX2-5,0.0029361066233284643,0,0,0,0,0,0.024148362238461615,0
ENSG00000159216,RUNX1,0.0029361066233284643,0,0,0,0,0,0.024148362238461615,0
ENSG00000115353,TACR1,0.0029361066233284643,0,0,0,0,0,0.024148362238461615,0
ENSG00000163464,CXCR1,0.0029361066233284643,0,0,0,0,0,0.024148362238461615,0
ENSG00000069509,FUNDC1,0.0029361066233284643,0,0,0,0,0,0.024148362238461615,0
ENSG00000182240,BACE2,0.002843711659657289,0,0,0,0,0,0.023388448741447087,0
ENSG00000120889,TNFRSF10B,0.002771848910135263,0,0,0,0,0,0.02279740491043579,0
ENSG00000121774,KHDRBS1,0.002771848910135263,0,0,0,0,0,0.02279740491043579,0
ENSG00000134539,KLRD1,0.002771848910135263,0,0,0,0,0,0.02279740491043579,0
ENSG00000182521,TBPL2,0.002771848910135263,0,0,0,0,0,0.02279740491043579,0
ENSG00000114631,PODXL2,0.002771848910135263,0,0,0,0,0,0.02279740491043579,0
ENSG00000131187,F12,0.002771848910135263,0,0,0,0,0,0.02279740491043579,0
ENSG00000115271,GCA,0.002771848910135263,0,0,0,0,0,0.02279740491043579,0
ENSG00000167281,RBFOX3,0.002771848910135263,0,0,0,0,0,0.02279740491043579,0
ENSG00000169313,P2RY12,0.002771848910135263,0,0,0,0,0,0.02279740491043579,0
ENSG00000119121,TRPM6,0.002771848910135263,0,0,0,0,0,0.02279740491043579,0
ENSG00000196371,FUT4,0.002771848910135263,0,0,0,0,0,0.02279740491043579,0
ENSG00000166670,MMP10,0.002771848910135263,0,0,0,0,0,0.02279740491043579,0
ENSG00000173726,TOMM20,0.002771848910135263,0,0,0,0,0,0.02279740491043579,0
ENSG00000104814,MAP4K1,0.002771848910135263,0,0,0,0,0,0.02279740491043579,0
ENSG00000177426,TGIF1,0.002771848910135263,0,0,0,0,0,0.02279740491043579,0
ENSG00000171872,KLF17,0.002771848910135263,0,0,0,0,0,0.02279740491043579,0
ENSG00000108064,TFAM,0.002771848910135263,0,0,0,0,0,0.02279740491043579,0
ENSG00000196371,FUT4,0.002771848910135263,0,0,0,0,0,0.02279740491043579,0
ENSG00000248099,INSL3,0.002751316695986113,0,0,0,0,0,0.02262853524443256,0
ENSG00000170439,TMT1B,0.002751316695986113,0,0,0,0,0,0.02262853524443256,0
ENSG00000175354,PTPN2,0.002751316695986113,0,0,0,0,0,0.02262853524443256,0
ENSG00000103042,SLC38A7,0.002751316695986113,0,0,0,0,0,0.02262853524443256,0
ENSG00000137992,DBT,0.002751316695986113,0,0,0,0,0,0.02262853524443256,0
ENSG00000117676,RPS6KA1,0.0025870589827929123,0,0,0,0,0,0.021277577916406734,0
ENSG00000006638,TBXA2R,0.0025870589827929123,0,0,0,0,0,0.021277577916406734,0
ENSG00000090382,LYZ,0.0025870589827929123,0,0,0,0,0,0.021277577916406734,0
ENSG00000080815,PSEN1,0.0025870589827929123,0,0,0,0,0,0.021277577916406734,0
ENSG00000217566,CRIPTOP4,0.0025870589827929123,0,0,0,0,0,0.021277577916406734,0
ENSG00000180891,CUEDC1,0.0025870589827929123,0,0,0,0,0,0.021277577916406734,0
ENSG00000164904,ALDH7A1,0.0025870589827929123,0,0,0,0,0,0.021277577916406734,0
ENSG00000281344,HELLPAR,0.0025870589827929123,0,0,0,0,0,0.021277577916406734,0
ENSG00000167815,PRDX2,0.0025870589827929123,0,0,0,0,0,0.021277577916406734,0
ENSG00000183258,DDX41,0.0025870589827929123,0,0,0,0,0,0.021277577916406734,0
ENSG00000240747,KRABD1,0.0025870589827929123,0,0,0,0,0,0.021277577916406734,0
ENSG00000279284,ENSG00000279284,0.0025870589827929123,0,0,0,0,0,0.021277577916406734,0
ENSG00000122971,ACADS,0.0025870589827929123,0,0,0,0,0,0.021277577916406734,0
ENSG00000163251,FZD5,0.0025870589827929123,0,0,0,0,0,0.021277577916406734,0
ENSG00000114026,OGG1,0.0025870589827929123,0,0,0,0,0,0.021277577916406734,0
ENSG00000149089,APIP,0.0025870589827929123,0,0,0,0,0,0.021277577916406734,0
ENSG00000110244,APOA4,0.0025870589827929123,0,0,0,0,0,0.021277577916406734,0
ENSG00000130348,QRSL1,0.0025870589827929123,0,0,0,0,0,0.021277577916406734,0
ENSG00000115053,NUCLEOLIN,0.0025870589827929123,0,0,0,0,0,0.021277577916406734,0
ENSG00000282961,PRNCR1,0.0025870589827929123,0,0,0,0,0,0.021277577916406734,0
ENSG00000088826,SMOX,0.0025870589827929123,0,0,0,0,0,0.021277577916406734,0
ENSG00000058272,PPP1R12A,0.0025870589827929123,0,0,0,0,0,0.021277577916406734,0
ENSG00000123908,AGO2,0.0025870589827929123,0,0,0,0,0,0.021277577916406734,0
ENSG00000280371,ENSG00000280371,0.0025870589827929123,0,0,0,0,0,0.021277577916406734,0
ENSG00000120868,APAF1,0.0025870589827929123,0,0,0,0,0,0.021277577916406734,0
ENSG00000099937,SERPIND1,0.0022174791281082107,0,0,0,0,0,0.01823792392834863,0
ENSG00000011083,SLC6A7,0.0022174791281082107,0,0,0,0,0,0.01823792392834863,0
ENSG00000091140,DLD,0.0022174791281082107,0,0,0,0,0,0.01823792392834863,0
ENSG00000172061,LRRC15,0.0022174791281082107,0,0,0,0,0,0.01823792392834863,0
ENSG00000132781,MUTYH,0.0022174791281082107,0,0,0,0,0,0.01823792392834863,0
ENSG00000100852,ARHGAP5,0.0022174791281082107,0,0,0,0,0,0.01823792392834863,0
ENSG00000184047,DIABLO,0.0022174791281082107,0,0,0,0,0,0.01823792392834863,0
ENSG00000184502,GAST,0.0022174791281082107,0,0,0,0,0,0.01823792392834863,0
ENSG00000145777,TSLP,0.0022174791281082107,0,0,0,0,0,0.01823792392834863,0
ENSG00000157005,SST,0.0022174791281082107,0,0,0,0,0,0.01823792392834863,0
ENSG00000146477,SLC22A3,0.0022174791281082107,0,0,0,0,0,0.01823792392834863,0
ENSG00000235770,LINC00607,0.0022174791281082107,0,0,0,0,0,0.01823792392834863,0
ENSG00000165672,PRDX3,0.0022174791281082107,0,0,0,0,0,0.01823792392834863,0
ENSG00000198523,PLN,0.0022174791281082107,0,0,0,0,0,0.01823792392834863,0
ENSG00000170315,UBB,0.0022174791281082107,0,0,0,0,0,0.01823792392834863,0
ENSG00000185112,FAM43A,0.0022174791281082107,0,0,0,0,0,0.01823792392834863,0
ENSG00000197921,HES5,0.0022174791281082107,0,0,0,0,0,0.01823792392834863,0
ENSG00000139200,PIANP,0.0022174791281082107,0,0,0,0,0,0.01823792392834863,0
ENSG00000061455,PRDM6,0.0022174791281082107,0,0,0,0,0,0.01823792392834863,0
ENSG00000135966,TGFBRAP1,0.0022174791281082107,0,0,0,0,0,0.01823792392834863,0
ENSG00000253293,HOXA10,0.0022174791281082107,0,0,0,0,0,0.01823792392834863,0
ENSG00000147155,EBP,0.0022174791281082107,0,0,0,0,0,0.01823792392834863,0
ENSG00000186564,FOXD2,0.0022174791281082107,0,0,0,0,0,0.01823792392834863,0
ENSG00000172382,PRSS27,0.0022174791281082107,0,0,0,0,0,0.01823792392834863,0
ENSG00000182810,DDX28,0.0022174791281082107,0,0,0,0,0,0.01823792392834863,0
ENSG00000125817,CENPB,0.0022174791281082107,0,0,0,0,0,0.01823792392834863,0
ENSG00000183688,RFLNB,0.0022174791281082107,0,0,0,0,0,0.01823792392834863,0
ENSG00000204287,HLA-DRA,0.0022174791281082107,0,0,0,0,0,0.01823792392834863,0
ENSG00000069702,TGFBR3,0.0022174791281082107,0,0,0,0,0,0.01823792392834863,0
ENSG00000061938,TNK2,0.0022174791281082107,0,0,0,0,0,0.01823792392834863,0
ENSG00000107438,PDLIM1,0.0022174791281082107,0,0,0,0,0,0.01823792392834863,0
ENSG00000155066,PROM2,0.0022174791281082107,0,0,0,0,0,0.01823792392834863,0
ENSG00000156711,MAPK13,0.0022174791281082107,0,0,0,0,0,0.01823792392834863,0
ENSG00000170835,CEL,0.0022174791281082107,0,0,0,0,0,0.01823792392834863,0
ENSG00000100191,SLC5A4,0.0022174791281082107,0,0,0,0,0,0.01823792392834863,0
ENSG00000135925,WNT10A,0.0022174791281082107,0,0,0,0,0,0.01823792392834863,0
ENSG00000107242,PIP5K1B,0.0022174791281082107,0,0,0,0,0,0.01823792392834863,0
ENSG00000188313,PLSCR1,0.0022174791281082107,0,0,0,0,0,0.01823792392834863,0
ENSG00000089220,PEBP1,0.0022174791281082107,0,0,0,0,0,0.01823792392834863,0
ENSG00000103061,SLC7A6OS,0.0022174791281082107,0,0,0,0,0,0.01823792392834863,0
ENSG00000127980,PEX1,0.0022174791281082107,0,0,0,0,0,0.01823792392834863,0
ENSG00000138029,HADHB,0.0022174791281082107,0,0,0,0,0,0.01823792392834863,0
ENSG00000174808,BTC,0.0022174791281082107,0,0,0,0,0,0.01823792392834863,0
ENSG00000165997,ARL5B,0.0022174791281082107,0,0,0,0,0,0.01823792392834863,0
ENSG00000095596,CYP26A1,0.0022174791281082107,0,0,0,0,0,0.01823792392834863,0
ENSG00000187742,SECISBP2,0.0022174791281082107,0,0,0,0,0,0.01823792392834863,0
ENSG00000183813,CCR4,0.0022174791281082107,0,0,0,0,0,0.01823792392834863,0
ENSG00000001461,NIPAL3,0.0022174791281082107,0,0,0,0,0,0.01823792392834863,0
ENSG00000056558,TRAF1,0.0022174791281082107,0,0,0,0,0,0.01823792392834863,0
ENSG00000050748,MAPK9,0.0022174791281082107,0,0,0,0,0,0.01823792392834863,0
ENSG00000137642,SORL1,0.0022174791281082107,0,0,0,0,0,0.01823792392834863,0
ENSG00000181374,CCL13,0.0022174791281082107,0,0,0,0,0,0.01823792392834863,0
ENSG00000101346,POFUT1,0.0022174791281082107,0,0,0,0,0,0.01823792392834863,0
ENSG00000162618,ADGRL4,0.0022174791281082107,0,0,0,0,0,0.01823792392834863,0
ENSG00000162510,MATN1,0.0022174791281082107,0,0,0,0,0,0.01823792392834863,0
ENSG00000147168,IL2RG,0.0022174791281082107,0,0,0,0,0,0.01823792392834863,0
ENSG00000108759,KRT32,0.0022174791281082107,0,0,0,0,0,0.01823792392834863,0
ENSG00000146072,TNFRSF21,0.0022174791281082107,0,0,0,0,0,0.01823792392834863,0
ENSG00000132510,KDM6B,0.0022174791281082107,0,0,0,0,0,0.01823792392834863,0
ENSG00000204644,ZFP57,0.0022174791281082107,0,0,0,0,0,0.01823792392834863,0
ENSG00000114315,HES1,0.0022174791281082107,0,0,0,0,0,0.01823792392834863,0
ENSG00000168646,AXIN2,0.0022174791281082107,0,0,0,0,0,0.01823792392834863,0
ENSG00000198918,RPL39,0.0022174791281082107,0,0,0,0,0,0.01823792392834863,0
ENSG00000131634,TMEM204,0.0022174791281082107,0,0,0,0,0,0.01823792392834863,0
ENSG00000204687,MAS1L,0.0022174791281082107,0,0,0,0,0,0.01823792392834863,0
ENSG00000113196,HAND1,0.0022174791281082107,0,0,0,0,0,0.01823792392834863,0
ENSG00000179542,SLITRK4,0.0022174791281082107,0,0,0,0,0,0.01823792392834863,0
ENSG00000168283,BMI1,0.0022174791281082107,0,0,0,0,0,0.01823792392834863,0
ENSG00000147145,LPAR4,0.0022174791281082107,0,0,0,0,0,0.01823792392834863,0
ENSG00000102974,CTCF,0.0022174791281082107,0,0,0,0,0,0.01823792392834863,0
ENSG00000253525,CPP,0.0022174791281082107,0,0,0,0,0,0.01823792392834863,0
ENSG00000276070,CCL4L2,0.0022174791281082107,0,0,0,0,0,0.01823792392834863,0
ENSG00000133878,DUSP26,0.0022174791281082107,0,0,0,0,0,0.01823792392834863,0
ENSG00000111321,LTBR,0.0022174791281082107,0,0,0,0,0,0.01823792392834863,0
ENSG00000115041,KCNIP3,0.0022174791281082107,0,0,0,0,0,0.01823792392834863,0
ENSG00000044090,CUL7,0.0022174791281082107,0,0,0,0,0,0.01823792392834863,0
ENSG00000108700,CCL8,0.0022174791281082107,0,0,0,0,0,0.01823792392834863,0
ENSG00000154678,PDE1C,0.0022174791281082107,0,0,0,0,0,0.01823792392834863,0
ENSG00000116815,CD58,0.0022174791281082107,0,0,0,0,0,0.01823792392834863,0
ENSG00000198417,MT1F,0.0022174791281082107,0,0,0,0,0,0.01823792392834863,0
ENSG00000107679,PLEKHA1,0.0022174791281082107,0,0,0,0,0,0.01823792392834863,0
ENSG00000204599,TRIM39,0.0022174791281082107,0,0,0,0,0,0.01823792392834863,0
ENSG00000108771,DHX58,0.0022174791281082107,0,0,0,0,0,0.01823792392834863,0
ENSG00000126391,FRMD8,0.0022174791281082107,0,0,0,0,0,0.01823792392834863,0
ENSG00000108479,GALK1,0.0022174791281082107,0,0,0,0,0,0.01823792392834863,0
ENSG00000109991,P2RX3,0.0022174791281082107,0,0,0,0,0,0.01823792392834863,0
ENSG00000150337,FCGR1A,0.0022174791281082107,0,0,0,0,0,0.01823792392834863,0
ENSG00000197471,SPN,0.0022174791281082107,0,0,0,0,0,0.01823792392834863,0
ENSG00000088986,DYNLL1,0.0022174791281082107,0,0,0,0,0,0.01823792392834863,0
ENSG00000083535,PIBF1,0.0022174791281082107,0,0,0,0,0,0.01823792392834863,0
ENSG00000076662,ICAM3,0.0022174791281082107,0,0,0,0,0,0.01823792392834863,0
ENSG00000165349,SLC7A3,0.0022174791281082107,0,0,0,0,0,0.01823792392834863,0
ENSG00000068697,LAPTM4A,0.0022174791281082107,0,0,0,0,0,0.01823792392834863,0
ENSG00000158517,NCF1,0.0022174791281082107,0,0,0,0,0,0.01823792392834863,0
ENSG00000155926,SLA,0.0022174791281082107,0,0,0,0,0,0.01823792392834863,0
ENSG00000118898,PPL,0.0022174791281082107,0,0,0,0,0,0.01823792392834863,0
ENSG00000152495,CAMK4,0.0022174791281082107,0,0,0,0,0,0.01823792392834863,0
ENSG00000204420,MPIG6B,0.0022174791281082107,0,0,0,0,0,0.01823792392834863,0
ENSG00000146232,NFKBIE,0.0022174791281082107,0,0,0,0,0,0.01823792392834863,0
ENSG00000135116,HRK,0.0022174791281082107,0,0,0,0,0,0.01823792392834863,0
ENSG00000036828,CASR,0.0022174791281082107,0,0,0,0,0,0.01823792392834863,0
ENSG00000186591,UBE2H,0.0022174791281082107,0,0,0,0,0,0.01823792392834863,0
ENSG00000103227,LMF1,0.0022174791281082107,0,0,0,0,0,0.01823792392834863,0
ENSG00000148180,GSN,0.0022174791281082107,0,0,0,0,0,0.01823792392834863,0
ENSG00000168453,HR,0.0022174791281082107,0,0,0,0,0,0.01823792392834863,0
ENSG00000066468,FGFR2,0.0022174791281082107,0,0,0,0,0,0.01823792392834863,0
ENSG00000128595,CALU,0.0022174791281082107,0,0,0,0,0,0.01823792392834863,0
ENSG00000137507,LRRC32,0.0022174791281082107,0,0,0,0,0,0.01823792392834863,0
ENSG00000155846,PPARGC1B,0.0022174791281082107,0,0,0,0,0,0.01823792392834863,0
ENSG00000149124,GLYAT,0.0022174791281082107,0,0,0,0,0,0.01823792392834863,0
ENSG00000206172,HBA1,0.0022174791281082107,0,0,0,0,0,0.01823792392834863,0
ENSG00000168477,TNXB,0.0022174791281082107,0,0,0,0,0,0.01823792392834863,0
ENSG00000125878,TCF15,0.0022174791281082107,0,0,0,0,0,0.01823792392834863,0
ENSG00000158477,CD1A,0.0022174791281082107,0,0,0,0,0,0.01823792392834863,0
ENSG00000013810,TACC3,0.0022174791281082107,0,0,0,0,0,0.01823792392834863,0
ENSG00000125384,PTGER2,0.0022174791281082107,0,0,0,0,0,0.01823792392834863,0
ENSG00000198909,MAP3K3,0.0022174791281082107,0,0,0,0,0,0.01823792392834863,0
ENSG00000269404,SPIB,0.0022174791281082107,0,0,0,0,0,0.01823792392834863,0
ENSG00000122420,PTGFR,0.0022174791281082107,0,0,0,0,0,0.01823792392834863,0
ENSG00000186866,POFUT2,0.0022174791281082107,0,0,0,0,0,0.01823792392834863,0
ENSG00000258484,SPESP1,0.0022174791281082107,0,0,0,0,0,0.01823792392834863,0
ENSG00000096384,HSP90AB1,0.0022174791281082107,0,0,0,0,0,0.01823792392834863,0
ENSG00000063978,RNF4,0.0022174791281082107,0,0,0,0,0,0.01823792392834863,0
ENSG00000188612,SUMO2,0.0022174791281082107,0,0,0,0,0,0.01823792392834863,0
ENSG00000258992,TSPY1,0.0022174791281082107,0,0,0,0,0,0.01823792392834863,0
ENSG00000253365,IGKV1D-22,0.0022174791281082107,0,0,0,0,0,0.01823792392834863,0
ENSG00000155849,ELMO1,0.0022174791281082107,0,0,0,0,0,0.01823792392834863,0
ENSG00000186395,KRT10,0.0022174791281082107,0,0,0,0,0,0.01823792392834863,0
ENSG00000078018,MAP2,0.0022174791281082107,0,0,0,0,0,0.01823792392834863,0
ENSG00000196182,STK40,0.0022174791281082107,0,0,0,0,0,0.01823792392834863,0
ENSG00000119138,KLF9,0.0022174791281082107,0,0,0,0,0,0.01823792392834863,0
ENSG00000130561,SAG,0.0022174791281082107,0,0,0,0,0,0.01823792392834863,0
ENSG00000254703,SENCR,0.0022174791281082107,0,0,0,0,0,0.01823792392834863,0
ENSG00000124766,SOX4,0.0022174791281082107,0,0,0,0,0,0.01823792392834863,0
ENSG00000100503,NIN,0.0022174791281082107,0,0,0,0,0,0.01823792392834863,0
ENSG00000279457,WASH9P,0.0022174791281082107,0,0,0,0,0,0.01823792392834863,0
ENSG00000168903,BTNL3,0.0022174791281082107,0,0,0,0,0,0.01823792392834863,0
ENSG00000113722,CDX1,0.0022174791281082107,0,0,0,0,0,0.01823792392834863,0
ENSG00000170871,KIAA0232,0.0022174791281082107,0,0,0,0,0,0.01823792392834863,0
ENSG00000076513,ANKRD13A,0.0022174791281082107,0,0,0,0,0,0.01823792392834863,0
ENSG00000198742,SMURF1,0.0022174791281082107,0,0,0,0,0,0.01823792392834863,0
ENSG00000126709,IFI6,0.0022174791281082107,0,0,0,0,0,0.01823792392834863,0
ENSG00000157240,FZD1,0.0022174791281082107,0,0,0,0,0,0.01823792392834863,0
ENSG00000023909,GCLM,0.0022174791281082107,0,0,0,0,0,0.01823792392834863,0
ENSG00000143799,PARP1,0.0022174791281082107,0,0,0,0,0,0.01823792392834863,0
ENSG00000226950,DANCR,0.0022174791281082107,0,0,0,0,0,0.01823792392834863,0
ENSG00000165806,CASP7,0.0022174791281082107,0,0,0,0,0,0.01823792392834863,0
ENSG00000160233,LRRC3,0.0022174791281082107,0,0,0,0,0,0.01823792392834863,0
ENSG00000173175,ADCY5,0.0022174791281082107,0,0,0,0,0,0.01823792392834863,0
ENSG00000130312,MRPL34,0.0022174791281082107,0,0,0,0,0,0.01823792392834863,0
ENSG00000124784,RIOK1,0.0022174791281082107,0,0,0,0,0,0.01823792392834863,0
ENSG00000133703,KRAS,0.0022174791281082107,0,0,0,0,0,0.01823792392834863,0
ENSG00000186891,TNFRSF18,0.0022174791281082107,0,0,0,0,0,0.01823792392834863,0
ENSG00000253394,LINC00534,0.0022174791281082107,0,0,0,0,0,0.01823792392834863,0
ENSG00000170955,CAVIN3,0.0022174791281082107,0,0,0,0,0,0.01823792392834863,0
ENSG00000164849,GPR146,0.0022174791281082107,0,0,0,0,0,0.01823792392834863,0
ENSG00000126231,PROZ,0.0022174791281082107,0,0,0,0,0,0.01823792392834863,0
ENSG00000189056,RELN,0.0022174791281082107,0,0,0,0,0,0.01823792392834863,0
ENSG00000103197,TSC2,0.0022174791281082107,0,0,0,0,0,0.01823792392834863,0
ENSG00000122012,SV2C,0.0022174791281082107,0,0,0,0,0,0.01823792392834863,0
ENSG00000143321,HDGF,0.0022174791281082107,0,0,0,0,0,0.01823792392834863,0
ENSG00000148834,GSTO1,0.0022174791281082107,0,0,0,0,0,0.01823792392834863,0
ENSG00000165949,IFI27,0.0022174791281082107,0,0,0,0,0,0.01823792392834863,0
ENSG00000198053,SIRPA,0.0022174791281082107,0,0,0,0,0,0.01823792392834863,0
ENSG00000108953,YWHAE,0.0022174791281082107,0,0,0,0,0,0.01823792392834863,0
ENSG00000166123,GPT2,0.0022174791281082107,0,0,0,0,0,0.01823792392834863,0
ENSG00000133321,PLAAT4,0.0022174791281082107,0,0,0,0,0,0.01823792392834863,0
ENSG00000154736,ADAMTS5,0.0022174791281082107,0,0,0,0,0,0.01823792392834863,0
ENSG00000184697,CLDN6,0.0022174791281082107,0,0,0,0,0,0.01823792392834863,0
ENSG00000164330,EBF1,0.0022174791281082107,0,0,0,0,0,0.01823792392834863,0
ENSG00000185022,MAFF,0.0022174791281082107,0,0,0,0,0,0.01823792392834863,0
ENSG00000102158,MAGT1,0.0022174791281082107,0,0,0,0,0,0.01823792392834863,0
ENSG00000139574,NPFF,0.0022174791281082107,0,0,0,0,0,0.01823792392834863,0
ENSG00000034152,MAP2K3,0.0022174791281082107,0,0,0,0,0,0.01823792392834863,0
ENSG00000105472,CLEC11A,0.0022174791281082107,0,0,0,0,0,0.01823792392834863,0
ENSG00000135821,GLUL,0.0022174791281082107,0,0,0,0,0,0.01823792392834863,0
ENSG00000131910,NR0B2,0.0022174791281082107,0,0,0,0,0,0.01823792392834863,0
ENSG00000132470,ITGB4,0.0022174791281082107,0,0,0,0,0,0.01823792392834863,0
ENSG00000273032,DGCR5,0.0022174791281082107,0,0,0,0,0,0.01823792392834863,0
ENSG00000164932,CTHRC1,0.0022174791281082107,0,0,0,0,0,0.01823792392834863,0
ENSG00000126457,PRMT1,0.0022174791281082107,0,0,0,0,0,0.01823792392834863,0
ENSG00000131471,AOC3,0.0022174791281082107,0,0,0,0,0,0.01823792392834863,0
ENSG00000172935,MRGPRF,0.0022174791281082107,0,0,0,0,0,0.01823792392834863,0
ENSG00000121022,COPS5,0.0022174791281082107,0,0,0,0,0,0.01823792392834863,0
ENSG00000133789,SWAP70,0.0022174791281082107,0,0,0,0,0,0.01823792392834863,0
ENSG00000169752,NRG4,0.0022174791281082107,0,0,0,0,0,0.01823792392834863,0
ENSG00000310527,WASH9P,0.0022174791281082107,0,0,0,0,0,0.01823792392834863,0
ENSG00000184381,PLA2G6,0.0022174791281082107,0,0,0,0,0,0.01823792392834863,0
ENSG00000140983,RHOT2,0.0022174791281082107,0,0,0,0,0,0.01823792392834863,0
ENSG00000159189,C1QC,0.0022174791281082107,0,0,0,0,0,0.01823792392834863,0
ENSG00000146469,VIP,0.0022174791281082107,0,0,0,0,0,0.01823792392834863,0
ENSG00000128284,APOL3,0.0022174791281082107,0,0,0,0,0,0.01823792392834863,0
ENSG00000197530,MIB2,0.0022174791281082107,0,0,0,0,0,0.01823792392834863,0
ENSG00000231764,DLX6-AS1,0.0022174791281082107,0,0,0,0,0,0.01823792392834863,0
ENSG00000064393,HIPK2,0.0022174791281082107,0,0,0,0,0,0.01823792392834863,0
ENSG00000163914,RHO,0.0022174791281082107,0,0,0,0,0,0.01823792392834863,0
ENSG00000157259,GATAD1,0.0022174791281082107,0,0,0,0,0,0.01823792392834863,0
ENSG00000129167,TPH1,0.0022174791281082107,0,0,0,0,0,0.01823792392834863,0
ENSG00000118257,NRP2,0.0021045519502878854,0,0,0,0,0,0.01730914076533088,0
ENSG00000249437,NAIP,0.00201215698661671,0,0,0,0,0,0.01654922726831635,0
ENSG00000142748,FCN3,0.00201215698661671,0,0,0,0,0,0.01654922726831635,0
ENSG00000012779,ALOX5,0.00201215698661671,0,0,0,0,0,0.01654922726831635,0
ENSG00000112293,GPLD1,0.00201215698661671,0,0,0,0,0,0.01654922726831635,0
ENSG00000105851,PIK3CG,0.0018478992734235094,0,0,0,0,0,0.015198269940290528,0
ENSG00000129535,NRL,0.0018478992734235094,0,0,0,0,0,0.015198269940290528,0
ENSG00000168389,MFSD2A,0.0018478992734235094,0,0,0,0,0,0.015198269940290528,0
ENSG00000172062,SMN1,0.0018478992734235094,0,0,0,0,0,0.015198269940290528,0
ENSG00000131042,LILRB2,0.0018478992734235094,0,0,0,0,0,0.015198269940290528,0
ENSG00000108561,C1QBP,0.0018478992734235094,0,0,0,0,0,0.015198269940290528,0
ENSG00000108688,CCL7,0.0018478992734235094,0,0,0,0,0,0.015198269940290528,0
ENSG00000171495,MROH2B,0.0018478992734235094,0,0,0,0,0,0.015198269940290528,0
ENSG00000100422,CERK,0.0018478992734235094,0,0,0,0,0,0.015198269940290528,0
ENSG00000203747,FCGR3A,0.0018478992734235094,0,0,0,0,0,0.015198269940290528,0
ENSG00000130707,ASS1,0.0018478992734235094,0,0,0,0,0,0.015198269940290528,0
ENSG00000183734,ASCL2,0.0018478992734235094,0,0,0,0,0,0.015198269940290528,0
ENSG00000275385,CCL18,0.0018478992734235094,0,0,0,0,0,0.015198269940290528,0
ENSG00000053438,NNAT,0.0018478992734235094,0,0,0,0,0,0.015198269940290528,0
ENSG00000055957,ITIH1,0.0018478992734235094,0,0,0,0,0,0.015198269940290528,0
ENSG00000168874,ATOH8,0.0018478992734235094,0,0,0,0,0,0.015198269940290528,0
ENSG00000135486,HNRNPA1,0.0018478992734235094,0,0,0,0,0,0.015198269940290528,0
ENSG00000101327,PDYN,0.0014783194187388072,0,0,0,0,0,0.012158615952232422,0
ENSG00000243063,IGKV3-7,0.0014783194187388072,0,0,0,0,0,0.012158615952232422,0
ENSG00000140030,GPR65,0.0014783194187388072,0,0,0,0,0,0.012158615952232422,0
ENSG00000198804,MT-CO1,0.0014783194187388072,0,0,0,0,0,0.012158615952232422,0
ENSG00000265681,RPL17,0.0014783194187388072,0,0,0,0,0,0.012158615952232422,0
ENSG00000104237,RP1,0.0014783194187388072,0,0,0,0,0,0.012158615952232422,0
ENSG00000249915,PDCD6,0.0014783194187388072,0,0,0,0,0,0.012158615952232422,0
ENSG00000169710,FASN,0.0014783194187388072,0,0,0,0,0,0.012158615952232422,0
ENSG00000075043,KCNQ2,0.0014783194187388072,0,0,0,0,0,0.012158615952232422,0
ENSG00000132326,PER2,0.0014783194187388072,0,0,0,0,0,0.012158615952232422,0
ENSG00000187800,PEAR1,0.0014783194187388072,0,0,0,0,0,0.012158615952232422,0
ENSG00000170160,CCDC144A,0.0014783194187388072,0,0,0,0,0,0.012158615952232422,0
ENSG00000175324,LSM1,0.0014783194187388072,0,0,0,0,0,0.012158615952232422,0
ENSG00000163815,CLEC3B,0.0014783194187388072,0,0,0,0,0,0.012158615952232422,0
ENSG00000131844,MCCC2,0.0014783194187388072,0,0,0,0,0,0.012158615952232422,0
ENSG00000198829,SUCNR1,0.0014783194187388072,0,0,0,0,0,0.012158615952232422,0
ENSG00000126602,TRAP1,0.0014783194187388072,0,0,0,0,0,0.012158615952232422,0
ENSG00000115267,IFIH1,0.0014783194187388072,0,0,0,0,0,0.012158615952232422,0
ENSG00000123838,C4BPA,0.0014783194187388072,0,0,0,0,0,0.012158615952232422,0
ENSG00000136694,IL36A,0.0014783194187388072,0,0,0,0,0,0.012158615952232422,0
ENSG00000177889,UBE2N,0.0014783194187388072,0,0,0,0,0,0.012158615952232422,0
ENSG00000131238,PPT1,0.0014783194187388072,0,0,0,0,0,0.012158615952232422,0
ENSG00000107201,RIGI,0.0014783194187388072,0,0,0,0,0,0.012158615952232422,0
ENSG00000134389,CFHR5,0.0014783194187388072,0,0,0,0,0,0.012158615952232422,0
ENSG00000104870,FCGRT,0.0014783194187388072,0,0,0,0,0,0.012158615952232422,0
ENSG00000110887,DAO,0.0014783194187388072,0,0,0,0,0,0.012158615952232422,0
ENSG00000139324,TMTC3,0.0014783194187388072,0,0,0,0,0,0.012158615952232422,0
ENSG00000188324,OR6C6,0.0014783194187388072,0,0,0,0,0,0.012158615952232422,0
ENSG00000115170,ACVR1,0.0014783194187388072,0,0,0,0,0,0.012158615952232422,0
ENSG00000166317,SYNPO2L,0.0014783194187388072,0,0,0,0,0,0.012158615952232422,0
ENSG00000154783,FGD5,0.0014783194187388072,0,0,0,0,0,0.012158615952232422,0
ENSG00000181458,TMEM45A,0.0014783194187388072,0,0,0,0,0,0.012158615952232422,0
ENSG00000178947,SMIM10L2A,0.0014783194187388072,0,0,0,0,0,0.012158615952232422,0
ENSG00000181035,SLC25A42,0.0014783194187388072,0,0,0,0,0,0.012158615952232422,0
ENSG00000188603,CLN3,0.0014783194187388072,0,0,0,0,0,0.012158615952232422,0
ENSG00000185825,BCAP31,0.0014783194187388072,0,0,0,0,0,0.012158615952232422,0
ENSG00000119396,RAB14,0.0014783194187388072,0,0,0,0,0,0.012158615952232422,0
ENSG00000156113,KCNMA1,0.0014783194187388072,0,0,0,0,0,0.012158615952232422,0
ENSG00000240247,DEFA1B,0.0014783194187388072,0,0,0,0,0,0.012158615952232422,0
ENSG00000272274,ARGLU1-DT,0.0014783194187388072,0,0,0,0,0,0.012158615952232422,0
ENSG00000204022,LIPJ,0.0014783194187388072,0,0,0,0,0,0.012158615952232422,0
ENSG00000189058,APOD,0.0014783194187388072,0,0,0,0,0,0.012158615952232422,0
ENSG00000184058,TBX1,0.0014783194187388072,0,0,0,0,0,0.012158615952232422,0
ENSG00000101210,EEF1A2,0.0014783194187388072,0,0,0,0,0,0.012158615952232422,0
ENSG00000070770,CSNK2A2,0.0014783194187388072,0,0,0,0,0,0.012158615952232422,0
ENSG00000178772,CPN2,0.0014783194187388072,0,0,0,0,0,0.012158615952232422,0
ENSG00000160685,ZBTB7B,0.0014783194187388072,0,0,0,0,0,0.012158615952232422,0
ENSG00000198668,CALM1,0.0014783194187388072,0,0,0,0,0,0.012158615952232422,0
ENSG00000110395,CBL,0.0014783194187388072,0,0,0,0,0,0.012158615952232422,0
ENSG00000151353,TMEM18,0.0014783194187388072,0,0,0,0,0,0.012158615952232422,0
ENSG00000243772,KIR2DL3,0.0014783194187388072,0,0,0,0,0,0.012158615952232422,0
ENSG00000196739,COL27A1,0.0014783194187388072,0,0,0,0,0,0.012158615952232422,0
ENSG00000290741,SAA3P,0.0014783194187388072,0,0,0,0,0,0.012158615952232422,0
ENSG00000254505,CHMP4A,0.0014783194187388072,0,0,0,0,0,0.012158615952232422,0
ENSG00000118197,DDX59,0.0014783194187388072,0,0,0,0,0,0.012158615952232422,0
ENSG00000105750,ZNF85,0.0014783194187388072,0,0,0,0,0,0.012158615952232422,0
ENSG00000136861,CDK5RAP2,0.0014783194187388072,0,0,0,0,0,0.012158615952232422,0
ENSG00000158481,CD1C,0.0014783194187388072,0,0,0,0,0,0.012158615952232422,0
ENSG00000164830,OXR1,0.0014783194187388072,0,0,0,0,0,0.012158615952232422,0
ENSG00000114737,CISH,0.0014783194187388072,0,0,0,0,0,0.012158615952232422,0
ENSG00000160683,CXCR5,0.0014783194187388072,0,0,0,0,0,0.012158615952232422,0
ENSG00000127022,CANX,0.0014783194187388072,0,0,0,0,0,0.012158615952232422,0
ENSG00000136758,YME1L1,0.0014783194187388072,0,0,0,0,0,0.012158615952232422,0
ENSG00000105327,BBC3,0.0014783194187388072,0,0,0,0,0,0.012158615952232422,0
ENSG00000128655,PDE11A,0.0014783194187388072,0,0,0,0,0,0.012158615952232422,0
ENSG00000171243,SOSTDC1,0.0014783194187388072,0,0,0,0,0,0.012158615952232422,0
ENSG00000149926,TLCD3B,0.0014783194187388072,0,0,0,0,0,0.012158615952232422,0
ENSG00000196110,ZNF699,0.0014783194187388072,0,0,0,0,0,0.012158615952232422,0
ENSG00000123080,CDKN2C,0.0014783194187388072,0,0,0,0,0,0.012158615952232422,0
ENSG00000140092,FBLN5,0.0014783194187388072,0,0,0,0,0,0.012158615952232422,0
ENSG00000179295,PTPN11,0.0014783194187388072,0,0,0,0,0,0.012158615952232422,0
ENSG00000084090,STARD7,0.0014783194187388072,0,0,0,0,0,0.012158615952232422,0
ENSG00000173821,RNF213,0.0014783194187388072,0,0,0,0,0,0.012158615952232422,0
ENSG00000139865,TTC6,0.0014783194187388072,0,0,0,0,0,0.012158615952232422,0
ENSG00000105141,CASP14,0.0014783194187388072,0,0,0,0,0,0.012158615952232422,0
ENSG00000139517,LNX2,0.0014783194187388072,0,0,0,0,0,0.012158615952232422,0
ENSG00000097007,ABL1,0.0014783194187388072,0,0,0,0,0,0.012158615952232422,0
ENSG00000127314,RAP1B,0.0014783194187388072,0,0,0,0,0,0.012158615952232422,0
ENSG00000100664,EIF5,0.0014783194187388072,0,0,0,0,0,0.012158615952232422,0
ENSG00000156886,ITGAD,0.0014783194187388072,0,0,0,0,0,0.012158615952232422,0
ENSG00000116489,CAPZA1,0.0014783194187388072,0,0,0,0,0,0.012158615952232422,0
ENSG00000136003,ISCU,0.0014783194187388072,0,0,0,0,0,0.012158615952232422,0
ENSG00000225366,CRIPTO3,0.0014783194187388072,0,0,0,0,0,0.012158615952232422,0
ENSG00000162714,ZNF496,0.0014783194187388072,0,0,0,0,0,0.012158615952232422,0
ENSG00000153201,RANBP2,0.0014783194187388072,0,0,0,0,0,0.012158615952232422,0
ENSG00000005810,MYCBP2,0.0014783194187388072,0,0,0,0,0,0.012158615952232422,0
ENSG00000227954,TARID,0.0014783194187388072,0,0,0,0,0,0.012158615952232422,0
ENSG00000116754,SRSF11,0.0014783194187388072,0,0,0,0,0,0.012158615952232422,0
ENSG00000132155,RAF1,0.0014783194187388072,0,0,0,0,0,0.012158615952232422,0
ENSG00000187840,EIF4EBP1,0.0014783194187388072,0,0,0,0,0,0.012158615952232422,0
ENSG00000171209,CSN3,0.0014783194187388072,0,0,0,0,0,0.012158615952232422,0
ENSG00000163519,TRAT1,0.0014783194187388072,0,0,0,0,0,0.012158615952232422,0
ENSG00000132109,TRIM21,0.0014783194187388072,0,0,0,0,0,0.012158615952232422,0
ENSG00000089248,ERP29,0.0014783194187388072,0,0,0,0,0,0.012158615952232422,0
ENSG00000136574,GATA4,0.0014783194187388072,0,0,0,0,0,0.012158615952232422,0
ENSG00000123989,CHPF,0.0014783194187388072,0,0,0,0,0,0.012158615952232422,0
ENSG00000113384,GOLPH3,0.0014783194187388072,0,0,0,0,0,0.012158615952232422,0
ENSG00000131389,SLC6A6,0.0014783194187388072,0,0,0,0,0,0.012158615952232422,0
ENSG00000102109,PCSK1N,0.0014783194187388072,0,0,0,0,0,0.012158615952232422,0
ENSG00000179930,ZNF648,0.0014783194187388072,0,0,0,0,0,0.012158615952232422,0
ENSG00000162614,NEXN,0.0014783194187388072,0,0,0,0,0,0.012158615952232422,0
ENSG00000008405,CRY1,0.0014783194187388072,0,0,0,0,0,0.012158615952232422,0
ENSG00000105497,ZNF175,0.0014783194187388072,0,0,0,0,0,0.012158615952232422,0
ENSG00000110324,IL10RA,0.0014783194187388072,0,0,0,0,0,0.012158615952232422,0
ENSG00000198860,TSEN15,0.0014783194187388072,0,0,0,0,0,0.012158615952232422,0
ENSG00000160917,CPSF4,0.0014783194187388072,0,0,0,0,0,0.012158615952232422,0
ENSG00000172146,OR1A1,0.0014783194187388072,0,0,0,0,0,0.012158615952232422,0
ENSG00000102805,CLN5,0.0014783194187388072,0,0,0,0,0,0.012158615952232422,0
ENSG00000115762,PLEKHB2,0.0014783194187388072,0,0,0,0,0,0.012158615952232422,0
ENSG00000133401,PDZD2,0.0014783194187388072,0,0,0,0,0,0.012158615952232422,0
ENSG00000171596,NMUR1,0.0014783194187388072,0,0,0,0,0,0.012158615952232422,0
ENSG00000099984,GSTT2,0.0014783194187388072,0,0,0,0,0,0.012158615952232422,0
ENSG00000135503,ACVR1B,0.0014783194187388072,0,0,0,0,0,0.012158615952232422,0
ENSG00000080709,KCNN2,0.0014783194187388072,0,0,0,0,0,0.012158615952232422,0
ENSG00000115556,PLCD4,0.0014783194187388072,0,0,0,0,0,0.012158615952232422,0
ENSG00000136205,TNS3,0.0014783194187388072,0,0,0,0,0,0.012158615952232422,0
ENSG00000103187,COTL1,0.0014783194187388072,0,0,0,0,0,0.012158615952232422,0
ENSG00000154639,CXADR,0.0014783194187388072,0,0,0,0,0,0.012158615952232422,0
ENSG00000149100,EIF3M,0.0014783194187388072,0,0,0,0,0,0.012158615952232422,0
ENSG00000115233,PSMD14,0.0014783194187388072,0,0,0,0,0,0.012158615952232422,0
ENSG00000139178,C1RL,0.0014783194187388072,0,0,0,0,0,0.012158615952232422,0
ENSG00000128602,SMO,0.0014783194187388072,0,0,0,0,0,0.012158615952232422,0
ENSG00000102290,PCDH11X,0.0014783194187388072,0,0,0,0,0,0.012158615952232422,0
ENSG00000196305,IARS1,0.0014783194187388072,0,0,0,0,0,0.012158615952232422,0
ENSG00000105707,HPN,0.0014783194187388072,0,0,0,0,0,0.012158615952232422,0
ENSG00000136378,ADAMTS7,0.0014783194187388072,0,0,0,0,0,0.012158615952232422,0
ENSG00000211892,IGHG4,0.0014783194187388072,0,0,0,0,0,0.012158615952232422,0
ENSG00000127418,FGFRL1,0.0014783194187388072,0,0,0,0,0,0.012158615952232422,0
ENSG00000005020,SKAP2,0.0014783194187388072,0,0,0,0,0,0.012158615952232422,0
ENSG00000164794,KCNV1,0.0014783194187388072,0,0,0,0,0,0.012158615952232422,0
ENSG00000073861,TBX21,0.0014783194187388072,0,0,0,0,0,0.012158615952232422,0
ENSG00000129538,RNASE1,0.0014783194187388072,0,0,0,0,0,0.012158615952232422,0
ENSG00000137947,GTF2B,0.0014783194187388072,0,0,0,0,0,0.012158615952232422,0
ENSG00000184916,JAG2,0.0014783194187388072,0,0,0,0,0,0.012158615952232422,0
ENSG00000145384,FABP2,0.0014783194187388072,0,0,0,0,0,0.012158615952232422,0
ENSG00000156234,CXCL13,0.0014783194187388072,0,0,0,0,0,0.012158615952232422,0
ENSG00000015475,BID,0.0014783194187388072,0,0,0,0,0,0.012158615952232422,0
ENSG00000185344,ATP6V0A2,0.0014783194187388072,0,0,0,0,0,0.012158615952232422,0
ENSG00000258498,DIO3OS,0.0014783194187388072,0,0,0,0,0,0.012158615952232422,0
ENSG00000142507,PSMB6,0.0014783194187388072,0,0,0,0,0,0.012158615952232422,0
ENSG00000169562,GJB1,0.0014783194187388072,0,0,0,0,0,0.012158615952232422,0
ENSG00000197935,ZNF311,0.0014783194187388072,0,0,0,0,0,0.012158615952232422,0
ENSG00000151247,EIF4E,0.0014783194187388072,0,0,0,0,0,0.012158615952232422,0
ENSG00000124827,GCM2,0.0014783194187388072,0,0,0,0,0,0.012158615952232422,0
ENSG00000157613,CREB3L1,0.0014783194187388072,0,0,0,0,0,0.012158615952232422,0
ENSG00000156076,WIF1,0.0014783194187388072,0,0,0,0,0,0.012158615952232422,0
ENSG00000082196,C1QTNF3,0.0014783194187388072,0,0,0,0,0,0.012158615952232422,0
ENSG00000103313,MEFV,0.0014783194187388072,0,0,0,0,0,0.012158615952232422,0
ENSG00000204435,CSNK2B,0.0014783194187388072,0,0,0,0,0,0.012158615952232422,0
ENSG00000137073,UBAP2,0.0014783194187388072,0,0,0,0,0,0.012158615952232422,0
ENSG00000109906,ZBTB16,0.0014783194187388072,0,0,0,0,0,0.012158615952232422,0
ENSG00000152804,HHEX,0.0014783194187388072,0,0,0,0,0,0.012158615952232422,0
ENSG00000166484,MAPK7,0.0014783194187388072,0,0,0,0,0,0.012158615952232422,0
ENSG00000238243,OR2W3,0.0014783194187388072,0,0,0,0,0,0.012158615952232422,0
ENSG00000124207,CSE1L,0.0014783194187388072,0,0,0,0,0,0.012158615952232422,0
ENSG00000214285,NPS,0.0014783194187388072,0,0,0,0,0,0.012158615952232422,0
ENSG00000047849,MAP4,0.0014783194187388072,0,0,0,0,0,0.012158615952232422,0
ENSG00000182963,GJC1,0.0014783194187388072,0,0,0,0,0,0.012158615952232422,0
ENSG00000148248,SURF4,0.0014783194187388072,0,0,0,0,0,0.012158615952232422,0
ENSG00000140320,BAHD1,0.0014783194187388072,0,0,0,0,0,0.012158615952232422,0
ENSG00000137713,PPP2R1B,0.0014783194187388072,0,0,0,0,0,0.012158615952232422,0
ENSG00000059728,MXD1,0.0014783194187388072,0,0,0,0,0,0.012158615952232422,0
ENSG00000117322,CR2,0.0014783194187388072,0,0,0,0,0,0.012158615952232422,0
ENSG00000049249,TNFRSF9,0.0014783194187388072,0,0,0,0,0,0.012158615952232422,0
ENSG00000197646,PDCD1LG2,0.0014783194187388072,0,0,0,0,0,0.012158615952232422,0
ENSG00000136802,LRRC8A,0.0014783194187388072,0,0,0,0,0,0.012158615952232422,0
ENSG00000105612,DNASE2,0.0014783194187388072,0,0,0,0,0,0.012158615952232422,0
ENSG00000171121,KCNMB3,0.0014783194187388072,0,0,0,0,0,0.012158615952232422,0
ENSG00000172482,AGXT,0.0014783194187388072,0,0,0,0,0,0.012158615952232422,0
ENSG00000181867,FTMT,0.0014783194187388072,0,0,0,0,0,0.012158615952232422,0
ENSG00000185339,TCN2,0.0014783194187388072,0,0,0,0,0,0.012158615952232422,0
ENSG00000163092,XIRP2,0.0014783194187388072,0,0,0,0,0,0.012158615952232422,0
ENSG00000102243,VGLL1,0.0014783194187388072,0,0,0,0,0,0.012158615952232422,0
ENSG00000056736,IL17RB,0.0014783194187388072,0,0,0,0,0,0.012158615952232422,0
ENSG00000196470,SIAH1,0.0014783194187388072,0,0,0,0,0,0.012158615952232422,0
ENSG00000107796,ACTA2,0.0014783194187388072,0,0,0,0,0,0.012158615952232422,0
ENSG00000185269,NOTUM,0.0014783194187388072,0,0,0,0,0,0.012158615952232422,0
ENSG00000110074,FOXRED1,0.0014783194187388072,0,0,0,0,0,0.012158615952232422,0
ENSG00000111669,TPI1,0.0014783194187388072,0,0,0,0,0,0.012158615952232422,0
ENSG00000175938,ORAI3,0.0014783194187388072,0,0,0,0,0,0.012158615952232422,0
ENSG00000083937,CHMP2B,0.0014783194187388072,0,0,0,0,0,0.012158615952232422,0
ENSG00000204414,CSHL1,0.0014783194187388072,0,0,0,0,0,0.012158615952232422,0
ENSG00000100201,DDX17,0.0014783194187388072,0,0,0,0,0,0.012158615952232422,0
ENSG00000145335,SNCA,0.0014783194187388072,0,0,0,0,0,0.012158615952232422,0
ENSG00000181788,SIAH2,0.0014783194187388072,0,0,0,0,0,0.012158615952232422,0
ENSG00000100095,SEZ6L,0.0014783194187388072,0,0,0,0,0,0.012158615952232422,0
ENSG00000060762,MPC1,0.0014783194187388072,0,0,0,0,0,0.012158615952232422,0
ENSG00000165124,SVEP1,0.0014783194187388072,0,0,0,0,0,0.012158615952232422,0
ENSG00000137491,SLCO2B1,0.0014783194187388072,0,0,0,0,0,0.012158615952232422,0
ENSG00000090857,PDPR,0.0014783194187388072,0,0,0,0,0,0.012158615952232422,0
ENSG00000122566,HNRNPA2B1,0.0014783194187388072,0,0,0,0,0,0.012158615952232422,0
ENSG00000204628,RACK1,0.0014783194187388072,0,0,0,0,0,0.012158615952232422,0
ENSG00000183542,KLRC4,0.0014783194187388072,0,0,0,0,0,0.012158615952232422,0
ENSG00000137942,FNBP1L,0.0014783194187388072,0,0,0,0,0,0.012158615952232422,0
ENSG00000267496,FAM215A,0.0014783194187388072,0,0,0,0,0,0.012158615952232422,0
ENSG00000130827,PLXNA3,0.0014783194187388072,0,0,0,0,0,0.012158615952232422,0
ENSG00000147274,RBMX,0.0014783194187388072,0,0,0,0,0,0.012158615952232422,0
ENSG00000148832,PAOX,0.0014783194187388072,0,0,0,0,0,0.012158615952232422,0
ENSG00000213366,GSTM2,0.0014783194187388072,0,0,0,0,0,0.012158615952232422,0
ENSG00000099942,CRKL,0.0014783194187388072,0,0,0,0,0,0.012158615952232422,0
ENSG00000198561,CTNND1,0.0014783194187388072,0,0,0,0,0,0.012158615952232422,0
ENSG00000125304,TM9SF2,0.0014783194187388072,0,0,0,0,0,0.012158615952232422,0
ENSG00000101049,SGK2,0.0014783194187388072,0,0,0,0,0,0.012158615952232422,0
ENSG00000142408,CACNG8,0.0014783194187388072,0,0,0,0,0,0.012158615952232422,0
ENSG00000182372,CLN8,0.0014783194187388072,0,0,0,0,0,0.012158615952232422,0
ENSG00000090512,FETUB,0.0014783194187388072,0,0,0,0,0,0.012158615952232422,0
ENSG00000115297,TLX2,0.0014783194187388072,0,0,0,0,0,0.012158615952232422,0
ENSG00000185885,IFITM1,0.0014783194187388072,0,0,0,0,0,0.012158615952232422,0
ENSG00000115590,IL1R2,0.0014783194187388072,0,0,0,0,0,0.012158615952232422,0
ENSG00000242866,STRC,0,0,0,0,0,0,0,0
ENSG00000205899,BHLHA9,0,0,0,0,0,0,0,0
ENSG00000176009,ASCL3,0,0,0,0,0,0,0,0
ENSG00000159842,ABR,0,0,0,0,0,0,0,0
ENSG00000144677,CTDSPL,0,0,0,0,0,0,0,0
ENSG00000284629,SCYGR1,0,0,0,0,0,0,0,0
ENSG00000206052,DOK6,0,0,0,0,0,0,0,0
ENSG00000144820,ADGRG7,0,0,0,0,0,0,0,0
ENSG00000162849,KIF26B,0,0,0,0,0,0,0,0
ENSG00000172995,ARPP21,0,0,0,0,0,0,0,0
ENSG00000123636,BAZ2B,0,0,0,0,0,0,0,0
ENSG00000165494,PCF11,0,0,0,0,0,0,0,0
ENSG00000187726,DNAJB13,0,0,0,0,0,0,0,0
ENSG00000184811,TRARG1,0,0,0,0,0,0,0,0
ENSG00000101188,NTSR1,0,0,0,0,0,0,0,0
ENSG00000137877,SPTBN5,0,0,0,0,0,0,0,0
ENSG00000185737,NRG3,0,0,0,0,0,0,0,0
ENSG00000013573,DDX11,0,0,0,0,0,0,0,0
ENSG00000155011,DKK2,0,0,0,0,0,0,0,0
ENSG00000175575,PAAF1,0,0,0,0,0,0,0,0
ENSG00000188818,ZDHHC11,0,0,0,0,0,0,0,0
ENSG00000172320,OR5A1,0,0,0,0,0,0,0,0
ENSG00000214279,SCART1,0,0,0,0,0,0,0,0
ENSG00000283894,MIR1324,0,0,0,0,0,0,0,0
ENSG00000177990,DPY19L2,0,0,0,0,0,0,0,0
ENSG00000171772,SYCE1,0,0,0,0,0,0,0,0
ENSG00000257335,MGAM,0,0,0,0,0,0,0,0
ENSG00000111704,NANOG,0,0,0,0,0,0,0,0
ENSG00000172716,SLFN11,0,0,0,0,0,0,0,0
ENSG00000172123,SLFN12,0,0,0,0,0,0,0,0
ENSG00000154760,SLFN13,0,0,0,0,0,0,0,0
ENSG00000163935,SFMBT1,0,0,0,0,0,0,0,0
ENSG00000254466,OR4D10,0,0,0,0,0,0,0,0
ENSG00000166884,OR4D6,0,0,0,0,0,0,0,0
ENSG00000166762,CATSPER2,0,0,0,0,0,0,0,0
ENSG00000162591,MEGF6,0,0,0,0,0,0,0,0
ENSG00000184903,IMMP2L,0,0,0,0,0,0,0,0
ENSG00000135945,REV1,0,0,0,0,0,0,0,0
ENSG00000119720,NRDE2,0,0,0,0,0,0,0,0
ENSG00000103966,EHD4,0,0,0,0,0,0,0,0
ENSG00000242866,STRC,0,0,0,0,0,0,0,0
ENSG00000205899,BHLHA9,0,0,0,0,0,0,0,0
ENSG00000176009,ASCL3,0,0,0,0,0,0,0,0
ENSG00000159842,ABR,0,0,0,0,0,0,0,0
ENSG00000144677,CTDSPL,0,0,0,0,0,0,0,0
ENSG00000284629,SCYGR1,0,0,0,0,0,0,0,0
ENSG00000206052,DOK6,0,0,0,0,0,0,0,0
ENSG00000144820,ADGRG7,0,0,0,0,0,0,0,0
ENSG00000138639,ARHGAP24,0,0,0,0,0,0,0,0
ENSG00000153930,ANKFN1,0,0,0,0,0,0,0,0
ENSG00000135540,NHSL1,0,0,0,0,0,0,0,0
ENSG00000243137,PSG4,0,0,0,0,0,0,0,0
ENSG00000172969,FRG2C,0,0,0,0,0,0,0,0
ENSG00000168955,TM4SF20,0,0,0,0,0,0,0,0
ENSG00000196502,SULT1A1,0,0,0,0,0,0,0,0
ENSG00000114354,TFG,0,0,0,0,0,0,0,0
ENSG00000183454,GRIN2A,0,0,0,0,0,0,0,0
