ensembl,symbol,score,genetic_association,somatic_mutation,known_drug,affected_pathway,rna_expression,literature,animal_model
ENSG00000091831,ESR1,0.6003502568582324,0,0,0,0,0,0.9358618359155456,0.48927114940113275
ENSG00000178568,ERBB4,0.5545076893217893,0.8921422496481806,0,0,0,0,0.3996158759472821,0
ENSG00000109163,GNRHR,0.5376139422153642,0,0,0,0,0,0.8828332618752988,0.26973889490027625
ENSG00000140718,FTO,0.5226355278953269,0.8140669403115848,0,0,0,0,0.9125763547901211,0
ENSG00000183765,CHEK2,0.4966315559629642,0.6496100890874531,0,0,0,0,0.22088643413781528,0
ENSG00000131808,FSHB,0.49594681159130066,0.7962886836608775,0,0,0,0,0.39012325254202324,0
ENSG00000148120,AOPEP,0.4916507729045579,0.7926186296608505,0,0,0,0,0.3221911839795817,0
ENSG00000119522,DENND1A,0.4812054220775895,0.7462525786255004,0,0,0,0,0.9058760254370659,0
ENSG00000170820,FSHR,0.4748145624767965,0.4407265795721131,0,0,0,0,0.9134234706319193,0.30037860709990194
ENSG00000127955,GNAI1,0.46989812089127514,0.7729467280443182,0,0,0,0,0,0
ENSG00000154328,NEIL2,0.4696962670388885,0.764098977176462,0,0,0,0,0.170314332161386,0
ENSG00000152219,ARL14EP,0.46670344945055536,0.7608627272744675,0,0,0,0,0.13658017662356647,0
ENSG00000117707,PROX1,0.4512204966237526,0.7368871729284857,0,0,0,0,0.10672562891404014,0
ENSG00000109906,ZBTB16,0.4410490829741399,0.7170057783699767,0,0,0,0,0.16972945795171684,0
ENSG00000137869,CYP19A1,0.4395589534144873,0,0,0,0,0,0.955046358808791,0
ENSG00000125347,IRF1,0.43718462698773763,0.7085742281544902,0,0,0,0,0.2112257291114048,0
ENSG00000139531,SUOX,0.4344006942474477,0.6951294580887827,0,0,0,0,0.3885339711229774,0
ENSG00000138039,LHCGR,0.4323368747703758,0.49832935553241825,0,0,0,0,0.870094928381827,0.2554525211564032
ENSG00000186010,NDUFA13,0.43185946431449884,0,0,0,0,0,0.42555155832813474,0
ENSG00000166136,NDUFB8,0.4235439175840931,0,0,0,0,0,0.15198269940290526,0
ENSG00000112164,GLP1R,0.4223012015121149,0,0,0,0,0,0.9388831919751065,0
ENSG00000082175,PGR,0.42142674467527297,0,0,0,0,0,0.6386390866232249,0
ENSG00000198786,MT-ND5,0.4213497321016225,0,0,0,0,0,0.07979732925581604,0
ENSG00000136574,GATA4,0.4213332557710446,0.6635008544507508,0,0,0,0,0.5912071630326623,0
ENSG00000147684,NDUFB9,0.4211827129569408,0,0,0,0,0,0.07430265304142035,0
ENSG00000198763,MT-ND2,0.4206321929650667,0,0,0,0,0,0.05619138136257414,0
ENSG00000125356,NDUFA1,0.4202176988919307,0,0,0,0,0,0.04255515583281348,0
ENSG00000198886,MT-ND4,0.4201253039282596,0,0,0,0,0,0.03951550184475537,0
ENSG00000198695,MT-ND6,0.4201253039282596,0,0,0,0,0,0.03951550184475537,0
ENSG00000139180,NDUFA9,0.41984811903724606,0,0,0,0,0,0.030396539880581056,0
ENSG00000178127,NDUFV2,0.41984811903724606,0,0,0,0,0,0.030396539880581056,0
ENSG00000212907,MT-ND4L,0.41984811903724606,0,0,0,0,0,0.030396539880581056,0
ENSG00000004779,NDUFAB1,0.41984811903724606,0,0,0,0,0,0.030396539880581056,0
ENSG00000147123,NDUFB11,0.41947853918256134,0,0,0,0,0,0.01823792392834863,0
ENSG00000023228,NDUFS1,0.41929374925521895,0,0,0,0,0,0.012158615952232422,0
ENSG00000184983,NDUFA6,0.4189241694005343,0,0,0,0,0,0,0
ENSG00000185633,COXFA4L2,0.4189241694005343,0,0,0,0,0,0,0
ENSG00000198840,MT-ND3,0.4189241694005343,0,0,0,0,0,0,0
ENSG00000267855,NDUFA7,0.4189241694005343,0,0,0,0,0,0,0
ENSG00000065518,NDUFB4,0.4189241694005343,0,0,0,0,0,0,0
ENSG00000170906,NDUFA3,0.4189241694005343,0,0,0,0,0,0,0
ENSG00000119013,NDUFB3,0.4189241694005343,0,0,0,0,0,0,0
ENSG00000140990,NDUFB10,0.4189241694005343,0,0,0,0,0,0,0
ENSG00000164258,NDUFS4,0.4189241694005343,0,0,0,0,0,0,0
ENSG00000189043,COXFA4,0.4189241694005343,0,0,0,0,0,0,0
ENSG00000110717,NDUFS8,0.4189241694005343,0,0,0,0,0,0,0
ENSG00000165264,NDUFB6,0.4189241694005343,0,0,0,0,0,0,0
ENSG00000109390,NDUFC1,0.4189241694005343,0,0,0,0,0,0,0
ENSG00000178057,NDUFAF3,0.4189241694005343,0,0,0,0,0,0,0
ENSG00000128609,NDUFA5,0.4189241694005343,0,0,0,0,0,0,0
ENSG00000137806,NDUFAF1,0.4189241694005343,0,0,0,0,0,0,0
ENSG00000174886,NDUFA11,0.4189241694005343,0,0,0,0,0,0,0
ENSG00000151366,NDUFC2,0.4189241694005343,0,0,0,0,0,0,0
ENSG00000158864,NDUFS2,0.4189241694005343,0,0,0,0,0,0,0
ENSG00000131495,NDUFA2,0.4189241694005343,0,0,0,0,0,0,0
ENSG00000119421,NDUFA8,0.4189241694005343,0,0,0,0,0,0,0
ENSG00000160194,NDUFV3,0.4189241694005343,0,0,0,0,0,0,0
ENSG00000198888,MT-ND1,0.4189241694005343,0,0,0,0,0,0,0
ENSG00000213619,NDUFS3,0.4189241694005343,0,0,0,0,0,0,0
ENSG00000168653,NDUFS5,0.4189241694005343,0,0,0,0,0,0,0
ENSG00000145494,NDUFS6,0.4189241694005343,0,0,0,0,0,0,0
ENSG00000184752,NDUFA12,0.4189241694005343,0,0,0,0,0,0,0
ENSG00000115159,GPD2,0.4189241694005343,0,0,0,0,0,0,0
ENSG00000099795,NDUFB7,0.4189241694005343,0,0,0,0,0,0,0
ENSG00000167792,NDUFV1,0.4189241694005343,0,0,0,0,0,0,0
ENSG00000136521,NDUFB5,0.4189241694005343,0,0,0,0,0,0,0
ENSG00000123545,NDUFAF4,0.4189241694005343,0,0,0,0,0,0,0
ENSG00000183648,NDUFB1,0.4189241694005343,0,0,0,0,0,0,0
ENSG00000115286,NDUFS7,0.4189241694005343,0,0,0,0,0,0,0
ENSG00000090266,NDUFB2,0.4189241694005343,0,0,0,0,0,0,0
ENSG00000130414,NDUFA10,0.4189241694005343,0,0,0,0,0,0,0
ENSG00000164182,NDUFAF2,0.4189241694005343,0,0,0,0,0,0,0
ENSG00000137693,YAP1,0.418626343881158,0.644976078226144,0,0,0,0,0.8726493972318508,0
ENSG00000140675,SLC5A2,0.405067722092997,0,0,0,0,0,0.5158243074565646,0
ENSG00000111424,VDR,0.3938609486202311,0,0,0,0,0,0.9580888702600239,0
ENSG00000151623,NR3C2,0.3871051252866999,0,0,0,0,0,0.37190849273215365,0
ENSG00000115970,THADA,0.38373685897225623,0.605209118688487,0,0,0,0,0.5201775198182791,0
ENSG00000132170,PPARG,0.3779921798718451,0.5113381171724518,0,0,0,0,0.9327751760069096,0
ENSG00000100154,TTC28,0.3686605891810503,0.6064186756607954,0,0,0,0,0,0
ENSG00000088899,LZTS3,0.352107435863802,0.5791899953861972,0,0,0,0,0,0
ENSG00000116062,MSH6,0.3520554172162307,0.5774326189674477,0,0,0,0,0.03343619386863916,0
ENSG00000149948,HMGA2,0.34801931531750524,0.548966980064375,0,0,0,0,0.4699673489367485,0
ENSG00000132321,DRC11,0.34269762346682076,0.5621917415153762,0,0,0,0,0.030396539880581056,0
ENSG00000166575,TMEM135,0.34264117410354,0.5636187135931837,0,0,0,0,0,0
ENSG00000141510,TP53,0.33940462011082906,0.5285073301286856,0,0,0,0,0.5957499581614467,0
ENSG00000138696,BMPR1B,0.328380740490379,0.5359945241298609,0,0,0,0,0.08333718017259306,0
ENSG00000156486,KCNS2,0.32699492150494036,0.537881816136978,0,0,0,0,0,0
ENSG00000171940,ZNF217,0.3267773573982719,0.5031538948431836,0,0,0,0,0.6874008971728455,0
ENSG00000163281,GNPDA2,0.31191386637003093,0.5111495113989094,0,0,0,0,0.038502283848736,0
ENSG00000121542,SEC22A,0.31017304252799455,0.5102111025573502,0,0,0,0,0,0
ENSG00000111249,CUX2,0.30658256316900123,0.5026332269546089,0,0,0,0,0.03343619386863916,0
ENSG00000149295,DRD2,0.3014827800281217,0,0,0,0,0,0.5167096013424034,0
ENSG00000186998,EMID1,0.29710863886598055,0.48872115055402987,0,0,0,0,0,0
ENSG00000163083,INHBB,0.29700102907374165,0.47946359650178366,0,0,0,0,0.1816108823031716,0
ENSG00000116678,LEPR,0.29272161498150867,0,0,0,0,0,0.888587043490012,0.5185763496796196
ENSG00000113161,HMGCR,0.29102450688959286,0,0,0,0,0,0.4293301899920804,0
ENSG00000185774,KCNIP4,0.281911385755026,0.4637228231610766,0,0,0,0,0,0
ENSG00000112874,NUDT12,0.2810365609468401,0.462283802779772,0,0,0,0,0,0
ENSG00000140009,ESR2,0.2777356973865537,0,0,0,0,0,0.5956549509149127,0
ENSG00000168300,PCMTD1,0.27109515166057485,0.4459309393859086,0,0,0,0,0,0
ENSG00000187323,DCC,0.26985246448545375,0.44388681334392605,0,0,0,0,0,0
ENSG00000118113,MMP8,0.26861577495795325,0,0,0,0,0,0.32601989297449496,0
ENSG00000171105,INSR,0.2652279956249832,0.3915001103225456,0,0,0,0,0.8955960579234195,0
ENSG00000151577,DRD3,0.26519407795042266,0,0,0,0,0,0.21345125782808028,0
ENSG00000230062,ANKRD66,0.2646423356705393,0.4353165470646333,0,0,0,0,0,0
ENSG00000152518,ZFP36L2,0.2646420208605914,0.43157024672972294,0,0,0,0,0.07491564992901206,0
ENSG00000196611,MMP1,0.2642049154958416,0,0,0,0,0,0.18090931527582926,0
ENSG00000197635,DPP4,0.26407821310564544,0,0,0,0,0,0.8783944612998972,0
ENSG00000103546,SLC6A2,0.26388001624487706,0,0,0,0,0,0.17022062333125393,0
ENSG00000163288,GABRB1,0.26281747416265855,0,0,0,0,0,0.13526460246858568,0
ENSG00000137673,MMP7,0.26092337740739946,0,0,0,0,0,0.07295169571339453,0
ENSG00000137745,MMP13,0.2607565531674376,0,0,0,0,0,0.06746343156828963,0
ENSG00000136531,SCN2A,0.2603690076253724,0,0,0,0,0,0.0547137717850459,0
ENSG00000022355,GABRA1,0.25962984791600296,0,0,0,0,0,0.030396539880581056,0
ENSG00000186367,MINAR2,0.2593110876880574,0.4265470489516461,0,0,0,0,0,0
ENSG00000155511,GRIA1,0.25907547813397597,0,0,0,0,0,0.012158615952232422,0
ENSG00000171189,GRIK1,0.25870589827929125,0,0,0,0,0,0,0
ENSG00000166206,GABRB3,0.25870589827929125,0,0,0,0,0,0,0
ENSG00000196876,SCN8A,0.25870589827929125,0,0,0,0,0,0,0
ENSG00000094755,GABRP,0.25870589827929125,0,0,0,0,0,0,0
ENSG00000011677,GABRA3,0.25870589827929125,0,0,0,0,0,0,0
ENSG00000163285,GABRG1,0.25870589827929125,0,0,0,0,0,0,0
ENSG00000069696,DRD4,0.25870589827929125,0,0,0,0,0,0,0
ENSG00000163873,GRIK3,0.25870589827929125,0,0,0,0,0,0,0
ENSG00000153253,SCN3A,0.25870589827929125,0,0,0,0,0,0,0
ENSG00000113327,GABRG2,0.25870589827929125,0,0,0,0,0,0,0
ENSG00000168356,SCN11A,0.25870589827929125,0,0,0,0,0,0,0
ENSG00000136546,SCN7A,0.25870589827929125,0,0,0,0,0,0,0
ENSG00000268089,GABRQ,0.25870589827929125,0,0,0,0,0,0,0
ENSG00000120251,GRIA2,0.25870589827929125,0,0,0,0,0,0,0
ENSG00000125675,GRIA3,0.25870589827929125,0,0,0,0,0,0,0
ENSG00000169432,SCN9A,0.25870589827929125,0,0,0,0,0,0,0
ENSG00000007314,SCN4A,0.25870589827929125,0,0,0,0,0,0,0
ENSG00000145864,GABRB2,0.25870589827929125,0,0,0,0,0,0,0
ENSG00000187730,GABRD,0.25870589827929125,0,0,0,0,0,0,0
ENSG00000186297,GABRA5,0.25870589827929125,0,0,0,0,0,0,0
ENSG00000164418,GRIK2,0.25870589827929125,0,0,0,0,0,0,0
ENSG00000152578,GRIA4,0.25870589827929125,0,0,0,0,0,0,0
ENSG00000144285,SCN1A,0.25870589827929125,0,0,0,0,0,0,0
ENSG00000167434,CA4,0.25870589827929125,0,0,0,0,0,0,0
ENSG00000145863,GABRA6,0.25870589827929125,0,0,0,0,0,0,0
ENSG00000102287,GABRE,0.25870589827929125,0,0,0,0,0,0,0
ENSG00000104267,CA2,0.25870589827929125,0,0,0,0,0,0,0
ENSG00000109158,GABRA4,0.25870589827929125,0,0,0,0,0,0,0
ENSG00000185313,SCN10A,0.25870589827929125,0,0,0,0,0,0,0
ENSG00000183873,SCN5A,0.25870589827929125,0,0,0,0,0,0,0
ENSG00000182256,GABRG3,0.25870589827929125,0,0,0,0,0,0,0
ENSG00000151834,GABRA2,0.25870589827929125,0,0,0,0,0,0,0
ENSG00000149403,GRIK4,0.25870589827929125,0,0,0,0,0,0,0
ENSG00000105737,GRIK5,0.25870589827929125,0,0,0,0,0,0,0
ENSG00000233608,TWIST2,0.2578494850384682,0.4241428235770946,0,0,0,0,0,0
ENSG00000065361,ERBB3,0.25478378148208186,0.40802295444334225,0,0,0,0,0.22154039143753906,0
ENSG00000169926,KLF13,0.2534096149162021,0.41562371276385346,0,0,0,0,0.024317231904464845,0
ENSG00000147894,C9orf72,0.2522116639727258,0.4148690360211891,0,0,0,0,0,0
ENSG00000169083,AR,0.25210259780522043,0,0,0,0,0,0.96996027505047,0.4556897276197308
ENSG00000173175,ADCY5,0.2501220041881774,0.41006386005532985,0,0,0,0,0.02735688589252295,0
ENSG00000171853,TRAPPC12,0.24821513346633445,0.40829504680713286,0,0,0,0,0,0
ENSG00000182263,FIGN,0.24497688496987638,0.4012205728775785,0,0,0,0,0.03495602086266821,0
ENSG00000170807,LMOD2,0.24318715514686684,0.398504577267569,0,0,0,0,0.030396539880581056,0
ENSG00000163618,CADPS,0.2391896104402345,0.39344874676515684,0,0,0,0,0,0
ENSG00000152284,TCF7L1,0.23815655365266658,0.39174944679281376,0,0,0,0,0,0
ENSG00000115850,LCT,0.23681162103896233,0.3883972645226535,0,0,0,0,0.02279740491043579,0
ENSG00000108375,RNF43,0.23559975132064145,0.3875437011025641,0,0,0,0,0,0
ENSG00000067900,ROCK1,0.23375302221048463,0.3829861449501965,0,0,0,0,0.030396539880581056,0
ENSG00000084090,STARD7,0.22885694984033922,0.37645230466929785,0,0,0,0,0,0
ENSG00000166603,MC4R,0.22770034827752134,0.32923911599298517,0,0,0,0,0.7002112743325508,0.463504644593727
ENSG00000180957,PITPNB,0.22738704247365643,0.37251459167170126,0,0,0,0,0.030396539880581056,0
ENSG00000188811,NHLRC3,0.22711315985177136,0.37358390254948637,0,0,0,0,0,0
ENSG00000173334,TRIB1,0.2252945421518032,0.36800870863647217,0,0,0,0,0.051674117796987794,0
ENSG00000172238,ATOH1,0.22482995367510264,0.36982820175979325,0,0,0,0,0,0
ENSG00000113580,NR3C1,0.22383575828160002,0,0,0,0,0,0.5824024847320202,0
ENSG00000122482,ZNF644,0.22375651832450985,0.3680624821173438,0,0,0,0,0,0
ENSG00000040731,CDH10,0.22356242454182068,0.3662233855889341,0,0,0,0,0.030396539880581056,0
ENSG00000214814,FER1L6,0.2231290094612665,0.3670302776860029,0,0,0,0,0,0
ENSG00000174804,FZD4,0.21980479945392112,0.3552549226162759,0,0,0,0,0.12614564050441138,0
ENSG00000164304,CAGE1,0.21925828472325196,0.36066322940810436,0,0,0,0,0,0
ENSG00000135775,COG2,0.21367033489590093,0.3455103770425608,0,0,0,0,0.11922198419827901,0
ENSG00000103460,TOX3,0.21310828846834395,0.32662080826930084,0,0,0,0,0.47852288575542595,0
ENSG00000175792,RUVBL1,0.2123872983775698,0.3493609786047626,0,0,0,0,0,0
ENSG00000186951,PPARA,0.20842654809153602,0,0,0,0,0,0.4601339545235516,0
ENSG00000164619,BMPER,0.20786575843715194,0.3419233887373276,0,0,0,0,0,0
ENSG00000111615,KRR1,0.20395395084558926,0.33027358011032043,0,0,0,0,0.10430364349140876,0
ENSG00000155875,SAXO1,0.2029972007644209,0.3339149810503702,0,0,0,0,0,0
ENSG00000120685,PROSER1,0.20179577880653177,0.33193873315733835,0,0,0,0,0,0
ENSG00000205856,C22orf42,0.20071002254211912,0.3301527465472205,0,0,0,0,0,0
ENSG00000087245,MMP2,0.19620883278995271,0.2999240898111104,0,0,0,0,0.45649082766191623,0
ENSG00000112033,PPARD,0.1961470104730552,0,0,0,0,0,0.06966538862338029,0
ENSG00000182168,UNC5C,0.19546949350454138,0.31932872506868765,0,0,0,0,0.044074982826842524,0
ENSG00000198734,F5,0.19273826190152885,0.30329719808208155,0,0,0,0,0.2748521506375971,0
ENSG00000183579,ZNRF3,0.18937453626317385,0.3099869053629596,0,0,0,0,0.030396539880581056,0
ENSG00000187735,TCEA1,0.18843699493339813,0.30996454805992874,0,0,0,0,0,0
ENSG00000187871,GFRAL,0.18480977517938602,0.3039980469906255,0,0,0,0,0,0
ENSG00000107518,ATRNL1,0.18437193321611192,0.30327783020773796,0,0,0,0,0,0
ENSG00000174482,LINGO2,0.17239207211556581,0.28296393756773996,0,0,0,0,0.012158615952232422,0
ENSG00000175497,DPP10,0.17239207211556581,0.28296393756773996,0,0,0,0,0.012158615952232422,0
ENSG00000111540,RAB5B,0.17024579039263113,0.23865989418142036,0,0,0,0,0.8276300744706434,0
ENSG00000078328,RBFOX1,0.17022000686523212,0.27999898596020434,0,0,0,0,0,0
ENSG00000124766,SOX4,0.1658727478520057,0.2653249313638641,0,0,0,0,0.1504628724088762,0
ENSG00000189337,KAZN,0.16304935430734832,0.2666839799983468,0,0,0,0,0.030396539880581056,0
ENSG00000151806,GUF1,0.16165292261442385,0.2659067828929049,0,0,0,0,0,0
ENSG00000153993,SEMA3D,0.15926072956346962,0.2619718069707236,0,0,0,0,0,0
ENSG00000104435,STMN2,0.15874540173252516,0.2611241318192606,0,0,0,0,0,0
ENSG00000132671,SSTR4,0.15779288178424733,0.2595573088321377,0,0,0,0,0,0
ENSG00000152208,GRID2,0.14837475268094616,0.24406520160496284,0,0,0,0,0,0
ENSG00000146038,DCDC2,0.14043954998555824,0.23101239571560345,0,0,0,0,0,0
ENSG00000104899,AMH,0.1327386194759889,0,0,0,0,0,0.9962614602003896,0.38185315485647936
ENSG00000174697,LEP,0.13028280352486662,0,0,0,0,0,0.9837413879300231,0.3511408287004723
ENSG00000172179,PRL,0.12871413945856994,0,0,0,0,0,0.9585557198731339,0.40027683541743164
ENSG00000170498,KISS1,0.1274408981556903,0,0,0,0,0,0.9759460219307937,0.2888279219452812
ENSG00000232810,TNF,0.1255010855437357,0,0,0,0,0,0.9698250803287772,0.24949479933980928
ENSG00000010310,GIPR,0.12538619123142827,0.19373431283878845,0,0,0,0,0.25032901548986525,0
ENSG00000175354,PTPN2,0.12304882450943617,0.20240597283910988,0,0,0,0,0,0
ENSG00000254647,INS,0.12051345692046252,0,0,0,0,0,0.9911774283678665,0
ENSG00000083444,PLOD1,0.1202397167583507,0,0,0,0,0,0.9889260194641947,0
ENSG00000181092,ADIPOQ,0.11925373158790624,0,0,0,0,0,0.9808166657818504,0
ENSG00000129214,SHBG,0.11887671462769488,0,0,0,0,0,0.977715844424448,0
ENSG00000136244,IL6,0.11783844518947986,0,0,0,0,0,0.9691764724902242,0
ENSG00000147437,GNRH1,0.11774656073380438,0,0,0,0,0,0.9684207577276519,0
ENSG00000204256,BRD2,0.11773407605344641,0,0,0,0,0,0.9683180759717102,0
ENSG00000132693,CRP,0.11713949661150942,0,0,0,0,0,0.9634278858030848,0
ENSG00000160097,FNDC5,0.11694903236227237,0,0,0,0,0,0.961861389665816,0
ENSG00000181619,GPR135,0.11579549744954762,0.19047480059321492,0,0,0,0,0,0
ENSG00000115263,GCG,0.11526981743374365,0,0,0,0,0,0.9480504844186575,0
ENSG00000106538,RARRES2,0.11501107294715027,0,0,0,0,0,0.9459224092527841,0
ENSG00000112715,VEGFA,0.11476745524838683,0,0,0,0,0,0.9439187461736923,0
ENSG00000142208,AKT1,0.11403349882743351,0,0,0,0,0,0.9378822332692892,0
ENSG00000163661,PTX3,0.11384841217368005,0,0,0,0,0,0.9363599658131857,0
ENSG00000130173,ANGPTL8,0.1132040623147971,0,0,0,0,0,0.9310604328612905,0
ENSG00000182963,GJC1,0.11284020394736792,0.18394175749329958,0,0,0,0,0.03343619386863916,0
ENSG00000174748,RPL15,0.1124193054723764,0.18492122115549722,0,0,0,0,0,0
ENSG00000105835,NAMPT,0.1121396302991889,0,0,0,0,0,0.9223058836610357,0
ENSG00000157017,GHRL,0.11198773982875544,0,0,0,0,0,0.9210566422092933,0
ENSG00000105329,TGFB1,0.11195293618702402,0,0,0,0,0,0.9207703954697947,0
ENSG00000104918,RETN,0.11130392508815024,0,0,0,0,0,0.9154325255886869,0
ENSG00000130385,BMP15,0.11121329342675403,0,0,0,0,0,0.8164037024470452,0.39313364854549504
ENSG00000171862,PTEN,0.11106958165961417,0,0,0,0,0,0.9135051398610946,0
ENSG00000138207,RBP4,0.11067986289320214,0,0,0,0,0,0.9102998509701294,0
ENSG00000164404,GDF9,0.11067745196121447,0,0,0,0,0,0.8340758964892621,0.3048165019224668
ENSG00000162711,NLRP3,0.11017549819972627,0,0,0,0,0,0.9061516428561686,0
ENSG00000127318,IL22,0.11017023362092196,0,0,0,0,0,0.9061083436942822,0
ENSG00000105550,FGF21,0.11016895031512337,0,0,0,0,0,0.9060977889913157,0
ENSG00000150782,IL18,0.10972026296151696,0,0,0,0,0,0.9024075058590153,0
ENSG00000017427,IGF1,0.10967798376949432,0,0,0,0,0,0.9020597755565802,0
ENSG00000198793,MTOR,0.1096060136461639,0,0,0,0,0,0.9014678486167609,0
ENSG00000142515,KLK3,0.10893116511069469,0,0,0,0,0,0.8959174756292391,0
ENSG00000106366,SERPINE1,0.10884773797145982,0,0,0,0,0,0.8952313190834396,0
ENSG00000103494,RPGRIP1L,0.10883843191089598,0.17903095605369845,0,0,0,0,0,0
ENSG00000070081,NUCB2,0.10821068929212448,0,0,0,0,0,0.8899918355613172,0
ENSG00000177000,MTHFR,0.10804377632746397,0,0,0,0,0,0.8886190397980803,0
ENSG00000181856,SLC2A4,0.1078533244009743,0,0,0,0,0,0.8870526450107302,0
ENSG00000189403,HMGB1,0.10759370532391133,0,0,0,0,0,0.8849173766702964,0
ENSG00000117586,TNFSF4,0.10756131054976562,0.17693018839042526,0,0,0,0,0,0
ENSG00000100985,MMP9,0.10748172760455701,0,0,0,0,0,0.8839964024426848,0
ENSG00000115705,TPO,0.10713856400327863,0,0,0,0,0,0.8811740121095536,0
ENSG00000182551,ADI1,0.1070625152401251,0.17610970798114162,0,0,0,0,0,0
ENSG00000159692,CTBP1,0.10639246181004067,0,0,0,0,0,0.87503760483944,0
ENSG00000032389,EIPR1,0.1061879217330367,0.17467106807257898,0,0,0,0,0,0
ENSG00000148346,LCN2,0.10612338208879096,0,0,0,0,0,0.8728245262924504,0
ENSG00000251562,MALAT1,0.10607377650004968,0,0,0,0,0.01369821886858699,0.8689919844414379,0
ENSG00000125730,C3,0.10593239448614866,0,0,0,0,0,0.8712537257721229,0
ENSG00000168610,STAT3,0.10556862216825337,0,0,0,0,0,0.8682618365692364,0
ENSG00000109320,NFKB1,0.10545015504166297,0,0,0,0,0,0.8672874894309122,0
ENSG00000148795,CYP17A1,0.10485681765415045,0,0,0,0,0,0.8624075146883627,0
ENSG00000130513,GDF15,0.10478608364223174,0,0,0,0,0,0.8618257542955962,0
ENSG00000169047,IRS1,0.10476721448736034,0,0,0,0,0,0.861670562660746,0
ENSG00000108691,CCL2,0.10470183286130759,0,0,0,0,0,0.8611328236096105,0
ENSG00000140459,CYP11A1,0.10469049358600058,0,0,0,0,0,0.8610395623753422,0
ENSG00000197728,RPS26,0.10453998464495841,0.163570981662016,0,0,0,0,0.16778710067297584,0
ENSG00000136634,IL10,0.10448072642726278,0,0,0,0,0,0.8593143071360786,0
ENSG00000259384,GH1,0.10421121660271083,0,0,0,0,0,0.8570976911527236,0
ENSG00000142082,SIRT3,0.10379564759959087,0,0,0,0,0,0.8536797938792788,0
ENSG00000162344,FGF19,0.10347258896790228,0,0,0,0,0,0.8510227592878602,0
ENSG00000138379,MSTN,0.10330214039109391,0,0,0,0,0,0.8496208844570569,0
ENSG00000010610,CD4,0.10270538106488422,0,0,0,0,0,0.8447127655679154,0
ENSG00000265972,TXNIP,0.10249253967744806,0,0,0,0,0,0.8429622259647865,0
ENSG00000245532,NEAT1,0.10229774129972684,0,0,0,0,0,0.8413600832662548,0
ENSG00000257017,HP,0.10225647077452109,0,0,0,0,0,0.8410206488654324,0
ENSG00000148737,TCF7L2,0.10210055768334342,0,0,0,0,0,0.8397383228853191,0
ENSG00000090339,ICAM1,0.10189278323658812,0,0,0,0,0,0.8380294569455479,0
ENSG00000136869,TLR4,0.10182702695432064,0,0,0,0,0,0.8374886364892904,0
ENSG00000167701,GPT,0.10165225031686223,0,0,0,0,0,0.8360511650028557,0
ENSG00000125538,IL1B,0.10146779638947447,0,0,0,0,0,0.8345341014808856,0
ENSG00000111252,SH2B3,0.10077735853361008,0.12710249067859852,0,0,0,0,0.6699773989035929,0
ENSG00000142449,FBN3,0.10077503124187996,0,0,0,0,0,0.828836371160953,0
ENSG00000134363,FST,0.10077189846218543,0,0,0,0,0,0.8288106052373739,0
ENSG00000159224,GIP,0.10036616394852307,0,0,0,0,0,0.8254735929059016,0
ENSG00000134259,NGF,0.10001088532613392,0,0,0,0,0,0.8225515611237897,0
ENSG00000100292,HMOX1,0.09997396052914173,0,0,0,0,0,0.8222478686876008,0
ENSG00000134184,GSTM1,0.09947490039048812,0,0,0,0,0,0.8181432885230961,0
ENSG00000145192,AHSG,0.09939926470932815,0,0,0,0,0,0.817521213761815,0
ENSG00000090512,FETUB,0.09927500708477907,0,0,0,0,0,0.8164992419762329,0
ENSG00000120217,CD274,0.09918043723244323,0,0,0,0,0,0.8157214408456818,0
ENSG00000174738,NR1D2,0.09915191795897557,0.16036168754058666,0,0,0,0,0.0547137717850459,0
ENSG00000187609,EXD3,0.09895429932378957,0.16277230848075394,0,0,0,0,0,0
ENSG00000135409,AMHR2,0.09893381831013441,0,0,0,0,0,0.7298860338241433,0.3352282400729882
ENSG00000005421,PON1,0.0985260680790987,0,0,0,0,0,0.8103395030008206,0
ENSG00000163631,ALB,0.09840166778054835,0,0,0,0,0,0.8093163577757466,0
ENSG00000131981,LGALS3,0.0981977364337644,0,0,0,0,0,0.8076390998741471,0
ENSG00000164305,CASP3,0.09817848833637051,0,0,0,0,0,0.807480791580921,0
ENSG00000122585,NPY,0.0978700912003118,0,0,0,0,0,0.8049443422245939,0
ENSG00000136859,ANGPTL2,0.09730933655703115,0,0,0,0,0,0.8003323481828075,0
ENSG00000185950,IRS2,0.09723123981867259,0,0,0,0,0,0.7996900321604461,0
ENSG00000101405,OXT,0.09707719901407623,0,0,0,0,0,0.7984231050266215,0
ENSG00000119630,PGF,0.09695391584974172,0,0,0,0,0,0.7974091478063356,0
ENSG00000118785,SPP1,0.09683666483040584,0,0,0,0,0,0.796444802688466,0
ENSG00000253293,HOXA10,0.0967707828383315,0,0,0,0,0,0.7959029483167743,0
ENSG00000188389,PDCD1,0.09640109406414352,0,0,0,0,0,0.7928623985071548,0
ENSG00000160712,IL6R,0.09628957551360877,0,0,0,0,0,0.7919452007687536,0
ENSG00000105398,SULT2A1,0.09619375075280233,0,0,0,0,0,0.7911570784924773,0
ENSG00000164136,IL15,0.09564558392716624,0,0,0,0,0,0.7866486144716572,0
ENSG00000169836,TACR3,0.09536891061284472,0,0,0,0,0,0.2580255473725057,0.2871257157119686
ENSG00000130766,SESN2,0.09535673556219036,0,0,0,0,0,0.784272946335492,0
ENSG00000159640,ACE,0.09502641699580863,0,0,0,0,0,0.781556201537569,0
ENSG00000130203,APOE,0.09482900913062875,0,0,0,0,0,0.7799325967954219,0
ENSG00000113070,HBEGF,0.09415708127316351,0,0,0,0,0,0.7744062452756023,0
ENSG00000147465,STAR,0.09378013105573041,0,0,0,0,0,0.771305972852211,0
ENSG00000134852,CLOCK,0.09360863375330188,0,0,0,0,0,0.769895472651347,0
ENSG00000076716,GPC4,0.09350707847982082,0,0,0,0,0,0.7690602190839998,0
ENSG00000072310,SREBF1,0.0931697148869634,0,0,0,0,0,0.7662855316180678,0
ENSG00000214049,UCA1,0.09271074912478937,0,0,0,0,0,0.7625107124776559,0
ENSG00000142168,SOD1,0.09261330748705032,0,0,0,0,0,0.761709292002481,0
ENSG00000229807,XIST,0.09234117298917982,0,0,0,0,0,0.7594710890775789,0
ENSG00000234741,GAS5,0.09223390032350134,0,0,0,0,0,0.7585888121301048,0
ENSG00000197885,NKIRAS1,0.09212673149841398,0.15154147784641353,0,0,0,0,0,0
ENSG00000197487,GALP,0.09211059250520971,0,0,0,0,0,0.7575746521403816,0
ENSG00000125571,IL37,0.09201335990047013,0,0,0,0,0,0.756774950882265,0
ENSG00000101255,TRIB3,0.09199976778024724,0,0,0,0,0.014389315183181317,0.7530658320580954,0
ENSG00000134548,SPX,0.09198976705111662,0,0,0,0,0,0.7565809086537234,0
ENSG00000153563,CD8A,0.09175011778463103,0,0,0,0,0,0.7546098844234401,0
ENSG00000169174,PCSK9,0.09142945356565034,0,0,0,0,0,0.7519725429674678,0
ENSG00000142330,CAPN10,0.09136103075601107,0,0,0,0,0,0.7514097913359655,0
ENSG00000067225,PKM,0.09135130368094006,0,0,0,0,0,0.7513297898365414,0
ENSG00000176697,BDNF,0.09128743330220668,0,0,0,0,0,0.7508044802208392,0
ENSG00000104205,SGK3,0.09117364367230527,0,0,0,0,0,0.6419114927635293,0.4318284438134747
ENSG00000171388,APLN,0.0911623943897633,0,0,0,0,0,0.7497760826389547,0
ENSG00000169752,NRG4,0.09098129014299713,0,0,0,0,0,0.748286568968339,0
ENSG00000123131,PRDX4,0.09029635349224747,0,0,0,0,0,0.7426532250627451,0
ENSG00000132386,SERPINF1,0.0902908035962252,0,0,0,0,0,0.7426075792750659,0
ENSG00000121774,KHDRBS1,0.09015695232891809,0,0,0,0,0,0.7415067034201744,0
ENSG00000166863,TAC3,0.09001465632798628,0,0,0,0,0,0.6560163712086621,0.33728000651492734
ENSG00000126581,BECN1,0.08995857106349442,0,0,0,0,0,0.7398750928305889,0
ENSG00000084674,APOB,0.08975682617870781,0,0,0,0,0,0.7382158177487933,0
ENSG00000197249,SERPINA1,0.0896441447999054,0,0,0,0,0,0.7372890561893767,0
ENSG00000073756,PTGS2,0.0895058141033805,0,0,0,0,0,0.5128821644729296,0
ENSG00000100030,MAPK1,0.08941280999586455,0,0,0,0,0,0.7353864152559867,0
ENSG00000153162,BMP6,0.08920984378681222,0,0,0,0,0,0.7337170952458002,0
ENSG00000146648,EGFR,0.08914093142771831,0,0,0,0,0,0.7331503172558987,0
ENSG00000107984,DKK1,0.08882440359932998,0,0,0,0,0,0.7305469960421038,0
ENSG00000167772,ANGPTL4,0.0886018849417968,0,0,0,0,0,0.7287168645665525,0
ENSG00000110245,APOC3,0.08841899049151992,0,0,0,0,0,0.7272126271517398,0
ENSG00000172410,INSL5,0.08831685529687125,0,0,0,0,0,0.7263726039529651,0
ENSG00000146678,IGFBP1,0.08780095111263436,0,0,0,0,0,0.7221294879086414,0
ENSG00000118046,STK11,0.0876009440114303,0,0,0,0,0,0.7204845054370359,0
ENSG00000169245,CXCL10,0.08726646508329476,0,0,0,0,0,0.7177335432432334,0
ENSG00000139278,GLIPR1,0.08713424714176224,0.08214257016118719,0,0,0,0,0.6139678881712365,0
ENSG00000069482,GAL,0.08712449957949799,0,0,0,0,0,0.7165659308739101,0
ENSG00000138798,EGF,0.0869385502550379,0,0,0,0,0,0.7150365682787708,0
ENSG00000096717,SIRT1,0.0866528359043597,0,0,0,0,0,0.7126866762203269,0
ENSG00000173432,SAA1,0.08635746610061788,0,0,0,0,0,0.7102573717262772,0
ENSG00000175206,NPPA,0.08630332594876713,0,0,0,0,0,0.7098120895324531,0
ENSG00000113083,LOX,0.0860248450169459,0,0,0,0,0,0.7075216895978281,0
ENSG00000233276,GPX1,0.08559746122253709,0,0,0,0,0,0.7040066201517015,0
ENSG00000036828,CASR,0.08545405833890432,0,0,0,0,0,0.7028271858789508,0
ENSG00000180914,OXTR,0.08544365110195642,0,0,0,0,0,0.3792431707788082,0
ENSG00000101856,PGRMC1,0.08540495608418716,0,0,0,0,0,0.7024233384763346,0
ENSG00000130812,ANGPTL6,0.08530888592402075,0,0,0,0,0,0.7016331978834922,0
ENSG00000184557,SOCS3,0.08473982446291889,0,0,0,0,0,0.6969528834189385,0
ENSG00000132356,PRKAA1,0.08467790767919174,0,0,0,0,0,0.69644364138045,0
ENSG00000101200,AVP,0.08425504236833953,0,0,0,0,0,0.6929657347460637,0
ENSG00000154734,ADAMTS1,0.084041407926825,0,0,0,0,0,0.6912086725742359,0
ENSG00000107562,CXCL12,0.08395755728098227,0,0,0,0,0,0.6905190328473775,0
ENSG00000177200,CHD9,0.08385393827318308,0.1379333611697585,0,0,0,0,0,0
ENSG00000154188,ANGPT1,0.08385061964864246,0,0,0,0,0,0.689639511421913,0
ENSG00000164362,TERT,0.08376773792998557,0,0,0,0,0,0.68895784075329,0
ENSG00000001626,CFTR,0.08366484652045715,0,0,0,0,0,0.6881115979742382,0
ENSG00000115884,SDC1,0.08363694772585548,0,0,0,0,0,0.6878821409808494,0
ENSG00000065989,PDE4A,0.08361512910563616,0,0,0,0,0,0.31908757400680815,0
ENSG00000243244,STON1,0.08357862265034782,0.03654060440797721,0,0,0,0,0.641726683868847,0
ENSG00000073792,IGF2BP2,0.08341016223770847,0,0,0,0,0,0.6860169164434681,0
ENSG00000118689,FOXO3,0.08335958808407608,0,0,0,0,0,0.6856009632311033,0
ENSG00000006210,CX3CL1,0.0831809146788595,0,0,0,0,0,0.6841314423093264,0
ENSG00000114251,WNT5A,0.08264705531854093,0,0,0,0,0,0.6797406517586918,0
ENSG00000177575,CD163,0.08251672738212025,0,0,0,0,0,0.6786687539626539,0
ENSG00000166819,PLIN1,0.08237091254530383,0,0,0,0,0,0.6774694822907031,0
ENSG00000178752,ERFE,0.08230379106115117,0,0,0,0,0,0.67691743356726,0
ENSG00000132906,CASP9,0.08229948146074617,0,0,0,0,0,0.6768819887401354,0
ENSG00000166598,HSP90B1,0.08202092442693198,0,0,0,0,0,0.6745909628955117,0
ENSG00000101327,PDYN,0.08195008285118431,0,0,0,0,0,0.67400831783109,0
ENSG00000184481,FOXO4,0.08186193781266143,0,0,0,0,0,0.6732833583548703,0
ENSG00000261236,BOP1,0.08179664537166713,0,0,0,0,0,0.67274635281698,0
ENSG00000095752,IL11,0.08167929457253881,0,0,0,0,0,0.6717811870482002,0
ENSG00000138685,FGF2,0.08148056783410838,0,0,0,0,0,0.6701467350742983,0
ENSG00000130208,APOC1,0.08135978169439627,0,0,0,0,0,0.6691533149334974,0
ENSG00000169710,FASN,0.08131530462479576,0,0,0,0,0,0.6687875079224425,0
ENSG00000214548,MEG3,0.08112031423759414,0,0,0,0,0,0.6671837860188337,0
ENSG00000160791,CCR5,0.08032612819430503,0,0,0,0,0,0.6606519073378289,0
ENSG00000096968,JAK2,0.08028552630613864,0,0,0,0,0,0.660317972222797,0
ENSG00000159167,STC1,0.08008590128875996,0,0,0,0,0,0.6586761322455911,0
ENSG00000136238,RAC1,0.07986475677163027,0,0,0,0,0,0.656857302553145,0
ENSG00000162734,PEA15,0.07982411555835829,0,0,0,0,0,0.65652304400405,0
ENSG00000164733,CTSB,0.07951864915474101,0.1219969031739336,0,0,0,0,0.17610473175874924,0
ENSG00000172156,CCL11,0.07925332000501194,0,0,0,0,0,0.6518284672891602,0
ENSG00000102924,CBLN1,0.07916620917658988,0,0,0,0,0,0.6511120137983658,0
ENSG00000184363,PKP3,0.0791017922645912,0,0,0,0,0,0.5658822507768173,0.3387998335089564
ENSG00000102144,PGK1,0.07894337366168716,0,0,0,0,0,0.64927927629125,0
ENSG00000164687,FABP5,0.07883691413132381,0,0,0,0,0,0.6484036870730233,0
ENSG00000260551,PWRN2,0.07877759282709211,0,0,0,0,0,0.6479157918679708,0
ENSG00000186188,FFAR4,0.0787564404226025,0,0,0,0,0,0.6477418213718821,0
ENSG00000171385,KCND3,0.07874107814778471,0.12952309449880633,0,0,0,0,0,0
ENSG00000124523,SIRT5,0.07853571912049913,0,0,0,0,0,0.6459264724623474,0
ENSG00000146469,VIP,0.07846000995630151,0,0,0,0,0,0.6453037933309803,0
ENSG00000152990,ADGRA3,0.0784291245604223,0.12900995453519867,0,0,0,0,0,0
ENSG00000137752,CASP1,0.07831455232272722,0,0,0,0,0,0.6441074595200782,0
ENSG00000249859,PVT1,0.07820295376896444,0,0,0,0,0,0.6431896037855009,0
ENSG00000004799,PDK4,0.0781687428064385,0,0,0,0,0,0.6429082316074478,0
ENSG00000087088,BAX,0.07816002609403834,0,0,0,0,0,0.6428365399573913,0
ENSG00000114166,KAT2B,0.07814560705166526,0,0,0,0,0,0.6427179488082859,0
ENSG00000135333,EPHA7,0.07798134933847208,0,0,0,0,0,0.6413669914802602,0
ENSG00000197548,ATG7,0.0778883188482972,0,0,0,0,0,0.6406018510190402,0
ENSG00000134243,SORT1,0.07781709162527886,0,0,0,0,0,0.6400160341522343,0
ENSG00000073417,PDE8A,0.07779655941112973,0,0,0,0,0,0.12766546749844043,0
ENSG00000288626,ENSG00000288626,0.07767018160209568,0.12776155099764427,0,0,0,0,0,0
ENSG00000184163,C1QTNF12,0.0774287689423134,0,0,0,0,0,0.6368222275175724,0
ENSG00000115641,FHL2,0.07732431848569928,0,0,0,0,0,0.6359631621681568,0
ENSG00000183269,OR52E8,0.07731174750846904,0.12717195413064095,0,0,0,0,0,0
ENSG00000096060,FKBP5,0.07728149624845494,0,0,0,0,0,0.6356109655249488,0
ENSG00000122194,PLG,0.0772103901999832,0,0,0,0,0,0.6350261452727828,0
ENSG00000100097,LGALS1,0.07715246385327089,0,0,0,0,0,0.6345497230637099,0
ENSG00000167941,SOST,0.07713952855835693,0,0,0,0,0,0.634443335174128,0
ENSG00000154640,BTG3,0.0771335338213313,0,0,0,0,0,0.6343940307380869,0
ENSG00000293575,ENSG00000293575,0.07708567271431574,0.12680007826081913,0,0,0,0,0,0
ENSG00000113448,PDE4D,0.07687260977441797,0,0,0,0,0,0.09726892761785938,0
ENSG00000121691,CAT,0.07683075723438086,0,0,0,0,0,0.6319038082642465,0
ENSG00000184937,WT1,0.07681806643599798,0,0,0,0,0,0.6317994312658057,0
ENSG00000101966,XIAP,0.0765748926692553,0,0,0,0,0,0.629799419359039,0
ENSG00000013297,CLDN11,0.07613345006504857,0,0,0,0,0,0.6261687215399697,0
ENSG00000134250,NOTCH2,0.07611791285905134,0,0,0,0,0,0.6260409339195837,0
ENSG00000115594,IL1R1,0.07608761189696059,0,0,0,0,0,0.07144368959598571,0
ENSG00000064703,DDX20,0.07602085933990965,0.10909643698517449,0,0,0,0,0,0.3190420825865787
ENSG00000179914,ITLN1,0.07600055303429905,0,0,0,0,0,0.6250756939184737,0
ENSG00000172572,PDE3A,0.0759948576195418,0,0,0,0,0,0.06839221473130737,0
ENSG00000053918,KCNQ1,0.07598972456600452,0,0,0,0,0,0.6249866338779471,0
ENSG00000183770,FOXL2,0.07598160177067223,0,0,0,0,0,0.6249198269702843,0
ENSG00000156831,NSMCE2,0.07578212982392,0.12343998759294983,0,0,0,0,0.024317231904464845,0
ENSG00000164161,HHIP,0.07576387021036386,0,0,0,0,0,0.6231290675519116,0
ENSG00000136960,ENPP2,0.07576387021036386,0,0,0,0,0,0.6231290675519116,0
ENSG00000100170,SLC5A1,0.07571767272852828,0,0,0,0,0,0.05927325276713306,0
ENSG00000125398,SOX9,0.07570371082290686,0,0,0,0,0,0.6226342794305222,0
ENSG00000114062,UBE3A,0.07557908028302153,0,0,0,0,0,0.6216092405578825,0
ENSG00000163737,PF4,0.07518440317201688,0,0,0,0,0,0.6183631711651556,0
ENSG00000119138,KLF9,0.07509657325051648,0,0,0,0,0,0.6176408034068066,0
ENSG00000197852,INKA2,0.07509533227729473,0.1235261193746425,0,0,0,0,0,0
ENSG00000179144,GIMAP7,0.07502471050099445,0,0,0,0,0,0.6170497595757953,0
ENSG00000126759,CFP,0.07500879585717739,0,0,0,0,0,0.6169188676726413,0
ENSG00000115866,DARS1,0.07494933172023649,0.12328595954455684,0,0,0,0,0,0
ENSG00000152661,GJA1,0.07489715306850336,0,0,0,0,0,0.6160006481227136,0
ENSG00000095303,PTGS1,0.07483992057365212,0,0,0,0,0,0.030396539880581056,0
ENSG00000155313,USP25,0.07483992057365212,0,0,0,0,0,0.6155299325817664,0
ENSG00000203875,SNHG5,0.07483992057365212,0,0,0,0,0,0.6155299325817664,0
ENSG00000185247,MAGEA11,0.07481938835950296,0,0,0,0,0,0.6153610629157631,0
ENSG00000104635,SLC39A14,0.07465513064630977,0,0,0,0,0,0.6140101055877373,0
ENSG00000145632,PLK2,0.07463459843216061,0,0,0,0,0,0.613841235921734,0
ENSG00000129682,FGF13,0.07454220346848942,0,0,0,0,0,0.6130813224247194,0
ENSG00000026508,CD44,0.0744714291694979,0,0,0,0,0,0.6124992306860744,0
ENSG00000105281,SLC1A5,0.07447034071896741,0,0,0,0,0,0.6124902785937083,0
ENSG00000179600,GPHB5,0.07447034071896741,0,0,0,0,0,0.6124902785937083,0
ENSG00000162298,SYVN1,0.07428555079162505,0,0,0,0,0,0.6109704515996791,0
ENSG00000197989,SNHG12,0.07428555079162505,0,0,0,0,0,0.6109704515996791,0
ENSG00000131504,DIAPH1,0.07428555079162505,0,0,0,0,0,0.6109704515996791,0
ENSG00000094804,CDC6,0.07428555079162505,0,0,0,0,0,0.6109704515996791,0
ENSG00000137714,FDX1,0.07411963250855597,0,0,0,0,0,0.6096058367148851,0
ENSG00000106804,C5,0.07397022207501977,0,0,0,0,0,0.6083769926250383,0
ENSG00000148248,SURF4,0.07391597093694036,0,0,0,0,0,0.607930797611621,0
ENSG00000115252,PDE1A,0.07391597093694036,0,0,0,0,0,0,0
ENSG00000139899,CBLN3,0.07391597093694036,0,0,0,0,0,0.607930797611621,0
ENSG00000139053,PDE6H,0.07391597093694036,0,0,0,0,0,0,0
ENSG00000168140,VASN,0.07391597093694036,0,0,0,0,0,0.607930797611621,0
ENSG00000135766,EGLN1,0.07391597093694036,0,0,0,0,0,0.607930797611621,0
ENSG00000138735,PDE5A,0.07391597093694036,0,0,0,0,0,0,0
ENSG00000185527,PDE6G,0.07391597093694036,0,0,0,0,0,0,0
ENSG00000113231,PDE8B,0.07391597093694036,0,0,0,0,0,0,0
ENSG00000186642,PDE2A,0.07391597093694036,0,0,0,0,0,0,0
ENSG00000105662,CRTC1,0.07391597093694036,0,0,0,0,0,0.607930797611621,0
ENSG00000147168,IL2RG,0.07391597093694036,0,0,0,0,0,0.607930797611621,0
ENSG00000182333,LIPF,0.07391597093694036,0,0,0,0,0,0,0
ENSG00000156973,PDE6D,0.07391597093694036,0,0,0,0,0,0,0
ENSG00000112541,PDE10A,0.07391597093694036,0,0,0,0,0,0,0
ENSG00000145244,CORIN,0.07391597093694036,0,0,0,0,0,0.607930797611621,0
ENSG00000170425,ADORA2B,0.07391597093694036,0,0,0,0,0,0,0
ENSG00000095464,PDE6C,0.07391597093694036,0,0,0,0,0,0,0
ENSG00000175535,PNLIP,0.07391597093694036,0,0,0,0,0,0,0
ENSG00000250251,PKD1P6,0.07391597093694036,0,0,0,0,0,0.607930797611621,0
ENSG00000132915,PDE6A,0.07391597093694036,0,0,0,0,0,0,0
ENSG00000115216,NRBP1,0.07391597093694036,0,0,0,0,0,0.607930797611621,0
ENSG00000129151,BBOX1,0.07391597093694036,0,0,0,0,0,0.607930797611621,0
ENSG00000123360,PDE1B,0.07391597093694036,0,0,0,0,0,0,0
ENSG00000128271,ADORA2A,0.07391597093694036,0,0,0,0,0,0,0
ENSG00000111674,ENO2,0.07391597093694036,0,0,0,0,0,0.607930797611621,0
ENSG00000160191,PDE9A,0.07391597093694036,0,0,0,0,0,0,0
ENSG00000171408,PDE7B,0.07391597093694036,0,0,0,0,0,0,0
ENSG00000112541,PDE10A,0.07391597093694036,0,0,0,0,0,0,0
ENSG00000145244,CORIN,0.07391597093694036,0,0,0,0,0,0.607930797611621,0
ENSG00000186642,PDE2A,0.07391597093694036,0,0,0,0,0,0,0
ENSG00000105662,CRTC1,0.07391597093694036,0,0,0,0,0,0.607930797611621,0
ENSG00000147168,IL2RG,0.07391597093694036,0,0,0,0,0,0.607930797611621,0
ENSG00000182333,LIPF,0.07391597093694036,0,0,0,0,0,0,0
ENSG00000113231,PDE8B,0.07391597093694036,0,0,0,0,0,0,0
ENSG00000185527,PDE6G,0.07391597093694036,0,0,0,0,0,0,0
ENSG00000138735,PDE5A,0.07391597093694036,0,0,0,0,0,0,0
ENSG00000158169,FANCC,0.07389101179777324,0.11500984755929425,0,0,0,0,0.13070512148649852,0
ENSG00000100219,XBP1,0.07385466707793316,0.10297309055741236,0,0,0,0,0.3702445754367437,0
ENSG00000196139,AKR1C3,0.07378195183884655,0,0,0,0,0,0.6068285414122285,0
ENSG00000143819,EPHX1,0.07377634353389877,0,0,0,0,0,0.6067824152333129,0
ENSG00000197375,SLC22A5,0.07349628445767119,0.12089580713202257,0,0,0,0,0,0
ENSG00000196365,LONP1,0.07346219014812912,0,0,0,0,0,0.6041986229085627,0
ENSG00000164683,HEY1,0.0733578755330638,0.12066813496086237,0,0,0,0,0,0
ENSG00000143190,POU2F1,0.07317681122757096,0,0,0,0,0,0.6018514896355048,0
ENSG00000116014,KISS1R,0.07284556336788077,0,0,0,0,0,0.5991271017529403,0
ENSG00000170345,FOS,0.07274473808791714,0,0,0,0,0,0.5982978521051205,0
ENSG00000150907,FOXO1,0.07272585424079493,0,0,0,0,0,0.5981425396320859,0
ENSG00000135829,DHX9,0.0726224414455439,0,0,0,0,0,0.5972920086534177,0
ENSG00000136999,CCN3,0.07243765151820156,0,0,0,0,0,0.5957721816593886,0
ENSG00000105221,AKT2,0.07201127794697172,0,0,0,0,0,0.5251954556688601,0.26827986098600837
ENSG00000228630,HOTAIR,0.07160396959044563,0,0,0,0,0,0.5889154643238694,0
ENSG00000123358,NR4A1,0.07150190780215862,0,0,0,0,0,0.5880760448645496,0
ENSG00000196668,LINC00173,0.07148290356026607,0,0,0,0,0,0.5879197421902386,0
ENSG00000106546,AHR,0.07145170378923936,0,0,0,0,0,0.5876631359190208,0
ENSG00000118137,APOA1,0.07139968057660359,0,0,0,0,0,0.587235264746511,0
ENSG00000275302,CCL4,0.07133209153744628,0,0,0,0,0,0.5866793705606691,0
ENSG00000170323,FABP4,0.07128416913626567,0,0,0,0,0,0.5862852270054415,0
ENSG00000162692,VCAM1,0.07094200085184502,0,0,0,0,0,0.5834710227755774,0
ENSG00000005381,MPO,0.07083281096195355,0,0,0,0,0,0.5825729773868552,0
ENSG00000105697,HAMP,0.07061841663909818,0,0,0,0,0,0.5808096654794993,0
ENSG00000120885,CLU,0.07012004641925784,0,0,0,0,0,0.5767107596352957,0
ENSG00000184611,KCNH7,0.06966597399116521,0.11284743621884125,0,0,0,0,0.03495602086266821,0
ENSG00000012504,NR1H4,0.06956717751642272,0,0,0,0,0,0.57216362281473,0
ENSG00000137801,THBS1,0.06950574903803255,0,0,0,0,0.009747773133034538,0.5692214536189868,0
ENSG00000180871,CXCR2,0.06877532048041765,0,0,0,0,0,0.5656508993343928,0
ENSG00000121351,IAPP,0.06872275801219582,0,0,0,0,0,0.5652185929894246,0
ENSG00000012048,BRCA1,0.06867342019772041,0,0,0,0,0,0.5648128081972307,0
ENSG00000100209,HSCB,0.06866081997530066,0.11294183523033963,0,0,0,0,0,0
ENSG00000141753,IGFBP4,0.06863128525222478,0,0,0,0,0,0.5644662642677147,0
ENSG00000120057,SFRP5,0.06842710378929713,0,0,0,0,0,0.5627869492557938,0
ENSG00000133794,BMAL1,0.06826504328563673,0,0,0,0,0,0.5614540631419707,0
ENSG00000143839,REN,0.06792877145378912,0,0,0,0,0,0.55868835499584,0
ENSG00000132855,ANGPTL3,0.0677616450678741,0,0,0,0,0,0.5573138039238135,0
ENSG00000133110,POSTN,0.06763206192156598,0,0,0,0,0,0.5562480317436803,0
ENSG00000134352,IL6ST,0.06761258119315128,0,0,0,0,0,0.5560878101486301,0
ENSG00000159346,ADIPOR1,0.06749131484514827,0,0,0,0,0,0.555090440476955,0
ENSG00000250317,SMIM20,0.06744073067221228,0,0,0,0,0,0.5546744048596223,0
ENSG00000130600,H19,0.06729879331334503,0,0,0,0,0,0.4780932085279371,0.3016552617748864
ENSG00000125845,BMP2,0.06722781716084526,0,0,0,0,0,0.5529232720645452,0
ENSG00000165475,CRYL1,0.06699352236581105,0,0,0,0,0,0.5509962863290413,0
ENSG00000013619,MAMLD1,0.06693501812622932,0,0,0,0,0,0.5505151111705235,0
ENSG00000038427,VCAN,0.06667309435044227,0,0,0,0,0,0.5483608875580986,0
ENSG00000214415,GNAT3,0.06663352182226315,0.10376541324725166,0,0,0,0,0.11683340920756437,0
ENSG00000049130,KITLG,0.0666271509954564,0,0,0,0,0,0.4807306764206614,0.26900937794314234
ENSG00000204305,AGER,0.06637192769983244,0,0,0,0,0,0.5458839061994224,0
ENSG00000142192,APP,0.06623178979162093,0,0,0,0,0,0.544731325109913,0
ENSG00000105851,PIK3CG,0.06615766849854249,0,0,0,0,0,0.5441217056156412,0
ENSG00000101938,CHRDL1,0.06613426177441246,0,0,0,0,0,0.5439291941963976,0
ENSG00000226979,LTA,0.06596772666154782,0,0,0,0,0,0.48018580628577195,0.24949479933980928
ENSG00000115138,POMC,0.06583121209118044,0,0,0,0,0,0.5414367256093263,0
ENSG00000102245,CD40LG,0.06518787709652601,0,0,0,0,0,0.5361455395304018,0
ENSG00000124784,RIOK1,0.06516276750442528,0.10718780453372385,0,0,0,0,0,0
ENSG00000150893,FREM2,0.06515717772790179,0.10717860977579179,0,0,0,0,0,0
ENSG00000134824,FADS2,0.0650530165212032,0,0,0,0,0,0.5350363625002805,0
ENSG00000139292,LGR5,0.06504605442450752,0,0,0,0,0,0.5349791018982265,0
ENSG00000211445,GPX3,0.06499177900952537,0,0,0,0,0,0.5345327072165014,0
ENSG00000135346,CGA,0.06492286113961261,0,0,0,0,0,0.5339658839022071,0
ENSG00000122507,BBS9,0.06479205643317296,0.10536215137553204,0,0,0,0,0.024317231904464845,0
ENSG00000104760,FGL1,0.0647274845512401,0,0,0,0,0,0.532358985640595,0
ENSG00000145354,CISD2,0.06467647456982281,0,0,0,0,0,0.5319394479101685,0
ENSG00000178607,ERN1,0.06424786406045599,0,0,0,0,0,0.5284142891992534,0
ENSG00000100644,HIF1A,0.06421360572815868,0,0,0,0,0,0.5281325274228152,0
ENSG00000145335,SNCA,0.06412210478779576,0,0,0,0,0,0.5273799669280813,0
ENSG00000109819,PPARGC1A,0.06411103726336938,0,0,0,0,0,0.5272889407416316,0
ENSG00000146674,IGFBP3,0.06410592981739385,0,0,0,0,0,0.5272469339376039,0
ENSG00000076003,MCM6,0.06399910820429135,0.1052736733452636,0,0,0,0,0,0
ENSG00000182752,PAPPA,0.06378483250855987,0,0,0,0,0,0.5246060304820176,0
ENSG00000204642,HLA-F,0.06375252493311105,0,0,0,0,0,0.5243403129400231,0
ENSG00000111537,IFNG,0.06371333477448606,0,0,0,0,0,0.5240179887644841,0
ENSG00000146070,PLA2G7,0.06311772778843497,0.05081632895533201,0,0,0,0,0.4555989362414782,0
ENSG00000101439,CST3,0.06290814207405616,0,0,0,0,0,0.5173955845073445,0
ENSG00000167244,IGF2,0.06285799708290345,0,0,0,0,0,0.516983160993437,0
ENSG00000291237,SOD2,0.0627788078946483,0,0,0,0,0,0.5163318599854418,0
ENSG00000108688,CCL7,0.06269511590442983,0,0,0,0,0,0.515643525140857,0
ENSG00000143125,PROK1,0.06237676729952463,0,0,0,0,0,0.5130252287314968,0
ENSG00000111276,CDKN1B,0.062367103365975576,0,0,0,0,0,0.31645803397937994,0.433831238052273
ENSG00000111640,GAPDH,0.06234317489779837,0,0,0,0,0,0.5127489439811744,0
ENSG00000102265,TIMP1,0.062342829394382904,0,0,0,0,0,0.512746102346758,0
ENSG00000118263,KLF7,0.062274205514372245,0,0,0,0,0,0.5121816969877907,0
ENSG00000185559,DLK1,0.06224963413414939,0,0,0,0,0,0.5119796067143633,0
ENSG00000130204,TOMM40,0.0620894155870299,0,0,0,0,0,0.5106618699937617,0
ENSG00000168453,HR,0.06175721065812672,0,0,0,0,0,0,0.5079296105802864
ENSG00000124762,CDKN1A,0.06168611467266135,0,0,0,0,0,0.5073448730925272,0
ENSG00000136573,BLK,0.061175932367202715,0.09802072712600103,0,0,0,0,0.052180726794997474,0
ENSG00000154319,FAM167A,0.06094223378056739,0.0987255200421653,0,0,0,0,0.030396539880581056,0
ENSG00000197766,CFD,0.06087447610779194,0,0,0,0,0,0.500669454047645,0
ENSG00000172216,CEBPB,0.0608454858400875,0,0,0,0,0,0.5004310201023807,0
ENSG00000141448,GATA6,0.060513786433147955,0,0,0,0,0.014772938512854111,0.4940096837869135,0
ENSG00000099194,SCD,0.06047447866598413,0,0,0,0,0,0.08559955244649549,0.4759797388423841
ENSG00000163599,CTLA4,0.060367378786340686,0,0,0,0,0,0.49649877110607094,0
ENSG00000135744,AGT,0.060354506056444206,0.03564233770541954,0,0,0,0,0.4518399756582296,0
ENSG00000080546,SESN1,0.06024151631360641,0,0,0,0,0,0.49546360005347123,0
ENSG00000266265,KLF14,0.0598719364589217,0,0,0,0,0,0.4924239460654131,0
ENSG00000166825,ANPEP,0.059837985223239035,0,0,0,0,0,0.4921447100420364,0
ENSG00000128272,ATF4,0.05979222607357756,0,0,0,0,0,0.4917683584092416,0
ENSG00000101916,TLR8,0.05977144177994926,0,0,0,0,0,0.49159741548522823,0
ENSG00000174600,CMKLR1,0.0596319123303755,0,0,0,0,0,0.4904498387370036,0
ENSG00000091879,ANGPT2,0.05962795543216378,0,0,0,0,0,0.4904172947515099,0
ENSG00000100665,SERPINA4,0.05957052355521216,0,0,0,0,0,0.4899449393684856,0
ENSG00000106991,ENG,0.05955122327391197,0,0,0,0,0,0.4897862018824426,0
ENSG00000132394,EEFSEC,0.05945209760730094,0.09779418618183272,0,0,0,0,0,0
ENSG00000242252,BGLAP,0.0592674055836882,0,0,0,0,0,0.48745190913613984,0
ENSG00000141433,ADCYAP1,0.05876319689486759,0,0,0,0,0,0.4833049841012388,0
ENSG00000161955,TNFSF13,0.058718316904083495,0.09658717264328483,0,0,0,0,0,0
ENSG00000025423,HSD17B6,0.0583426571146025,0,0,0,0,0,0.47984620407300804,0
ENSG00000180210,F2,0.058305843861967466,0.0914650945893878,0,0,0,0,0.08887182439947307,0
ENSG00000130234,ACE2,0.058236926261921645,0,0,0,0,0,0.478976607952066,0
ENSG00000116688,MFN2,0.05810201510316612,0,0,0,0,0,0.4778670148924155,0
ENSG00000112115,IL17A,0.057875636004760554,0,0,0,0,0,0.47600513275636536,0
ENSG00000122641,INHBA,0.057800749356626165,0,0,0,0,0,0.3911680056332174,0.3368848514964798
ENSG00000165985,C1QL3,0.05771605397326093,0,0,0,0,0,0.4746926311350741,0
ENSG00000278910,BANCR,0.05761543355318673,0,0,0,0,0,0.4738650663820668,0
ENSG00000248099,INSL3,0.057354926318035335,0,0,0,0,0,0.4717224932785586,0
ENSG00000133116,KL,0.05700760951321268,0,0,0,0,0,0.4688659444231036,0
ENSG00000127129,EDN2,0.0564320365771292,0,0,0,0,0,0.4641320755490086,0
ENSG00000116044,NFE2L2,0.05639939240420179,0,0,0,0,0,0.46386358962054725,0
ENSG00000138767,CNOT6L,0.05617613791207468,0,0,0,0,0,0.462027406184832,0
ENSG00000101443,WFDC2,0.05615560569792552,0,0,0,0,0,0.46185853651882874,0
ENSG00000231852,CYP21A2,0.05605190233812559,0,0,0,0,0,0.46100561575706317,0
ENSG00000124783,SSR1,0.056033748251521555,0.09217126105744511,0,0,0,0,0,0
ENSG00000079557,AFM,0.05589697661526608,0,0,0,0,0,0.45973141050649713,0
ENSG00000077782,FGFR1,0.05586896341766003,0,0,0,0,0,0.4595010125918323,0
ENSG00000159873,CCDC117,0.05572380753442451,0.09166143211258049,0,0,0,0,0,0
ENSG00000164761,TNFRSF11B,0.05571769491870179,0,0,0,0,0,0.4582568866193324,0
ENSG00000167468,GPX4,0.05563786866187171,0,0,0,0,0,0.45760034596418137,0
ENSG00000134333,LDHA,0.05549420090190004,0,0,0,0,0,0.4564187331841076,0
ENSG00000110799,VWF,0.05546536869463143,0,0,0,0,0,0.4561815992259179,0
ENSG00000147485,PXDNL,0.05528309358252286,0.09093649112647963,0,0,0,0,0,0
ENSG00000123999,INHA,0.055191869957896544,0,0,0,0,0,0.23456149230917656,0.3952918028770163
ENSG00000160211,G6PD,0.05500126576234527,0,0,0,0,0,0.45236452881174016,0
ENSG00000113520,IL4,0.05500116975465416,0,0,0,0,0,0.45236373918493156,0
ENSG00000116711,PLA2G4A,0.054977146696091696,0,0,0,0,0,0.45216615864898213,0
ENSG00000173801,JUP,0.05480744166077729,0,0,0,0,0,0.4507703991646697,0
ENSG00000109471,IL2,0.054627457034147585,0,0,0,0,0,0.4492900939445952,0
ENSG00000113494,PRLR,0.05460843771457175,0,0,0,0,0,0.4491336672620636,0
ENSG00000147883,CDKN2B,0.05451302856599351,0,0,0,0,0,0.4483489632385705,0
ENSG00000113525,IL5,0.05449994250391951,0.06359142144908124,0,0,0,0,0.06822334506530414,0.36117168686106405
ENSG00000117592,PRDX6,0.05428585886499231,0.08124888511038232,0,0,0,0,0.16094461257769657,0
ENSG00000173511,VEGFB,0.0541871823274465,0,0,0,0,0,0.44566900163909934,0
ENSG00000114315,HES1,0.05417424703253254,0,0,0,0,0,0.4455626137495173,0
ENSG00000086289,EPDR1,0.053958658783966454,0,0,0,0,0,0.44378948225648335,0
ENSG00000135547,HEY2,0.053958658783966454,0,0,0,0,0,0.44378948225648335,0
ENSG00000163586,FABP1,0.053845731606146134,0,0,0,0,0,0.4428606990934656,0
ENSG00000145321,GC,0.05378550583442093,0,0,0,0,0,0.4423653649866741,0
ENSG00000188735,TMEM120B,0.053740606669702484,0,0,0,0,0,0.4419960864035291,0
ENSG00000130816,DNMT1,0.0537207826657958,0,0,0,0,0,0.44183304149788716,0
ENSG00000073050,XRCC1,0.0535301514746737,0,0,0,0,0,0.440265172326996,0
ENSG00000058404,CAMK2B,0.053388889841327544,0,0,0,0,0,0.4391033490248938,0
ENSG00000078401,EDN1,0.053237777321039126,0,0,0,0,0,0.4378605059177334,0
ENSG00000111846,GCNT2,0.053219499074597054,0,0,0,0,0,0.4377101742803672,0
ENSG00000145824,CXCL14,0.05298154962133178,0,0,0,0,0,0.4357531303684605,0
ENSG00000197594,ENPP1,0.052919728748019465,0,0,0,0,0,0.43524467715672,0
ENSG00000108840,HDAC5,0.052665129292569994,0,0,0,0,0,0.43315069329828,0
ENSG00000101384,JAG1,0.052644144764451554,0,0,0,0,0,0.4329781035216073,0
ENSG00000086991,NOX4,0.05253064328989308,0,0,0,0,0,0.43204459698595893,0
ENSG00000288602,C8orf44-SGK3,0.05250436205578215,0,0,0,0,0,0,0.4318284438134747
ENSG00000150093,ITGB1,0.05240745000499817,0,0,0,0,0,0.4310313789899395,0
ENSG00000177455,CD19,0.05226413937415307,0,0,0,0,0,0.4298527034613421,0
ENSG00000133466,C1QTNF6,0.052257665756843555,0,0,0,0,0,0.4297994604167805,0
ENSG00000084207,GSTP1,0.052237186619166355,0,0,0,0,0,0.2716488108227728,0.3617188245789146
ENSG00000157404,KIT,0.05217287283382152,0,0,0,0,0,0.3485360418643925,0.32226411581392034
ENSG00000165953,SERPINA12,0.05208600162159766,0,0,0,0,0,0.4283875880793343,0
ENSG00000149179,CSTPP1,0.05191858231077657,0.08540212556223374,0,0,0,0,0,0
ENSG00000143032,BARHL2,0.05156660812637362,0.08482315475538245,0,0,0,0,0,0
ENSG00000064787,BCAS1,0.05152971560131861,0.08476246935303082,0,0,0,0,0,0
ENSG00000240972,MIF,0.051462106212498276,0,0,0,0,0,0.4232562852110598,0
ENSG00000159399,HK2,0.0512710056961827,0,0,0,0,0,0.42168455601863897,0
ENSG00000135414,GDF11,0.051002019946488834,0,0,0,0,0,0.4194722503520185,0
ENSG00000165646,SLC18A2,0.050960955518190555,0,0,0,0,0,0.41913451102001215,0
ENSG00000198324,PHETA1,0.05095003099357273,0.08380893219053916,0,0,0,0,0,0
ENSG00000211891,IGHE,0.05063244009180415,0,0,0,0,0,0.41643259636396046,0
ENSG00000102882,MAPK3,0.050463669829630534,0,0,0,0,0,0.4150445250338299,0
ENSG00000075239,ACAT1,0.05039631962908892,0,0,0,0,0,0.4144905952049233,0
ENSG00000068903,SIRT2,0.05038899163390021,0,0,0,0,0,0.4144303252266832,0
ENSG00000102805,CLN5,0.05033583898371213,0,0,0,0,0,0.41399316485911425,0
ENSG00000101440,ASIP,0.05032825533918449,0,0,0,0,0,0,0.4139307922621226
ENSG00000120659,TNFSF11,0.05022640298626135,0,0,0,0,0,0.41309309532915517,0
ENSG00000049239,H6PD,0.050189708446542476,0,0,0,0,0,0.41279129667161857,0
ENSG00000160862,AZGP1,0.050097161905596134,0,0,0,0,0,0.41203013650906445,0
ENSG00000169439,SDC2,0.050037005881478795,0,0,0,0,0,0.41153537604986684,0
ENSG00000198668,CALM1,0.05000374369455717,0,0,0,0,0,0.41126180719094163,0
ENSG00000233429,HOTAIRM1,0.04996514313195676,0,0,0,0,0,0.4109443322188555,0
ENSG00000204444,APOM,0.04989328038243475,0,0,0,0,0,0.41035328838784424,0
ENSG00000035862,TIMP2,0.04985252129391412,0,0,0,0,0,0.4100180603595822,0
ENSG00000144891,AGTR1,0.0498137227028481,0,0,0,0,0,0.40969895667855094,0
ENSG00000004478,FKBP4,0.04974217294714605,0,0,0,0,0,0.40911048710287606,0
ENSG00000117632,STMN1,0.049708490455092395,0,0,0,0,0,0.40883346139381516,0
ENSG00000215187,CIMIP2B,0.049708490455092395,0,0,0,0,0,0.40883346139381516,0
ENSG00000117480,FAAH,0.04958474044922087,0,0,0,0,0,0.40781566457913093,0
ENSG00000161011,SQSTM1,0.04934928401879432,0,0,0,0,0,0.4058791248335579,0
ENSG00000213523,SRA1,0.04928758006503482,0,0,0,0,0,0.405371633240749,0
ENSG00000044574,HSPA5,0.049260879470167926,0,0,0,0,0,0.40515203098526387,0
ENSG00000124299,PEPD,0.04909343540951125,0,0,0,0,0,0.4037748671590971,0
ENSG00000019186,CYP24A1,0.049010388915429685,0.07507099972682708,0,0,0,0,0.11094737056412084,0
ENSG00000196839,ADA,0.048864205809279346,0,0,0,0,0,0.4018895407277625,0
ENSG00000203883,SOX18,0.0488145178510384,0,0,0,0,0,0,0.4014808761360346
ENSG00000141255,SPATA22,0.04867797862694655,0,0,0,0,0,0,0.40035789285711315
ENSG00000171865,RNASEH1,0.04866519632500539,0.07913865645891183,0,0,0,0,0.01823792392834863,0
ENSG00000175065,DSG4,0.04851515816874377,0,0,0,0,0,0,0.3990187564057075
ENSG00000134853,PDGFRA,0.0484882609682084,0,0,0,0,0,0.3987975371432433,0
ENSG00000101460,MAP1LC3A,0.04827916292282945,0,0,0,0,0,0.3970777851073172,0
ENSG00000102962,CCL22,0.048271235464651875,0,0,0,0,0,0.3970125847735892,0
ENSG00000184508,HDDC3,0.04823017103635358,0,0,0,0,0,0.3966748454415827,0
ENSG00000116984,MTR,0.04811724385853327,0,0,0,0,0,0.3957460622785651,0
ENSG00000119335,SET,0.048097467285734774,0,0,0,0,0,0.39558340747578,0
ENSG00000087842,PIR,0.048045381109011236,0,0,0,0,0,0.3951550184475537,0
ENSG00000030419,IKZF2,0.04802470766053031,0.07899699743655869,0,0,0,0,0,0
ENSG00000165140,FBP1,0.04789067135998699,0.07538929309132729,0,0,0,0,0.06774449617259357,0
ENSG00000129667,RHBDF2,0.04779776260637249,0,0,0,0,0,0,0.3931184502755548
ENSG00000082701,GSK3B,0.047791234266038644,0,0,0,0,0,0.3930647571548946,0
ENSG00000169429,CXCL8,0.04778591933854539,0,0,0,0,0,0.3930210438941572,0
ENSG00000124532,MRS2,0.04775910568834887,0.0785601023603018,0,0,0,0,0,0
ENSG00000067560,RHOA,0.047706599575550256,0,0,0,0,0,0.3923686689585004,0
ENSG00000095739,BAMBI,0.04767580125432653,0,0,0,0,0,0.39211536445949563,0
ENSG00000116128,BCL9,0.047553214668538984,0.0782214272666583,0,0,0,0,0,0
ENSG00000132703,APCS,0.04749101132698418,0,0,0,0,0,0.3905955374654665,0
ENSG00000105974,CAV1,0.04726964525050282,0,0,0,0,0,0.16682877269998764,0.3470676923564745
ENSG00000160789,LMNA,0.047126100563905975,0,0,0,0,0,0.38759428498317877,0
ENSG00000152527,PLEKHH2,0.047075740647257266,0.0768280879601217,0,0,0,0,0.012158615952232422,0
ENSG00000101367,MAPRE1,0.047035432174302595,0.07379280155002288,0,0,0,0,0.07153825660894751,0
ENSG00000041982,TNC,0.04697770597325543,0,0,0,0,0,0.38637379581538583,0
ENSG00000030582,GRN,0.04697503154760631,0,0,0,0,0,0.386351799679809,0
ENSG00000157557,ETS2,0.04693664154495713,0,0,0,0,0,0.3860360564833794,0
ENSG00000109321,AREG,0.04693152613662381,0,0,0,0,0,0.38599398419198194,0
ENSG00000118271,TTR,0.04688531100958425,0,0,0,0,0,0.38561388231837124,0
ENSG00000254087,LYN,0.04681357082480995,0,0,0,0,0,0.3850238465358764,0
ENSG00000157168,NRG1,0.04660299306503343,0,0,0,0,0,0.3832919244108269,0
ENSG00000139618,BRCA2,0.04656973087811182,0,0,0,0,0,0.3830183555519018,0
ENSG00000120088,CRHR1,0.04656706169027242,0,0,0,0,0,0.3829964024953213,0
ENSG00000142798,HSPG2,0.04654813038356889,0,0,0,0,0,0.38284069968524886,0
ENSG00000123411,IKZF4,0.046527665647192996,0.06495846139514105,0,0,0,0,0.2315203120904257,0
ENSG00000128342,LIF,0.046508330330163404,0,0,0,0,0,0.3825133593566963,0
ENSG00000168412,MTNR1A,0.04647420616066985,0,0,0,0,0,0.3727337823057004,0
ENSG00000141867,BRD4,0.046350857475281886,0,0,0,0,0,0.3812182049123073,0
ENSG00000079999,KEAP1,0.04617403471653532,0,0,0,0,0,0.37976390485511957,0
ENSG00000141384,TAF4B,0.04611247846901024,0,0,0,0,0,0,0.3792576280900098
ENSG00000166670,MMP10,0.04609995381837926,0,0,0,0,0,0.37915461759374786,0
ENSG00000176597,B3GNT5,0.0459202969445742,0,0,0,0,0,0,0.3776770080162196
ENSG00000117691,NENF,0.04588640622048475,0,0,0,0,0,0.3773982696777229,0
ENSG00000113742,CPEB4,0.045827901980903016,0,0,0,0,0,0.3769170945192051,0
ENSG00000161634,DCD,0.045827901980903016,0,0,0,0,0,0.3769170945192051,0
ENSG00000164867,NOS3,0.045806484105736546,0,0,0,0,0,0.3767409406275893,0
ENSG00000007908,SELE,0.04560975058104568,0,0,0,0,0,0.37512288207994066,0
ENSG00000135047,CTSL,0.04554794524097936,0,0,0,0,0,0.17219639842349166,0.3315654570173781
ENSG00000266412,NCOA4,0.04541399815072595,0,0,0,0,0,0.37351289266100696,0
ENSG00000118523,CCN2,0.04534793336051106,0,0,0,0,0,0.37296953484401163,0
ENSG00000118702,GHRH,0.04529959155887029,0,0,0,0,0,0.37257194187923104,0
ENSG00000163235,TGFA,0.0452308348542948,0,0,0,0,0,0.3720064440886468,0
ENSG00000137462,TLR2,0.045200553696127,0,0,0,0,0,0.371757393059428,0
ENSG00000171791,BCL2,0.04517980798566763,0,0,0,0,0,0.37158676746733044,0
ENSG00000141965,FEM1A,0.0451517761689715,0,0,0,0,0,0.3713562164177187,0
ENSG00000073803,MAP3K13,0.045141782660794535,0,0,0,0,0,0.3712740236071535,0
ENSG00000204310,AGPAT1,0.045088742271533616,0,0,0,0,0,0.37083778654308885,0
ENSG00000131142,CCL25,0.045088742271533616,0,0,0,0,0,0.37083778654308885,0
ENSG00000168913,ENHO,0.04493756767858496,0,0,0,0,0,0.36959443291186483,0
ENSG00000152266,PTH,0.04489774995274455,0,0,0,0,0,0.36926694723424464,0
ENSG00000196126,HLA-DRB1,0.04489265962640924,0,0,0,0,0,0.36922508123275805,0
ENSG00000117984,CTSD,0.04487396274079015,0,0,0,0,0,0.3690713064471036,0
ENSG00000125378,BMP4,0.04485418794957534,0,0,0,0,0,0.36890866629716795,0
ENSG00000099985,OSM,0.044671752905841376,0,0,0,0,0,0.36740820732674984,0
ENSG00000118972,FGF23,0.04455937488327248,0,0,0,0,0,0.3664839407571798,0
ENSG00000089159,PXN,0.04434958256216421,0,0,0,0,0,0.36475847856697263,0
ENSG00000103569,AQP9,0.044348084501627555,0,0,0,0,0,0.36474615758782053,0
ENSG00000108984,MAP2K6,0.04425550335167479,0,0,0,0,0,0.3639847127793285,0
ENSG00000141505,ASGR1,0.04424692149141847,0,0,0,0,0,0.3639141302369565,0
ENSG00000068366,ACSL4,0.04421098674959712,0,0,0,0,0,0.11337898298339581,0.33527383488280904
ENSG00000149418,ST14,0.044127834649353395,0,0,0,0,0,0,0.36293468617413777
ENSG00000075624,ACTB,0.044124321646493464,0,0,0,0,0,0.36290579305938087,0
ENSG00000136943,CTSV,0.04400956909585429,0,0,0,0,0,0.12158615952232422,0.3315654570173781
ENSG00000163659,TIPARP,0.04378782118304347,0,0,0,0,0,0,0.36013820450512435
ENSG00000145384,FABP2,0.04374388224476429,0,0,0,0,0,0.35977682341987743,0
ENSG00000108786,HSD17B1,0.043719646215351717,0,0,0,0,0,0.2659762150039237,0.29308343752856253
ENSG00000196730,DAPK1,0.04369487752970393,0,0,0,0,0,0.359373778243906,0
ENSG00000042832,TG,0.04366660835168614,0,0,0,0,0,0.3591412749875416,0
ENSG00000163644,PPM1K,0.04366175338816768,0,0,0,0,0,0.35910134475586447,0
ENSG00000120802,TMPO,0.0436104228527948,0,0,0,0,0,0.3586791705908564,0
ENSG00000026103,FAS,0.04355444017644987,0,0,0,0,0,0.29155912237449627,0.266638447832457
ENSG00000101132,PFDN4,0.043442311276591226,0.07145930334054981,0,0,0,0,0,0
ENSG00000101665,SMAD7,0.043427525396610905,0,0,0,0,0,0.3571749084535996,0
ENSG00000230590,FTX,0.04342563292545246,0,0,0,0,0,0.3571593435968274,0
ENSG00000106144,CASP2,0.0433229718547067,0,0,0,0,0,0.3563149952668112,0
ENSG00000106113,CRHR2,0.0432408429981101,0,0,0,0,0,0.3556395166027983,0
ENSG00000175445,LPL,0.04316728808524325,0,0,0,0,0,0.3550345553707318,0
ENSG00000133048,CHI3L1,0.043148230141554084,0,0,0,0,0,0.3548778110195323,0
ENSG00000167996,FTH1,0.04309461149040318,0,0,0,0,0,0.35443681797096865,0
ENSG00000133835,HSD17B4,0.04305605307076775,0,0,0,0,0,0.3541196896087692,0
ENSG00000138336,TET1,0.04304332309799528,0,0,0,0,0,0.3540149904158472,0
ENSG00000181019,NQO1,0.043013979676965984,0,0,0,0,0,0.35377365191856613,0
ENSG00000148773,MKI67,0.04295520116296986,0,0,0,0,0,0.3532902209571224,0
ENSG00000130164,LDLR,0.04293606242961242,0,0,0,0,0,0.35313281214157444,0
ENSG00000173585,CCR9,0.04287126314342541,0,0,0,0,0,0.3525998626147402,0
ENSG00000077942,FBLN1,0.04287126314342541,0,0,0,0,0,0.3525998626147402,0
ENSG00000169925,BRD3,0.04266594100193391,0,0,0,0,0,0.35091116595470795,0
ENSG00000244731,C4A,0.04263222650104299,0,0,0,0,0,0.3506338769851133,0
ENSG00000108932,SLC16A6,0.04262487657363561,0,0,0,0,0,0.3505734266227015,0
ENSG00000109458,GAB1,0.04250885699294955,0,0,0,0,0,0.3496192096201918,0
ENSG00000166147,FBN1,0.042409771564054725,0,0,0,0,0,0.3488042695868516,0
ENSG00000197081,IGF2R,0.042404619661562865,0,0,0,0,0,0.1504916597089124,0.3111389822176277
ENSG00000213585,VDAC1,0.04233728753016214,0,0,0,0,0,0.34820811592777273,0
ENSG00000052344,PRSS8,0.042296566469390694,0,0,0,0,0,0,0.34787320066330985
ENSG00000100697,DICER1,0.0421758370501937,0,0,0,0,0,0.34688024702721093,0
ENSG00000187045,TMPRSS6,0.0421394950311497,0,0,0,0,0,0,0.3465813477183851
ENSG00000184719,RNLS,0.042101305112832284,0,0,0,0,0,0.3462672501396192,0
ENSG00000082196,C1QTNF3,0.041944733586046945,0,0,0,0,0,0.34497950877661815,0
ENSG00000171608,PIK3CD,0.04188453462682227,0,0,0,0,0,0.3444843951924637,0
ENSG00000134317,GRHL1,0.04185861434158933,0,0,0,0,0,0,0.344271210687461
ENSG00000102081,FMR1,0.041801480313033476,0,0,0,0,0,0.1058457145645719,0.3173398763532662
ENSG00000135218,CD36,0.04177572779599932,0,0,0,0,0,0.3435895003191457,0
ENSG00000116016,EPAS1,0.04176252357937131,0,0,0,0,0,0.34348090065056597,0
ENSG00000186716,BCR,0.04176252357937131,0,0,0,0,0,0.34348090065056597,0
ENSG00000100387,RBX1,0.04176252357937131,0,0,0,0,0,0.34348090065056597,0
ENSG00000159723,AGRP,0.041635005958761725,0,0,0,0,0,0.34243211663509443,0
ENSG00000100249,C22orf31,0.04159239538802745,0.0684163321737138,0,0,0,0,0,0
ENSG00000140443,IGF1R,0.041585860760357,0,0,0,0,0,0.3420279160369524,0
ENSG00000087460,GNAS,0.0414317496094285,0,0,0,0,0,0.2766085129132876,0.25660758967186525
ENSG00000176845,METRNL,0.04141323208410424,0,0,0,0,0,0.34060811071592756,0
ENSG00000198585,NUDT16,0.041392943724686604,0,0,0,0,0,0.34044124666250786,0
ENSG00000135446,CDK4,0.04132641935084336,0,0,0,0,0,0.01823792392834863,0.3353346279625702
ENSG00000023445,BIRC3,0.04128144699389292,0.06430336747926728,0,0,0,0,0.07202956394742549,0
ENSG00000165556,CDX2,0.041247449035194755,0,0,0,0,0,0.3392446080807527,0
ENSG00000149357,LAMTOR1,0.0411564126176884,0,0,0,0,0,0.07295169571339452,0.32025794418180203
ENSG00000131096,PYY,0.04111159487430551,0,0,0,0,0,0.3381272591865777,0
ENSG00000103490,PYCARD,0.041095226619523924,0,0,0,0,0,0.33799263650546096,0
ENSG00000109193,SULT1E1,0.04106668684185661,0,0,0,0,0,0.1237409364605254,0.3068226735545852
ENSG00000100823,APEX1,0.04100283165585276,0,0,0,0,0,0.3372327230084465,0
ENSG00000124571,XPO5,0.04084596553975324,0,0,0,0,0,0.19453785523571876,0.2873080949512521
ENSG00000108821,COL1A1,0.04084330601276292,0,0,0,0,0,0.335920685160417,0
ENSG00000067182,TNFRSF1A,0.040818247050651894,0,0,0,0,0,0.3357145847110775,0
ENSG00000172071,EIF2AK3,0.040758044358378216,0,0,0,0,0,0.33521944042401225,0
ENSG00000035664,DAPK2,0.040653784015317204,0,0,0,0,0,0.33436193868639164,0
ENSG00000163394,CCKAR,0.040653784015317204,0,0,0,0,0,0.33436193868639164,0
ENSG00000160588,MPZL3,0.04062976132476269,0,0,0,0,0,0,0.3341643611771678
ENSG00000207633,MIR505,0.04059465123856764,0,0,0,0,0,0,0.3338755940483023
ENSG00000162669,HFM1,0.040555054022986314,0.06670998439676858,0,0,0,0,0,0
ENSG00000108064,TFAM,0.040495269243074304,0,0,0,0,0,0.33305821486728543,0
ENSG00000109424,UCP1,0.040478526086916544,0,0,0,0,0,0.3329205087646868,0
ENSG00000117713,ARID1A,0.040448461873825704,0,0,0,0,0,0.33267324202635934,0
ENSG00000253352,TUG1,0.04038440136568035,0,0,0,0,0,0.33214636866842917,0
ENSG00000166508,MCM7,0.0402842041606325,0,0,0,0,0,0.3313222846983335,0
ENSG00000164485,IL22RA2,0.0402842041606325,0,0,0,0,0,0.3313222846983335,0
ENSG00000158828,PINK1,0.04002155125161154,0,0,0,0,0,0.32916206424188643,0
ENSG00000176927,EFCAB5,0.03992201590304149,0,0,0,0,0,0,0.32834342379003656
ENSG00000148516,ZEB1,0.03992052731751567,0,0,0,0,0,0.22269687204175703,0.27265696272881207
ENSG00000182315,MBD3L3,0.0399194138247312,0.06566440453677076,0,0,0,0,0,0
ENSG00000148834,GSTO1,0.0399146243059478,0,0,0,0,0,0.3282826307102754,0
ENSG00000143799,PARP1,0.039912160440249894,0,0,0,0,0,0.32826236635035494,0
ENSG00000164104,HMGB2,0.03988309188106886,0,0,0,0,0.011121247060811771,0.3252429767222173,0
ENSG00000136826,KLF4,0.039745438861358805,0,0,0,0,0,0.3268911446624088,0
ENSG00000157766,ACAN,0.039719568271530864,0,0,0,0,0,0.3266783688832447,0
ENSG00000164951,PDP1,0.039690207205297576,0,0,0,0,0,0.32643688526086007,0
ENSG00000106689,LHX2,0.03966804112280571,0.06525091552961229,0,0,0,0,0,0
ENSG00000175197,DDIT3,0.039599637598417045,0,0,0,0,0,0.3256919846304235,0
ENSG00000167914,GSDMA,0.03958200243673157,0,0,0,0,0,0,0.32554694212102314
ENSG00000104826,LHB,0.03951840876318063,0,0,0,0,0,0.24156652840020937,0.2646322762003387
ENSG00000163472,TMEM79,0.039487759573786974,0,0,0,0,0,0,0.3247718303540683
ENSG00000143546,S100A8,0.039450185621894014,0,0,0,0,0,0.32446279886528234,0
ENSG00000164850,GPER1,0.03934850949216941,0,0,0,0,0,0.32362655130121704,0
ENSG00000178473,UCN3,0.0393397223097716,0,0,0,0,0,0.323554280062185,0
ENSG00000160752,FDPS,0.03917546459657839,0,0,0,0,0,0.3222033227341592,0
ENSG00000187741,FANCA,0.03909415702854776,0,0,0,0,0,0,0.3215345988567864
ENSG00000114026,OGG1,0.03907280352583263,0,0,0,0,0,0.32135897440414296,0
ENSG00000115008,IL1A,0.03906027880967263,0,0,0,0,0,0.3212559633689297,0
ENSG00000240654,C1QTNF9,0.038996032948591795,0,0,0,0,0,0.32072756555347737,0
ENSG00000162909,CAPN2,0.03899067466923604,0,0,0,0,0,0.3206834957401301,0
ENSG00000006047,YBX2,0.03886501751864324,0,0,0,0,0,0,0.3196500133841903
ENSG00000112062,MAPK14,0.038864277524139575,0,0,0,0,0,0.31964392721034807,0
ENSG00000133115,STOML3,0.03883990957391292,0.06388870201428082,0,0,0,0,0,0
ENSG00000141646,SMAD4,0.038832371935696906,0,0,0,0,0,0.31938151585885866,0
ENSG00000093010,COMT,0.038810280311820725,0,0,0,0,0,0.31919982063990465,0
ENSG00000152402,GUCY1A2,0.03880588474189369,0,0,0,0,0,0.06079307976116211,0
ENSG00000132646,PCNA,0.03880096610772742,0,0,0,0,0,0.3191232148475192,0
ENSG00000203772,SPRN,0.03874120826732387,0,0,0,0,0,0,0.3186317292981909
ENSG00000152256,PDK1,0.038703428993289435,0,0,0,0,0,0.31832100911274497,0
ENSG00000263761,GDF2,0.03870322367114793,0,0,0,0,0,0.31831932041608485,0
ENSG00000089163,SIRT4,0.03862109481455134,0,0,0,0,0,0.317643841752072,0
ENSG00000182521,TBPL2,0.03860631162036395,0,0,0,0,0,0,0.31752225559254965
ENSG00000121769,FABP3,0.03860056260040219,0,0,0,0,0,0.3174749720860688,0
ENSG00000135679,MDM2,0.03853977467577734,0,0,0,0,0,0.3169750144851078,0
ENSG00000115170,ACVR1,0.03848844414040447,0,0,0,0,0,0.3165528403200997,0
ENSG00000117594,HSD11B1,0.03845777995354766,0,0,0,0,0,0.31630063902533656,0
ENSG00000105755,ETHE1,0.038436304887208984,0,0,0,0,0,0.31612401475804297,0
ENSG00000124813,RUNX2,0.038254125634300994,0,0,0,0,0,0.31462565957005345,0
ENSG00000197122,SRC,0.03823779623868074,0,0,0,0,0,0.3144913564907851,0
ENSG00000140465,CYP1A1,0.038193890111786075,0,0,0,0,0,0.31413024526671857,0
ENSG00000121858,TNFSF10,0.03811271719221837,0,0,0,0,0,0.313462628821832,0
ENSG00000223573,TINCR,0.038066725032524285,0,0,0,0,0,0.31308436076998486,0
ENSG00000107831,FGF8,0.038066725032524285,0,0,0,0,0,0.31308436076998486,0
ENSG00000259207,ITGB3,0.03800314244541803,0,0,0,0,0,0.31256141813115124,0
ENSG00000100453,GZMB,0.03791026956070776,0,0,0,0,0,0.31179757391504026,0
ENSG00000196591,HDAC2,0.0378242593435484,0,0,0,0,0,0.31109017253401733,0
ENSG00000106410,NOBOX,0.03766018719237112,0,0,0,0,0,0,0.30974074138312097
ENSG00000175567,UCP2,0.03756084913818327,0,0,0,0,0,0.3089237236026588,0
ENSG00000118432,CNR1,0.03736267831365466,0,0,0,0,0,0.3072938438095379,0
ENSG00000130222,GADD45G,0.03726843254640533,0,0,0,0,0,0,0.3065187081557793
ENSG00000088305,DNMT3B,0.0371916420654875,0,0,0,0,0,0.30588713560492725,0
ENSG00000129988,LBP,0.037167657237227036,0,0,0,0,0,0.3056898694986969,0
ENSG00000158859,ADAMTS4,0.037142775395812525,0,0,0,0,0,0.30548522579983955,0
ENSG00000179776,CDH5,0.03713969556369016,0,0,0,0,0,0.052180726794997474,0.29241471365118976
ENSG00000210082,MT-RNR2,0.03711932156506311,0,0,0,0,0,0.30529232694653624,0
ENSG00000061918,GUCY1B1,0.03695798546847018,0,0,0,0,0,0,0
ENSG00000067141,NEO1,0.03695798546847018,0,0,0,0,0,0.3039653988058105,0
ENSG00000164116,GUCY1A1,0.03695798546847018,0,0,0,0,0,0,0
ENSG00000126653,NSRP1,0.03695798546847018,0,0,0,0,0,0.3039653988058105,0
ENSG00000245848,CEBPA,0.036953135256658415,0,0,0,0,0,0.30392550765511694,0
ENSG00000172680,MOS,0.036884069497533235,0,0,0,0,0,0,0.3033574680081989
ENSG00000106809,OGN,0.03680089517411415,0,0,0,0,0,0.3026733907764987,0
ENSG00000115392,FANCL,0.03678058713822152,0,0,0,0,0,0,0.30250636489154265
ENSG00000065621,GSTO2,0.03677319554112783,0,0,0,0,0,0.3024455718117815,0
ENSG00000116478,HDAC1,0.03675601575799866,0,0,0,0,0,0.30230427461811515,0
ENSG00000197943,PLCG2,0.0366419821219714,0,0,0,0,0,0.30136639125642944,0
ENSG00000104368,PLAT,0.03663362235626109,0,0,0,0,0,0.3012976353573768,0
ENSG00000080503,SMARCA2,0.03658101401669178,0,0,0,0,0,0,0.30086495173799127
ENSG00000148110,SLC71A2,0.03656340149152665,0.06014401908107528,0,0,0,0,0,0
ENSG00000115414,FN1,0.0364603588778417,0,0,0,0,0,0.299872609029544,0
ENSG00000150593,PDCD4,0.03641030708078262,0,0,0,0,0,0.29946095200167405,0
ENSG00000100105,PATZ1,0.036344482909693575,0,0,0,0,0,0.030396539880581056,0.2913204382154888
ENSG00000146809,ASB15,0.03629605459618012,0.059704253738709245,0,0,0,0,0,0
ENSG00000141434,MEP1B,0.036255783744569246,0,0,0,0,0,0,0.29819005622850014
ENSG00000126218,F10,0.03621882575910078,0,0,0,0,0,0.2978860908296943,0
ENSG00000197448,GSTK1,0.03621882575910078,0,0,0,0,0,0.2978860908296943,0
ENSG00000165197,VEGFD,0.03621882575910078,0,0,0,0,0,0.2978860908296943,0
ENSG00000173757,STAT5B,0.036209996907016644,0,0,0,0,0,0.0879810959876818,0.27581820287639247
ENSG00000050130,JKAMP,0.03620588021115988,0.059555923722571694,0,0,0,0,0,0
ENSG00000151012,SLC7A11,0.03619189012850065,0,0,0,0,0,0.29766455549453813,0
ENSG00000095637,SORBS1,0.03609541513038588,0,0,0,0,0,0.29687108526327344,0
ENSG00000085377,PREP,0.03607838541432059,0,0,0,0,0,0.15198269940290526,0.25873534746350596
ENSG00000170515,PA2G4,0.03606777313846216,0.04858019383377689,0,0,0,0,0.21497108482210936,0
ENSG00000196371,FUT4,0.036034035831758425,0,0,0,0,0,0.2963662638356653,0
ENSG00000141741,MIEN1,0.03601350361760928,0,0,0,0,0,0.29619739416966206,0
ENSG00000125285,SOX21,0.035997077846289964,0,0,0,0,0,0,0.2960622984368595
ENSG00000150768,DLAT,0.03593137476101268,0,0,0,0,0,0.29552191550564916,0
ENSG00000159307,SCUBE1,0.03584924590441607,0,0,0,0,0,0.2948464368416362,0
ENSG00000257923,CUX1,0.035782721530572825,0,0,0,0,0,0,0.2942992991237857
ENSG00000102230,PCYT1B,0.03573837194801066,0,0,0,0,0,0,0.2939345406452188
ENSG00000149658,YTHDF1,0.03571475990173914,0,0,0,0,0,0.293740340529315,0
ENSG00000175387,SMAD2,0.03566931771664394,0,0,0,0,0,0.2933665958097374,0
ENSG00000147889,CDKN2A,0.03563632684368939,0,0,0,0,0,0.29309525840518275,0
ENSG00000229314,ORM1,0.03557349826839299,0,0,0,0,0,0.29257851722721284,0
ENSG00000004468,CD38,0.03552148611938033,0,0,0,0,0,0.2921507370488028,0
ENSG00000124089,MC3R,0.03551108033737957,0,0,0,0,0,0.1656611423491667,0.2506498678552713
ENSG00000166741,NNMT,0.03548705764682507,0,0,0,0,0,0.01823792392834863,0.2873080949512521
ENSG00000136371,MTHFS,0.03547966604973137,0,0,0,0,0,0.2918067828535781,0
ENSG00000156535,CD109,0.03542792487007551,0,0,0,0,0,0,0.29138123129525
ENSG00000135100,HNF1A,0.035419506662274364,0,0,0,0,0,0.29131199473218866,0
ENSG00000119383,PTPA,0.035326768331076314,0,0,0,0,0,0.2905492571676304,0
ENSG00000161610,HCRT,0.03528779588398495,0,0,0,0,0,0.29022872358679785,0
ENSG00000134569,LRP4,0.03519746800481615,0.05789716221500294,0,0,0,0,0,0
ENSG00000155876,RRAGA,0.03516597801253902,0.05784536356883985,0,0,0,0,0,0
ENSG00000134389,CFHR5,0.03511008619504667,0,0,0,0,0,0.28876712886552,0
ENSG00000125780,TGM3,0.03511008619504667,0,0,0,0,0,0,0.28876712886552
ENSG00000165269,AQP7,0.03498689291015177,0,0,0,0,0,0.28775391086950064,0
ENSG00000163453,IGFBP7,0.03494849766969286,0,0,0,0,0,0.2874381245940746,0
ENSG00000184261,KCNK12,0.03493424735583437,0.05746418423458824,0,0,0,0,0,0
ENSG00000184144,CNTN2,0.03492529626770432,0,0,0,0,0,0.287247301871491,0
ENSG00000117122,MFAP2,0.03492529626770432,0,0,0,0,0,0.287247301871491,0
ENSG00000167535,CACNB3,0.03492529626770432,0,0,0,0,0,0.287247301871491,0
ENSG00000063438,AHRR,0.03474050634036197,0,0,0,0,0,0.2857274748774619,0
ENSG00000126787,DLGAP5,0.034740506340361965,0,0,0,0,0,0.28572747487746186,0
ENSG00000272398,CD24,0.03473782458177922,0,0,0,0,0,0.28570541843129005,0
ENSG00000163636,PSMD6,0.034719974126212826,0,0,0,0,0,0.2855586052114587,0
ENSG00000185985,SLITRK2,0.034570499607207004,0,0,0,0,0,0,0.2843292340429552
ENSG00000010165,METTL13,0.03443005926242682,0,0,0,0,0,0,0.2831741655274931
ENSG00000175893,ZDHHC21,0.03440788447114574,0,0,0,0,0,0,0.2829917862882096
ENSG00000128422,KRT17,0.0343265769031151,0,0,0,0,0,0,0.2823230624108368
ENSG00000160870,CYP3A7,0.034317132084606496,0,0,0,0,0,0.28224538236447533,0
ENSG00000116996,ZP4,0.034317132084606496,0,0,0,0,0,0.2822453823644754,0
ENSG00000103089,FA2H,0.03428961891764663,0,0,0,0,0,0,0.282019097012031
ENSG00000183722,LHFPL6,0.034269003370680735,0.05636990839304973,0,0,0,0,0,0
ENSG00000103257,SLC7A5,0.03426801258041757,0,0,0,0,0.00877290476062926,0.2796481669013457,0
ENSG00000136936,XPA,0.034247733200782365,0,0,0,0,0,0.2816746028933845,0
ENSG00000140044,JDP2,0.03418613655833492,0,0,0,0,0,0.2811679938953748,0
ENSG00000177606,JUN,0.03418314491408175,0,0,0,0,0,0.2811433887572166,0
ENSG00000162616,DNAJB4,0.03411961218449167,0,0,0,0,0,0,0.28062085617752425
ENSG00000166949,SMAD3,0.034117913334733664,0,0,0,0,0,0.2806068837832593,0
ENSG00000164334,FAM170A,0.03403091301936734,0,0,0,0,0,0,0.27989133922039033
ENSG00000087903,RFX2,0.034008738228086255,0,0,0,0,0,0,0.27970895998110684
ENSG00000183395,PMCH,0.03400134663099257,0,0,0,0,0,0.2796481669013457,0
ENSG00000196549,MME,0.03400134663099256,0,0,0,0,0,0.2796481669013457,0
ENSG00000154229,PRKCA,0.033970548309768846,0,0,0,0,0,0.27939486240234085,0
ENSG00000153266,FEZF2,0.03396518937908358,0.05587015744641114,0,0,0,0,0,0
ENSG00000204410,MSH5,0.033949605451336705,0,0,0,0,0,0,0.27922261534301757
ENSG00000120833,SOCS2,0.033949605451336705,0,0,0,0,0,0,0.27922261534301757
ENSG00000255152,MSH5-SAPCD1,0.033949605451336705,0,0,0,0,0,0,0.27922261534301757
ENSG00000124302,CHST8,0.03373524913561959,0,0,0,0,0,0,0.2774596160299439
ENSG00000119915,ELOVL3,0.033731553337072735,0,0,0,0,0,0.03343619386863916,0.2690701710229035
ENSG00000147257,GPC3,0.033668724761776334,0,0,0,0,0,0.030396539880581056,0.2693133433419481
ENSG00000106483,SFRP4,0.03356720117995525,0,0,0,0,0,0.27607748539661736,0
ENSG00000174915,PTDSS2,0.033528284416996144,0,0,0,0,0,0,0.2757574097966313
ENSG00000153395,LPCAT1,0.03351883959848753,0,0,0,0,0,0.2756797297502698,0
ENSG00000124882,EREG,0.03347870962911361,0,0,0,0,0,0.27534967598813453,0
ENSG00000162869,PPP1R21,0.03342586582156513,0.05194335715874577,0,0,0,0,0.06079307976116211,0
ENSG00000144935,TRPC1,0.033410018863497044,0,0,0,0,0,0,0.2747847205204527
ENSG00000198791,CNOT7,0.033410018863497044,0,0,0,0,0,0,0.2747847205204527
ENSG00000116127,ALMS1,0.03340591242066721,0,0,0,0,0,0.2747509465872521,0
ENSG00000166426,CRABP1,0.033358277683841184,0,0,0,0,0,0,0.2743591689621246
ENSG00000163513,TGFBR2,0.033311053591298136,0,0,0,0,0,0.27397076873031717,0
ENSG00000148926,ADM,0.03330809003855182,0,0,0,0,0,0.27394639463413745,0
ENSG00000121900,TMEM54,0.03330325134992146,0,0,0,0,0,0.27390659825723596,0
ENSG00000150938,CRIM1,0.033262186921623166,0,0,0,0,0,0.2735688589252295,0
ENSG00000066056,TIE1,0.033262186921623166,0,0,0,0,0,0.2735688589252295,0
ENSG00000158352,SHROOM4,0.033262186921623166,0,0,0,0,0,0.2735688589252295,0
ENSG00000107485,GATA3,0.033226015713374316,0,0,0,0,0,0.056928206432124574,0.25903931286231174
ENSG00000116833,NR5A2,0.03320839252055239,0,0,0,0,0,0.27312642040030105,0
ENSG00000129757,CDKN1C,0.03309792920842996,0,0,0,0,0,0.27221790159720366,0
ENSG00000157500,APPL1,0.03301210455328651,0,0,0,0,0,0.2715120263933101,0
ENSG00000221829,FANCG,0.0328408658872826,0,0,0,0,0,0,0.27010365337884323
ENSG00000060558,GNA15,0.03280390790181414,0,0,0,0,0,0,0.26979968798003745
ENSG00000091513,TF,0.03279878631519555,0,0,0,0,0,0.26975756487458935,0
ENSG00000163660,CCNL1,0.03275359140640536,0,0,0,0,0,0.26938585390873804,0
ENSG00000165392,WRN,0.03267085915412764,0,0,0,0,0,0,0.2687054125443365
ENSG00000113739,STC2,0.0326283574708389,0,0,0,0,0,0.044074982826842524,0.2573371066289992
ENSG00000139269,INHBE,0.03262184281565835,0,0,0,0,0.010096227319684037,0.2657782149403187,0
ENSG00000198598,MMP17,0.032605156068850366,0,0,0,0,0,0.2681650296131262,0
ENSG00000204536,CCHCR1,0.03256737679481592,0,0,0,0,0,0,0.2678543094276803
ENSG00000163220,S100A9,0.03256220732627312,0,0,0,0,0,0.2678117925115846,0
ENSG00000187486,KCNJ11,0.03255000821774486,0,0,0,0,0,0.26011232450537514,0
ENSG00000046604,DSG2,0.03252302721225376,0,0,0,0,0,0.26748955094911325,0
ENSG00000164283,ESM1,0.03252056334655586,0,0,0,0,0,0.26746928658919294,0
ENSG00000167769,ACER1,0.03250085242097268,0,0,0,0,0,0,0.26730717170982976
ENSG00000109101,FOXN1,0.03246389443550421,0,0,0,0,0,0,0.267003206311024
ENSG00000147571,CRH,0.03238971159280345,0,0,0,0,0,0.26639308059447697,0
ENSG00000206573,THUMPD3-AS1,0.03233084568781771,0,0,0,0,0,0,0.2659089308753231
ENSG00000177054,ZDHHC13,0.03228649610525555,0,0,0,0,0,0,0.2655441723967561
ENSG00000187091,PLCD1,0.03224214652269338,0,0,0,0,0,0.030396539880581056,0.2575802789480438
ENSG00000010017,RANBP9,0.03220518853722491,0,0,0,0,0,0,0.26487544851938327
ENSG00000067057,PFKP,0.032177457477380204,0,0,0,0,0,0.26464737108068753,0
ENSG00000104818,CGB2,0.03217562214885014,0,0,0,0,0,0,0.2646322762003387
ENSG00000267631,CGB1,0.03217562214885014,0,0,0,0,0,0,0.2646322762003387
ENSG00000213030,CGB8,0.03217562214885014,0,0,0,0,0,0,0.2646322762003387
ENSG00000189052,CGB5,0.03217562214885014,0,0,0,0,0,0,0.2646322762003387
ENSG00000196337,CGB7,0.03217562214885014,0,0,0,0,0,0,0.2646322762003387
ENSG00000104827,CGB3,0.03217562214885014,0,0,0,0,0,0,0.2646322762003387
ENSG00000105516,DBP,0.032160017666096774,0,0,0,0,0,0.26450393525417615,0
ENSG00000049759,NEDD4L,0.03215344735756906,0,0,0,0,0,0.26444989696105514,0
ENSG00000103415,HMOX2,0.03215344735756906,0,0,0,0,0,0.26444989696105514,0
ENSG00000117394,SLC2A1,0.03212029315325237,0,0,0,0,0,0.26417721621805823,0
ENSG00000130749,ZC3H4,0.03211648937210059,0,0,0,0,0,0.012158615952232422,0.2611062775741913
ENSG00000196620,UGT2B15,0.03204052017974874,0,0,0,0,0,0.26352111379803744,0
ENSG00000178726,THBD,0.0320356078795873,0.04901419263614673,0,0,0,0,0.07363899525402766,0
ENSG00000148343,MIGA2,0.03203025407267415,0,0,0,0,0,0.2634366789650358,0
ENSG00000129473,BCL2L2,0.03201300701278887,0,0,0,0,0,0,0.2632948284455931
ENSG00000147655,RSPO2,0.031990832221507795,0,0,0,0,0,0,0.2631124492063096
ENSG00000169018,FEM1B,0.03198426191298006,0,0,0,0,0,0.26305841091318855,0
ENSG00000139648,KRT71,0.03198344062441409,0,0,0,0,0,0,0.26305165612654846
ENSG00000133985,TTC9,0.031968657430226706,0,0,0,0,0,0,0.2629300699670261
ENSG00000197956,S100A6,0.031961572605434196,0,0,0,0,0,0.26287179997297133,0
ENSG00000204539,CDSN,0.031931699444758245,0,0,0,0,0,0,0.26262610456822033
ENSG00000151923,TIAL1,0.03189474145928976,0,0,0,0,0,0.04255515583281347,0.25168335021121113
ENSG00000122863,CHST3,0.03183519803825722,0,0,0,0,0,0.2618324171380051,0
ENSG00000100300,TSPO,0.03178386750288435,0,0,0,0,0,0.26141024297299703,0
ENSG00000135525,MAP7,0.031776475905790656,0,0,0,0,0,0,0.2613494498932359
ENSG00000048052,HDAC9,0.03177613253826379,0,0,0,0,0,0.2613466258256922,0
ENSG00000135960,EDAR,0.0317247347261348,0,0,0,0,0,0,0.26092389833490776
ENSG00000204217,BMPR2,0.031673702978708196,0,0,0,0,0,0.26050418158731825,0
ENSG00000168769,TET2,0.03166067421798945,0,0,0,0,0,0.2603970249769777,0
ENSG00000108342,CSF3,0.031647307821215324,0,0,0,0,0,0.26028709143827033,0
ENSG00000177105,RHOG,0.0316401420038403,0,0,0,0,0,0.26022815531097443,0
ENSG00000134765,DSC1,0.03161386076972939,0,0,0,0,0,0,0.26001200213849035
ENSG00000138279,ANXA7,0.031606469172635696,0,0,0,0,0,0,0.25995120905872915
ENSG00000100344,PNPLA3,0.03158869623665332,0,0,0,0,0,0.2598050334080449,0
ENSG00000180644,PRF1,0.03158367841493014,0,0,0,0,0,0.2597637637294656,0
ENSG00000102974,CTCF,0.03157854536139285,0,0,0,0,0,0.2597215463129648,0
ENSG00000105854,PON2,0.031547747040169126,0,0,0,0,0,0.25946824181395994,0
ENSG00000184371,CSF1,0.031458021264337346,0,0,0,0,0,0.25873028137352583,0
ENSG00000137142,IGFBPL1,0.03144047357440455,0,0,0,0,0,0.2585859582860812,0
ENSG00000025156,HSF2,0.03142167924529335,0,0,0,0,0,0,0.2584313820647001
ENSG00000144749,LRIG1,0.031406896051105956,0,0,0,0,0,0,0.2583097959051778
ENSG00000147383,NSDHL,0.03139950445401226,0,0,0,0,0,0,0.25824900282541663
ENSG00000163312,HELQ,0.031347763274356406,0,0,0,0,0,0,0.2578234512670885
ENSG00000121621,KIF18A,0.031347763274356406,0,0,0,0,0,0,0.2578234512670885
ENSG00000151838,CCDC175,0.031344787505992955,0.05155979534041915,0,0,0,0,0,0
ENSG00000133103,COG6,0.03127802409634348,0.05144997460109855,0,0,0,0,0,0
ENSG00000141068,KSR1,0.031266455706325774,0,0,0,0,0,0,0.25715472738971573
ENSG00000111877,MCM9,0.03121471452666991,0,0,0,0,0,0,0.25672917583138755
ENSG00000111087,GLI1,0.031214593009484135,0,0,0,0,0,0.2567281763986704,0
ENSG00000134757,DSG3,0.03120732292957622,0,0,0,0,0,0,0.2566683827516264
ENSG00000179094,PER1,0.031178167185484423,0,0,0,0,0,0.25642858782590183,0
ENSG00000162409,PRKAA2,0.031139986928016068,0,0,0,0,0,0.25611456970395147,0
ENSG00000169297,NR0B1,0.031134741552558975,0,0,0,0,0,0.023388448741447087,0.2502243162969432
ENSG00000177551,NHLH2,0.031118623764451896,0,0,0,0,0,0,0.2559388657944925
ENSG00000175315,CST6,0.031074274181889724,0,0,0,0,0,0,0.2555741073159255
ENSG00000166923,GREM1,0.03106941698074211,0,0,0,0,0,0.2555341586805981,0
ENSG00000198492,YTHDF2,0.03104943986361832,0,0,0,0,0,0.25536985447687727,0
ENSG00000160867,FGFR4,0.03104470779351495,0,0,0,0,0,0.25533093499688087,0
ENSG00000013725,CD6,0.03104470779351495,0,0,0,0,0,0.25533093499688087,0
ENSG00000165168,CYBB,0.031012804788099525,0,0,0,0,0,0.25506854488980973,0
ENSG00000120937,NPPB,0.031005068049463735,0,0,0,0,0,0.2550049131519032,0
ENSG00000237452,MEIOSIN,0.030944390161465003,0.05090117211208297,0,0,0,0,0,0
ENSG00000198435,NRARP,0.0309395121865333,0.05089314821372009,0,0,0,0,0,0
ENSG00000170956,CEACAM3,0.030906115348008186,0,0,0,0,0,0.25419106475135905,0
ENSG00000104881,PPP1R13L,0.030867309463266292,0,0,0,0,0,0,0.2538719010826129
ENSG00000261456,TUBB8,0.0308599178661726,0,0,0,0,0,0.2538111080028518,0
ENSG00000135625,EGR4,0.030808176686516742,0,0,0,0,0,0,0.25338555644452365
ENSG00000130707,ASS1,0.030786001895235657,0,0,0,0,0,0,0.25320317720524016
ENSG00000071054,MAP4K4,0.03077265595603871,0,0,0,0,0,0.25309341192233803,0
ENSG00000250844,USP17L18,0.030704694327205025,0,0,0,0,0,0,0.2525344533278674
ENSG00000223443,USP17L2,0.030704694327205025,0,0,0,0,0,0,0.2525344533278674
ENSG00000249104,USP17L17,0.030704694327205025,0,0,0,0,0,0,0.2525344533278674
ENSG00000232264,USP17L24,0.030704694327205025,0,0,0,0,0,0,0.2525344533278674
ENSG00000226430,USP17L7,0.030704694327205025,0,0,0,0,0,0,0.2525344533278674
ENSG00000236125,USP17L4,0.030704694327205025,0,0,0,0,0,0,0.2525344533278674
ENSG00000205946,USP17L6P,0.030704694327205025,0,0,0,0,0,0,0.2525344533278674
ENSG00000232399,USP17L13,0.030704694327205025,0,0,0,0,0,0,0.2525344533278674
ENSG00000228856,USP17L30,0.030704694327205025,0,0,0,0,0,0,0.2525344533278674
ENSG00000230549,USP17L1,0.030704694327205025,0,0,0,0,0,0,0.2525344533278674
ENSG00000233136,USP17L11,0.030704694327205025,0,0,0,0,0,0,0.2525344533278674
ENSG00000227551,USP17L12,0.030704694327205025,0,0,0,0,0,0,0.2525344533278674
ENSG00000235780,USP17L27,0.030704694327205025,0,0,0,0,0,0,0.2525344533278674
ENSG00000231396,USP17L10,0.030704694327205025,0,0,0,0,0,0,0.2525344533278674
ENSG00000237038,USP17L8,0.030704694327205025,0,0,0,0,0,0,0.2525344533278674
ENSG00000225327,USP17L3,0.030704694327205025,0,0,0,0,0,0,0.2525344533278674
ENSG00000250745,USP17L20,0.030704694327205025,0,0,0,0,0,0,0.2525344533278674
ENSG00000248920,USP17L19,0.030704694327205025,0,0,0,0,0,0,0.2525344533278674
ENSG00000231637,USP17L29,0.030704694327205025,0,0,0,0,0,0,0.2525344533278674
ENSG00000248933,USP17L22,0.030704694327205025,0,0,0,0,0,0,0.2525344533278674
ENSG00000223569,USP17L15,0.030704694327205025,0,0,0,0,0,0,0.2525344533278674
ENSG00000227140,USP17L5,0.030704694327205025,0,0,0,0,0,0,0.2525344533278674
ENSG00000230430,USP17L25,0.030704694327205025,0,0,0,0,0,0,0.2525344533278674
ENSG00000231051,USP17L28,0.030704694327205025,0,0,0,0,0,0,0.2525344533278674
ENSG00000249811,USP17L21,0.030704694327205025,0,0,0,0,0,0,0.2525344533278674
ENSG00000229579,USP17L26,0.030704694327205025,0,0,0,0,0,0,0.2525344533278674
ENSG00000065618,COL17A1,0.03065295314754917,0,0,0,0,0,0,0.25210890176953926
ENSG00000186767,SPIN4,0.030638169953361785,0,0,0,0,0,0,0.25198731561001697
ENSG00000184302,SIX6,0.030564253982424842,0,0,0,0,0,0,0.25137938481240535
ENSG00000090661,CERS4,0.03051990439986267,0,0,0,0,0,0,0.2510146263338383
ENSG00000173391,OLR1,0.030466109998791898,0,0,0,0,0,0.25057218780890983,0
ENSG00000163818,LZTFL1,0.030453380026019432,0,0,0,0,0,0,0.2504674886159879
ENSG00000169032,MAP2K1,0.03043347343914381,0,0,0,0,0,0.2503037644967804,0
ENSG00000203797,DDO,0.030416422040550957,0,0,0,0,0,0,0.25016352321718205
ENSG00000091732,ZC3HC1,0.030342506069614018,0,0,0,0,0,0,0.24955559241957043
ENSG00000121797,CCRL2,0.0303125615113766,0,0,0,0,0,0.24930930979698362,0
ENSG00000160991,ORAI2,0.030305548084145546,0,0,0,0,0,0.24925162702076462,0
ENSG00000276045,ORAI1,0.030305548084145546,0,0,0,0,0,0.24925162702076462,0
ENSG00000117560,FASLG,0.030268490813083714,0,0,0,0,0,0.24894684503564873,0
ENSG00000185920,PTCH1,0.030243683219658524,0.04542490790614918,0,0,0,0,0.086473089870273,0
ENSG00000113522,RAD50,0.030151475727740306,0.042832354752275995,0,0,0,0,0.1352906664956447,0
ENSG00000205250,E2F4,0.03011049204972862,0,0,0,0,0,0.24764736519373398,0
ENSG00000115464,USP34,0.03010022594265405,0,0,0,0,0,0.24756293036073238,0
ENSG00000182871,COL18A1,0.030059161514355743,0,0,0,0,0,0.24722519102872587,0
ENSG00000116985,BMP8B,0.0299975648719083,0,0,0,0,0,0.24671858203071625,0
ENSG00000107643,MAPK8,0.02997698043813864,0,0,0,0,0,0.24654928287816033,0
ENSG00000177410,ZFAS1,0.029952176107895315,0,0,0,0,0,0.24634527667925762,0
ENSG00000085511,MAP3K4,0.02993596822946085,0,0,0,0,0,0.24621197303270656,0
ENSG00000133063,CHIT1,0.029905169908237116,0,0,0,0,0,0.24595866853370166,0
ENSG00000126790,L3HYPDH,0.02989106010805756,0.049168524156845854,0,0,0,0,0,0
ENSG00000107779,BMPR1A,0.02988217382839007,0,0,0,0,0,0.24576953450777803,0
ENSG00000156234,CXCL13,0.02981277494456595,0,0,0,0,0,0.2451987550366872,0
ENSG00000142405,NLRP12,0.0297511783021185,0,0,0,0,0,0.2446921460386775,0
ENSG00000099250,NRP1,0.029741720912866528,0,0,0,0,0,0.24461436260272454,0
ENSG00000154310,TNIK,0.029711551128810635,0,0,0,0,0,0.24436622758329127,0
ENSG00000011478,QPCTL,0.029705053410277345,0.04886255726306291,0,0,0,0,0,0
ENSG00000162753,SLC9C2,0.029699647435518856,0.04885366484507763,0,0,0,0,0,0
ENSG00000110092,CCND1,0.02969279446837318,0,0,0,0,0,0.2442119611724502,0
ENSG00000158125,XDH,0.029677845806520425,0,0,0,0,0,0.24408901410420258,0
ENSG00000122861,PLAU,0.029663916391984606,0,0,0,0,0,0.24397444995816375,0
ENSG00000119725,ZNF410,0.029612162641585393,0,0,0,0,0,0.2435487950102442,0
ENSG00000099937,SERPIND1,0.029586920588925293,0,0,0,0,0,0.24334118871065166,0
ENSG00000137076,TLN1,0.02956638837477615,0,0,0,0,0,0.24317231904464845,0
ENSG00000163931,TKT,0.02956638837477615,0,0,0,0,0,0.24317231904464845,0
ENSG00000164916,FOXK1,0.02956638837477615,0,0,0,0,0,0.24317231904464845,0
ENSG00000181449,SOX2,0.02956638837477615,0,0,0,0,0,0.24317231904464845,0
ENSG00000161270,NPHS1,0.02956638837477615,0,0,0,0,0,0.24317231904464845,0
ENSG00000184292,TACSTD2,0.02956638837477615,0,0,0,0,0,0.24317231904464845,0
ENSG00000078237,TIGAR,0.02956638837477615,0,0,0,0,0,0.24317231904464845,0
ENSG00000104290,FZD3,0.029553029864835836,0,0,0,0,0,0.24306245037215488,0
ENSG00000135046,ANXA1,0.029509103497300012,0,0,0,0,0,0.24270117267649938,0
ENSG00000162877,PM20D1,0.029422662875732093,0,0,0,0,0,0.24199023138262582,0
ENSG00000169248,CXCL11,0.029334576767137948,0,0,0,0,0,0.2412657565826962,0
ENSG00000079459,FDFT1,0.02930553027869887,0.04437194619554064,0,0,0,0,0.07666851706212557,0
ENSG00000092969,TGFB2,0.02918140935947958,0,0,0,0,0,0.2400060128070879,0
ENSG00000160200,CBS,0.029042816913972817,0,0,0,0,0,0.2388661425615661,0
ENSG00000123329,ARHGAP9,0.029012018592749097,0,0,0,0,0,0.23861283806256128,0
ENSG00000089820,ARHGAP4,0.029012018592749097,0,0,0,0,0,0.23861283806256128,0
ENSG00000198467,TPM2,0.028950421950301643,0,0,0,0,0,0.2381062290645516,0
ENSG00000145050,MANF,0.028924756682615203,0,0,0,0,0,0.23789514198204756,0
ENSG00000112818,MEP1A,0.02885547167490551,0.03986592484960735,0,0,0,0,0.15198269940290526,0
ENSG00000152104,PTPN14,0.02883213113775587,0.047426666408460834,0,0,0,0,0,0
ENSG00000136694,IL36A,0.028827228665406743,0,0,0,0,0,0.23709301106853223,0
ENSG00000184584,STING1,0.028782468438561592,0,0,0,0,0,0.23672487519664515,0
ENSG00000130427,EPO,0.028720400626029808,0,0,0,0,0,0.23621439100357888,0
ENSG00000079435,LIPE,0.028700774256385314,0,0,0,0,0,0.23605297156470853,0
ENSG00000087085,ACHE,0.028638742939517542,0,0,0,0,0,0.23554278753462257,0
ENSG00000106927,AMBP,0.02862190652391524,0,0,0,0,0,0.23540431440849996,0
ENSG00000088882,CPXM1,0.02862190652391524,0,0,0,0,0,0.23540431440849996,0
ENSG00000169252,ADRB2,0.028607127553643835,0,0,0,0,0,0.2352827629890829,0
ENSG00000134042,MRO,0.028588644336993613,0,0,0,0,0,0.23513074554957472,0
ENSG00000104518,GSDMD,0.02858816739693426,0,0,0,0,0,0.23512682289866418,0
ENSG00000132661,NXT1,0.028519081126589758,0.04691172291095093,0,0,0,0,0,0
ENSG00000123908,AGO2,0.028514112399632204,0,0,0,0,0,0.234517748661983,0
ENSG00000166794,PPIB,0.028489541019409335,0,0,0,0,0,0.23431565838855548,0
ENSG00000197632,SERPINB2,0.028472001344358754,0,0,0,0,0,0.23417140122047414,0
ENSG00000115956,PLEK,0.02845764881072204,0,0,0,0,0,0.23405335708047412,0
ENSG00000148053,NTRK2,0.02845764881072204,0,0,0,0,0,0.23405335708047412,0
ENSG00000183671,CMKLR2,0.028356424994966725,0,0,0,0,0,0.23322082962707819,0
ENSG00000006831,ADIPOR2,0.02835002754076,0,0,0,0,0,0.23316821299512053,0
ENSG00000214575,CPEB1,0.02827285888337969,0,0,0,0,0,0.23253353008644506,0
ENSG00000115665,SLC5A7,0.02827285888337969,0,0,0,0,0,0.23253353008644506,0
ENSG00000140396,NCOA2,0.028239185154677104,0,0,0,0,0,0.23225657645261966,0
ENSG00000149485,FADS1,0.02817019781263394,0,0,0,0,0,0.2316891817564289,0
ENSG00000064300,NGFR,0.028157467839861464,0,0,0,0,0,0.23158448256350692,0
ENSG00000174059,CD34,0.028149665598484787,0,0,0,0,0,0.2315203120904257,0
ENSG00000164430,CGAS,0.02814596979993793,0,0,0,0,0,0.23148991555054507,0
ENSG00000198911,SREBF2,0.028133843222846584,0,0,0,0,0,0.2313901790580118,0
ENSG00000064393,HIPK2,0.02808806895603734,0,0,0,0,0,0.231013703092416,0
ENSG00000107201,RIGI,0.02808806895603734,0,0,0,0,0,0.231013703092416,0
ENSG00000075213,SEMA3A,0.02808806895603734,0,0,0,0,0,0.231013703092416,0
ENSG00000145545,SRD5A1,0.028024322303589803,0,0,0,0,0,0.23048941107844026,0
ENSG00000164111,ANXA5,0.027892292232669497,0,0,0,0,0,0.22940351387238483,0
ENSG00000187094,CCK,0.027886703916010877,0,0,0,0,0,0.22935755208955874,0
ENSG00000203859,HSD3B2,0.027865737482537085,0,0,0,0,0,0.22918511113446843,0
ENSG00000100393,EP300,0.02786488378823608,0,0,0,0,0,0.22917808982296095,0
ENSG00000145012,LPP,0.02782895241347506,0,0,0,0,0,0.22888256790745526,0
ENSG00000005073,HOXA11,0.027795278684772478,0,0,0,0,0,0.22860561427362988,0
ENSG00000110148,CCKBR,0.027718489101352637,0,0,0,0,0,0.2279740491043579,0
ENSG00000248323,LUCAT1,0.027718489101352637,0,0,0,0,0,0.2279740491043579,0
ENSG00000168621,GDNF,0.027697956887203484,0,0,0,0,0,0.22780517943835468,0
ENSG00000177508,IRX3,0.02764806360682105,0,0,0,0,0,0.2273948261499668,0
ENSG00000197142,ACSL5,0.027533699174010287,0,0,0,0,0,0.2264542221103289,0
ENSG00000080824,HSP90AA1,0.027514642077145615,0,0,0,0,0,0.22629748472393932,0
ENSG00000170458,CD14,0.02749613367205535,0,0,0,0,0,0.2261452601190749,0
ENSG00000179142,CYP11B2,0.0274439733981785,0,0,0,0,0,0.22571626166989478,0
ENSG00000197043,ANXA6,0.02738997367496623,0,0,0,0,0,0.22527213444830624,0
ENSG00000100811,YY1,0.027384520067473352,0,0,0,0,0,0.225227280597224,0
ENSG00000166747,AP1G1,0.02734890924666793,0,0,0,0,0,0.22493439511629978,0
ENSG00000145040,UCN2,0.02734890924666793,0,0,0,0,0,0.22493439511629978,0
ENSG00000173918,C1QTNF1,0.02734890924666793,0,0,0,0,0,0.22493439511629978,0
ENSG00000180530,NRIP1,0.02716411931932558,0,0,0,0,0,0.22341456812227073,0
ENSG00000167553,TUBA1C,0.02716411931932558,0,0,0,0,0,0.22341456812227073,0
ENSG00000109072,VTN,0.027146926965453046,0,0,0,0,0,0.22327316753901294,0
ENSG00000138061,CYP1B1,0.027021150875384384,0,0,0,0,0,0.22223870695104142,0
ENSG00000118520,ARG1,0.02697932939198323,0,0,0,0,0,0.22189474112824173,0
ENSG00000182687,GALR2,0.026979329391983227,0,0,0,0,0,0.22189474112824167,0
ENSG00000196352,CD55,0.026876668321237484,0,0,0,0,0,0.22105039279822555,0
ENSG00000121879,PIK3CA,0.026829490679057173,0,0,0,0,0,0.22066237460301602,0
ENSG00000169418,NPR1,0.026609749537298527,0,0,0,0,0,0.2188550871401836,0
ENSG00000116266,STXBP3,0.026609749537298527,0,0,0,0,0,0.2188550871401836,0
ENSG00000187513,GJA4,0.02646869322609387,0,0,0,0,0,0.21769495253474141,0
ENSG00000150991,UBC,0.026424959609956174,0,0,0,0,0,0.21733526014615454,0
ENSG00000054267,ARID4B,0.026372602463875846,0,0,0,0,0,0.21690464249784627,0
ENSG00000162836,ACP6,0.026360758267492287,0.043361445695884876,0,0,0,0,0,0
ENSG00000132002,DNAJB1,0.026301971647202764,0,0,0,0,0,0.21632373084679518,0
ENSG00000138463,SLC49A4,0.026279389845684897,0.043227600820568375,0,0,0,0,0,0
ENSG00000049768,FOXP3,0.02627525462732216,0,0,0,0,0,0.21610399350180812,0
ENSG00000087253,LPCAT2,0.026252919637940925,0.04318405933879452,0,0,0,0,0,0
ENSG00000130368,MAS1,0.026240169682613827,0,0,0,0,0,0.2158154331521255,0
ENSG00000058262,SEC61A1,0.026231747893649425,0.04222264548465563,0,0,0,0.018531758848311666,0,0
ENSG00000072364,AFF4,0.02619045388529098,0.04308130791890371,0,0,0,0,0,0
ENSG00000138794,CASP6,0.02610813450161276,0,0,0,0,0,0.21472949391759585,0
ENSG00000175003,SLC22A1,0.026099113371409167,0,0,0,0,0,0.21465529854668333,0
ENSG00000104361,NIPAL2,0.026083744913778417,0.04290577976350873,0,0,0,0,0,0
ENSG00000159899,NPR2,0.026071918696949206,0,0,0,0,0,0.21443163267413004,0
ENSG00000130649,CYP2E1,0.02603484754112233,0,0,0,0,0,0.21412673649209324,0
ENSG00000261371,PECAM1,0.025977440248962442,0,0,0,0,0,0.2136545833096469,0
ENSG00000145675,PIK3R1,0.025908120494803104,0,0,0,0,0,0.21308445465000614,0
ENSG00000145692,BHMT,0.025906097987663797,0,0,0,0,0,0.2130678202966615,0
ENSG00000229474,PATL2,0.025901388149152847,0,0,0,0,0,0.21302908366307222,0
ENSG00000102158,MAGT1,0.02587058982792912,0,0,0,0,0,0.21277577916406737,0
ENSG00000171345,KRT19,0.02587058982792912,0,0,0,0,0,0.21277577916406737,0
ENSG00000120708,TGFBI,0.02587058982792912,0,0,0,0,0,0.21277577916406737,0
ENSG00000134640,MTNR1B,0.025841907872995357,0,0,0,0,0,0.20304096226160456,0
ENSG00000103375,AQP8,0.02580899318548168,0,0,0,0,0,0.2122691701660577,0
ENSG00000204632,HLA-G,0.025778194864257954,0,0,0,0,0,0.21201586566705286,0
ENSG00000088179,PTPN4,0.02576975918105921,0.042389297075096234,0,0,0,0,0,0
ENSG00000104884,ERCC2,0.02566526768643763,0,0,0,0,0,0.21108708250403513,0
ENSG00000100979,PLTP,0.02565500157936305,0,0,0,0,0,0.21100264767103347,0
ENSG00000110395,CBL,0.025632005499516004,0,0,0,0,0,0.2108135136451099,0
ENSG00000101846,STS,0.0256137192581799,0,0,0,0,0,0.21066311625277553,0
ENSG00000073712,FERMT2,0.025501009973244428,0,0,0,0,0,0.20973612517600929,0
ENSG00000203857,HSD3B1,0.02549795887141765,0,0,0,0,0,0.20971103102188218,0
ENSG00000170961,HAS2,0.025479366974784746,0,0,0,0,0,0.20955811973077845,0
ENSG00000110492,MDK,0.02540348195603596,0,0,0,0,0,0.20893399426249393,0
ENSG00000165409,TSHR,0.02525975645699191,0,0,0,0,0,0.20775190660047135,0
ENSG00000141027,NCOR1,0.02513993841668826,0,0,0,0,0,0.20676644870975108,0
ENSG00000113916,BCL6,0.025131430118559724,0,0,0,0,0,0.20669647118795118,0
ENSG00000179242,CDH4,0.025131430118559724,0,0,0,0,0,0.20669647118795118,0
ENSG00000137857,DUOX1,0.025131430118559724,0,0,0,0,0,0.20669647118795118,0
ENSG00000131018,SYNE1,0.025131430118559724,0,0,0,0,0,0.20669647118795118,0
ENSG00000277632,CCL3,0.025025265855043406,0,0,0,0,0,0.2058233104274386,0
ENSG00000005339,CREBBP,0.024997970726590244,0,0,0,0,0,0.20559881835893015,0
ENSG00000124440,HIF3A,0.02498770461951567,0,0,0,0,0,0.20551438352592857,0
ENSG00000138413,IDH1,0.024830017214850193,0,0,0,0,0,0.20421746449102374,0
ENSG00000142677,IL22RA1,0.024777249424486884,0,0,0,0,0,0.2037834694493955,0
ENSG00000130827,PLXNA3,0.024696458588614023,0,0,0,0,0,0.203118995497835,0
ENSG00000036257,CUL3,0.02457706033653267,0,0,0,0,0,0.202136990205864,0
ENSG00000147852,VLDLR,0.024494233216111373,0,0,0,0,0,0.20145576858699965,0
ENSG00000011465,DCN,0.024436167677783185,0,0,0,0,0,0.20097820157973245,0
ENSG00000196136,SERPINA3,0.024433334837488614,0,0,0,0,0,0.2009549025438414,0
ENSG00000000971,CFH,0.024392270409190318,0,0,0,0,0,0.20061716321183495,0
ENSG00000139193,CD27,0.024382004302115744,0,0,0,0,0,0.20053272837883335,0
ENSG00000164756,SLC30A8,0.024299875445519144,0,0,0,0,0,0.1998572497148204,0
ENSG00000007372,PAX6,0.024229449950987553,0,0,0,0,0,0.19927802676042933,0
ENSG00000119715,ESRRB,0.02417668216062424,0,0,0,0,0,0.19884403171880105,0
ENSG00000128052,KDR,0.024076088389592253,0,0,0,0,0,0.1980166861440482,0
ENSG00000062485,CS,0.02405686412032059,0,0,0,0,0,0.19785857382808078,0
ENSG00000125249,RAP2A,0.024022690554505618,0,0,0,0,0,0.19757750922377684,0
ENSG00000163106,HPGDS,0.02401212373912337,0,0,0,0,0,0.19749060117911324,0
ENSG00000173894,CBX2,0.023981626126207314,0,0,0,0,0,0.1972397698917704,0
ENSG00000006062,MAP3K14,0.023975958286795503,0,0,0,0,0,0.19719315406449137,0
ENSG00000097046,CDC7,0.023971968646973058,0.03943206815833608,0,0,0,0,0,0
ENSG00000263956,NBPF11,0.023920473863344636,0.03934736314942597,0,0,0,0,0,0
ENSG00000110711,AIP,0.02389517293389604,0,0,0,0,0,0.1965287252083054,0
ENSG00000081051,AFP,0.023856777693437126,0,0,0,0,0,0.19621293893287933,0
ENSG00000100263,RHBDD3,0.023846405194031715,0.03922552581267002,0,0,0,0,0,0
ENSG00000211459,MT-RNR1,0.023758440958406055,0,0,0,0,0,0.1954041566223153,0
ENSG00000185345,PRKN,0.023737377896809835,0,0,0,0,0,0.1952309209376044,0
ENSG00000276043,UHRF1,0.023653110699820915,0,0,0,0,0,0.19453785523571876,0
ENSG00000109689,STIM2,0.023653110699820915,0,0,0,0,0,0.19453785523571876,0
ENSG00000167323,STIM1,0.023653110699820915,0,0,0,0,0,0.19453785523571876,0
ENSG00000113360,DROSHA,0.023653110699820915,0,0,0,0,0,0.19453785523571876,0
ENSG00000134602,STK26,0.023653110699820915,0,0,0,0,0,0.19453785523571876,0
ENSG00000012061,ERCC1,0.023653110699820915,0,0,0,0,0,0.19453785523571876,0
ENSG00000150281,CTF1,0.023653110699820915,0,0,0,0,0,0.19453785523571876,0
ENSG00000092531,SNAP23,0.023653110699820915,0,0,0,0,0,0.19453785523571876,0
ENSG00000119523,ALG2,0.023653110699820915,0,0,0,0,0,0.19453785523571876,0
ENSG00000182463,TSHZ2,0.023603362812224367,0.03882573954955884,0,0,0,0,0,0
ENSG00000100294,MCAT,0.023540183522000588,0,0,0,0,0,0.19360907207270098,0
ENSG00000170893,TRH,0.02348366546831899,0,0,0,0,0,0.19314423253912544,0
ENSG00000176171,BNIP3,0.023475334199709617,0,0,0,0,0,0.19307571101790869,0
ENSG00000204531,POU5F1,0.023468320772478565,0,0,0,0,0,0.1930180282416897,0
ENSG00000074047,GLI2,0.023465311100073667,0.031615303232701154,0,0,0,0,0.13966703466128982,0
ENSG00000115541,HSPE1,0.02344532469263151,0,0,0,0,0,0.19282889421576604,0
ENSG00000185897,FFAR3,0.023437522451254838,0,0,0,0,0,0.19276472374268486,0
ENSG00000106799,TGFBR1,0.02342680028608623,0,0,0,0,0,0.19267653800500933,0
ENSG00000104415,CCN4,0.023365659701732818,0,0,0,0,0,0.19217367991167358,0
ENSG00000259706,HSP90B2P,0.023355393594658234,0,0,0,0,0,0.19208924507867192,0
ENSG00000111206,FOXM1,0.02329893000574808,0,0,0,0,0,0.1916248534971631,0
ENSG00000272168,CASC15,0.02328353084513621,0,0,0,0,0,0.19149820124766065,0
ENSG00000185499,MUC1,0.023267662526836336,0,0,0,0,0,0.1913676903542973,0
ENSG00000173786,CNP,0.02325032336422734,0,0,0,0,0,0.1912250823249203,0
ENSG00000165471,MBL2,0.023245340926818788,0,0,0,0,0,0.1911841036688946,0
ENSG00000172115,CYCS,0.02321543117091715,0,0,0,0,0,0.19093810728230629,0
ENSG00000134324,LPIN1,0.023185693098778937,0,0,0,0,0,0.19069352292948977,0
ENSG00000160683,CXCR5,0.02316033756024132,0,0,0,0,0,0.19048498325164132,0
ENSG00000165819,METTL3,0.023096600413758234,0,0,0,0,0,0.18996076942061413,0
ENSG00000095970,TREM2,0.02307820870364471,0,0,0,0,0,0.18980950458762835,0
ENSG00000100906,NFKBIA,0.02295333117193157,0,0,0,0,0,0.18878243430097938,0
ENSG00000171522,PTGER4,0.022913950990451515,0,0,0,0,0,0.18845854725960257,0
ENSG00000051180,RAD51,0.022913950990451508,0,0,0,0,0,0.18845854725960254,0
ENSG00000152422,XRCC4,0.022913950990451508,0,0,0,0,0,0.18845854725960254,0
ENSG00000135372,NAT10,0.022913950990451508,0,0,0,0,0,0.18845854725960254,0
ENSG00000107099,DOCK8,0.022913950990451508,0,0,0,0,0,0.18845854725960254,0
ENSG00000100503,NIN,0.022913950990451508,0,0,0,0,0,0.18845854725960254,0
ENSG00000196154,S100A4,0.022893418776302365,0,0,0,0,0,0.18828967759359935,0
ENSG00000134046,MBD2,0.02289341877630236,0,0,0,0,0,0.1882896775935993,0
ENSG00000175164,ABO,0.02286262045507863,0,0,0,0,0,0.18803637309459442,0
ENSG00000180370,PAK2,0.022801023812631185,0,0,0,0,0,0.18752976409658476,0
ENSG00000144381,HSPD1,0.02274969327725831,0,0,0,0,0,0.1871075899315767,0
ENSG00000271503,CCL5,0.022744661138855194,0,0,0,0,0,0.18706620250374048,0
ENSG00000183117,CSMD1,0.022729161063109158,0,0,0,0,0,0.18693872026557348,0
ENSG00000169554,ZEB2,0.022729161063109158,0,0,0,0,0,0.18693872026557348,0
ENSG00000128602,SMO,0.022729161063109158,0,0,0,0,0,0.18693872026557348,0
ENSG00000162434,JAK1,0.02269804218792984,0,0,0,0,0,0.18668277933198715,0
ENSG00000149260,CAPN5,0.02259570167113968,0,0,0,0,0,0.1858410674365525,0
ENSG00000157368,IL34,0.02254437113576681,0,0,0,0,0,0.18541889327154445,0
ENSG00000140941,MAP1LC3B,0.022536248340434537,0,0,0,0,0,0.1853520863638817,0
ENSG00000025434,NR1H3,0.022483583211141966,0,0,0,0,0,0.18491893567058343,0
ENSG00000120337,TNFSF18,0.02247038945769523,0.03696208441153943,0,0,0,0,0,0
ENSG00000106459,NRF1,0.022466630859761385,0,0,0,0,0,0.18477950901670126,0
ENSG00000171720,HDAC3,0.02246428292984177,0,0,0,0,0,0.18476019818454043,0
ENSG00000163568,AIM2,0.022446099349576417,0,0,0,0,0,0.18461064514053616,0
ENSG00000153234,NR4A2,0.02242898009224859,0,0,0,0,0,0.1844698457486063,0
ENSG00000115461,IGFBP5,0.02240064563672276,0,0,0,0,0,0.18423680560952185,0
ENSG00000134245,WNT2B,0.02234685123565198,0,0,0,0,0,0.18379436708459335,0
ENSG00000265107,GJA5,0.02230366830948922,0.034560082990753783,0,0,0,0,0.04255515583281348,0
ENSG00000185507,IRF7,0.022294892163111275,0,0,0,0,0,0.18336702344001377,0
ENSG00000159387,IRX6,0.022209545152132058,0.036533015335605205,0,0,0,0,0,0
ENSG00000175213,ZNF408,0.022188971745582688,0.036499173644034065,0,0,0,0,0,0
ENSG00000111275,ALDH2,0.022174791281082105,0,0,0,0,0,0.18237923928348632,0
ENSG00000039123,MTREX,0.022174791281082105,0,0,0,0,0,0.18237923928348632,0
ENSG00000175938,ORAI3,0.022174791281082105,0,0,0,0,0,0.18237923928348632,0
ENSG00000152611,CAPSL,0.022174791281082105,0,0,0,0,0,0.18237923928348632,0
ENSG00000179399,GPC5,0.022174791281082105,0,0,0,0,0,0.18237923928348632,0
ENSG00000048471,SNX29,0.022174791281082105,0,0,0,0,0,0.18237923928348632,0
ENSG00000036448,MYOM2,0.022174791281082105,0,0,0,0,0,0.18237923928348632,0
ENSG00000254838,GVINP1,0.022174791281082105,0,0,0,0,0,0.18237923928348632,0
ENSG00000128881,TTBK2,0.022174791281082105,0,0,0,0,0,0.18237923928348632,0
ENSG00000122376,SHLD2,0.022174791281082105,0,0,0,0,0,0.18237923928348632,0
ENSG00000106246,PTCD1,0.022174791281082105,0,0,0,0,0,0.18237923928348632,0
ENSG00000141682,PMAIP1,0.022174791281082105,0,0,0,0,0,0.18237923928348632,0
ENSG00000172766,NAA16,0.022174791281082105,0,0,0,0,0,0.18237923928348632,0
ENSG00000141404,GNAL,0.022174791281082105,0,0,0,0,0,0.18237923928348632,0
ENSG00000198954,KIFBP,0.022174791281082105,0,0,0,0,0,0.18237923928348632,0
ENSG00000139908,TSSK4,0.022174791281082105,0,0,0,0,0,0.18237923928348632,0
ENSG00000178498,DTX3,0.022174791281082105,0,0,0,0,0,0.18237923928348632,0
ENSG00000105397,TYK2,0.022174791281082105,0,0,0,0,0,0.18237923928348632,0
ENSG00000115993,TRAK2,0.022174791281082105,0,0,0,0,0,0.18237923928348632,0
ENSG00000087470,DNM1L,0.022152386292632567,0,0,0,0,0,0.18219496675989016,0
ENSG00000169855,ROBO1,0.022061864103261785,0,0,0,0,0,0.1814504561204686,0
ENSG00000124731,TREM1,0.022018335809265585,0,0,0,0,0,0.18109245242854172,0
ENSG00000145715,RASA1,0.022013408077869785,0,0,0,0,0,0.18105192370870096,0
ENSG00000171103,TRMT61B,0.021990001353739755,0,0,0,0,0,0.18085941228945726,0
ENSG00000183684,ALYREF,0.021990001353739755,0,0,0,0,0,0.18085941228945726,0
ENSG00000170899,GSTA4,0.021929841966282743,0,0,0,0,0,0.1803646241680678,0
ENSG00000106299,WASL,0.02192428544067494,0.035455853973301324,0,0,0,0,0.012158615952232422,0
ENSG00000121410,A1BG,0.021902739443605868,0,0,0,0,0,0.18014171620894356,0
ENSG00000028137,TNFRSF1B,0.021876496071788997,0,0,0,0,0,0.17992587443945288,0
ENSG00000102554,KLF5,0.021805211426397412,0,0,0,0,0,0.17933958529542823,0
ENSG00000197503,LINC00477,0.0218052114263974,0,0,0,0,0,0.1793395852954282,0
ENSG00000125166,GOT2,0.021726525939586773,0,0,0,0,0,0.1786924270405761,0
ENSG00000102145,GATA1,0.021692284248577078,0,0,0,0,0,0.17841080213241045,0
ENSG00000137033,IL33,0.021677082063279333,0,0,0,0,0,0.1782857699300819,0
ENSG00000221869,CEBPD,0.02162042149905506,0,0,0,0,0,0.17781975830139918,0
ENSG00000105894,PTN,0.021435631571712705,0,0,0,0,0,0.1762999313073701,0
ENSG00000143107,FNDC7,0.021435631571712705,0,0,0,0,0,0.1762999313073701,0
ENSG00000112081,SRSF3,0.021435631571712705,0,0,0,0,0,0.1762999313073701,0
ENSG00000172197,MBOAT1,0.021435631571712705,0,0,0,0,0,0.1762999313073701,0
ENSG00000161547,SRSF2,0.021435631571712705,0,0,0,0,0,0.1762999313073701,0
ENSG00000186104,CYP2R1,0.02141509935756356,0,0,0,0,0,0.1761310616413669,0
ENSG00000140678,ITGAX,0.021386969326681243,0,0,0,0,0,0.17589970281736236,0
ENSG00000008517,IL32,0.021345905795880925,0,0,0,0,0,0.17556197086693606,0
ENSG00000134817,APLNR,0.021290467920180238,0,0,0,0,0,0.1751060153871472,0
ENSG00000152804,HHEX,0.02126521419427476,0,0,0,0,0,0.17489831307954332,0
ENSG00000180488,MIGA1,0.02123030943022121,0,0,0,0,0,0.17461123464733785,0
ENSG00000151914,DST,0.02121807332571886,0,0,0,0,0,0.17451059733343288,0
ENSG00000115459,ELMOD3,0.021214940795235136,0.03489696669190361,0,0,0,0,0,0
ENSG00000069667,RORA,0.021081450877639872,0,0,0,0,0,0.17338692956881446,0
ENSG00000101000,PROCR,0.021066051717028005,0,0,0,0,0,0.173260277319312,0
ENSG00000136697,IL1F10,0.021066051717028005,0,0,0,0,0,0.173260277319312,0
ENSG00000105355,PLIN3,0.021066051717028005,0,0,0,0,0,0.173260277319312,0
ENSG00000007171,NOS2,0.021008249078690852,0,0,0,0,0,0.17278487256465705,0
ENSG00000178921,PFAS,0.02099685815534537,0,0,0,0,0,0.17269118654488116,0
ENSG00000141736,ERBB2,0.02092252234485947,0,0,0,0,0,0.17207980272637793,0
ENSG00000006327,TNFRSF12A,0.02089152789676023,0,0,0,0,0,0.17182488515828456,0
ENSG00000185338,SOCS1,0.020881261789685655,0,0,0,0,0,0.17174045032528298,0
ENSG00000120889,TNFRSF10B,0.020818911135428348,0,0,0,0,0,0.1712276398664095,0
ENSG00000104687,GSR,0.020808629814235344,0,0,0,0,0,0.1711430799030601,0
ENSG00000176299,OR4M1,0.020696471862343302,0,0,0,0,0,0.17022062333125393,0
ENSG00000168827,GFM1,0.020696471862343302,0,0,0,0,0,0.17022062333125393,0
ENSG00000182718,ANXA2,0.020696471862343302,0,0,0,0,0,0.17022062333125393,0
ENSG00000126456,IRF3,0.020696471862343302,0,0,0,0,0,0.17022062333125393,0
ENSG00000138185,ENTPD1,0.020696471862343302,0,0,0,0,0,0.17022062333125393,0
ENSG00000163191,S100A11,0.020696471862343302,0,0,0,0,0,0.17022062333125393,0
ENSG00000197275,RAD54B,0.020696471862343302,0,0,0,0,0,0.17022062333125393,0
ENSG00000081479,LRP2,0.020690312198098554,0,0,0,0,0,0.1701699624314529,0
ENSG00000125084,WNT1,0.020650479702649206,0,0,0,0,0,0.16984235527940666,0
ENSG00000123610,TNFAIP6,0.02064730771874375,0,0,0,0,0,0.16981626691607718,0
ENSG00000095002,MSH2,0.020583544684522975,0,0,0,0,0,0.16929184016823615,0
ENSG00000165806,CASP7,0.02054001639052678,0,0,0,0,0,0.16893383647630933,0
ENSG00000112964,GHR,0.02051296519838527,0,0,0,0,0,0.15789313771301827,0
ENSG00000139970,RTN1,0.020491149720851802,0,0,0,0,0,0.16853192667122163,0
ENSG00000196689,TRPV1,0.020487110554778077,0,0,0,0,0,0.1684987060637973,0
ENSG00000116701,NCF2,0.020443925628308757,0,0,0,0,0,0.16814352643941421,0
ENSG00000152291,TGOLN2,0.0204006879619632,0.033557582609914524,0,0,0,0,0,0
ENSG00000103479,RBL2,0.020394010519564458,0.0335465987242075,0,0,0,0,0,0
ENSG00000125810,CD93,0.02038848865010605,0,0,0,0,0,0.1676875783412055,0
ENSG00000198690,FAN1,0.02038797603914514,0.03353667246213454,0,0,0,0,0,0
ENSG00000178562,CD28,0.0203314133186874,0,0,0,0,0,0.16721815540982182,0
ENSG00000165983,PTER,0.020326892007658602,0,0,0,0,0,0.16718096934319582,0
ENSG00000228278,ORM2,0.020326892007658602,0,0,0,0,0,0.16718096934319582,0
ENSG00000166573,GALR1,0.020326892007658602,0,0,0,0,0,0.16718096934319582,0
ENSG00000164171,ITGA2,0.020326892007658602,0,0,0,0,0,0.16718096934319582,0
ENSG00000125814,NAPB,0.020263313008333436,0.03333161124249989,0,0,0,0,0,0
ENSG00000026025,VIM,0.020228235938201593,0,0,0,0,0,0.16636956062821875,0
ENSG00000170099,SERPINA6,0.020203698722763702,0,0,0,0,0,0.16616775134717646,0
ENSG00000215529,EFCAB8,0.02019141829397879,0.03321334989657516,0,0,0,0,0,0
ENSG00000197272,IL27,0.020185207159286105,0,0,0,0,0,0.1660156652581821,0
ENSG00000136997,MYC,0.02017917094400192,0,0,0,0,0,0.16596601967921243,0
ENSG00000047457,CP,0.02015841261982147,0,0,0,0,0,0.16579529034404789,0
ENSG00000104432,IL7,0.020158176452800446,0,0,0,0,0,0.16579334795996445,0
ENSG00000145623,OSMR,0.02014210208031625,0,0,0,0,0,0.16566114234916676,0
ENSG00000161911,TREML1,0.020142102080316245,0,0,0,0,0,0.1656611423491667,0
ENSG00000185591,SP1,0.020127511637526994,0,0,0,0,0,0.165541141496713,0
ENSG00000153904,DDAH1,0.020111303759092522,0,0,0,0,0,0.16540783785016192,0
ENSG00000180113,TDRD6,0.02007408392829874,0.033020343774593806,0,0,0,0,0,0
ENSG00000122133,PAEP,0.020030514146656943,0,0,0,0,0,0.16474337396090855,0
ENSG00000163638,ADAMTS9,0.020010079943337204,0,0,0,0,0,0.16457531039676593,0
ENSG00000125812,GZF1,0.02000131908124388,0.0329006511264491,0,0,0,0,0,0
ENSG00000117477,CCDC181,0.019993328179041342,0.032887506699099914,0,0,0,0,0,0
ENSG00000134160,TRPM1,0.01998121653764304,0.03286758396867421,0,0,0,0,0,0
ENSG00000152672,CLEC4F,0.0199573121529739,0,0,0,0,0,0.1641413153551377,0
ENSG00000167207,NOD2,0.0199573121529739,0,0,0,0,0,0.1641413153551377,0
ENSG00000122691,TWIST1,0.0199573121529739,0,0,0,0,0,0.1641413153551377,0
ENSG00000142347,MYO1F,0.0199573121529739,0,0,0,0,0,0.1641413153551377,0
ENSG00000091592,NLRP1,0.0199573121529739,0,0,0,0,0,0.1641413153551377,0
ENSG00000116824,CD2,0.0199573121529739,0,0,0,0,0,0.1641413153551377,0
ENSG00000145555,MYO10,0.019941912992362032,0,0,0,0,0,0.16401466310563526,0
ENSG00000118260,CREB1,0.01988689759405532,0,0,0,0,0,0.16356218234201175,0
ENSG00000149311,ATM,0.019873162549382727,0,0,0,0,0,0.16344921681430236,0
ENSG00000226479,TMEM185B,0.01986374649734779,0.03206642387464142,0,0,0,0,0.012158615952232422,0
ENSG00000124107,SLPI,0.019793054439780695,0,0,0,0,0,0.16279035802711186,0
ENSG00000166971,AKTIP,0.019774431979664758,0.03252743907259281,0,0,0,0,0,0
ENSG00000124151,NCOA3,0.019761644376048486,0,0,0,0,0,0.16253202217823223,0
ENSG00000185231,MC2R,0.019587732298289195,0,0,0,0,0,0.1611016613670796,0
ENSG00000108175,ZMIZ1,0.019587732298289195,0,0,0,0,0,0.1611016613670796,0
ENSG00000291159,HUPCOS,0.019587732298289195,0,0,0,0,0,0.1611016613670796,0
ENSG00000177889,UBE2N,0.019587732298289195,0,0,0,0,0,0.1611016613670796,0
ENSG00000130957,FBP2,0.019579765947046007,0.032207228230530634,0,0,0,0,0,0
ENSG00000172936,MYD88,0.019485668337852886,0,0,0,0,0,0.1602622240426564,0
ENSG00000205718,MBD3L4,0.019434645160233695,0.03196851555569585,0,0,0,0,0,0
ENSG00000100253,MIOX,0.019402942370946846,0,0,0,0,0,0.15958183437305054,0
ENSG00000111664,GNB3,0.019402942370946846,0,0,0,0,0,0.15958183437305054,0
ENSG00000188778,ADRB3,0.01938754321033498,0,0,0,0,0,0.1594551821235481,0
ENSG00000113594,LIFR,0.019368942700414966,0,0,0,0,0,0.15930219999142803,0
ENSG00000111669,TPI1,0.01935058522486651,0,0,0,0,0,0.15915121672474228,0
ENSG00000066336,SPI1,0.01934914796987607,0,0,0,0,0,0.15913939584812206,0
ENSG00000167346,MMP26,0.01932861575572692,0,0,0,0,0,0.15897052618211882,0
ENSG00000047188,YTHDC2,0.019279749086051946,0,0,0,0,0,0.15856861637703118,0
ENSG00000164675,IQUB,0.019277967579298696,0.031710792832072475,0,0,0,0,0,0
ENSG00000166090,IL25,0.01925921687190279,0,0,0,0,0,0.15839974671102794,0
ENSG00000133703,KRAS,0.019231087738518456,0,0,0,0,0,0.15816839526860352,0
ENSG00000175899,A2M,0.019220821631443886,0,0,0,0,0,0.1580839604356019,0
ENSG00000023572,GLRX2,0.019218152443604492,0,0,0,0,0,0.15806200737902149,0
ENSG00000103496,STX4,0.019218152443604492,0,0,0,0,0,0.15806200737902149,0
ENSG00000068976,PYGM,0.019218152443604492,0,0,0,0,0,0.15806200737902149,0
ENSG00000204687,MAS1L,0.019218152443604492,0,0,0,0,0,0.15806200737902149,0
ENSG00000170142,UBE2E1,0.019218152443604492,0,0,0,0,0,0.15806200737902149,0
ENSG00000179295,PTPN11,0.019197620229455346,0,0,0,0,0,0.15789313771301827,0
ENSG00000118217,ATF6,0.019086841751251023,0,0,0,0,0,0.15698202678855502,0
ENSG00000137496,IL18BP,0.019041164757638816,0,0,0,0,0,0.15660635085807365,0
ENSG00000141446,ESCO1,0.019002523768746594,0.031257708679017164,0,0,0,0,0,0
ENSG00000165832,TRUB1,0.01890231394503677,0.031092871128257243,0,0,0,0,0,0
ENSG00000157005,SST,0.01888074379057655,0,0,0,0,0,0.15528694931029458,0
ENSG00000064012,CASP8,0.01887690704444562,0,0,0,0,0,0.15525539353004783,0
ENSG00000100031,GGT1,0.018848572588919792,0,0,0,0,0,0.15502235339096337,0
ENSG00000089041,P2RX7,0.01880750816062149,0,0,0,0,0,0.1546846140589569,0
ENSG00000100604,CHGA,0.018725379304024892,0,0,0,0,0,0.154009135394944,0
ENSG00000108576,SLC6A4,0.018715113196950312,0,0,0,0,0,0.15392470056194235,0
ENSG00000126353,CCR7,0.01871408658624286,0,0,0,0,0,0.15391625707864223,0
ENSG00000163630,SYNPR,0.018711010039085596,0.03077819072926652,0,0,0,0,0,0
ENSG00000100311,PDGFB,0.018706284344866177,0,0,0,0,0,0.15385208660556096,0
ENSG00000104365,IKBKB,0.018666451849416833,0,0,0,0,0,0.15352447945351475,0
ENSG00000111057,KRT18,0.0186222950182528,0,0,0,0,0,0.15316130628201635,0
ENSG00000170485,NPAS2,0.018612452126204562,0,0,0,0,0,0.15308035223192623,0
ENSG00000049246,PER3,0.018520057162533386,0,0,0,0,0,0.15232043873491172,0
ENSG00000144224,UBXN4,0.018504261277705738,0.030438104715871387,0,0,0,0,0,0
ENSG00000239697,TNFSF12,0.01847899273423509,0,0,0,0,0,0.15198269940290526,0
ENSG00000175104,TRAF6,0.01847899273423509,0,0,0,0,0,0.15198269940290526,0
ENSG00000154723,ATP5PF,0.01847899273423509,0,0,0,0,0,0.15198269940290526,0
ENSG00000228716,DHFR,0.01847899273423509,0,0,0,0,0,0.15198269940290526,0
ENSG00000163364,LINC01116,0.01847899273423509,0,0,0,0,0,0.15198269940290526,0
ENSG00000127954,STEAP4,0.01847899273423509,0,0,0,0,0,0.15198269940290526,0
ENSG00000198373,WWP2,0.01847899273423509,0,0,0,0,0,0.15198269940290526,0
ENSG00000124164,VAPB,0.01847899273423509,0,0,0,0,0,0.15198269940290526,0
ENSG00000136688,IL36G,0.01847899273423509,0,0,0,0,0,0.15198269940290526,0
ENSG00000130300,PLVAP,0.01847899273423509,0,0,0,0,0,0.15198269940290526,0
ENSG00000069702,TGFBR3,0.018425198333164316,0,0,0,0,0,0.15154026087797678,0
ENSG00000008394,MGST1,0.01841820480961025,0,0,0,0,0,0.15148274180194427,0
ENSG00000108379,WNT3,0.018368734744254153,0,0,0,0,0,0.1510758692964679,0
ENSG00000124275,MTRR,0.01835579944934019,0,0,0,0,0,0.1509694814068859,0
ENSG00000126368,NR1D1,0.018341837543718768,0,0,0,0,0,0.1508546500340037,0
ENSG00000171855,IFNB1,0.01829420280689274,0,0,0,0,0,0.1504628724088762,0
ENSG00000106268,NUDT1,0.01829420280689274,0,0,0,0,0,0.1504628724088762,0
ENSG00000242441,GTF2A1L,0.018273670592743586,0,0,0,0,0,0.15029400274287297,0
ENSG00000161905,ALOX15,0.018160743414923266,0,0,0,0,0,0.14936521957985524,0
ENSG00000089250,NOS1,0.0180221509694165,0,0,0,0,0,0.14822534933433343,0
ENSG00000145996,CDKAL1,0.018001618755267346,0,0,0,0,0,0.1480564796683302,0
ENSG00000018280,SLC11A1,0.01796568738050634,0,0,0,0,0,0.14776095775282455,0
ENSG00000134954,ETS1,0.017927292140047426,0,0,0,0,0,0.14744517147739852,0
ENSG00000109787,KLF3,0.01792462295220804,0,0,0,0,0,0.14742321842081813,0
ENSG00000133067,LGR6,0.017853388984783093,0,0,0,0,0,0.14683734608382842,0
ENSG00000185010,F8,0.01777063134608941,0,0,0,0,0,0.1461566959257939,0
ENSG00000039068,CDH1,0.017766524005761605,0,0,0,0,0,0.14612291461101315,0
ENSG00000108946,PRKAR1A,0.01773983302486569,0,0,0,0,0,0.14590339142678907,0
ENSG00000104324,CPQ,0.017739833024865686,0,0,0,0,0,0.14590339142678904,0
ENSG00000154582,ELOC,0.017739833024865686,0,0,0,0,0,0.14590339142678904,0
ENSG00000114125,RNF7,0.017739833024865686,0,0,0,0,0,0.14590339142678904,0
ENSG00000111341,MGP,0.017739833024865686,0,0,0,0,0,0.14590339142678904,0
ENSG00000135116,HRK,0.017739833024865686,0,0,0,0,0,0.14590339142678904,0
ENSG00000102678,FGF9,0.017739833024865686,0,0,0,0,0,0.14590339142678904,0
ENSG00000134744,TUT4,0.017739833024865686,0,0,0,0,0,0.14590339142678904,0
ENSG00000099622,CIRBP,0.017739833024865686,0,0,0,0,0,0.14590339142678904,0
ENSG00000029364,SLC39A9,0.017739833024865686,0,0,0,0,0,0.14590339142678904,0
ENSG00000095015,MAP3K1,0.017688502489492813,0,0,0,0,0,0.145481217261781,0
ENSG00000129226,CD68,0.017654611765403356,0,0,0,0,0,0.14520247892328422,0
ENSG00000127870,RNF6,0.017626905847045363,0,0,0,0,0,0.14497460826377132,0
ENSG00000151718,WWC2,0.017555043097523336,0,0,0,0,0,0.14438356443276001,0
ENSG00000177238,TRIM72,0.017555043097523336,0,0,0,0,0,0.14438356443276,0
ENSG00000140564,FURIN,0.01755302235052876,0,0,0,0,0,0.14436694455593754,0
ENSG00000250722,SELENOP,0.017501972910944835,0,0,0,0,0,0.1439470822970712,0
ENSG00000089685,BIRC5,0.017485849535840696,0,0,0,0,0,0.1438144736583291,0
ENSG00000117318,ID3,0.017411317598479286,0,0,0,0,0,0.1432014767707374,0
ENSG00000113889,KNG1,0.017409662450603994,0,0,0,0,0,0.14318786380786572,0
ENSG00000145388,METTL14,0.017383894521846813,0,0,0,0,0,0.14297593237703166,0
ENSG00000140682,TGFB1I1,0.01735998706310641,0,0,0,0,0,0.14277930260572932,0
ENSG00000121594,CD80,0.017349720956031836,0,0,0,0,0,0.14269486777272772,0
ENSG00000131203,IDO1,0.017316458769110213,0,0,0,0,0,0.14242129891380248,0
ENSG00000108443,RPS6KB1,0.017260878308589054,0,0,0,0,0,0.1419641707279998,0
ENSG00000136689,IL1RN,0.01721536380347431,0,0,0,0,0,0.14158983120371874,0
ENSG00000187678,SPRY4,0.017185463242838636,0,0,0,0,0,0.1413439104447019,0
ENSG00000196208,GREB1,0.017185463242838636,0,0,0,0,0,0.1413439104447019,0
ENSG00000143384,MCL1,0.017185463242838636,0,0,0,0,0,0.1413439104447019,0
ENSG00000019991,HGF,0.01718349382637943,0,0,0,0,0,0.14132771274204448,0
ENSG00000116194,ANGPTL1,0.017164931028689483,0,0,0,0,0,0.14117504077869866,0
ENSG00000145839,IL9,0.017073973320008748,0,0,0,0,0,0.14042694815830437,0
ENSG00000163132,MSX1,0.017041737743794583,0,0,0,0,0,0.1401618227826793,0
ENSG00000091542,ALKBH5,0.017016072476108143,0,0,0,0,0,0.13995073570017527,0
ENSG00000150760,DOCK1,0.017000673315496286,0,0,0,0,0,0.13982408345067285,0
ENSG00000171100,MTM1,0.017000673315496286,0,0,0,0,0,0.13982408345067285,0
ENSG00000114115,RBP1,0.017000673315496286,0,0,0,0,0,0.13982408345067285,0
ENSG00000134318,ROCK2,0.017000673315496286,0,0,0,0,0,0.13982408345067285,0
ENSG00000100197,CYP2D6,0.017000673315496286,0,0,0,0,0,0.13982408345067285,0
ENSG00000089022,MAPKAPK5,0.017000673315496286,0,0,0,0,0,0.13982408345067285,0
ENSG00000248905,FMN1,0.017000673315496286,0,0,0,0,0,0.13982408345067285,0
ENSG00000139793,MBNL2,0.017000673315496286,0,0,0,0,0,0.13982408345067285,0
ENSG00000174175,SELP,0.016988551277840026,0,0,0,0,0,0.13972438429326975,0
ENSG00000125384,PTGER2,0.016980141101347133,0,0,0,0,0,0.1396552137846696,0
ENSG00000128683,GAD1,0.016972544182111946,0,0,0,0,0,0.13959273200824843,0
ENSG00000160255,ITGB2,0.016913411405362393,0,0,0,0,0,0.13910638737015912,0
ENSG00000104763,ASAH1,0.016877480030601383,0,0,0,0,0,0.1388108654546535,0
ENSG00000171298,GAA,0.016828818683067896,0,0,0,0,0,0.13841064434622583,0
ENSG00000124391,IL17C,0.016815883388153933,0,0,0,0,0,0.1383042564566438,0
ENSG00000122223,CD244,0.016815883388153933,0,0,0,0,0,0.1383042564566438,0
ENSG00000131773,KHDRBS3,0.016815883388153933,0,0,0,0,0,0.1383042564566438,0
ENSG00000065675,PRKCQ,0.016815883388153933,0,0,0,0,0,0.1383042564566438,0
ENSG00000196305,IARS1,0.016805122552814827,0,0,0,0,0,0.1382157526714977,0
ENSG00000166148,AVPR1A,0.016795351174004783,0,0,0,0,0,0.13813538679064055,0
ENSG00000067606,PRKCZ,0.016795351174004783,0,0,0,0,0,0.13813538679064055,0
ENSG00000157554,ERG,0.016795351174004783,0,0,0,0,0,0.13813538679064055,0
ENSG00000130037,KCNA5,0.01676208898708316,0,0,0,0,0,0.13786181793171534,0
ENSG00000134962,KLB,0.016641359567886156,0,0,0,0,0,0.13686886429561634,0
ENSG00000145681,HAPLN1,0.016638895702188263,0,0,0,0,0,0.13684859993569598,0
ENSG00000234912,SNHG20,0.016631093460811583,0,0,0,0,0,0.13678442946261474,0
ENSG00000205560,CPT1B,0.016631093460811583,0,0,0,0,0,0.13678442946261474,0
ENSG00000196712,NF1,0.016631093460811583,0,0,0,0,0,0.13678442946261474,0
ENSG00000143641,GALNT2,0.016631093460811583,0,0,0,0,0,0.13678442946261474,0
ENSG00000163735,CXCL5,0.016631093460811583,0,0,0,0,0,0.13678442946261474,0
ENSG00000005102,MEOX1,0.016446303533469233,0,0,0,0,0,0.13526460246858568,0
ENSG00000103507,BCKDK,0.016446303533469233,0,0,0,0,0,0.13526460246858568,0
ENSG00000122729,ACO1,0.016446303533469233,0,0,0,0,0,0.13526460246858568,0
ENSG00000128310,GALR3,0.016446303533469233,0,0,0,0,0,0.13526460246858568,0
ENSG00000167419,LPO,0.016293749182341045,0,0,0,0,0,0.1340099008501817,0
ENSG00000103197,TSC2,0.01626151360612688,0,0,0,0,0,0.13374477547455663,0
ENSG00000198049,AVPR1B,0.01626151360612688,0,0,0,0,0,0.13374477547455663,0
ENSG00000173915,ATP5MK,0.01626151360612688,0,0,0,0,0,0.13374477547455663,0
ENSG00000145423,SFRP2,0.01626151360612688,0,0,0,0,0,0.13374477547455663,0
ENSG00000197959,DNM3,0.01626151360612688,0,0,0,0,0,0.13374477547455663,0
ENSG00000180532,ZSCAN4,0.01626151360612688,0,0,0,0,0,0.13374477547455663,0
ENSG00000166343,MSS51,0.01626151360612688,0,0,0,0,0,0.13374477547455663,0
ENSG00000275395,FCGBP,0.01626151360612688,0,0,0,0,0,0.13374477547455663,0
ENSG00000258839,MC1R,0.01626151360612688,0,0,0,0,0,0.13374477547455663,0
ENSG00000139329,LUM,0.01626151360612688,0,0,0,0,0,0.13374477547455663,0
ENSG00000172780,RAB43,0.01626151360612688,0,0,0,0,0,0.13374477547455663,0
ENSG00000204060,FOXO6,0.01626151360612688,0,0,0,0,0,0.13374477547455663,0
ENSG00000163814,CDCP1,0.01626151360612688,0,0,0,0,0,0.13374477547455663,0
ENSG00000282961,PRNCR1,0.01626151360612688,0,0,0,0,0,0.13374477547455663,0
ENSG00000168172,HOOK3,0.01626151360612688,0,0,0,0,0,0.13374477547455663,0
ENSG00000075391,RASAL2,0.01626151360612688,0,0,0,0,0,0.13374477547455663,0
ENSG00000115935,WIPF1,0.01626151360612688,0,0,0,0,0,0.13374477547455663,0
ENSG00000132109,TRIM21,0.01626151360612688,0,0,0,0,0,0.13374477547455663,0
ENSG00000255974,CYP2A6,0.01626151360612688,0,0,0,0,0,0.13374477547455663,0
ENSG00000117601,SERPINC1,0.016252056216874915,0,0,0,0,0,0.13366699203860372,0
ENSG00000140287,HDC,0.016240981391977726,0,0,0,0,0,0.13357590580855339,0
ENSG00000144895,EIF2A,0.016233384472742543,0,0,0,0,0,0.1335134240321322,0
ENSG00000121807,CCR2,0.01613832032123198,0,0,0,0,0,0.13273155747853727,0
ENSG00000104969,SGTA,0.01613832032123198,0,0,0,0,0,0.13273155747853727,0
ENSG00000110244,APOA4,0.016125590348459506,0,0,0,0,0,0.13262685828561527,0
ENSG00000142871,CCN1,0.016125590348459506,0,0,0,0,0,0.13262685828561527,0
ENSG00000164442,CITED2,0.01611778810708283,0,0,0,0,0,0.13256268781253405,0
ENSG00000165124,SVEP1,0.01605619146463538,0,0,0,0,0,0.13205607881452436,0
ENSG00000072274,TFRC,0.015966637343340945,0,0,0,0,0,0.13131953016748865,0
ENSG00000177169,ULK1,0.01595353039388963,0,0,0,0,0,0.13121173048450824,0
ENSG00000158815,FGF17,0.01589193375144218,0,0,0,0,0,0.13070512148649854,0
ENSG00000105552,BCAT2,0.015891933751442176,0,0,0,0,0,0.13070512148649852,0
ENSG00000170365,SMAD1,0.015878575241501876,0,0,0,0,0,0.13059525281400503,0
ENSG00000057252,SOAT1,0.015854536034885472,0,0,0,0,0,0.13039753946644272,0
ENSG00000138448,ITGAV,0.015831145826817335,0,0,0,0,0,0.13020516388553754,0
ENSG00000163273,NPPC,0.01577868601966626,0,0,0,0,0,0.1297737018888993,0
ENSG00000001084,GCLC,0.015756010493774803,0,0,0,0,0,0.12958720429755716,0
ENSG00000119471,HSDL2,0.01570714382409983,0,0,0,0,0,0.1291852944924695,0
ENSG00000116133,DHCR24,0.01570714382409983,0,0,0,0,0,0.1291852944924695,0
ENSG00000260105,AOC4P,0.015707143824099826,0,0,0,0,0,0.1291852944924695,0
ENSG00000291070,AOC4P,0.015707143824099826,0,0,0,0,0,0.1291852944924695,0
ENSG00000049540,ELN,0.015594216646279503,0,0,0,0,0,0.12825651132945173,0
ENSG00000171517,LPAR3,0.015563418325055778,0,0,0,0,0,0.1280032068304469,0
ENSG00000089157,RPLP0,0.015522353896757478,0,0,0,0,0,0.12766546749844043,0
ENSG00000273079,GRIN2B,0.015522353896757475,0,0,0,0,0,0.12766546749844043,0
ENSG00000115592,PRKAG3,0.015522353896757475,0,0,0,0,0,0.12766546749844043,0
ENSG00000133636,NTS,0.015521327286050017,0,0,0,0,0,0.12765702401514026,0
ENSG00000113302,IL12B,0.015501821682608326,0,0,0,0,0,0.1274965978324372,0
ENSG00000143632,ACTA1,0.015472326528445905,0,0,0,0,0,0.127254011387744,0
ENSG00000086696,HSD17B2,0.015421130081002168,0,0,0,0,0,0.12683294004504453,0
ENSG00000119912,IDE,0.015409426718937152,0,0,0,0,0,0.12673668433542268,0
ENSG00000075426,FOSL2,0.01540942671893715,0,0,0,0,0,0.12673668433542265,0
ENSG00000169398,PTK2,0.01539546481331573,0,0,0,0,0,0.12662185296254047,0
ENSG00000105976,MET,0.015352963130026988,0,0,0,0,0,0.1262722927539138,0
ENSG00000131711,MAP1B,0.015337563969415128,0,0,0,0,0,0.12614564050441138,0
ENSG00000167815,PRDX2,0.015317031755265977,0,0,0,0,0,0.12597677083840814,0
ENSG00000176463,SLCO3A1,0.015268370407732488,0,0,0,0,0,0.1255765497299805,0
ENSG00000189221,MAOA,0.015212349937525646,0,0,0,0,0,0.12511580263156952,0
ENSG00000175582,RAB6A,0.015152774042072777,0,0,0,0,0,0.12462581351038234,0
ENSG00000071967,CYBRD1,0.015152774042072777,0,0,0,0,0,0.12462581351038234,0
ENSG00000123384,LRP1,0.015152774042072777,0,0,0,0,0,0.12462581351038234,0
ENSG00000167531,LALBA,0.015135116337904505,0,0,0,0,0,0.12448058559761954,0
ENSG00000030110,BAK1,0.015132241827923625,0,0,0,0,0,0.1244569438443791,0
ENSG00000157110,RBPMS,0.015091177399625321,0,0,0,0,0,0.12411920451237263,0
ENSG00000101076,HNF4A,0.014945871163272374,0,0,0,0,0,0.12292411588613579,0
ENSG00000050748,MAPK9,0.014916653579357548,0,0,0,0,0,0.1226838123513452,0
ENSG00000166278,C2,0.01490905666012236,0,0,0,0,0,0.12262133057492398,0
ENSG00000133124,IRS4,0.014844790829835523,0,0,0,0,0,0.1220927685203339,0
ENSG00000115353,TACR1,0.014844790829835523,0,0,0,0,0,0.1220927685203339,0
ENSG00000132196,HSD17B7,0.01482939166922366,0,0,0,0,0,0.12196611627083148,0
ENSG00000180447,GAS1,0.014783194187388075,0,0,0,0,0,0.12158615952232422,0
ENSG00000133138,TBC1D8B,0.014783194187388075,0,0,0,0,0,0.12158615952232422,0
ENSG00000237575,PYY2,0.014783194187388075,0,0,0,0,0,0.12158615952232422,0
ENSG00000139151,PLCZ1,0.014783194187388075,0,0,0,0,0,0.12158615952232422,0
ENSG00000004809,SLC22A16,0.014783194187388075,0,0,0,0,0,0.12158615952232422,0
ENSG00000171310,CHST11,0.014783194187388075,0,0,0,0,0,0.12158615952232422,0
ENSG00000174640,SLCO2A1,0.014783194187388075,0,0,0,0,0,0.12158615952232422,0
ENSG00000128805,ARHGAP22,0.014783194187388075,0,0,0,0,0,0.12158615952232422,0
ENSG00000198121,LPAR1,0.014783194187388075,0,0,0,0,0,0.12158615952232422,0
ENSG00000078142,PIK3C3,0.014783194187388075,0,0,0,0,0,0.12158615952232422,0
ENSG00000131269,ABCB7,0.014783194187388075,0,0,0,0,0,0.12158615952232422,0
ENSG00000087586,AURKA,0.014783194187388075,0,0,0,0,0,0.12158615952232422,0
ENSG00000164707,SLC13A4,0.014783194187388075,0,0,0,0,0,0.12158615952232422,0
ENSG00000186715,MST1L,0.014783194187388075,0,0,0,0,0,0.12158615952232422,0
ENSG00000077150,NFKB2,0.014783194187388075,0,0,0,0,0,0.12158615952232422,0
ENSG00000182511,FES,0.014783194187388075,0,0,0,0,0,0.12158615952232422,0
ENSG00000290671,PYY2,0.014783194187388075,0,0,0,0,0,0.12158615952232422,0
ENSG00000109625,CPZ,0.014783194187388075,0,0,0,0,0,0.12158615952232422,0
ENSG00000155090,KLF10,0.014783194187388075,0,0,0,0,0,0.12158615952232422,0
ENSG00000179841,AKAP5,0.014783194187388075,0,0,0,0,0,0.12158615952232422,0
ENSG00000204220,PFDN6,0.014783194187388075,0,0,0,0,0,0.12158615952232422,0
ENSG00000225950,NTF4,0.014783194187388075,0,0,0,0,0,0.12158615952232422,0
ENSG00000091583,APOH,0.014783194187388075,0,0,0,0,0,0.12158615952232422,0
ENSG00000120156,TEK,0.014762661973238922,0,0,0,0,0,0.12141728985632098,0
ENSG00000162552,WNT4,0.014742909377969425,0,0,0,0,0,0.12125483225960852,0
ENSG00000117450,PRDX1,0.014687103425170048,0,0,0,0,0,0.1207958494854291,0
ENSG00000184500,PROS1,0.014677442614635227,0,0,0,0,0,0.12071639298665672,0
ENSG00000100345,MYH9,0.014598404260045723,0,0,0,0,0,0.12006633252829517,0
ENSG00000055332,EIF2AK2,0.014598404260045723,0,0,0,0,0,0.12006633252829517,0
ENSG00000153885,KCTD15,0.014598404260045723,0,0,0,0,0,0.12006633252829517,0
ENSG00000018408,WWTR1,0.014577872045896572,0,0,0,0,0,0.11989746286229193,0
ENSG00000196396,PTPN1,0.014556887517778129,0,0,0,0,0,0.11972487308561927,0
ENSG00000110680,CALCA,0.014529210698363085,0,0,0,0,0,0.11949724175386427,0
ENSG00000115232,ITGA4,0.014500876242837257,0,0,0,0,0,0.11926420161477982,0
ENSG00000154556,SORBS2,0.014475210975150822,0,0,0,0,0,0.1190531145322758,0
ENSG00000085662,AKR1B1,0.014413614332703372,0,0,0,0,0,0.11854650553426611,0
ENSG00000145808,ADAMTS19,0.014413614332703372,0,0,0,0,0,0.11854650553426611,0
ENSG00000166926,MS4A6E,0.014413614332703372,0,0,0,0,0,0.11854650553426611,0
ENSG00000165704,HPRT1,0.014393082118554222,0,0,0,0,0,0.11837763586826287,0
ENSG00000175054,ATR,0.014352017690255918,0,0,0,0,0,0.11803989653625642,0
ENSG00000081237,PTPRC,0.014334597782649477,0,0,0,0,0,0.11789662440993152,0
ENSG00000144366,GULP1,0.014303356342722432,0,0,0,0,0,0.11763967542782876,0
ENSG00000277893,SRD5A2,0.014257150829578591,0,0,0,0,0,0.11725965262486032,0
ENSG00000165527,ARF6,0.01422882440536102,0,0,0,0,0,0.11702667854023706,0
ENSG00000140379,BCL2A1,0.01422882440536102,0,0,0,0,0,0.11702667854023706,0
ENSG00000121966,CXCR4,0.014203756247984022,0,0,0,0,0,0.11682050246332597,0
ENSG00000166803,PCLAF,0.014177493869988147,0,0,0,0,0,0.11660450437522898,0
ENSG00000166851,PLK1,0.014167227762913568,0,0,0,0,0,0.11652006954222736,0
ENSG00000127554,GFER,0.014161854001483622,0,0,0,0,0,0.11647587239469792,0
ENSG00000074181,NOTCH3,0.014106541795395297,0,0,0,0,0,0.11602095049975832,0
ENSG00000167085,PHB1,0.014105631120466118,0,0,0,0,0,0.11601346054421768,0
ENSG00000185728,YTHDF3,0.014105631120466118,0,0,0,0,0,0.11601346054421768,0
ENSG00000198670,LPA,0.014074832799242392,0,0,0,0,0,0.11576015604521284,0
ENSG00000103184,SEC14L5,0.01404403447801867,0,0,0,0,0,0.115506851546208,0
ENSG00000138095,LRPPRC,0.01404403447801867,0,0,0,0,0,0.115506851546208,0
ENSG00000210196,MT-TP,0.01404403447801867,0,0,0,0,0,0.115506851546208,0
ENSG00000111716,LDHB,0.01404403447801867,0,0,0,0,0,0.115506851546208,0
ENSG00000198795,ZNF521,0.01404403447801867,0,0,0,0,0,0.115506851546208,0
ENSG00000110911,SLC11A2,0.01404403447801867,0,0,0,0,0,0.115506851546208,0
ENSG00000061455,PRDM6,0.01404403447801867,0,0,0,0,0,0.115506851546208,0
ENSG00000234906,APOC2,0.01404403447801867,0,0,0,0,0,0.115506851546208,0
ENSG00000164611,PTTG1,0.01404403447801867,0,0,0,0,0,0.115506851546208,0
ENSG00000171314,PGAM1,0.01404403447801867,0,0,0,0,0,0.115506851546208,0
ENSG00000105171,POP4,0.01404403447801867,0,0,0,0,0,0.115506851546208,0
ENSG00000198673,TAFA2,0.01404403447801867,0,0,0,0,0,0.115506851546208,0
ENSG00000079246,XRCC5,0.01404403447801867,0,0,0,0,0,0.115506851546208,0
ENSG00000141968,VAV1,0.01404403447801867,0,0,0,0,0,0.115506851546208,0
ENSG00000186908,ZDHHC17,0.01404403447801867,0,0,0,0,0,0.115506851546208,0
ENSG00000094631,HDAC6,0.01404403447801867,0,0,0,0,0,0.115506851546208,0
ENSG00000123689,G0S2,0.01404403447801867,0,0,0,0,0,0.115506851546208,0
ENSG00000157240,FZD1,0.01404403447801867,0,0,0,0,0,0.115506851546208,0
ENSG00000198034,RPS4X,0.01404403447801867,0,0,0,0,0,0.115506851546208,0
ENSG00000160180,TFF3,0.01404403447801867,0,0,0,0,0,0.115506851546208,0
ENSG00000138823,MTTP,0.01404403447801867,0,0,0,0,0,0.115506851546208,0
ENSG00000108839,ALOX12,0.01404403447801867,0,0,0,0,0,0.115506851546208,0
ENSG00000119547,ONECUT2,0.01404403447801867,0,0,0,0,0,0.115506851546208,0
ENSG00000100983,GSS,0.014036437558783482,0,0,0,0,0,0.1154443697697868,0
ENSG00000165238,WNK2,0.01402287944223221,0,0,0,0,0,0.11533285940870179,0
ENSG00000118971,CCND2,0.014001285802902124,0,0,0,0,0,0.11515525992357191,0
ENSG00000120053,GOT1,0.013971145117789184,0,0,0,0,0,0.11490736423189653,0
ENSG00000107020,PLGRKT,0.013901117696797227,0,0,0,0,0,0.1143314152812341,0
ENSG00000197442,MAP3K5,0.013868484047043435,0,0,0,0,0,0.1140630159018804,0
ENSG00000260314,MRC1,0.013864582926355094,0,0,0,0,0,0.11403093066533977,0
ENSG00000159403,C1R,0.013859244550676319,0,0,0,0,0,0.11398702455217895,0
ENSG00000140526,ABHD2,0.013859244550676319,0,0,0,0,0,0.11398702455217895,0
ENSG00000101158,NELFCD,0.013838712336527167,0,0,0,0,0,0.11381815488617571,0
ENSG00000117020,AKT3,0.013730918212244128,0,0,0,0,0,0.11293158913965876,0
ENSG00000186868,MAPT,0.013669321569796678,0,0,0,0,0,0.11242498014164909,0
ENSG00000115457,IGFBP2,0.013665968839402956,0,0,0,0,0,0.11239740520707682,0
ENSG00000157227,MMP14,0.013664188516259394,0,0,0,0,0,0.11238276272514829,0
ENSG00000110848,CD69,0.013653922409184817,0,0,0,0,0,0.11229832789214668,0
ENSG00000133112,TPT1,0.013653922409184815,0,0,0,0,0,0.11229832789214667,0
ENSG00000105185,PDCD5,0.01364853472015055,0,0,0,0,0.011305890501071036,0.1094275435700918,0
ENSG00000169896,ITGAM,0.013517999151517442,0,0,0,0,0,0.11118041070320529,0
ENSG00000270641,TSIX,0.013489664695991613,0,0,0,0,0,0.11094737056412084,0
ENSG00000226950,DANCR,0.013489664695991613,0,0,0,0,0,0.11094737056412084,0
ENSG00000149294,NCAM1,0.013476482409249847,0,0,0,0,0,0.1108389512605294,0
ENSG00000165672,PRDX3,0.013387600735555304,0,0,0,0,0,0.11010793323969766,0
ENSG00000185008,ROBO2,0.013345939196947565,0,0,0,0,0,0.10976528290209825,0
ENSG00000119772,DNMT3A,0.013321367816724699,0,0,0,0,0,0.10956319262867076,0
ENSG00000152642,GPD1L,0.013304874768649264,0,0,0,0,0,0.1094275435700918,0
ENSG00000271303,SRXN1,0.013304874768649264,0,0,0,0,0,0.1094275435700918,0
ENSG00000023171,GRAMD1B,0.013304874768649264,0,0,0,0,0,0.1094275435700918,0
ENSG00000125844,RRBP1,0.013304874768649264,0,0,0,0,0,0.1094275435700918,0
ENSG00000116990,MYCL,0.013304874768649264,0,0,0,0,0,0.1094275435700918,0
ENSG00000204370,SDHD,0.013304874768649264,0,0,0,0,0,0.1094275435700918,0
ENSG00000204909,SPINK9,0.013304874768649264,0,0,0,0,0,0.1094275435700918,0
ENSG00000081913,PHLPP1,0.013304874768649264,0,0,0,0,0,0.1094275435700918,0
ENSG00000091140,DLD,0.013263810340350964,0,0,0,0,0,0.10908980423808533,0
ENSG00000107968,MAP3K8,0.013263810340350964,0,0,0,0,0,0.10908980423808533,0
ENSG00000168542,COL3A1,0.013254981488266829,0,0,0,0,0,0.10901719028170392,0
ENSG00000171051,FPR1,0.01325354423327639,0,0,0,0,0,0.10900536940508374,0
ENSG00000188404,SELL,0.013230548153429342,0,0,0,0,0,0.10881623537916012,0
ENSG00000197646,PDCD1LG2,0.013181681483754362,0,0,0,0,0,0.10841432557407242,0
ENSG00000131069,ACSS2,0.013181681483754362,0,0,0,0,0,0.10841432557407242,0
ENSG00000106128,GHRHR,0.013120084841306914,0,0,0,0,0,0.10790771657606275,0
ENSG00000166349,RAG1,0.013120084841306914,0,0,0,0,0,0.10790771657606275,0
ENSG00000073737,DHRS9,0.013099552627157762,0,0,0,0,0,0.1077388469100595,0
ENSG00000169194,IL13,0.013091947676614323,0,0,0,0,0,0.10767629907917714,0
ENSG00000101144,BMP7,0.01308928652008319,0,0,0,0,0,0.1076544120770579,0
ENSG00000163739,CXCL1,0.013068959628075529,0,0,0,0,0,0.10748723110771469,0
ENSG00000111713,GYS2,0.013066290440236139,0,0,0,0,0,0.10746527805113427,0
ENSG00000187116,LILRA5,0.01293529491396456,0,0,0,0,0,0.10638788958203368,0
ENSG00000148400,NOTCH1,0.01291680335048697,0,0,0,0,0,0.10623580349303934,0
ENSG00000154415,PPP1R3A,0.012914762699815412,0,0,0,0,0,0.10621901991603046,0
ENSG00000111012,CYP27B1,0.01291476269981541,0,0,0,0,0,0.10621901991603044,0
ENSG00000134057,CCNB1,0.012899157319564085,0,0,0,0,0,0.1060906715882879,0
ENSG00000138398,PPIG,0.012891766619968364,0,0,0,0,0,0.10602988589010684,0
ENSG00000051523,CYBA,0.012750504986622214,0,0,0,0,0,0.10486806258800464,0
ENSG00000162775,RBM15,0.012750504986622214,0,0,0,0,0,0.10486806258800464,0
ENSG00000146592,CREB5,0.012750504986622214,0,0,0,0,0,0.10486806258800464,0
ENSG00000278540,ACACA,0.012750504986622214,0,0,0,0,0,0.10486806258800464,0
ENSG00000102359,SRPX2,0.012750504986622209,0,0,0,0,0,0.10486806258800463,0
ENSG00000161217,PCYT1A,0.01272997277247306,0,0,0,0,0,0.1046991929220014,0
ENSG00000167371,PRRT2,0.012719706665398489,0,0,0,0,0,0.1046147580889998,0
ENSG00000171223,JUNB,0.012660779210790426,0,0,0,0,0,0.10413010214757053,0
ENSG00000143437,ARNT,0.012637577808801885,0,0,0,0,0,0.10393927942498687,0
ENSG00000100596,SPTLC2,0.012581114219891724,0,0,0,0,0,0.103474887843478,0
ENSG00000198431,TXNRD1,0.012581114219891719,0,0,0,0,0,0.10347488784347798,0
ENSG00000169884,WNT10B,0.012565715059279862,0,0,0,0,0,0.10334823559397559,0
ENSG00000167711,SERPINF2,0.012565715059279862,0,0,0,0,0,0.10334823559397559,0
ENSG00000121060,TRIM25,0.012565715059279862,0,0,0,0,0,0.10334823559397559,0
ENSG00000115129,TP53I3,0.012565715059279862,0,0,0,0,0,0.10334823559397559,0
ENSG00000130202,NECTIN2,0.012565715059279862,0,0,0,0,0,0.10334823559397559,0
ENSG00000204644,ZFP57,0.012565715059279862,0,0,0,0,0,0.10334823559397559,0
ENSG00000120539,MASTL,0.012565715059279862,0,0,0,0,0,0.10334823559397559,0
ENSG00000108018,SORCS1,0.012565715059279862,0,0,0,0,0,0.10334823559397559,0
ENSG00000174417,TRHR,0.012565715059279862,0,0,0,0,0,0.10334823559397559,0
ENSG00000173714,WFIKKN2,0.012565715059279862,0,0,0,0,0,0.10334823559397559,0
ENSG00000076662,ICAM3,0.012565715059279862,0,0,0,0,0,0.10334823559397559,0
ENSG00000111339,ART4,0.012537585925895524,0,0,0,0,0,0.10311688415155115,0
ENSG00000206337,HCP5,0.012534916738056135,0,0,0,0,0,0.10309493109497073,0
ENSG00000112578,BYSL,0.012524650630981559,0,0,0,0,0,0.10301049626196912,0
ENSG00000085999,RAD54L,0.012524650630981559,0,0,0,0,0,0.10301049626196912,0
ENSG00000144231,POLR2D,0.012524650630981559,0,0,0,0,0,0.10301049626196912,0
ENSG00000168066,SF1,0.012521283179317468,0,0,0,0,0,0.10298280025053723,0
ENSG00000166483,WEE1,0.012475299283723177,0,0,0,0,0,0.10260460016777329,0
ENSG00000170779,CDCA4,0.012461684010299783,0,0,0,0,0,0.10249261971311557,0
ENSG00000131023,LATS1,0.012432255667310385,0,0,0,0,0,0.1022505827649546,0
ENSG00000104332,SFRP1,0.012421989560235809,0,0,0,0,0,0.102166147931953,0
ENSG00000172270,BSG,0.012396324292549372,0,0,0,0,0,0.10195506084944894,0
ENSG00000170542,SERPINB9,0.01238092513193751,0,0,0,0,0,0.10182840859994653,0
ENSG00000168646,AXIN2,0.01238092513193751,0,0,0,0,0,0.10182840859994653,0
ENSG00000128165,ADM2,0.01238092513193751,0,0,0,0,0,0.10182840859994653,0
ENSG00000068305,MEF2A,0.012360392917788357,0,0,0,0,0,0.10165953893394328,0
ENSG00000059804,SLC2A3,0.012267997954117182,0,0,0,0,0,0.10089962543692878,0
ENSG00000112116,IL17F,0.01225773184704261,0,0,0,0,0,0.10081519060392716,0
ENSG00000162337,LRP5,0.012196135204595159,0,0,0,0,0,0.10030858160591748,0
ENSG00000153815,CMIP,0.012196135204595159,0,0,0,0,0,0.10030858160591748,0
ENSG00000055955,ITIH4,0.012196135204595159,0,0,0,0,0,0.10030858160591748,0
ENSG00000127586,CHTF18,0.012196135204595157,0,0,0,0,0,0.10030858160591746,0
ENSG00000127564,PKMYT1,0.012196135204595157,0,0,0,0,0,0.10030858160591746,0
ENSG00000160957,RECQL4,0.012196135204595157,0,0,0,0,0,0.10030858160591746,0
ENSG00000185149,NPY2R,0.012196135204595157,0,0,0,0,0,0.10030858160591746,0
ENSG00000100316,RPL3,0.012196135204595157,0,0,0,0,0,0.10030858160591746,0
ENSG00000134470,IL15RA,0.012196135204595157,0,0,0,0,0,0.10030858160591746,0
ENSG00000070950,RAD18,0.012196135204595157,0,0,0,0,0,0.10030858160591746,0
ENSG00000198554,WDHD1,0.012196135204595157,0,0,0,0,0,0.10030858160591746,0
ENSG00000167513,CDT1,0.012196135204595157,0,0,0,0,0,0.10030858160591746,0
ENSG00000057663,ATG5,0.012180701508107265,0,0,0,0,0,0.10018164531194677,0
ENSG00000164742,ADCY1,0.012157739964136249,0,0,0,0,0,0.09999279533049144,0
ENSG00000154736,ADAMTS5,0.012134538562147709,0,0,0,0,0,0.09980197260790778,0
ENSG00000184916,JAG2,0.012134538562147709,0,0,0,0,0,0.09980197260790778,0
ENSG00000178028,DMAP1,0.012083208026774834,0,0,0,0,0,0.09937979844289972,0
ENSG00000066044,ELAVL1,0.012072941919700259,0,0,0,0,0,0.0992953636098981,0
ENSG00000187608,ISG15,0.012031877491401957,0,0,0,0,0,0.09895762427789165,0
ENSG00000057608,GDI2,0.012011345277252809,0,0,0,0,0,0.09878875461188842,0
ENSG00000129514,FOXA1,0.012011345277252809,0,0,0,0,0,0.09878875461188842,0
ENSG00000248098,BCKDHA,0.012011345277252809,0,0,0,0,0,0.09878875461188842,0
ENSG00000189292,ALKAL2,0.012011345277252809,0,0,0,0,0,0.09878875461188842,0
ENSG00000166035,LIPC,0.011998615304480336,0,0,0,0,0,0.09868405541896641,0
ENSG00000092820,EZR,0.011990813063103657,0,0,0,0,0,0.0986198849458852,0
ENSG00000100234,TIMP3,0.011960014741879936,0,0,0,0,0,0.09836658044688038,0
ENSG00000117525,F3,0.011951185889795799,0,0,0,0,0,0.09829396649049897,0
ENSG00000172893,DHCR7,0.011898418099432482,0,0,0,0,0,0.09785997144887067,0
ENSG00000154764,WNT7A,0.011888151992357909,0,0,0,0,0,0.09777553661586905,0
ENSG00000197408,CYP2B6,0.01185572329609825,0,0,0,0,0,0.09750882290119084,0
ENSG00000156345,CDK20,0.011826555349910457,0,0,0,0,0,0.09726892761785938,0
ENSG00000138131,LOXL4,0.011826555349910457,0,0,0,0,0,0.09726892761785938,0
ENSG00000142619,PADI3,0.011826555349910457,0,0,0,0,0,0.09726892761785938,0
ENSG00000164181,ELOVL7,0.011826555349910457,0,0,0,0,0,0.09726892761785938,0
ENSG00000060138,YBX3,0.011826555349910457,0,0,0,0,0,0.09726892761785938,0
ENSG00000085224,ATRX,0.011826555349910457,0,0,0,0,0,0.09726892761785938,0
ENSG00000169618,PROKR1,0.011826555349910457,0,0,0,0,0,0.09726892761785938,0
ENSG00000113368,LMNB1,0.011826555349910457,0,0,0,0,0,0.09726892761785938,0
ENSG00000100625,SIX4,0.011826555349910457,0,0,0,0,0,0.09726892761785938,0
ENSG00000134308,YWHAQ,0.011826555349910457,0,0,0,0,0,0.09726892761785938,0
ENSG00000095777,MYO3A,0.011826555349910457,0,0,0,0,0,0.09726892761785938,0
ENSG00000126259,KIRREL2,0.011826555349910457,0,0,0,0,0,0.09726892761785938,0
ENSG00000127191,TRAF2,0.011826555349910457,0,0,0,0,0,0.09726892761785938,0
ENSG00000124256,ZBP1,0.011826555349910457,0,0,0,0,0,0.09726892761785938,0
ENSG00000117226,GBP3,0.011826555349910457,0,0,0,0,0,0.09726892761785938,0
ENSG00000101188,NTSR1,0.011826555349910457,0,0,0,0,0,0.09726892761785938,0
ENSG00000022267,FHL1,0.011826555349910457,0,0,0,0,0,0.09726892761785938,0
ENSG00000122566,HNRNPA2B1,0.011771304920909742,0,0,0,0,0.026552448681147773,0.09017640164572378,0
ENSG00000105989,WNT2,0.011703362065015557,0,0,0,0,0,0.09625570962184,0
ENSG00000110090,CPT1A,0.011674273597679878,0,0,0,0,0,0.09601646802189179,0
ENSG00000115966,ATF2,0.011641765422568106,0,0,0,0,0,0.09574910062383032,0
ENSG00000168036,CTNNB1,0.01160819350649767,0,0,0,0,0,0.09547298436024958,0
ENSG00000156515,HK1,0.011546906593199032,0,0,0,0,0,0.0949689227668954,0
ENSG00000214274,ANG,0.011521241325512594,0,0,0,0,0,0.09475783568439136,0
ENSG00000163501,IHH,0.01150187539699709,0,0,0,0,0,0.09459855827492644,0
ENSG00000164406,LEAP2,0.011461970503377661,0,0,0,0,0,0.09427035567541837,0
ENSG00000123374,CDK2,0.011456975495225757,0,0,0,0,0,0.09422927362980128,0
ENSG00000150630,VEGFC,0.011456975495225754,0,0,0,0,0,0.09422927362980127,0
ENSG00000006071,ABCC8,0.011456975495225754,0,0,0,0,0,0.09422927362980127,0
ENSG00000131095,GFAP,0.011456975495225754,0,0,0,0,0,0.09422927362980127,0
ENSG00000142541,RPL13A,0.011456975495225754,0,0,0,0,0,0.09422927362980127,0
ENSG00000124102,PI3,0.011456975495225754,0,0,0,0,0,0.09422927362980127,0
ENSG00000105383,CD33,0.011456975495225754,0,0,0,0,0,0.09422927362980127,0
ENSG00000149968,MMP3,0.011448146643141621,0,0,0,0,0,0.09415665967341988,0
ENSG00000172037,LAMB2,0.011426985891824639,0,0,0,0,0,0.09398262052784512,0
ENSG00000197561,ELANE,0.011333782210330857,0,0,0,0,0,0.09321605563378191,0
ENSG00000141905,NFIC,0.011292717782032554,0,0,0,0,0,0.09287831630177543,0
ENSG00000107105,ELAVL2,0.01128655811778781,0,0,0,0,0,0.09282765540197446,0
ENSG00000125629,INSIG2,0.011272185567883406,0,0,0,0,0,0.09270944663577223,0
ENSG00000241721,SUMO1P1,0.011175535244236907,0,0,0,0,0,0.09191453441857407,0
ENSG00000113389,NPR3,0.011087395640541052,0,0,0,0,0,0.09118961964174316,0
ENSG00000179604,CDC42EP4,0.011087395640541052,0,0,0,0,0,0.09118961964174316,0
ENSG00000277586,NEFL,0.011087395640541052,0,0,0,0,0,0.09118961964174316,0
ENSG00000054277,OPN3,0.011087395640541052,0,0,0,0,0,0.09118961964174316,0
ENSG00000125733,TRIP10,0.011087395640541052,0,0,0,0,0,0.09118961964174316,0
ENSG00000154269,ENPP3,0.011087395640541052,0,0,0,0,0,0.09118961964174316,0
ENSG00000292357,CSF2RA,0.011087395640541052,0,0,0,0,0,0.09118961964174316,0
ENSG00000145861,C1QTNF2,0.011087395640541052,0,0,0,0,0,0.09118961964174316,0
ENSG00000153827,TRIP12,0.011087395640541052,0,0,0,0,0,0.09118961964174316,0
ENSG00000091972,CD200,0.011087395640541052,0,0,0,0,0,0.09118961964174316,0
ENSG00000147874,HAUS6,0.011087395640541052,0,0,0,0,0,0.09118961964174316,0
ENSG00000119457,SLC46A2,0.011087395640541052,0,0,0,0,0,0.09118961964174316,0
ENSG00000138738,PRDM5,0.011087395640541052,0,0,0,0,0,0.09118961964174316,0
ENSG00000125656,CLPP,0.011087395640541052,0,0,0,0,0,0.09118961964174316,0
ENSG00000134539,KLRD1,0.011087395640541052,0,0,0,0,0,0.09118961964174316,0
ENSG00000184731,FAM110C,0.011087395640541052,0,0,0,0,0,0.09118961964174316,0
ENSG00000280623,PCAT14,0.011087395640541052,0,0,0,0,0,0.09118961964174316,0
ENSG00000136541,ERMN,0.011087395640541052,0,0,0,0,0,0.09118961964174316,0
ENSG00000170775,GPR37,0.011087395640541052,0,0,0,0,0,0.09118961964174316,0
ENSG00000085552,IGSF9,0.011087395640541052,0,0,0,0,0,0.09118961964174316,0
ENSG00000151532,VTI1A,0.011087395640541052,0,0,0,0,0,0.09118961964174316,0
ENSG00000163811,WDR43,0.011087395640541052,0,0,0,0,0,0.09118961964174316,0
ENSG00000092199,HNRNPC,0.011087395640541052,0,0,0,0,0,0.09118961964174316,0
ENSG00000151276,MAGI1,0.011087395640541052,0,0,0,0,0,0.09118961964174316,0
ENSG00000104880,ARHGEF18,0.011087395640541052,0,0,0,0,0,0.09118961964174316,0
ENSG00000136267,DGKB,0.011087395640541052,0,0,0,0,0,0.09118961964174316,0
ENSG00000007062,PROM1,0.011087395640541052,0,0,0,0,0,0.09118961964174316,0
ENSG00000133454,MYO18B,0.011087395640541052,0,0,0,0,0,0.09118961964174316,0
ENSG00000292336,ASMT,0.011087395640541052,0,0,0,0,0,0.09118961964174316,0
ENSG00000115085,ZAP70,0.011087395640541052,0,0,0,0,0,0.09118961964174316,0
ENSG00000256269,HMBS,0.011087395640541052,0,0,0,0,0,0.09118961964174316,0
ENSG00000182117,NOP10,0.011087395640541052,0,0,0,0,0,0.09118961964174316,0
ENSG00000198223,CSF2RA,0.011087395640541052,0,0,0,0,0,0.09118961964174316,0
ENSG00000173221,GLRX,0.011087395640541052,0,0,0,0,0,0.09118961964174316,0
ENSG00000135899,SP110,0.011087395640541052,0,0,0,0,0,0.09118961964174316,0
ENSG00000168040,FADD,0.011087395640541052,0,0,0,0,0,0.09118961964174316,0
ENSG00000182836,PLCXD3,0.011087395640541052,0,0,0,0,0,0.09118961964174316,0
ENSG00000196433,ASMT,0.011087395640541052,0,0,0,0,0,0.09118961964174316,0
ENSG00000100591,AHSA1,0.011087395640541052,0,0,0,0,0,0.09118961964174316,0
ENSG00000161544,CYGB,0.011087395640541052,0,0,0,0,0,0.09118961964174316,0
ENSG00000171988,JMJD1C,0.011087395640541052,0,0,0,0,0,0.09118961964174316,0
ENSG00000170473,PYM1,0.011087395640541052,0,0,0,0,0,0.09118961964174316,0
ENSG00000196642,RABL6,0.011087395640541052,0,0,0,0,0,0.09118961964174316,0
ENSG00000147642,SYBU,0.011087395640541052,0,0,0,0,0,0.09118961964174316,0
ENSG00000204682,MIR1915HG,0.011087395640541052,0,0,0,0,0,0.09118961964174316,0
ENSG00000087206,UIMC1,0.011087395640541052,0,0,0,0,0,0.09118961964174316,0
ENSG00000187391,MAGI2,0.011087395640541052,0,0,0,0,0,0.09118961964174316,0
ENSG00000103363,ELOB,0.011087395640541052,0,0,0,0,0,0.09118961964174316,0
ENSG00000137992,DBT,0.011046331212242754,0,0,0,0,0,0.0908518803097367,0
ENSG00000180176,TH,0.010998067040750922,0,0,0,0,0,0.09045492582345761,0
ENSG00000116703,PDC,0.010964202355646152,0,0,0,0,0,0.09017640164572378,0
ENSG00000053524,MCF2L2,0.010902605713198706,0,0,0,0,0,0.08966979264771412,0
ENSG00000160710,ADAR,0.010902605713198706,0,0,0,0,0,0.08966979264771412,0
ENSG00000101981,F9,0.010897472659661414,0,0,0,0,0,0.08962757523121329,0
ENSG00000151617,EDNRA,0.01087180739197498,0,0,0,0,0,0.08941648814870927,0
ENSG00000077264,PAK3,0.010871807391974976,0,0,0,0,0,0.08941648814870926,0
ENSG00000121989,ACVR2A,0.010789678535378376,0,0,0,0,0,0.08874100948469633,0
ENSG00000164924,YWHAZ,0.010789678535378376,0,0,0,0,0,0.08874100948469633,0
ENSG00000186314,PRELID2,0.010758880214154653,0,0,0,0,0,0.0884877049856915,0
ENSG00000186480,INSIG1,0.01074861410708008,0,0,0,0,0,0.0884032701526899,0
ENSG00000119614,VSX2,0.010717815785856354,0,0,0,0,0,0.08814996565368506,0
ENSG00000176194,CIDEA,0.010717815785856353,0,0,0,0,0,0.08814996565368505,0
ENSG00000224389,C4B,0.010682089733236831,0,0,0,0,0,0.08785613243483943,0
ENSG00000101441,CST4,0.010656219143408903,0,0,0,0,0,0.08764335665567537,0
ENSG00000118515,SGK1,0.010533025858514003,0,0,0,0,0,0.086630138659656,0
ENSG00000102032,RENBP,0.010425680240807988,0,0,0,0,0,0.0857472617094526,0
ENSG00000163464,CXCR1,0.010417103770531401,0,0,0,0,0,0.08567672349761762,0
ENSG00000196632,WNK3,0.010409832573619101,0,0,0,0,0,0.08561692066363663,0
ENSG00000170312,CDK1,0.010363635091783513,0,0,0,0,0,0.08523696391512936,0
ENSG00000172260,NEGR1,0.010349673186162091,0,0,0,0,0,0.08512213254224718,0
ENSG00000136044,APPL2,0.010348235931171651,0,0,0,0,0,0.08511031166562696,0
ENSG00000270141,TERC,0.010348235931171651,0,0,0,0,0,0.08511031166562696,0
ENSG00000039139,DNAH5,0.010348235931171651,0,0,0,0,0,0.08511031166562696,0
ENSG00000148677,ANKRD1,0.010348235931171651,0,0,0,0,0,0.08511031166562696,0
ENSG00000112053,SLC26A8,0.010348235931171651,0,0,0,0,0,0.08511031166562696,0
ENSG00000160613,PCSK7,0.010348235931171651,0,0,0,0,0,0.08511031166562696,0
ENSG00000135677,GNS,0.010348235931171651,0,0,0,0,0,0.08511031166562696,0
ENSG00000176136,MC5R,0.010348235931171651,0,0,0,0,0,0.08511031166562696,0
ENSG00000105483,CARD8,0.010348235931171651,0,0,0,0,0,0.08511031166562696,0
ENSG00000169851,PCDH7,0.010348235931171651,0,0,0,0,0,0.08511031166562696,0
ENSG00000074800,ENO1,0.010348235931171651,0,0,0,0,0,0.08511031166562696,0
ENSG00000103342,GSPT1,0.010348235931171651,0,0,0,0,0,0.08511031166562696,0
ENSG00000184254,ALDH1A3,0.0103277037170225,0,0,0,0,0,0.08494144199962372,0
ENSG00000181090,EHMT1,0.01022504264627675,0,0,0,0,0,0.08409709366960759,0
ENSG00000135929,CYP27A1,0.010191780459355126,0,0,0,0,0,0.08382352481068235,0
ENSG00000007952,NOX1,0.010191780459355126,0,0,0,0,0,0.08382352481068235,0
ENSG00000004487,KDM1A,0.010163446003829301,0,0,0,0,0,0.08359048467159791,0
ENSG00000064205,CCN5,0.010163446003829301,0,0,0,0,0,0.08359048467159791,0
ENSG00000073614,KDM5A,0.010163446003829301,0,0,0,0,0,0.08359048467159791,0
ENSG00000035403,VCL,0.010163446003829301,0,0,0,0,0,0.08359048467159791,0
ENSG00000198682,PAPSS2,0.010042682048756267,0,0,0,0,0,0.08259724699103065,0
ENSG00000184113,CLDN5,0.010040252718934398,0,0,0,0,0,0.08257726667557853,0
ENSG00000106211,HSPB1,0.010040252718934398,0,0,0,0,0,0.08257726667557853,0
ENSG00000198400,NTRK1,0.01002432768222545,0,0,0,0,0,0.08244628929483458,0
ENSG00000155816,FMN2,0.00997865607648695,0,0,0,0,0,0.08207065767756885,0
ENSG00000069535,MAOB,0.00997865607648695,0,0,0,0,0,0.08207065767756885,0
ENSG00000128567,PODXL,0.00997865607648695,0,0,0,0,0,0.08207065767756885,0
ENSG00000185803,SLC52A2,0.00997865607648695,0,0,0,0,0,0.08207065767756885,0
ENSG00000138964,PARVG,0.0099581238623378,0,0,0,0,0,0.08190178801156561,0
ENSG00000171234,UGT2B7,0.0099581238623378,0,0,0,0,0,0.08190178801156561,0
ENSG00000005884,ITGA3,0.0099581238623378,0,0,0,0,0,0.08190178801156561,0
ENSG00000164690,SHH,0.00985546279159205,0,0,0,0,0,0.08105743968154948,0
ENSG00000136111,TBC1D4,0.009822200604670423,0,0,0,0,0,0.08078387082262424,0
ENSG00000004939,SLC4A1,0.009793866149144598,0,0,0,0,0,0.0805508306835398,0
ENSG00000124216,SNAI1,0.009793866149144598,0,0,0,0,0,0.0805508306835398,0
ENSG00000244734,HBB,0.009793866149144598,0,0,0,0,0,0.0805508306835398,0
ENSG00000115221,ITGB6,0.009793866149144598,0,0,0,0,0,0.0805508306835398,0
ENSG00000122218,COPA,0.009650140650100548,0,0,0,0,0,0.0793687430215172,0
ENSG00000146457,WTAP,0.009637410677328071,0,0,0,0,0,0.07926404382859518,0
ENSG00000243766,HOTTIP,0.009609076221802246,0,0,0,0,0,0.07903100368951074,0
ENSG00000197429,IPP,0.009609076221802246,0,0,0,0,0,0.07903100368951074,0
ENSG00000138684,IL21,0.009609076221802246,0,0,0,0,0,0.07903100368951074,0
ENSG00000197329,PELI1,0.009609076221802246,0,0,0,0,0,0.07903100368951074,0
ENSG00000091409,ITGA6,0.009609076221802246,0,0,0,0,0,0.07903100368951074,0
ENSG00000114812,VIPR1,0.009609076221802246,0,0,0,0,0,0.07903100368951074,0
ENSG00000165092,ALDH1A1,0.009609076221802246,0,0,0,0,0,0.07903100368951074,0
ENSG00000213113,TUBB8P8,0.009609076221802246,0,0,0,0,0,0.07903100368951074,0
ENSG00000181555,SETD2,0.009609076221802246,0,0,0,0,0,0.07903100368951074,0
ENSG00000105928,GSDME,0.009609076221802246,0,0,0,0,0,0.07903100368951074,0
ENSG00000140505,CYP1A2,0.009609076221802246,0,0,0,0,0,0.07903100368951074,0
ENSG00000112290,WASF1,0.009609076221802246,0,0,0,0,0,0.07903100368951074,0
ENSG00000172728,POFUT3,0.009609076221802246,0,0,0,0,0,0.07903100368951074,0
ENSG00000135365,PHF21A,0.009609076221802246,0,0,0,0,0,0.07903100368951074,0
ENSG00000075290,WNT8B,0.009609076221802246,0,0,0,0,0,0.07903100368951074,0
ENSG00000023909,GCLM,0.009609076221802246,0,0,0,0,0,0.07903100368951074,0
ENSG00000113441,LNPEP,0.009609076221802246,0,0,0,0,0,0.07903100368951074,0
ENSG00000105202,FBL,0.009609076221802246,0,0,0,0,0,0.07903100368951074,0
ENSG00000108854,SMURF2,0.009609076221802246,0,0,0,0,0,0.07903100368951074,0
ENSG00000001167,NFYA,0.009609076221802246,0,0,0,0,0,0.07903100368951074,0
ENSG00000185624,P4HB,0.009609076221802246,0,0,0,0,0,0.07903100368951074,0
ENSG00000168685,IL7R,0.00960394316826496,0,0,0,0,0,0.07898878627300993,0
ENSG00000280371,ENSG00000280371,0.009557745686429371,0,0,0,0,0,0.07860882952450267,0
ENSG00000279284,ENSG00000279284,0.009557745686429371,0,0,0,0,0,0.07860882952450267,0
ENSG00000206503,HLA-A,0.009547479579354796,0,0,0,0,0,0.07852439469150105,0
ENSG00000130635,COL5A1,0.009547479579354796,0,0,0,0,0,0.07852439469150105,0
ENSG00000179921,GPBAR1,0.009534749606582323,0,0,0,0,0,0.07841969549857905,0
ENSG00000083896,YTHDC1,0.009485882936907346,0,0,0,0,0,0.07801778569349137,0
ENSG00000120738,EGR1,0.009405191335301188,0,0,0,0,0,0.07735412790609869,0
ENSG00000233016,SNHG7,0.009403754080310744,0,0,0,0,0,0.07734230702947845,0
ENSG00000149435,GGTLC1,0.009301093009564996,0,0,0,0,0,0.07649795869946231,0
ENSG00000010278,CD9,0.009289800291782961,0,0,0,0,0,0.07640508038316053,0
ENSG00000205403,CFI,0.009270294688341271,0,0,0,0,0,0.07624465420045748,0
ENSG00000188257,PLA2G2A,0.009239496367117545,0,0,0,0,0,0.07599134970145263,0
ENSG00000105664,COMP,0.009239496367117545,0,0,0,0,0,0.07599134970145263,0
ENSG00000119673,ACOT2,0.009239496367117545,0,0,0,0,0,0.07599134970145263,0
ENSG00000214922,HLA-F-AS1,0.009239496367117545,0,0,0,0,0,0.07599134970145263,0
ENSG00000122787,AKR1D1,0.009239496367117545,0,0,0,0,0,0.07599134970145263,0
ENSG00000104044,OCA2,0.009239496367117545,0,0,0,0,0,0.07599134970145263,0
ENSG00000110324,IL10RA,0.009239496367117545,0,0,0,0,0,0.07599134970145263,0
ENSG00000106571,GLI3,0.009239496367117545,0,0,0,0,0,0.07599134970145263,0
ENSG00000125124,BBS2,0.009218964152968395,0,0,0,0,0,0.0758224800354494,0
ENSG00000151790,TDO2,0.009218964152968395,0,0,0,0,0,0.0758224800354494,0
ENSG00000105369,CD79A,0.009182295294597128,0,0,0,0,0,0.0755208925972465,0
ENSG00000157150,TIMP4,0.009152234456983658,0,0,0,0,0,0.07527365362093892,0
ENSG00000171552,BCL2L1,0.009097811518745055,0,0,0,0,0,0.07482604561643894,0
ENSG00000143184,XCL1,0.009054706439775195,0,0,0,0,0,0.07447152270742358,0
ENSG00000172201,ID4,0.009054706439775195,0,0,0,0,0,0.07447152270742358,0
ENSG00000088827,SIGLEC1,0.009054706439775195,0,0,0,0,0,0.07447152270742358,0
ENSG00000126267,COX6B1,0.009034174225626043,0,0,0,0,0,0.07430265304142035,0
ENSG00000176340,COX8A,0.009034174225626043,0,0,0,0,0,0.07430265304142035,0
ENSG00000258956,COX4I1P1,0.009034174225626043,0,0,0,0,0,0.07430265304142035,0
ENSG00000204525,HLA-C,0.008958615677557173,0,0,0,0,0,0.07368121267052849,0
ENSG00000214253,FIS1,0.008919884008708575,0,0,0,0,0.011053272533431824,0.07059934126596956,0
ENSG00000169692,AGPAT2,0.008910980940731143,0,0,0,0,0,0.07328943504540099,0
ENSG00000126262,FFAR2,0.008889922850484908,0,0,0,0,0,0.07311624024815624,0
ENSG00000100225,FBXO7,0.008869916512432843,0,0,0,0,0,0.07295169571339452,0
ENSG00000057019,DCBLD2,0.008869916512432843,0,0,0,0,0,0.07295169571339452,0
ENSG00000130508,PXDN,0.008869916512432843,0,0,0,0,0,0.07295169571339452,0
ENSG00000138075,ABCG5,0.008869916512432843,0,0,0,0,0,0.07295169571339452,0
ENSG00000137440,FGFBP1,0.008869916512432843,0,0,0,0,0,0.07295169571339452,0
ENSG00000108179,PPIF,0.008869916512432843,0,0,0,0,0,0.07295169571339452,0
ENSG00000092841,MYL6,0.008869916512432843,0,0,0,0,0,0.07295169571339452,0
ENSG00000111144,LTA4H,0.008869916512432843,0,0,0,0,0,0.07295169571339452,0
ENSG00000185483,ROR1,0.008869916512432843,0,0,0,0,0,0.07295169571339452,0
ENSG00000163563,MNDA,0.008869916512432843,0,0,0,0,0,0.07295169571339452,0
ENSG00000166473,PKD1L2,0.008869916512432843,0,0,0,0,0,0.07295169571339452,0
ENSG00000136514,RTP4,0.008869916512432843,0,0,0,0,0,0.07295169571339452,0
ENSG00000185000,DGAT1,0.008869916512432843,0,0,0,0,0,0.07295169571339452,0
ENSG00000047410,TPR,0.008869916512432843,0,0,0,0,0,0.07295169571339452,0
ENSG00000155846,PPARGC1B,0.008869916512432843,0,0,0,0,0,0.07295169571339452,0
ENSG00000159495,TGM7,0.008869916512432843,0,0,0,0,0,0.07295169571339452,0
ENSG00000014216,CAPN1,0.008869916512432843,0,0,0,0,0,0.07295169571339452,0
ENSG00000105855,ITGB8,0.008869916512432843,0,0,0,0,0,0.07295169571339452,0
ENSG00000157020,SEC13,0.008869916512432843,0,0,0,0,0,0.07295169571339452,0
ENSG00000158186,MRAS,0.008869916512432843,0,0,0,0,0,0.07295169571339452,0
ENSG00000066027,PPP2R5A,0.008869916512432843,0,0,0,0,0,0.07295169571339452,0
ENSG00000137522,RNF121,0.008869916512432843,0,0,0,0,0,0.07295169571339452,0
ENSG00000064989,CALCRL,0.008869916512432843,0,0,0,0,0,0.07295169571339452,0
ENSG00000063176,SPHK2,0.008869916512432843,0,0,0,0,0,0.07295169571339452,0
ENSG00000118526,TCF21,0.008869916512432843,0,0,0,0,0,0.07295169571339452,0
ENSG00000198719,DLL1,0.008869916512432843,0,0,0,0,0,0.07295169571339452,0
ENSG00000174125,TLR1,0.008869916512432843,0,0,0,0,0,0.07295169571339452,0
ENSG00000065320,NTN1,0.008869916512432843,0,0,0,0,0,0.07295169571339452,0
ENSG00000150672,DLG2,0.008869916512432843,0,0,0,0,0,0.07295169571339452,0
ENSG00000116815,CD58,0.008869916512432843,0,0,0,0,0,0.07295169571339452,0
ENSG00000227418,PCGEM1,0.008869916512432843,0,0,0,0,0,0.07295169571339452,0
ENSG00000186298,PPP1CC,0.008869916512432843,0,0,0,0,0,0.07295169571339452,0
ENSG00000188536,HBA2,0.008869916512432843,0,0,0,0,0,0.07295169571339452,0
ENSG00000177352,CCDC71,0.008869916512432843,0,0,0,0,0,0.07295169571339452,0
ENSG00000235718,MFRP,0.008869916512432843,0,0,0,0,0,0.07295169571339452,0
ENSG00000104643,MTMR9,0.008869916512432843,0,0,0,0,0,0.07295169571339452,0
ENSG00000076944,STXBP2,0.008869916512432843,0,0,0,0,0,0.07295169571339452,0
ENSG00000221968,FADS3,0.008869916512432843,0,0,0,0,0,0.07295169571339452,0
ENSG00000150457,LATS2,0.008869916512432843,0,0,0,0,0,0.07295169571339452,0
ENSG00000115009,CCL20,0.008839118191209118,0,0,0,0,0,0.07269839121438969,0
ENSG00000184194,GPR173,0.008839118191209118,0,0,0,0,0,0.07269839121438969,0
ENSG00000019582,CD74,0.008818585977059966,0,0,0,0,0,0.07252952154838646,0
ENSG00000140740,UQCRC2,0.008818585977059966,0,0,0,0,0,0.07252952154838646,0
ENSG00000262406,MMP12,0.008736457120463368,0,0,0,0,0,0.07185404288437355,0
ENSG00000158517,NCF1,0.008736457120463368,0,0,0,0,0,0.07185404288437354,0
ENSG00000141086,CTRL,0.008726191013388791,0,0,0,0,0,0.07176960805137193,0
ENSG00000167004,PDIA3,0.008685126585090493,0,0,0,0,0,0.07143186871936548,0
ENSG00000114861,FOXP1,0.008685126585090493,0,0,0,0,0,0.07143186871936548,0
ENSG00000142611,PRDM16,0.008685126585090493,0,0,0,0,0,0.07143186871936548,0
ENSG00000169903,TM4SF4,0.008664594370941343,0,0,0,0,0,0.07126299905336225,0
ENSG00000177045,SIX5,0.008664594370941343,0,0,0,0,0,0.07126299905336225,0
ENSG00000198743,SLC5A3,0.008664594370941343,0,0,0,0,0,0.07126299905336225,0
ENSG00000166347,CYB5A,0.008654328263866766,0,0,0,0,0,0.07117856422036063,0
ENSG00000117054,ACADM,0.008644062156792191,0,0,0,0,0,0.07109412938735903,0
ENSG00000167969,ECI1,0.008615933023407856,0,0,0,0,0,0.07086277794493459,0
ENSG00000150594,ADRA2A,0.008604434983484333,0,0,0,0,0,0.07076821093197279,0
ENSG00000198814,GK,0.008590267755721418,0,0,0,0,0,0.07065169086243056,0
ENSG00000106633,GCK,0.008572199407270168,0,0,0,0,0,0.07050308555634772,0
ENSG00000133019,CHRM3,0.008561933300195591,0,0,0,0,0,0.0704186507233461,0
ENSG00000087086,FTL,0.008561933300195591,0,0,0,0,0,0.0704186507233461,0
ENSG00000157551,KCNJ15,0.008500336657748143,0,0,0,0,0,0.06991204172533642,0
ENSG00000134202,GSTM3,0.008500336657748143,0,0,0,0,0,0.06991204172533642,0
ENSG00000166710,B2M,0.008500336657748143,0,0,0,0,0,0.06991204172533642,0
ENSG00000116731,PRDM2,0.008500336657748143,0,0,0,0,0,0.06991204172533642,0
ENSG00000105220,GPI,0.008500336657748143,0,0,0,0,0,0.06991204172533642,0
ENSG00000124875,CXCL6,0.008500336657748143,0,0,0,0,0,0.06991204172533642,0
ENSG00000187840,EIF4EBP1,0.008500336657748143,0,0,0,0,0,0.06991204172533642,0
ENSG00000161638,ITGA5,0.008500336657748143,0,0,0,0,0,0.06991204172533642,0
ENSG00000185551,NR2F2,0.008500336657748143,0,0,0,0,0,0.06991204172533642,0
ENSG00000144118,RALB,0.008500336657748143,0,0,0,0,0,0.06991204172533642,0
ENSG00000267496,FAM215A,0.008479804443598991,0,0,0,0,0,0.0697431720593332,0
ENSG00000196415,PRTN3,0.008377143372853241,0,0,0,0,0,0.06889882372931705,0
ENSG00000243649,CFB,0.008377143372853241,0,0,0,0,0,0.06889882372931705,0
ENSG00000169507,SLC38A11,0.008377143372853241,0,0,0,0,0,0.06889882372931705,0
ENSG00000151422,FER,0.008315546730405791,0,0,0,0,0,0.06839221473130737,0
ENSG00000087269,NOP14,0.008315546730405791,0,0,0,0,0,0.06839221473130737,0
ENSG00000109610,SOD3,0.008315546730405791,0,0,0,0,0,0.06839221473130737,0
ENSG00000130948,HSD17B3,0.008315546730405791,0,0,0,0,0,0.06839221473130737,0
ENSG00000159217,IGF2BP1,0.008315546730405791,0,0,0,0,0,0.06839221473130737,0
ENSG00000120647,CCDC77,0.008315546730405791,0,0,0,0,0,0.06839221473130737,0
ENSG00000172322,CLEC12A,0.008315546730405791,0,0,0,0,0,0.06839221473130737,0
ENSG00000080345,RIF1,0.008315546730405791,0,0,0,0,0,0.06839221473130737,0
ENSG00000102575,ACP5,0.008315546730405791,0,0,0,0,0,0.06839221473130737,0
ENSG00000115718,PROC,0.008315546730405791,0,0,0,0,0,0.06839221473130737,0
ENSG00000206172,HBA1,0.008315546730405791,0,0,0,0,0,0.06839221473130737,0
ENSG00000015475,BID,0.008315546730405791,0,0,0,0,0,0.06839221473130737,0
ENSG00000125910,S1PR4,0.008315546730405791,0,0,0,0,0,0.06839221473130737,0
ENSG00000168398,BDKRB2,0.008315546730405791,0,0,0,0,0,0.06839221473130737,0
ENSG00000078403,MLLT10,0.008315546730405791,0,0,0,0,0,0.06839221473130737,0
ENSG00000204472,AIF1,0.008315546730405791,0,0,0,0,0,0.06839221473130737,0
ENSG00000131473,ACLY,0.008315546730405791,0,0,0,0,0,0.06839221473130737,0
ENSG00000269893,SNHG8,0.008315546730405791,0,0,0,0,0,0.06839221473130737,0
ENSG00000138755,CXCL9,0.008315546730405791,0,0,0,0,0,0.06839221473130737,0
ENSG00000081059,TCF7,0.008315546730405791,0,0,0,0,0,0.06839221473130737,0
ENSG00000243646,IL10RB,0.008315546730405791,0,0,0,0,0,0.06839221473130737,0
ENSG00000155368,DBI,0.008315546730405791,0,0,0,0,0,0.06839221473130737,0
ENSG00000102524,TNFSF13B,0.00831554673040579,0,0,0,0,0,0.06839221473130737,0
ENSG00000188419,CHM,0.008295014516256641,0,0,0,0,0,0.06822334506530414,0
ENSG00000163251,FZD5,0.008295014516256641,0,0,0,0,0,0.06822334506530414,0
ENSG00000136868,SLC31A1,0.008295014516256641,0,0,0,0,0,0.06822334506530414,0
ENSG00000180772,AGTR2,0.008284748409182066,0,0,0,0,0,0.06813891023230254,0
ENSG00000176387,HSD11B2,0.008228284820271901,0,0,0,0,0,0.06767451865079364,0
ENSG00000144566,RAB5A,0.008182087338436313,0,0,0,0,0,0.06729456190228639,0
ENSG00000213949,ITGA1,0.00813075680306344,0,0,0,0,0,0.06687238773727831,0
ENSG00000168291,PDHB,0.00813075680306344,0,0,0,0,0,0.06687238773727831,0
ENSG00000058085,LAMC2,0.00813075680306344,0,0,0,0,0,0.06687238773727831,0
ENSG00000240403,KIR3DL2,0.00813075680306344,0,0,0,0,0,0.06687238773727831,0
ENSG00000170509,HSD17B13,0.00813075680306344,0,0,0,0,0,0.06687238773727831,0
ENSG00000181072,CHRM2,0.00813075680306344,0,0,0,0,0,0.06687238773727831,0
ENSG00000008710,PKD1,0.00813075680306344,0,0,0,0,0,0.06687238773727831,0
ENSG00000125798,FOXA2,0.00813075680306344,0,0,0,0,0,0.06687238773727831,0
ENSG00000155657,TTN,0.00813075680306344,0,0,0,0,0,0.06687238773727831,0
ENSG00000131828,PDHA1,0.00813075680306344,0,0,0,0,0,0.06687238773727831,0
ENSG00000173482,PTPRM,0.00813075680306344,0,0,0,0,0,0.06687238773727831,0
ENSG00000110046,ATG2A,0.00813075680306344,0,0,0,0,0,0.06687238773727831,0
ENSG00000047634,SCML1,0.00813075680306344,0,0,0,0,0,0.06687238773727831,0
ENSG00000073060,SCARB1,0.00813075680306344,0,0,0,0,0,0.06687238773727831,0
ENSG00000142765,SYTL1,0.00813075680306344,0,0,0,0,0,0.06687238773727831,0
ENSG00000140285,FGF7,0.00813075680306344,0,0,0,0,0,0.06687238773727831,0
ENSG00000119689,DLST,0.00813075680306344,0,0,0,0,0,0.06687238773727831,0
ENSG00000165240,ATP7A,0.00813075680306344,0,0,0,0,0,0.06687238773727831,0
ENSG00000159216,RUNX1,0.008125623749526151,0,0,0,0,0,0.06683017032077751,0
ENSG00000185946,RNPC3,0.00811022458891429,0,0,0,0,0,0.0667035180712751,0
ENSG00000138385,SSB,0.00811022458891429,0,0,0,0,0,0.0667035180712751,0
ENSG00000069011,PITX1,0.00794596687572109,0,0,0,0,0,0.06535256074324927,0
ENSG00000143473,KCNH1,0.00794596687572109,0,0,0,0,0,0.06535256074324927,0
ENSG00000113721,PDGFRB,0.00794596687572109,0,0,0,0,0,0.06535256074324927,0
ENSG00000151468,CCDC3,0.00794596687572109,0,0,0,0,0,0.06535256074324927,0
ENSG00000100412,ACO2,0.00794596687572109,0,0,0,0,0,0.06535256074324927,0
ENSG00000183735,TBK1,0.00794596687572109,0,0,0,0,0,0.06535256074324927,0
ENSG00000176692,FOXC2,0.00794596687572109,0,0,0,0,0,0.06535256074324927,0
ENSG00000183150,GPR19,0.007945966875721088,0,0,0,0,0,0.06535256074324926,0
ENSG00000117425,PTCH2,0.007921738863025093,0,0,0,0,0,0.06515329453736547,0
ENSG00000168487,BMP1,0.007915168554497363,0,0,0,0,0,0.06509925624424441,0
ENSG00000144848,ATG3,0.007915168554497363,0,0,0,0,0,0.06509925624424441,0
ENSG00000173372,C1QA,0.007904902447422788,0,0,0,0,0,0.0650148214112428,0
ENSG00000172349,IL16,0.007904902447422788,0,0,0,0,0,0.0650148214112428,0
ENSG00000164400,CSF2,0.007833039697900763,0,0,0,0,0,0.0644237775802315,0
ENSG00000163884,KLF15,0.007833039697900763,0,0,0,0,0,0.0644237775802315,0
ENSG00000114013,CD86,0.007822773590826188,0,0,0,0,0,0.06433934274722988,0
ENSG00000112309,B3GAT2,0.007761176948378739,0,0,0,0,0,0.06383273374922022,0
ENSG00000091129,NRCAM,0.007761176948378739,0,0,0,0,0,0.06383273374922022,0
ENSG00000082556,OPRK1,0.007761176948378739,0,0,0,0,0,0.06383273374922022,0
ENSG00000108684,ASIC2,0.007761176948378739,0,0,0,0,0,0.06383273374922022,0
ENSG00000198838,RYR3,0.007761176948378739,0,0,0,0,0,0.06383273374922022,0
ENSG00000197461,PDGFA,0.007761176948378739,0,0,0,0,0,0.06383273374922022,0
ENSG00000079112,CDH17,0.007761176948378739,0,0,0,0,0,0.06383273374922022,0
ENSG00000125735,TNFSF14,0.007761176948378739,0,0,0,0,0,0.06383273374922022,0
ENSG00000172264,MACROD2,0.007761176948378739,0,0,0,0,0,0.06383273374922022,0
ENSG00000113749,HRH2,0.007761176948378739,0,0,0,0,0,0.06383273374922022,0
ENSG00000007047,MARK4,0.007761176948378739,0,0,0,0,0,0.06383273374922022,0
ENSG00000175063,UBE2C,0.007761176948378739,0,0,0,0,0,0.06383273374922022,0
ENSG00000167751,KLK2,0.007761176948378739,0,0,0,0,0,0.06383273374922022,0
ENSG00000171487,NLRP5,0.007761176948378739,0,0,0,0,0,0.06383273374922022,0
ENSG00000176834,VSIG10,0.007761176948378739,0,0,0,0,0,0.06383273374922022,0
ENSG00000166411,IDH3A,0.007761176948378737,0,0,0,0,0,0.06383273374922022,0
ENSG00000121853,GHSR,0.007761176948378737,0,0,0,0,0,0.06383273374922022,0
ENSG00000107262,BAG1,0.007761176948378737,0,0,0,0,0,0.06383273374922022,0
ENSG00000143369,ECM1,0.007745777787766876,0,0,0,0,0,0.06370608149971779,0
ENSG00000163581,SLC2A2,0.007740644734229588,0,0,0,0,0,0.06366386408321698,0
ENSG00000112303,VNN2,0.007740644734229588,0,0,0,0,0,0.06366386408321698,0
ENSG00000099139,PCSK5,0.007740644734229588,0,0,0,0,0,0.06366386408321698,0
ENSG00000101413,RPRD1B,0.007720112520080438,0,0,0,0,0,0.06349499441721376,0
ENSG00000139687,RB1,0.007701413899769328,0,0,0,0,0,0.06334120536437607,0
ENSG00000108091,CCDC6,0.007692415077781577,0,0,0,0,0.009896454835628146,0.06079307976116211,0
ENSG00000105402,NAPA,0.007576387021036387,0,0,0,0,0,0.062312906755191154,0
ENSG00000176842,IRX5,0.007576387021036387,0,0,0,0,0,0.062312906755191154,0
ENSG00000116001,TIA1,0.007576387021036387,0,0,0,0,0,0.062312906755191154,0
ENSG00000117461,PIK3R3,0.007576387021036387,0,0,0,0,0,0.062312906755191154,0
ENSG00000215301,DDX3X,0.007576387021036387,0,0,0,0,0,0.062312906755191154,0
ENSG00000164399,IL3,0.007576387021036387,0,0,0,0,0,0.062312906755191154,0
ENSG00000162772,ATF3,0.007516227633579378,0,0,0,0,0,0.061818118633801704,0
ENSG00000165029,ABCA1,0.0074917942987418875,0,0,0,0,0,0.061617163731257855,0
ENSG00000167306,MYO5B,0.0073915970936940375,0,0,0,0,0,0.06079307976116211,0
ENSG00000140093,SERPINA10,0.0073915970936940375,0,0,0,0,0,0.06079307976116211,0
ENSG00000169919,GUSB,0.0073915970936940375,0,0,0,0,0,0.06079307976116211,0
ENSG00000172232,AZU1,0.0073915970936940375,0,0,0,0,0,0.06079307976116211,0
ENSG00000253276,CCDC71L,0.0073915970936940375,0,0,0,0,0,0.06079307976116211,0
ENSG00000078814,MYH7B,0.0073915970936940375,0,0,0,0,0,0.06079307976116211,0
ENSG00000117322,CR2,0.0073915970936940375,0,0,0,0,0,0.06079307976116211,0
ENSG00000104972,LILRB1,0.0073915970936940375,0,0,0,0,0,0.06079307976116211,0
ENSG00000182154,MRPL41,0.0073915970936940375,0,0,0,0,0,0.06079307976116211,0
ENSG00000253729,PRKDC,0.0073915970936940375,0,0,0,0,0,0.06079307976116211,0
ENSG00000178585,CTNNBIP1,0.0073915970936940375,0,0,0,0,0,0.06079307976116211,0
ENSG00000123200,ZC3H13,0.0073915970936940375,0,0,0,0,0,0.06079307976116211,0
ENSG00000082397,EPB41L3,0.0073915970936940375,0,0,0,0,0,0.06079307976116211,0
ENSG00000115977,AAK1,0.0073915970936940375,0,0,0,0,0,0.06079307976116211,0
ENSG00000105810,CDK6,0.0073915970936940375,0,0,0,0,0,0.06079307976116211,0
ENSG00000172243,CLEC7A,0.0073915970936940375,0,0,0,0,0,0.06079307976116211,0
ENSG00000223318,RNA5SP111,0.0073915970936940375,0,0,0,0,0,0.06079307976116211,0
ENSG00000080224,EPHA6,0.0073915970936940375,0,0,0,0,0,0.06079307976116211,0
ENSG00000129910,CDH15,0.0073915970936940375,0,0,0,0,0,0.06079307976116211,0
ENSG00000135697,BCO1,0.0073915970936940375,0,0,0,0,0,0.06079307976116211,0
ENSG00000232956,SNHG15,0.0073915970936940375,0,0,0,0,0,0.06079307976116211,0
ENSG00000156475,PPP2R2B,0.0073915970936940375,0,0,0,0,0,0.06079307976116211,0
ENSG00000130985,UBA1,0.0073915970936940375,0,0,0,0,0,0.06079307976116211,0
ENSG00000112992,NNT,0.0073915970936940375,0,0,0,0,0,0.06079307976116211,0
ENSG00000171723,GPHN,0.0073915970936940375,0,0,0,0,0,0.06079307976116211,0
ENSG00000182487,NCF1B,0.0073915970936940375,0,0,0,0,0,0.06079307976116211,0
ENSG00000125931,CITED1,0.0073915970936940375,0,0,0,0,0,0.06079307976116211,0
ENSG00000155636,RBM45,0.0073915970936940375,0,0,0,0,0,0.06079307976116211,0
ENSG00000197860,SGTB,0.0073915970936940375,0,0,0,0,0,0.06079307976116211,0
ENSG00000197563,PIGN,0.0073915970936940375,0,0,0,0,0,0.06079307976116211,0
ENSG00000115758,ODC1,0.0073915970936940375,0,0,0,0,0,0.06079307976116211,0
ENSG00000138829,FBN2,0.0073915970936940375,0,0,0,0,0,0.06079307976116211,0
ENSG00000180592,SKIDA1,0.0073915970936940375,0,0,0,0,0,0.06079307976116211,0
ENSG00000139668,WDFY2,0.0073915970936940375,0,0,0,0,0,0.06079307976116211,0
ENSG00000073169,SELENOO,0.0073915970936940375,0,0,0,0,0,0.06079307976116211,0
ENSG00000154274,PGCKA1,0.0073915970936940375,0,0,0,0,0,0.06079307976116211,0
ENSG00000131771,PPP1R1B,0.0073915970936940375,0,0,0,0,0,0.06079307976116211,0
ENSG00000124557,BTN1A1,0.0073915970936940375,0,0,0,0,0,0.06079307976116211,0
ENSG00000166225,FRS2,0.0073915970936940375,0,0,0,0,0,0.06079307976116211,0
ENSG00000118058,KMT2A,0.0073915970936940375,0,0,0,0,0,0.06079307976116211,0
ENSG00000133704,IPO8,0.0073915970936940375,0,0,0,0,0,0.06079307976116211,0
ENSG00000156113,KCNMA1,0.0073915970936940375,0,0,0,0,0,0.06079307976116211,0
ENSG00000188825,LINC00910,0.0073915970936940375,0,0,0,0,0,0.06079307976116211,0
ENSG00000049247,UTS2,0.0073915970936940375,0,0,0,0,0,0.06079307976116211,0
ENSG00000181222,POLR2A,0.0073915970936940375,0,0,0,0,0,0.06079307976116211,0
ENSG00000170802,FOXN2,0.0073915970936940375,0,0,0,0,0,0.06079307976116211,0
ENSG00000198929,NOS1AP,0.0073915970936940375,0,0,0,0,0,0.06079307976116211,0
ENSG00000117602,RCAN3,0.0073915970936940375,0,0,0,0,0,0.06079307976116211,0
ENSG00000255717,SNHG1,0.0073915970936940375,0,0,0,0,0,0.06079307976116211,0
ENSG00000259956,RBM15B,0.0073915970936940375,0,0,0,0,0,0.06079307976116211,0
ENSG00000172724,CCL19,0.0073915970936940375,0,0,0,0,0,0.06079307976116211,0
ENSG00000204592,HLA-E,0.0073915970936940375,0,0,0,0,0,0.06079307976116211,0
ENSG00000211897,IGHG3,0.0073915970936940375,0,0,0,0,0,0.06079307976116211,0
ENSG00000123191,ATP7B,0.0073915970936940375,0,0,0,0,0,0.06079307976116211,0
ENSG00000153930,ANKFN1,0.0073915970936940375,0,0,0,0,0,0.06079307976116211,0
ENSG00000162852,CNST,0.0073915970936940375,0,0,0,0,0,0.06079307976116211,0
ENSG00000235750,KIAA0040,0.0073915970936940375,0,0,0,0,0,0.06079307976116211,0
ENSG00000145794,MEGF10,0.0073915970936940375,0,0,0,0,0,0.06079307976116211,0
ENSG00000158089,GALNT14,0.0073915970936940375,0,0,0,0,0,0.06079307976116211,0
ENSG00000155093,PTPRN2,0.0073915970936940375,0,0,0,0,0,0.06079307976116211,0
ENSG00000243137,PSG4,0.0073915970936940375,0,0,0,0,0,0.06079307976116211,0
ENSG00000164128,NPY1R,0.0073915970936940375,0,0,0,0,0,0.06079307976116211,0
ENSG00000184564,SLITRK6,0.0073915970936940375,0,0,0,0,0,0.06079307976116211,0
ENSG00000147274,RBMX,0.0073915970936940375,0,0,0,0,0,0.06079307976116211,0
ENSG00000174483,BBS1,0.0073915970936940375,0,0,0,0,0,0.06079307976116211,0
ENSG00000125850,OVOL2,0.0073915970936940375,0,0,0,0,0,0.06079307976116211,0
ENSG00000175538,KCNE3,0.0073915970936940375,0,0,0,0,0,0.06079307976116211,0
ENSG00000255198,SNHG9,0.0073915970936940375,0,0,0,0,0,0.06079307976116211,0
ENSG00000104824,HNRNPL,0.0073915970936940375,0,0,0,0,0,0.06079307976116211,0
ENSG00000006534,ALDH3B1,0.0073915970936940375,0,0,0,0,0,0.06079307976116211,0
ENSG00000105270,CLIP3,0.0073915970936940375,0,0,0,0,0,0.06079307976116211,0
ENSG00000214960,CRPPA,0.0073915970936940375,0,0,0,0,0,0.06079307976116211,0
ENSG00000123395,ATG101,0.0073915970936940375,0,0,0,0,0,0.06079307976116211,0
ENSG00000105607,GCDH,0.0073915970936940375,0,0,0,0,0,0.06079307976116211,0
ENSG00000163597,SNHG16,0.0073915970936940375,0,0,0,0,0,0.06079307976116211,0
ENSG00000114279,FGF12,0.0073915970936940375,0,0,0,0,0,0.06079307976116211,0
ENSG00000145242,EPHA5,0.0073915970936940375,0,0,0,0,0,0.06079307976116211,0
ENSG00000276747,PADI6,0.0073915970936940375,0,0,0,0,0,0.06079307976116211,0
ENSG00000100593,ISM2,0.0073915970936940375,0,0,0,0,0,0.06079307976116211,0
ENSG00000135503,ACVR1B,0.0073915970936940375,0,0,0,0,0,0.06079307976116211,0
ENSG00000166025,AMOTL1,0.0073915970936940375,0,0,0,0,0,0.06079307976116211,0
ENSG00000196756,SNHG17,0.0073915970936940375,0,0,0,0,0,0.06079307976116211,0
ENSG00000182902,SLC25A18,0.0073915970936940375,0,0,0,0,0,0.06079307976116211,0
ENSG00000099875,MKNK2,0.0073915970936940375,0,0,0,0,0,0.06079307976116211,0
ENSG00000182621,PLCB1,0.0073915970936940375,0,0,0,0,0,0.06079307976116211,0
ENSG00000081923,ATP8B1,0.0073915970936940375,0,0,0,0,0,0.06079307976116211,0
ENSG00000196262,PPIA,0.0073915970936940375,0,0,0,0,0,0.06079307976116211,0
ENSG00000066468,FGFR2,0.0073915970936940375,0,0,0,0,0,0.06079307976116211,0
ENSG00000167851,CD300A,0.0073915970936940375,0,0,0,0,0,0.06079307976116211,0
ENSG00000085117,CD82,0.0073915970936940375,0,0,0,0,0,0.06079307976116211,0
ENSG00000250988,SNHG21,0.0073915970936940375,0,0,0,0,0,0.06079307976116211,0
ENSG00000107954,NEURL1,0.0073915970936940375,0,0,0,0,0,0.06079307976116211,0
ENSG00000164946,FREM1,0.0073915970936940375,0,0,0,0,0,0.06079307976116211,0
ENSG00000125510,OPRL1,0.0073915970936940375,0,0,0,0,0,0.06079307976116211,0
ENSG00000079385,CEACAM1,0.0073915970936940375,0,0,0,0,0,0.06079307976116211,0
ENSG00000175105,ZNF654,0.0073915970936940375,0,0,0,0,0,0.06079307976116211,0
ENSG00000227729,RD3L,0.0073915970936940375,0,0,0,0,0,0.06079307976116211,0
ENSG00000100784,RPS6KA5,0.0073915970936940375,0,0,0,0,0,0.06079307976116211,0
ENSG00000158220,ESYT3,0.0073915970936940375,0,0,0,0,0,0.06079307976116211,0
ENSG00000239857,GET4,0.0073915970936940375,0,0,0,0,0,0.06079307976116211,0
ENSG00000146047,H2BC1,0.0073915970936940375,0,0,0,0,0,0.06079307976116211,0
ENSG00000111335,OAS2,0.0073915970936940375,0,0,0,0,0,0.06079307976116211,0
ENSG00000164342,TLR3,0.0073915970936940375,0,0,0,0,0,0.06079307976116211,0
ENSG00000134326,CMPK2,0.0073915970936940375,0,0,0,0,0,0.06079307976116211,0
ENSG00000102970,CCL17,0.0073915970936940375,0,0,0,0,0,0.06079307976116211,0
ENSG00000186395,KRT10,0.0073915970936940375,0,0,0,0,0,0.06079307976116211,0
ENSG00000174405,LIG4,0.0073915970936940375,0,0,0,0,0,0.06079307976116211,0
ENSG00000034693,PEX3,0.0073915970936940375,0,0,0,0,0,0.06079307976116211,0
ENSG00000151461,UPF2,0.0073915970936940375,0,0,0,0,0,0.06079307976116211,0
ENSG00000157152,SYN2,0.0073915970936940375,0,0,0,0,0,0.06079307976116211,0
ENSG00000113396,SLC27A6,0.0073915970936940375,0,0,0,0,0,0.06079307976116211,0
ENSG00000169684,CHRNA5,0.0073915970936940375,0,0,0,0,0,0.06079307976116211,0
ENSG00000066248,NGEF,0.0073915970936940375,0,0,0,0,0,0.06079307976116211,0
ENSG00000006625,GGCT,0.0073915970936940375,0,0,0,0,0,0.06079307976116211,0
ENSG00000188906,LRRK2,0.0073915970936940375,0,0,0,0,0,0.06079307976116211,0
ENSG00000140105,WARS1,0.0073915970936940375,0,0,0,0,0,0.06079307976116211,0
ENSG00000121297,TSHZ3,0.0073915970936940375,0,0,0,0,0,0.06079307976116211,0
ENSG00000138675,FGF5,0.0073915970936940375,0,0,0,0,0,0.06079307976116211,0
ENSG00000149177,PTPRJ,0.0073915970936940375,0,0,0,0,0,0.06079307976116211,0
ENSG00000174562,KLK15,0.0073915970936940375,0,0,0,0,0,0.06079307976116211,0
ENSG00000198056,PRIM1,0.0073915970936940375,0,0,0,0,0,0.06079307976116211,0
ENSG00000164530,PI16,0.0073915970936940375,0,0,0,0,0,0.06079307976116211,0
ENSG00000204983,PRSS1,0.0073915970936940375,0,0,0,0,0,0.06079307976116211,0
ENSG00000117676,RPS6KA1,0.0073915970936940375,0,0,0,0,0,0.06079307976116211,0
ENSG00000009950,MLXIPL,0.0073915970936940375,0,0,0,0,0,0.06079307976116211,0
ENSG00000221955,SLC12A8,0.0073915970936940375,0,0,0,0,0,0.06079307976116211,0
ENSG00000105879,CBLL1,0.0073915970936940375,0,0,0,0,0,0.06079307976116211,0
ENSG00000011485,PPP5C,0.0073915970936940375,0,0,0,0,0,0.06079307976116211,0
ENSG00000156510,HKDC1,0.0073915970936940375,0,0,0,0,0,0.06079307976116211,0
ENSG00000162733,DDR2,0.0073915970936940375,0,0,0,0,0,0.06079307976116211,0
ENSG00000170160,CCDC144A,0.0073915970936940375,0,0,0,0,0,0.06079307976116211,0
ENSG00000163110,PDLIM5,0.0073915970936940375,0,0,0,0,0,0.06079307976116211,0
ENSG00000134321,RSAD2,0.0073915970936940375,0,0,0,0,0,0.06079307976116211,0
ENSG00000103485,QPRT,0.0073915970936940375,0,0,0,0,0,0.06079307976116211,0
ENSG00000016402,IL20RA,0.0073915970936940375,0,0,0,0,0,0.06079307976116211,0
ENSG00000126602,TRAP1,0.0073915970936940375,0,0,0,0,0,0.06079307976116211,0
ENSG00000163736,PPBP,0.0073915970936940375,0,0,0,0,0,0.06079307976116211,0
ENSG00000006756,ARSD,0.0073915970936940375,0,0,0,0,0,0.06079307976116211,0
ENSG00000188786,MTF1,0.0073915970936940375,0,0,0,0,0,0.06079307976116211,0
ENSG00000170891,CYTL1,0.0073915970936940375,0,0,0,0,0,0.06079307976116211,0
ENSG00000125337,KIF25,0.0073915970936940375,0,0,0,0,0,0.06079307976116211,0
ENSG00000121671,CRY2,0.0073915970936940375,0,0,0,0,0,0.06079307976116211,0
ENSG00000173376,NDNF,0.0073915970936940375,0,0,0,0,0,0.06079307976116211,0
ENSG00000176204,LRRTM4,0.0073915970936940375,0,0,0,0,0,0.06079307976116211,0
ENSG00000227507,LTB,0.0073915970936940375,0,0,0,0,0,0.06079307976116211,0
ENSG00000144182,LIPT1,0.0073915970936940375,0,0,0,0,0,0.06079307976116211,0
ENSG00000153989,NUS1,0.0073915970936940375,0,0,0,0,0,0.06079307976116211,0
ENSG00000169057,MECP2,0.0073915970936940375,0,0,0,0,0,0.06079307976116211,0
ENSG00000105479,ODAD1,0.0073915970936940375,0,0,0,0,0,0.06079307976116211,0
ENSG00000183486,MX2,0.0073915970936940375,0,0,0,0,0,0.06079307976116211,0
ENSG00000156103,MMP16,0.0073915970936940375,0,0,0,0,0,0.06079307976116211,0
ENSG00000134240,HMGCS2,0.0073915970936940375,0,0,0,0,0,0.06079307976116211,0
ENSG00000129991,TNNI3,0.0073915970936940375,0,0,0,0,0,0.06079307976116211,0
ENSG00000123561,SERPINA7,0.0073915970936940375,0,0,0,0,0,0.06079307976116211,0
ENSG00000090932,DLL3,0.0073915970936940375,0,0,0,0,0,0.06079307976116211,0
ENSG00000154655,L3MBTL4,0.0073915970936940375,0,0,0,0,0,0.06079307976116211,0
ENSG00000180875,GREM2,0.0073915970936940375,0,0,0,0,0,0.06079307976116211,0
ENSG00000117115,PADI2,0.0073915970936940375,0,0,0,0,0,0.06079307976116211,0
ENSG00000029559,IBSP,0.0073915970936940375,0,0,0,0,0,0.06079307976116211,0
ENSG00000260260,SNHG19,0.0073915970936940375,0,0,0,0,0,0.06079307976116211,0
ENSG00000087076,HSD17B14,0.0073915970936940375,0,0,0,0,0,0.06079307976116211,0
ENSG00000113263,ITK,0.0073915970936940375,0,0,0,0,0,0.06079307976116211,0
ENSG00000143486,EIF2D,0.0073915970936940375,0,0,0,0,0,0.06079307976116211,0
ENSG00000136450,SRSF1,0.0073915970936940375,0,0,0,0,0,0.06079307976116211,0
ENSG00000070193,FGF10,0.0073915970936940375,0,0,0,0,0,0.06079307976116211,0
ENSG00000106819,ASPN,0.0073915970936940375,0,0,0,0,0,0.06079307976116211,0
ENSG00000101951,PAGE4,0.0073915970936940375,0,0,0,0,0,0.06079307976116211,0
ENSG00000266402,SNHG25,0.0073915970936940375,0,0,0,0,0,0.06079307976116211,0
ENSG00000138678,GPAT3,0.0073915970936940375,0,0,0,0,0,0.06079307976116211,0
ENSG00000248329,APELA,0.0073915970936940375,0,0,0,0,0,0.06079307976116211,0
ENSG00000188529,SRSF10,0.0073915970936940375,0,0,0,0,0,0.06079307976116211,0
ENSG00000109272,PF4V1,0.0073915970936940375,0,0,0,0,0,0.06079307976116211,0
ENSG00000164944,VIRMA,0.0073915970936940375,0,0,0,0,0,0.06079307976116211,0
ENSG00000125743,SNRPD2,0.0073915970936940375,0,0,0,0,0,0.06079307976116211,0
ENSG00000189002,PROS2P,0.0073915970936940375,0,0,0,0,0,0.06079307976116211,0
ENSG00000162595,DIRAS3,0.0073915970936940375,0,0,0,0,0,0.06079307976116211,0
ENSG00000188039,NWD1,0.0073915970936940375,0,0,0,0,0,0.06079307976116211,0
ENSG00000196968,POFUT4,0.0073915970936940375,0,0,0,0,0,0.06079307976116211,0
ENSG00000010438,PRSS3,0.0073915970936940375,0,0,0,0,0,0.06079307976116211,0
ENSG00000151414,NEK7,0.0073915970936940375,0,0,0,0,0,0.06079307976116211,0
ENSG00000137269,LRRC1,0.0073915970936940375,0,0,0,0,0,0.06079307976116211,0
ENSG00000069122,ADGRF5,0.0073915970936940375,0,0,0,0,0,0.06079307976116211,0
ENSG00000290838,NCF1B,0.0073915970936940375,0,0,0,0,0,0.06079307976116211,0
ENSG00000144476,ACKR3,0.007391597093694037,0,0,0,0,0,0.060793079761162105,0
ENSG00000240583,AQP1,0.007391597093694037,0,0,0,0,0,0.060793079761162105,0
ENSG00000136160,EDNRB,0.007391597093694037,0,0,0,0,0,0.060793079761162105,0
ENSG00000147202,DIAPH2,0.007391597093694037,0,0,0,0,0,0.060793079761162105,0
ENSG00000186529,CYP4F3,0.007371064879544886,0,0,0,0,0,0.06062421009515888,0
ENSG00000160326,SLC2A6,0.007310905492087877,0,0,0,0,0,0.06012942197376942,0
ENSG00000101412,E2F1,0.007293261866218451,0,0,0,0,0,0.059984309849669584,0
ENSG00000127948,POR,0.007243518159992353,0,0,0,0,0,0.059575186751929465,0
ENSG00000168209,DDIT4,0.0072222063269635475,0,0,0,0,0,0.059399905016635474,0
ENSG00000109919,MTCH2,0.007206807166351686,0,0,0,0,0,0.05927325276713306,0
ENSG00000025796,SEC63,0.007206807166351686,0,0,0,0,0,0.05927325276713306,0
ENSG00000166165,CKB,0.007206807166351686,0,0,0,0,0,0.05927325276713306,0
ENSG00000050628,PTGER3,0.007206807166351686,0,0,0,0,0,0.05927325276713306,0
ENSG00000110958,PTGES3,0.007206807166351686,0,0,0,0,0,0.05927325276713306,0
ENSG00000178295,GEN1,0.007206807166351686,0,0,0,0,0,0.05927325276713306,0
ENSG00000101187,SLCO4A1,0.007186274952202535,0,0,0,0,0,0.05910438310112983,0
ENSG00000137252,HCRTR2,0.007186274952202535,0,0,0,0,0,0.05910438310112983,0
ENSG00000179091,CYC1,0.007186274952202535,0,0,0,0,0,0.05910438310112983,0
ENSG00000121764,HCRTR1,0.007186274952202535,0,0,0,0,0,0.05910438310112983,0
ENSG00000001630,CYP51A1,0.007186274952202535,0,0,0,0,0,0.05910438310112983,0
ENSG00000076356,PLXNA2,0.007058757331592958,0,0,0,0,0,0.05805559908565836,0
ENSG00000170962,PDGFD,0.00705815393591184,0,0,0,0,0,0.058050636385269694,0
ENSG00000179455,MKRN3,0.007022017239009335,0,0,0,0,0,0.057753425773104,0
ENSG00000172543,CTSW,0.007022017239009335,0,0,0,0,0,0.057753425773104,0
ENSG00000180543,TSPYL5,0.007022017239009335,0,0,0,0,0,0.057753425773104,0
ENSG00000114739,ACVR2B,0.007022017239009335,0,0,0,0,0,0.057753425773104,0
ENSG00000198889,DCAF12L1,0.007022017239009335,0,0,0,0,0,0.057753425773104,0
ENSG00000197586,ENTPD6,0.007022017239009335,0,0,0,0,0,0.057753425773104,0
ENSG00000087237,CETP,0.007022017239009335,0,0,0,0,0,0.057753425773104,0
ENSG00000178188,SH2B1,0.007001485024860183,0,0,0,0,0,0.057584556107100775,0
ENSG00000119535,CSF3R,0.006924489221800871,0,0,0,0,0,0.05695129485958867,0
ENSG00000115415,STAT1,0.006888557847039859,0,0,0,0,0,0.05665577294408303,0
ENSG00000164692,COL1A2,0.006887531236332401,0,0,0,0,0,0.05664732946078286,0
ENSG00000171109,MFN1,0.006839896499506373,0,0,0,0,0,0.056255551835655365,0
ENSG00000151090,THRB,0.0068372273116669826,0,0,0,0,0,0.04863446380892969,0
ENSG00000205221,VIT,0.0068372273116669826,0,0,0,0,0,0.056233598779074946,0
ENSG00000198836,OPA1,0.006798832071208072,0,0,0,0,0,0.05591781250364891,0
ENSG00000164327,RICTOR,0.006796162883368684,0,0,0,0,0,0.0558958594470685,0
ENSG00000172062,SMN1,0.0067858967762941085,0,0,0,0,0,0.05581142461406688,0
ENSG00000112299,VNN1,0.0067756306692195335,0,0,0,0,0,0.05572698978106527,0
ENSG00000136810,TXN,0.006755777145405535,0,0,0,0,0.009479029177506095,0.05319394479101684,0
ENSG00000142657,PGD,0.006652437384324632,0,0,0,0,0,0.0547137717850459,0
ENSG00000085788,DDHD2,0.006652437384324632,0,0,0,0,0,0.0547137717850459,0
ENSG00000138107,ACTR1A,0.006652437384324632,0,0,0,0,0,0.0547137717850459,0
ENSG00000100380,ST13,0.006652437384324632,0,0,0,0,0,0.0547137717850459,0
ENSG00000129194,SOX15,0.006652437384324632,0,0,0,0,0,0.0547137717850459,0
ENSG00000112561,TFEB,0.006652437384324632,0,0,0,0,0,0.0547137717850459,0
ENSG00000254521,SIGLEC12,0.006652437384324632,0,0,0,0,0,0.0547137717850459,0
ENSG00000084453,SLCO1A2,0.006652437384324632,0,0,0,0,0,0.0547137717850459,0
ENSG00000197381,ADARB1,0.006652437384324632,0,0,0,0,0,0.0547137717850459,0
ENSG00000165271,NOL6,0.006652437384324632,0,0,0,0,0,0.0547137717850459,0
ENSG00000143450,OAZ3,0.006652437384324632,0,0,0,0,0,0.0547137717850459,0
ENSG00000162747,FCGR3B,0.006652437384324632,0,0,0,0,0,0.0547137717850459,0
ENSG00000114933,INO80D,0.006652437384324632,0,0,0,0,0,0.0547137717850459,0
ENSG00000162511,LAPTM5,0.006652437384324632,0,0,0,0,0,0.0547137717850459,0
ENSG00000137098,SPAG8,0.006652437384324632,0,0,0,0,0,0.0547137717850459,0
ENSG00000188211,NCR3LG1,0.006652437384324632,0,0,0,0,0,0.0547137717850459,0
ENSG00000106588,PSMA2,0.006652437384324632,0,0,0,0,0,0.0547137717850459,0
ENSG00000170776,AKAP13,0.006652437384324632,0,0,0,0,0,0.0547137717850459,0
ENSG00000105127,AKAP8,0.006652437384324632,0,0,0,0,0,0.0547137717850459,0
ENSG00000204389,HSPA1A,0.006652437384324632,0,0,0,0,0,0.0547137717850459,0
ENSG00000203747,FCGR3A,0.006652437384324632,0,0,0,0,0,0.0547137717850459,0
ENSG00000147044,CASK,0.006652437384324632,0,0,0,0,0,0.0547137717850459,0
ENSG00000144810,COL8A1,0.006652437384324632,0,0,0,0,0,0.0547137717850459,0
ENSG00000178301,AQP11,0.006652437384324632,0,0,0,0,0,0.0547137717850459,0
ENSG00000176476,SGF29,0.006652437384324632,0,0,0,0,0,0.0547137717850459,0
ENSG00000109971,HSPA8,0.006652437384324632,0,0,0,0,0,0.0547137717850459,0
ENSG00000167768,KRT1,0.006652437384324632,0,0,0,0,0,0.0547137717850459,0
ENSG00000147246,HTR2C,0.006652437384324632,0,0,0,0,0,0.0547137717850459,0
ENSG00000104320,NBN,0.006652437384324632,0,0,0,0,0,0.0547137717850459,0
ENSG00000117834,SLC5A9,0.006652437384324632,0,0,0,0,0,0.0547137717850459,0
ENSG00000164488,DACT2,0.006652437384324632,0,0,0,0,0,0.0547137717850459,0
ENSG00000103266,STUB1,0.006652437384324632,0,0,0,0,0,0.0547137717850459,0
ENSG00000147601,TERF1,0.006652437384324632,0,0,0,0,0,0.0547137717850459,0
ENSG00000137834,SMAD6,0.006652437384324632,0,0,0,0,0,0.0547137717850459,0
ENSG00000147872,PLIN2,0.006652437384324632,0,0,0,0,0,0.0547137717850459,0
ENSG00000000938,FGR,0.006652437384324632,0,0,0,0,0,0.0547137717850459,0
ENSG00000168439,STIP1,0.006652437384324632,0,0,0,0,0,0.0547137717850459,0
ENSG00000060762,MPC1,0.006652437384324632,0,0,0,0,0,0.0547137717850459,0
ENSG00000125630,POLR1B,0.006652437384324632,0,0,0,0,0,0.0547137717850459,0
ENSG00000167526,RPL13,0.006652437384324632,0,0,0,0,0,0.0547137717850459,0
ENSG00000197822,OCLN,0.006567216124862303,0,0,0,0,0,0.05401285928154107,0
ENSG00000106462,EZH2,0.006565175474190745,0,0,0,0,0,0.05399607570453218,0
ENSG00000092621,PHGDH,0.006536214609518694,0,0,0,0,0.01685960390407575,0.049542982612027046,0
ENSG00000136931,NR5A1,0.006497419167498549,0,0,0,0,0,0.05343880580672152,0
ENSG00000101160,CTSZ,0.00646764745698228,0,0,0,0,0,0.05319394479101684,0
ENSG00000132639,SNAP25,0.006447115242833132,0,0,0,0,0,0.05302507512501362,0
ENSG00000150995,ITPR1,0.006436849135758557,0,0,0,0,0,0.052940640292012,0
ENSG00000163347,CLDN1,0.006436849135758557,0,0,0,0,0,0.052940640292012,0
ENSG00000198899,MT-ATP6,0.006426583028683982,0,0,0,0,0,0.05285620545901039,0
ENSG00000177885,GRB2,0.006344454172087381,0,0,0,0,0,0.052180726794997474,0
ENSG00000134982,APC,0.006315093105854095,0,0,0,0,0,0.051939243172612864,0
ENSG00000145708,CRHBP,0.006303595065930572,0,0,0,0,0,0.05184467615965105,0
ENSG00000145604,SKP2,0.006282857529639931,0,0,0,0,0,0.051674117796987794,0
ENSG00000091428,RAPGEF4,0.006282857529639931,0,0,0,0,0,0.051674117796987794,0
ENSG00000157764,BRAF,0.006282857529639931,0,0,0,0,0,0.051674117796987794,0
ENSG00000118777,ABCG2,0.006260670167615491,0,0,0,0,0,0.05149163516811287,0
ENSG00000127528,KLF2,0.00615966424474503,0,0,0,0,0,0.05066089980096842,0
ENSG00000186350,RXRA,0.00615966424474503,0,0,0,0,0,0.05066089980096842,0
ENSG00000197756,RPL37A,0.00615966424474503,0,0,0,0,0,0.05066089980096842,0
ENSG00000131781,FMO5,0.006137374221649845,0,0,0,0,0,0.050477572823763486,0
ENSG00000124253,PCK1,0.006130303178511745,0,0,0,0,0,0.05041941617858381,0
ENSG00000079805,DNM2,0.006126402057823406,0,0,0,0,0,0.050387330942043194,0
ENSG00000139132,FGD4,0.006113466762909443,0,0,0,0,0,0.05028094305246116,0
ENSG00000167910,CYP7A1,0.006098067602297579,0,0,0,0,0,0.05015429080295874,0
ENSG00000182578,CSF1R,0.006098067602297579,0,0,0,0,0,0.05015429080295874,0
ENSG00000180432,CYP8B1,0.006098067602297579,0,0,0,0,0,0.05015429080295874,0
ENSG00000116717,GADD45A,0.006077535388148429,0,0,0,0,0,0.04998542113695551,0
ENSG00000151694,ADAM17,0.006077535388148429,0,0,0,0,0,0.04998542113695551,0
ENSG00000100889,PCK2,0.006068141592377748,0,0,0,0,0.009485399013332795,0.0475368109799087,0
ENSG00000134339,SAA2,0.006067269281073855,0,0,0,0,0,0.0499009863039539,0
ENSG00000177666,PNPLA2,0.0060584404289897205,0,0,0,0,0,0.04982837234757251,0
ENSG00000114904,NEK4,0.0059748743174026795,0,0,0,0,0,0.04914107280693938,0
ENSG00000204287,HLA-DRA,0.0059646082103281045,0,0,0,0,0,0.04905663797393776,0
ENSG00000179218,CALR,0.0059646082103281045,0,0,0,0,0,0.04905663797393776,0
ENSG00000163221,S100A12,0.005954342103253529,0,0,0,0,0,0.04897220314093614,0
ENSG00000165731,RET,0.005954342103253529,0,0,0,0,0,0.04897220314093614,0
ENSG00000258609,LINC-ROR,0.005954342103253529,0,0,0,0,0,0.04897220314093614,0
ENSG00000184012,TMPRSS2,0.005926212969869194,0,0,0,0,0,0.048740851698511715,0
ENSG00000131482,G6PC1,0.0059210799163319046,0,0,0,0,0,0.048698634282010905,0
ENSG00000135451,TROAP,0.005913277674955229,0,0,0,0,0,0.04863446380892969,0
ENSG00000101280,ANGPT4,0.005913277674955229,0,0,0,0,0,0.04863446380892969,0
ENSG00000135835,KIAA1614,0.005913277674955229,0,0,0,0,0,0.04863446380892969,0
ENSG00000126432,PRDX5,0.005913277674955229,0,0,0,0,0,0.04863446380892969,0
ENSG00000107438,PDLIM1,0.005913277674955229,0,0,0,0,0,0.04863446380892969,0
ENSG00000133742,CA1,0.005913277674955229,0,0,0,0,0,0.04863446380892969,0
ENSG00000035928,RFC1,0.005913277674955229,0,0,0,0,0,0.04863446380892969,0
ENSG00000007237,GAS7,0.005913277674955229,0,0,0,0,0,0.04863446380892969,0
ENSG00000153936,HS2ST1,0.005913277674955229,0,0,0,0,0,0.04863446380892969,0
ENSG00000167508,MVD,0.005913277674955229,0,0,0,0,0,0.04863446380892969,0
ENSG00000134443,GRP,0.005913277674955229,0,0,0,0,0,0.04863446380892969,0
ENSG00000205542,TMSB4X,0.005913277674955229,0,0,0,0,0,0.04863446380892969,0
ENSG00000150471,ADGRL3,0.005913277674955229,0,0,0,0,0,0.04863446380892969,0
ENSG00000198074,AKR1B10,0.005913277674955229,0,0,0,0,0,0.04863446380892969,0
ENSG00000143217,NECTIN4,0.005913277674955229,0,0,0,0,0,0.04863446380892969,0
ENSG00000176406,RIMS2,0.005913277674955229,0,0,0,0,0,0.04863446380892969,0
ENSG00000074266,EED,0.005913277674955229,0,0,0,0,0,0.04863446380892969,0
ENSG00000186439,TRDN,0.005913277674955229,0,0,0,0,0,0.04863446380892969,0
ENSG00000211695,TRGV9,0.005913277674955229,0,0,0,0,0,0.04863446380892969,0
ENSG00000170214,ADRA1B,0.005913277674955229,0,0,0,0,0,0.04863446380892969,0
ENSG00000258597,SERPINA2,0.005913277674955229,0,0,0,0,0,0.04863446380892969,0
ENSG00000137203,TFAP2A,0.005882479353731503,0,0,0,0,0,0.048381159309924836,0
ENSG00000275385,CCL18,0.005861947139582353,0,0,0,0,0,0.04821228964392161,0
ENSG00000181631,P2RY13,0.005769552175911177,0,0,0,0,0,0.04745237614690708,0
ENSG00000198900,TOP1,0.005769552175911177,0,0,0,0,0,0.04745237614690708,0
ENSG00000113140,SPARC,0.005756822203138704,0,0,0,0,0,0.04734767695398508,0
ENSG00000167779,IGFBP6,0.0057438869082247395,0,0,0,0,0,0.04724128906440305,0
ENSG00000158578,ALAS2,0.005728487747612879,0,0,0,0,0,0.04711463681490064,0
ENSG00000244405,ETV5,0.005728487747612879,0,0,0,0,0,0.04711463681490064,0
ENSG00000178394,HTR1A,0.005707955533463729,0,0,0,0,0,0.046945767148897415,0
ENSG00000082781,ITGB5,0.005707955533463728,0,0,0,0,0,0.0469457671488974,0
ENSG00000176619,LMNB2,0.005707955533463728,0,0,0,0,0,0.0469457671488974,0
ENSG00000132326,PER2,0.005643266488150548,0,0,0,0,0,0.0464137243113958,0
ENSG00000159388,BTG2,0.0056182297576319404,0,0,0,0,0,0.046207806708463285,0
ENSG00000171557,FGG,0.005605294462717976,0,0,0,0,0,0.04610141881888126,0
ENSG00000037241,RPL26L1,0.005543697820270528,0,0,0,0,0,0.045594809820871586,0
ENSG00000082515,MRPL22,0.005543697820270528,0,0,0,0,0,0.045594809820871586,0
ENSG00000012223,LTF,0.005543697820270528,0,0,0,0,0,0.045594809820871586,0
ENSG00000128016,ZFP36,0.005543697820270528,0,0,0,0,0,0.045594809820871586,0
ENSG00000164326,CARTPT,0.005543697820270526,0,0,0,0,0,0.04559480982087158,0
ENSG00000239732,TLR9,0.005543697820270526,0,0,0,0,0,0.04559480982087158,0
ENSG00000081041,CXCL2,0.005523165606121377,0,0,0,0,0,0.04542594015486835,0
ENSG00000070831,CDC42,0.0055128994990468,0,0,0,0,0,0.04534150532186673,0
ENSG00000197919,IFNA1,0.0055128994990468,0,0,0,0,0,0.04534150532186673,0
ENSG00000132589,FLOT2,0.005489903419199753,0,0,0,0,0,0.045152371295943114,0
ENSG00000127324,TSPAN8,0.005435034109519125,0,0,0,0,0.044701092055804324,0,0
ENSG00000241837,ATP5PO,0.005420504535375625,0,0,0,0,0,0.044581591824852204,0
ENSG00000188822,CNR2,0.005420504535375625,0,0,0,0,0,0.044581591824852204,0
ENSG00000144668,ITGA9,0.005358907892928176,0,0,0,0,0,0.044074982826842524,0
ENSG00000101336,HCK,0.005358907892928176,0,0,0,0,0,0.044074982826842524,0
ENSG00000163898,LIPH,0.005358907892928176,0,0,0,0,0,0.044074982826842524,0
ENSG00000004897,CDC27,0.005358907892928176,0,0,0,0,0,0.044074982826842524,0
ENSG00000183691,NOG,0.005358907892928176,0,0,0,0,0,0.044074982826842524,0
ENSG00000011422,PLAUR,0.005358907892928176,0,0,0,0,0,0.044074982826842524,0
ENSG00000176890,TYMS,0.005358907892928176,0,0,0,0,0,0.044074982826842524,0
ENSG00000109062,NHERF1,0.005358907892928176,0,0,0,0,0,0.044074982826842524,0
ENSG00000102755,FLT1,0.005346177920155704,0,0,0,0,0,0.043970283633920526,0
ENSG00000135069,PSAT1,0.005272468124348824,0,0,0,0,0.0160696654788957,0.039346632178752144,0
ENSG00000187134,AKR1C1,0.005245980715107851,0,0,0,0,0,0.043146199663824776,0
ENSG00000160882,CYP11B1,0.005245980715107851,0,0,0,0,0,0.043146199663824776,0
ENSG00000125835,SNRPB,0.0051741179655858255,0,0,0,0,0,0.04255515583281348,0
ENSG00000095596,CYP26A1,0.0051741179655858255,0,0,0,0,0,0.04255515583281348,0
ENSG00000105176,URI1,0.0051741179655858255,0,0,0,0,0,0.04255515583281348,0
ENSG00000188157,AGRN,0.0051741179655858255,0,0,0,0,0,0.04255515583281348,0
ENSG00000182185,RAD51B,0.0051741179655858255,0,0,0,0,0,0.04255515583281348,0
ENSG00000177156,TALDO1,0.0051741179655858255,0,0,0,0,0,0.04255515583281348,0
ENSG00000092054,MYH7,0.0051741179655858255,0,0,0,0,0,0.04255515583281348,0
ENSG00000135914,HTR2B,0.0051741179655858255,0,0,0,0,0,0.04255515583281348,0
ENSG00000160087,UBE2J2,0.0051741179655858255,0,0,0,0,0,0.04255515583281348,0
ENSG00000164749,HNF4G,0.0051741179655858255,0,0,0,0,0,0.04255515583281348,0
ENSG00000170624,SGCD,0.0051741179655858255,0,0,0,0,0,0.04255515583281348,0
ENSG00000196586,MYO6,0.0051741179655858255,0,0,0,0,0,0.04255515583281348,0
ENSG00000100206,DMC1,0.0051741179655858255,0,0,0,0,0,0.04255515583281348,0
ENSG00000181991,MRPS11,0.0051741179655858255,0,0,0,0,0,0.04255515583281348,0
ENSG00000100191,SLC5A4,0.0051741179655858255,0,0,0,0,0,0.04255515583281348,0
ENSG00000158042,MRPL17,0.0051741179655858255,0,0,0,0,0,0.04255515583281348,0
ENSG00000132437,DDC,0.0051741179655858255,0,0,0,0,0,0.04255515583281348,0
ENSG00000122884,P4HA1,0.0051741179655858255,0,0,0,0,0,0.04255515583281348,0
ENSG00000063660,GPC1,0.0051741179655858255,0,0,0,0,0,0.04255515583281348,0
ENSG00000166902,MRPL16,0.0051741179655858255,0,0,0,0,0,0.04255515583281348,0
ENSG00000155903,RASA2,0.0051741179655858255,0,0,0,0,0,0.04255515583281348,0
ENSG00000107404,DVL1,0.0051741179655858255,0,0,0,0,0,0.04255515583281348,0
ENSG00000167191,GPRC5B,0.0051741179655858255,0,0,0,0,0,0.04255515583281348,0
ENSG00000136944,LMX1B,0.0051741179655858255,0,0,0,0,0,0.04255515583281348,0
ENSG00000138031,ADCY3,0.0051741179655858255,0,0,0,0,0,0.04255515583281348,0
ENSG00000104524,PYCR3,0.0051741179655858255,0,0,0,0,0,0.04255515583281348,0
ENSG00000257335,MGAM,0.0051741179655858255,0,0,0,0,0,0.01823792392834863,0
ENSG00000105568,PPP2R1A,0.0051741179655858255,0,0,0,0,0,0.04255515583281348,0
ENSG00000231925,TAPBP,0.0051741179655858255,0,0,0,0,0,0.04255515583281348,0
ENSG00000188342,GTF2F2,0.0051741179655858255,0,0,0,0,0,0.04255515583281348,0
ENSG00000196704,AMZ2,0.0051741179655858255,0,0,0,0,0,0.04255515583281348,0
ENSG00000110079,MS4A4A,0.0051741179655858255,0,0,0,0,0,0.04255515583281348,0
ENSG00000146701,MDH2,0.0051741179655858255,0,0,0,0,0,0.04255515583281348,0
ENSG00000157625,TAB3,0.0051741179655858255,0,0,0,0,0,0.04255515583281348,0
ENSG00000188290,HES4,0.0051741179655858255,0,0,0,0,0,0.04255515583281348,0
ENSG00000154473,BUB3,0.0051741179655858255,0,0,0,0,0,0.04255515583281348,0
ENSG00000145293,ENOPH1,0.0051741179655858255,0,0,0,0,0,0.04255515583281348,0
ENSG00000127472,PLA2G5,0.0051741179655858255,0,0,0,0,0,0.04255515583281348,0
ENSG00000001617,SEMA3F,0.0051741179655858255,0,0,0,0,0,0.04255515583281348,0
ENSG00000004776,HSPB6,0.0051741179655858255,0,0,0,0,0,0.04255515583281348,0
ENSG00000149591,TAGLN,0.0051741179655858255,0,0,0,0,0,0.04255515583281348,0
ENSG00000143811,PYCR2,0.0051741179655858255,0,0,0,0,0,0.04255515583281348,0
ENSG00000117569,PTBP2,0.0051741179655858255,0,0,0,0,0,0.04255515583281348,0
ENSG00000115419,GLS,0.0051741179655858255,0,0,0,0,0,0.04255515583281348,0
ENSG00000078808,SDF4,0.0051741179655858255,0,0,0,0,0,0.04255515583281348,0
ENSG00000127054,INTS11,0.0051741179655858255,0,0,0,0,0,0.04255515583281348,0
ENSG00000161921,CXCL16,0.005174117965585825,0,0,0,0,0,0.04255515583281347,0
ENSG00000119699,TGFB3,0.005174117965585825,0,0,0,0,0,0.04255515583281347,0
ENSG00000170421,KRT8,0.005174117965585825,0,0,0,0,0,0.04255515583281347,0
ENSG00000196482,ESRRG,0.005174117965585825,0,0,0,0,0,0.04255515583281347,0
ENSG00000136750,GAD2,0.0051535857514366755,0,0,0,0,0,0.04238628616681025,0
ENSG00000163734,CXCL3,0.0051535857514366755,0,0,0,0,0,0.04238628616681025,0
ENSG00000188676,IDO2,0.0051535857514366755,0,0,0,0,0,0.04238628616681025,0
ENSG00000137491,SLCO2B1,0.0051535857514366755,0,0,0,0,0,0.04238628616681025,0
ENSG00000110169,HPX,0.00504065857361635,0,0,0,0,0,0.041457503003792494,0
ENSG00000084676,NCOA1,0.00504065857361635,0,0,0,0,0,0.041457503003792494,0
ENSG00000213341,CHUK,0.004989328038243475,0,0,0,0,0,0.04103532883878443,0
ENSG00000140945,CDH13,0.004989328038243475,0,0,0,0,0,0.04103532883878443,0
ENSG00000163993,S100P,0.004989328038243475,0,0,0,0,0,0.04103532883878443,0
ENSG00000160181,TFF2,0.004989328038243475,0,0,0,0,0,0.04103532883878443,0
ENSG00000168958,MFF,0.004989328038243475,0,0,0,0,0,0.04103532883878443,0
ENSG00000002330,BAD,0.004961198904859138,0,0,0,0,0,0.04080397739636,0
ENSG00000174775,HRAS,0.004958529717019749,0,0,0,0,0,0.04078202433977958,0
ENSG00000163017,ACTG2,0.004916042392761682,0,0,0,0,0.00974762951200897,0.037995674850726316,0
ENSG00000137309,HMGA1,0.00487640086042315,0,0,0,0,0,0.04010654567576667,0
ENSG00000131747,TOP2A,0.004866134753348573,0,0,0,0,0,0.04002211084276505,0
ENSG00000162384,CZIB,0.004804538110901123,0,0,0,0,0,0.03951550184475537,0
ENSG00000130255,RPL36,0.004804538110901123,0,0,0,0,0,0.03951550184475537,0
ENSG00000126775,ATG14,0.004804538110901123,0,0,0,0,0,0.03951550184475537,0
ENSG00000127314,RAP1B,0.004804538110901123,0,0,0,0,0,0.03951550184475537,0
ENSG00000121454,LHX4,0.004804538110901123,0,0,0,0,0,0.03951550184475537,0
ENSG00000135374,ELF5,0.004804538110901123,0,0,0,0,0,0.03951550184475537,0
ENSG00000182255,KCNA4,0.004804538110901123,0,0,0,0,0,0.03951550184475537,0
ENSG00000054356,PTPRN,0.004804538110901123,0,0,0,0,0,0.03951550184475537,0
ENSG00000011426,ANLN,0.004804538110901123,0,0,0,0,0,0.03951550184475537,0
ENSG00000142319,SLC6A3,0.004804538110901123,0,0,0,0,0,0.03951550184475537,0
ENSG00000136854,STXBP1,0.004804538110901123,0,0,0,0,0,0.03951550184475537,0
ENSG00000189143,CLDN4,0.004804538110901123,0,0,0,0,0,0.03951550184475537,0
ENSG00000158477,CD1A,0.004804538110901123,0,0,0,0,0,0.03951550184475537,0
ENSG00000171858,RPS21,0.004804538110901123,0,0,0,0,0,0.03951550184475537,0
ENSG00000112149,CD83,0.004804538110901123,0,0,0,0,0,0.03951550184475537,0
ENSG00000160868,CYP3A4,0.004804538110901123,0,0,0,0,0,0.03951550184475537,0
ENSG00000215182,MUC5AC,0.004804538110901123,0,0,0,0,0,0.03951550184475537,0
ENSG00000169714,CNBP,0.004804538110901123,0,0,0,0,0,0.03951550184475537,0
ENSG00000117118,SDHB,0.004784005896751974,0,0,0,0,0,0.039346632178752144,0
ENSG00000172531,PPP1CA,0.004784005896751974,0,0,0,0,0,0.039346632178752144,0
ENSG00000152234,ATP5F1A,0.004784005896751974,0,0,0,0,0,0.039346632178752144,0
ENSG00000167863,ATP5PD,0.004784005896751974,0,0,0,0,0,0.039346632178752144,0
ENSG00000124713,GNMT,0.004691610933080798,0,0,0,0,0,0.03858671868173762,0
ENSG00000072518,MARK2,0.004648082639084599,0,0,0,0,0,0.03822871498981077,0
ENSG00000118503,TNFAIP3,0.004635147344170636,0,0,0,0,0,0.03812232710022874,0
ENSG00000104814,MAP4K1,0.004619748183558772,0,0,0,0,0,0.037995674850726316,0
ENSG00000161533,ACOX1,0.004619748183558772,0,0,0,0,0,0.037995674850726316,0
ENSG00000110887,DAO,0.004619748183558772,0,0,0,0,0,0.037995674850726316,0
ENSG00000104812,GYS1,0.004619748183558772,0,0,0,0,0,0.037995674850726316,0
ENSG00000142156,COL6A1,0.004619748183558772,0,0,0,0,0,0.037995674850726316,0
ENSG00000130522,JUND,0.004619748183558772,0,0,0,0,0,0.037995674850726316,0
ENSG00000243480,AMY2A,0.004619748183558772,0,0,0,0,0,0,0
ENSG00000108883,EFTUD2,0.004619748183558772,0,0,0,0,0,0.037995674850726316,0
ENSG00000125968,ID1,0.004619748183558772,0,0,0,0,0,0.037995674850726316,0
ENSG00000239998,LILRA2,0.004619748183558772,0,0,0,0,0,0.037995674850726316,0
ENSG00000114270,COL7A1,0.004619748183558772,0,0,0,0,0,0.037995674850726316,0
ENSG00000132965,ALOX5AP,0.004619748183558772,0,0,0,0,0,0.037995674850726316,0
ENSG00000148377,IDI2,0.004619748183558772,0,0,0,0,0,0.037995674850726316,0
ENSG00000188690,UROS,0.004619748183558772,0,0,0,0,0,0.037995674850726316,0
ENSG00000115738,ID2,0.004619748183558772,0,0,0,0,0,0.037995674850726316,0
ENSG00000186847,KRT14,0.004619748183558772,0,0,0,0,0,0.037995674850726316,0
ENSG00000105048,TNNT1,0.004599215969409622,0,0,0,0,0,0.03782680518472309,0
ENSG00000076984,MAP2K7,0.004565953782488,0,0,0,0,0,0.037553236325797865,0
ENSG00000105723,GSK3A,0.004496554898663872,0,0,0,0,0,0.03698245685470695,0
ENSG00000143320,CRABP2,0.004434958256216422,0,0,0,0,0,0.03647584785669727,0
ENSG00000091483,FH,0.004434958256216422,0,0,0,0,0,0.03647584785669727,0
ENSG00000020633,RUNX3,0.004434958256216422,0,0,0,0,0,0.03647584785669727,0
ENSG00000111358,GTF2H3,0.004434958256216422,0,0,0,0,0,0.03647584785669727,0
ENSG00000164107,HAND2,0.004434958256216422,0,0,0,0,0,0.03647584785669727,0
ENSG00000049323,LTBP1,0.004434958256216422,0,0,0,0,0,0.03647584785669727,0
ENSG00000107317,PTGDS,0.004434958256216422,0,0,0,0,0,0.03647584785669727,0
ENSG00000126088,UROD,0.004434958256216422,0,0,0,0,0,0.03647584785669727,0
ENSG00000224078,SNHG14,0.0044349582562164215,0,0,0,0,0,0.03647584785669726,0
ENSG00000130598,TNNI2,0.0044349582562164215,0,0,0,0,0,0.03647584785669726,0
ENSG00000106153,CHCHD2,0.0044349582562164215,0,0,0,0,0,0.03647584785669726,0
ENSG00000145780,FEM1C,0.0044349582562164215,0,0,0,0,0,0.03647584785669726,0
ENSG00000116459,ATP5PB,0.0044349582562164215,0,0,0,0,0,0.03647584785669726,0
ENSG00000171560,FGA,0.0044349582562164215,0,0,0,0,0,0.03647584785669726,0
ENSG00000162896,PIGR,0.0044349582562164215,0,0,0,0,0,0.03647584785669726,0
ENSG00000101825,MXRA5,0.0044349582562164215,0,0,0,0,0,0.03647584785669726,0
ENSG00000170296,GABARAP,0.0044349582562164215,0,0,0,0,0,0.03647584785669726,0
ENSG00000173599,PC,0.0044349582562164215,0,0,0,0,0,0.03647584785669726,0
ENSG00000168404,MLKL,0.0044349582562164215,0,0,0,0,0,0.03647584785669726,0
ENSG00000123405,NFE2,0.0044349582562164215,0,0,0,0,0,0.03647584785669726,0
ENSG00000159267,HLCS,0.0044349582562164215,0,0,0,0,0,0.03647584785669726,0
ENSG00000163421,PROK2,0.0044349582562164215,0,0,0,0,0,0.03647584785669726,0
ENSG00000242221,PSG2,0.0044349582562164215,0,0,0,0,0,0.03647584785669726,0
ENSG00000198001,IRAK4,0.0044349582562164215,0,0,0,0,0,0.03647584785669726,0
ENSG00000077514,POLD3,0.0044349582562164215,0,0,0,0,0,0.03647584785669726,0
ENSG00000077984,CST7,0.0044349582562164215,0,0,0,0,0,0.03647584785669726,0
ENSG00000141052,MYOCD,0.0044349582562164215,0,0,0,0,0,0.03647584785669726,0
ENSG00000175591,P2RY2,0.0044349582562164215,0,0,0,0,0,0.03647584785669726,0
ENSG00000138435,CHRNA1,0.0044349582562164215,0,0,0,0,0,0.03647584785669726,0
ENSG00000167193,CRK,0.0044349582562164215,0,0,0,0,0,0.03647584785669726,0
ENSG00000112658,SRF,0.0044349582562164215,0,0,0,0,0,0.03647584785669726,0
ENSG00000083123,BCKDHB,0.0044349582562164215,0,0,0,0,0,0.03647584785669726,0
ENSG00000164129,NPY5R,0.0044349582562164215,0,0,0,0,0,0.03647584785669726,0
ENSG00000110955,ATP5F1B,0.0044349582562164215,0,0,0,0,0,0.03647584785669726,0
ENSG00000120279,MYCT1,0.0044349582562164215,0,0,0,0,0,0.03647584785669726,0
ENSG00000111837,MAK,0.0044349582562164215,0,0,0,0,0,0.03647584785669726,0
ENSG00000092009,CMA1,0.0044349582562164215,0,0,0,0,0,0.03647584785669726,0
ENSG00000070526,ST6GALNAC1,0.0044349582562164215,0,0,0,0,0,0.03647584785669726,0
ENSG00000204482,LST1,0.0044349582562164215,0,0,0,0,0,0.03647584785669726,0
ENSG00000106554,CHCHD3,0.0044349582562164215,0,0,0,0,0,0.03647584785669726,0
ENSG00000142920,AZIN2,0.0044349582562164215,0,0,0,0,0,0.03647584785669726,0
ENSG00000131236,CAP1,0.0044349582562164215,0,0,0,0,0,0.03647584785669726,0
ENSG00000118496,FBXO30,0.0044349582562164215,0,0,0,0,0,0.03647584785669726,0
ENSG00000250479,CHCHD10,0.0044349582562164215,0,0,0,0,0,0.03647584785669726,0
ENSG00000141564,RPTOR,0.0044349582562164215,0,0,0,0,0,0.03647584785669726,0
ENSG00000149428,HYOU1,0.0044349582562164215,0,0,0,0,0,0.03647584785669726,0
ENSG00000102393,GLA,0.0044349582562164215,0,0,0,0,0,0.03647584785669726,0
ENSG00000198938,MT-CO3,0.0044349582562164215,0,0,0,0,0,0.03647584785669726,0
ENSG00000139684,ESD,0.0044349582562164215,0,0,0,0,0,0.03647584785669726,0
ENSG00000091136,LAMB1,0.0044349582562164215,0,0,0,0,0,0.03647584785669726,0
ENSG00000135424,ITGA7,0.0044349582562164215,0,0,0,0,0,0.03647584785669726,0
ENSG00000108561,C1QBP,0.0044349582562164215,0,0,0,0,0,0.03647584785669726,0
ENSG00000170516,COX7B2,0.0044349582562164215,0,0,0,0,0,0.03647584785669726,0
ENSG00000148229,POLE3,0.0044349582562164215,0,0,0,0,0,0.03647584785669726,0
ENSG00000123268,ATF1,0.0044349582562164215,0,0,0,0,0,0.03647584785669726,0
ENSG00000122873,CISD1,0.0044349582562164215,0,0,0,0,0,0.03647584785669726,0
ENSG00000122176,FMOD,0.0044349582562164215,0,0,0,0,0,0.03647584785669726,0
ENSG00000135823,STX6,0.0044349582562164215,0,0,0,0,0,0.03647584785669726,0
ENSG00000155659,VSIG4,0.0044349582562164215,0,0,0,0,0,0.03647584785669726,0
ENSG00000126934,MAP2K2,0.0044349582562164215,0,0,0,0,0,0.03647584785669726,0
ENSG00000160951,PTGER1,0.0044349582562164215,0,0,0,0,0,0.03647584785669726,0
ENSG00000123595,RAB9A,0.0044349582562164215,0,0,0,0,0,0.03647584785669726,0
ENSG00000066923,STAG3,0.0044349582562164215,0,0,0,0,0,0.03647584785669726,0
ENSG00000172757,CFL1,0.0044349582562164215,0,0,0,0,0,0.03647584785669726,0
ENSG00000168306,ACOX2,0.0044349582562164215,0,0,0,0,0,0.03647584785669726,0
ENSG00000125520,SLC2A4RG,0.0044349582562164215,0,0,0,0,0,0.03647584785669726,0
ENSG00000153071,DAB2,0.0044349582562164215,0,0,0,0,0,0.03647584785669726,0
ENSG00000136986,DERL1,0.0044349582562164215,0,0,0,0,0,0.03647584785669726,0
ENSG00000215483,LINC00598,0.0044349582562164215,0,0,0,0,0,0.03647584785669726,0
ENSG00000118680,MYL12B,0.0044349582562164215,0,0,0,0,0,0.03647584785669726,0
ENSG00000106031,HOXA13,0.0044349582562164215,0,0,0,0,0,0.03647584785669726,0
ENSG00000124429,POF1B,0.0044349582562164215,0,0,0,0,0,0.03647584785669726,0
ENSG00000196735,HLA-DQA1,0.0044349582562164215,0,0,0,0,0,0.03647584785669726,0
ENSG00000203879,GDI1,0.0044349582562164215,0,0,0,0,0,0.03647584785669726,0
ENSG00000188761,BCL2L15,0.0044349582562164215,0,0,0,0,0,0.03647584785669726,0
ENSG00000138722,MMRN1,0.0044349582562164215,0,0,0,0,0,0.03647584785669726,0
ENSG00000290676,SERPINA13P,0.0044349582562164215,0,0,0,0,0,0.03647584785669726,0
ENSG00000184502,GAST,0.0044349582562164215,0,0,0,0,0,0.03647584785669726,0
ENSG00000145526,CDH18,0.0044349582562164215,0,0,0,0,0,0.03647584785669726,0
ENSG00000256762,STH,0.0044349582562164215,0,0,0,0,0,0.03647584785669726,0
ENSG00000187714,SLC18A3,0.0044349582562164215,0,0,0,0,0,0.03647584785669726,0
ENSG00000093072,ADA2,0.0044349582562164215,0,0,0,0,0,0.03647584785669726,0
ENSG00000182492,BGN,0.0044349582562164215,0,0,0,0,0,0.03647584785669726,0
ENSG00000153094,BCL2L11,0.0044349582562164215,0,0,0,0,0,0.03647584785669726,0
ENSG00000105971,CAV2,0.0044349582562164215,0,0,0,0,0,0.03647584785669726,0
ENSG00000213648,SULT1A4,0.0044349582562164215,0,0,0,0,0,0.03647584785669726,0
ENSG00000155744,HYCC2,0.0044349582562164215,0,0,0,0,0,0.03647584785669726,0
ENSG00000105388,CEACAM5,0.0044349582562164215,0,0,0,0,0,0.03647584785669726,0
ENSG00000116649,SRM,0.0044349582562164215,0,0,0,0,0,0.03647584785669726,0
ENSG00000197888,UGT2B17,0.0044349582562164215,0,0,0,0,0,0.03647584785669726,0
ENSG00000180815,MAP3K15,0.0044349582562164215,0,0,0,0,0,0.03647584785669726,0
ENSG00000179046,TRIML2,0.0044349582562164215,0,0,0,0,0,0.03647584785669726,0
ENSG00000019549,SNAI2,0.0044144260420672715,0,0,0,0,0,0.03630697819069404,0
ENSG00000010704,HFE,0.0044144260420672715,0,0,0,0,0,0.03630697819069404,0
ENSG00000101474,APMAP,0.004322031078396096,0,0,0,0,0,0.03554706469367951,0
ENSG00000103495,MAZ,0.0042501683288740716,0,0,0,0,0,0.03495602086266821,0
ENSG00000112499,SLC22A2,0.0042501683288740716,0,0,0,0,0,0.03495602086266821,0
ENSG00000151882,CCL28,0.0042501683288740716,0,0,0,0,0,0.03495602086266821,0
ENSG00000003436,TFPI,0.0042501683288740716,0,0,0,0,0,0.03495602086266821,0
ENSG00000072062,PRKACA,0.0042501683288740716,0,0,0,0,0,0.03495602086266821,0
ENSG00000156709,AIFM1,0.0042501683288740716,0,0,0,0,0,0.03495602086266821,0
ENSG00000206561,COLQ,0.0042501683288740716,0,0,0,0,0,0.03495602086266821,0
ENSG00000104067,TJP1,0.0042501683288740716,0,0,0,0,0,0.03495602086266821,0
ENSG00000173039,RELA,0.0042501683288740716,0,0,0,0,0,0.03495602086266821,0
ENSG00000132155,RAF1,0.0042501683288740716,0,0,0,0,0,0.03495602086266821,0
ENSG00000116288,PARK7,0.0042501683288740716,0,0,0,0,0,0.03495602086266821,0
ENSG00000055208,TAB2,0.0042501683288740716,0,0,0,0,0,0.03495602086266821,0
ENSG00000170558,CDH2,0.0042501683288740716,0,0,0,0,0,0.03495602086266821,0
ENSG00000159363,ATP13A2,0.0042501683288740716,0,0,0,0,0,0.03495602086266821,0
ENSG00000101986,ABCD1,0.0042501683288740716,0,0,0,0,0,0.03495602086266821,0
ENSG00000164904,ALDH7A1,0.004229636114724921,0,0,0,0,0,0.034787151196664985,0
ENSG00000172817,CYP7B1,0.004229636114724921,0,0,0,0,0,0.034787151196664985,0
ENSG00000163823,CCR1,0.004229636114724921,0,0,0,0,0,0.034787151196664985,0
ENSG00000163914,RHO,0.004229636114724921,0,0,0,0,0,0.034787151196664985,0
ENSG00000143171,RXRG,0.00406537840153172,0,0,0,0,0,0.03343619386863916,0
ENSG00000115310,RTN4,0.00406537840153172,0,0,0,0,0,0.03343619386863916,0
ENSG00000135678,CPM,0.00406537840153172,0,0,0,0,0,0.03343619386863916,0
ENSG00000133641,RLIG1,0.00406537840153172,0,0,0,0,0,0.03343619386863916,0
ENSG00000197562,RAB40C,0.00406537840153172,0,0,0,0,0,0.03343619386863916,0
ENSG00000133805,AMPD3,0.00406537840153172,0,0,0,0,0,0.03343619386863916,0
ENSG00000138136,LBX1,0.00406537840153172,0,0,0,0,0,0.03343619386863916,0
ENSG00000154175,ABI3BP,0.00406537840153172,0,0,0,0,0,0.03343619386863916,0
ENSG00000122877,EGR2,0.00406537840153172,0,0,0,0,0,0.03343619386863916,0
ENSG00000197971,MBP,0.00406537840153172,0,0,0,0,0,0.03343619386863916,0
ENSG00000139289,PHLDA1,0.00406537840153172,0,0,0,0,0,0.03343619386863916,0
ENSG00000149090,PAMR1,0.00406537840153172,0,0,0,0,0,0.03343619386863916,0
ENSG00000169688,MT1B,0.00406537840153172,0,0,0,0,0,0.03343619386863916,0
ENSG00000057294,PKP2,0.00406537840153172,0,0,0,0,0,0.03343619386863916,0
ENSG00000124140,SLC12A5,0.00406537840153172,0,0,0,0,0,0.03343619386863916,0
ENSG00000118849,RARRES1,0.00406537840153172,0,0,0,0,0,0.03343619386863916,0
ENSG00000140943,MBTPS1,0.00406537840153172,0,0,0,0,0,0.03343619386863916,0
ENSG00000205362,MT1A,0.00406537840153172,0,0,0,0,0,0.03343619386863916,0
ENSG00000092010,PSME1,0.00406537840153172,0,0,0,0,0,0.03343619386863916,0
ENSG00000145782,ATG12,0.00406537840153172,0,0,0,0,0,0.03343619386863916,0
ENSG00000121743,GJA3,0.00406537840153172,0,0,0,0,0,0.03343619386863916,0
ENSG00000167749,KLK4,0.00406537840153172,0,0,0,0,0,0.03343619386863916,0
ENSG00000112425,EPM2A,0.00406537840153172,0,0,0,0,0,0.03343619386863916,0
ENSG00000213366,GSTM2,0.00406537840153172,0,0,0,0,0,0.03343619386863916,0
ENSG00000132383,RPA1,0.00406537840153172,0,0,0,0,0,0.03343619386863916,0
ENSG00000249437,NAIP,0.004034580080307995,0,0,0,0,0,0.033182889369634316,0
ENSG00000115604,IL18R1,0.0037573951892944687,0,0,0,0,0,0.03090314887859074,0
ENSG00000101017,CD40,0.0037573951892944687,0,0,0,0,0,0.03090314887859074,0
ENSG00000123975,CKS2,0.0037257008783752724,0,0,0,0,0.030642475204517034,0,0
ENSG00000197061,H4C3,0.0036957985468470188,0,0,0,0,0,0.030396539880581056,0
ENSG00000130066,SAT1,0.0036957985468470188,0,0,0,0,0,0.030396539880581056,0
ENSG00000105501,SIGLEC5,0.0036957985468470188,0,0,0,0,0,0.030396539880581056,0
ENSG00000173614,NMNAT1,0.0036957985468470188,0,0,0,0,0,0.030396539880581056,0
ENSG00000129219,PLD2,0.0036957985468470188,0,0,0,0,0,0.030396539880581056,0
ENSG00000102174,PHEX,0.0036957985468470188,0,0,0,0,0,0.030396539880581056,0
ENSG00000198796,ALPK2,0.0036957985468470188,0,0,0,0,0,0.030396539880581056,0
ENSG00000127022,CANX,0.0036957985468470188,0,0,0,0,0,0.030396539880581056,0
ENSG00000165609,NUDT5,0.0036957985468470188,0,0,0,0,0,0.030396539880581056,0
ENSG00000123201,GUCY1B2,0.0036957985468470188,0,0,0,0,0,0.030396539880581056,0
ENSG00000145191,EIF2B5,0.0036957985468470188,0,0,0,0,0,0.030396539880581056,0
ENSG00000197405,C5AR1,0.0036957985468470188,0,0,0,0,0,0.030396539880581056,0
ENSG00000196218,RYR1,0.0036957985468470188,0,0,0,0,0,0.030396539880581056,0
ENSG00000089692,LAG3,0.0036957985468470188,0,0,0,0,0,0.030396539880581056,0
ENSG00000142534,RPS11,0.0036957985468470188,0,0,0,0,0,0.030396539880581056,0
ENSG00000112312,GMNN,0.0036957985468470188,0,0,0,0,0,0.030396539880581056,0
ENSG00000165215,CLDN3,0.0036957985468470188,0,0,0,0,0,0.030396539880581056,0
ENSG00000168818,STX18,0.0036957985468470188,0,0,0,0,0,0.030396539880581056,0
ENSG00000160285,LSS,0.0036957985468470188,0,0,0,0,0,0.030396539880581056,0
ENSG00000047597,XK,0.0036957985468470188,0,0,0,0,0,0.030396539880581056,0
ENSG00000167972,ABCA3,0.0036957985468470188,0,0,0,0,0,0.030396539880581056,0
ENSG00000168334,XIRP1,0.0036957985468470188,0,0,0,0,0,0.030396539880581056,0
ENSG00000124160,NCOA5,0.0036957985468470188,0,0,0,0,0,0.030396539880581056,0
ENSG00000171587,DSCAM,0.0036957985468470188,0,0,0,0,0,0.030396539880581056,0
ENSG00000211675,IGLC1,0.0036957985468470188,0,0,0,0,0,0.030396539880581056,0
ENSG00000139144,PIK3C2G,0.0036957985468470188,0,0,0,0,0,0.030396539880581056,0
ENSG00000138759,FRAS1,0.0036957985468470188,0,0,0,0,0,0.030396539880581056,0
ENSG00000129007,CALML4,0.0036957985468470188,0,0,0,0,0,0.030396539880581056,0
ENSG00000187068,C3orf70,0.0036957985468470188,0,0,0,0,0,0.030396539880581056,0
ENSG00000135624,CCT7,0.0036957985468470188,0,0,0,0,0,0.030396539880581056,0
ENSG00000293412,GUCY1B2,0.0036957985468470188,0,0,0,0,0,0.030396539880581056,0
ENSG00000198898,CAPZA2,0.0036957985468470188,0,0,0,0,0,0.030396539880581056,0
ENSG00000122862,SRGN,0.0036957985468470188,0,0,0,0,0,0.030396539880581056,0
ENSG00000169436,COL22A1,0.0036957985468470188,0,0,0,0,0,0.030396539880581056,0
ENSG00000172752,COL6A5,0.0036957985468470188,0,0,0,0,0,0.030396539880581056,0
ENSG00000196376,SLC35F1,0.0036957985468470188,0,0,0,0,0,0.030396539880581056,0
ENSG00000137273,FOXF2,0.0036957985468470188,0,0,0,0,0,0.030396539880581056,0
ENSG00000158525,CPA5,0.0036957985468470188,0,0,0,0,0,0.030396539880581056,0
ENSG00000179542,SLITRK4,0.0036957985468470188,0,0,0,0,0,0.030396539880581056,0
ENSG00000164935,DCSTAMP,0.0036957985468470188,0,0,0,0,0,0.030396539880581056,0
ENSG00000172116,CD8B,0.0036957985468470188,0,0,0,0,0,0.030396539880581056,0
ENSG00000114650,SCAP,0.0036957985468470188,0,0,0,0,0,0.030396539880581056,0
ENSG00000145386,CCNA2,0.0036957985468470188,0,0,0,0,0,0.030396539880581056,0
ENSG00000135976,ANKRD36,0.0036957985468470188,0,0,0,0,0,0.030396539880581056,0
ENSG00000117593,DARS2,0.0036957985468470188,0,0,0,0,0,0.030396539880581056,0
ENSG00000171603,CLSTN1,0.0036957985468470188,0,0,0,0,0,0.030396539880581056,0
ENSG00000131408,NR1H2,0.0036957985468470188,0,0,0,0,0,0.030396539880581056,0
ENSG00000172172,MRPL13,0.0036957985468470188,0,0,0,0,0,0.030396539880581056,0
ENSG00000268500,SIGLEC5,0.0036957985468470188,0,0,0,0,0,0.030396539880581056,0
ENSG00000166900,STX3,0.0036957985468470188,0,0,0,0,0,0.030396539880581056,0
ENSG00000140835,CHST4,0.0036957985468470188,0,0,0,0,0,0.030396539880581056,0
ENSG00000170525,PFKFB3,0.0036957985468470188,0,0,0,0,0,0.030396539880581056,0
ENSG00000205571,SMN2,0.0036957985468470188,0,0,0,0,0,0.030396539880581056,0
ENSG00000165699,TSC1,0.0036957985468470188,0,0,0,0,0,0.030396539880581056,0
ENSG00000117009,KMO,0.0036957985468470188,0,0,0,0,0,0.030396539880581056,0
ENSG00000112038,OPRM1,0.0036957985468470188,0,0,0,0,0,0.030396539880581056,0
ENSG00000158473,CD1D,0.0036957985468470188,0,0,0,0,0,0.030396539880581056,0
ENSG00000124535,WRNIP1,0.0036957985468470188,0,0,0,0,0,0.030396539880581056,0
ENSG00000154025,SLC5A10,0.0036957985468470188,0,0,0,0,0,0.030396539880581056,0
ENSG00000139722,VPS37B,0.0036957985468470188,0,0,0,0,0,0.030396539880581056,0
ENSG00000230366,DSCR9,0.0036957985468470188,0,0,0,0,0,0.030396539880581056,0
ENSG00000111796,KLRB1,0.0036957985468470188,0,0,0,0,0,0.030396539880581056,0
ENSG00000204314,PRRT1,0.0036957985468470188,0,0,0,0,0,0.030396539880581056,0
ENSG00000112294,ALDH5A1,0.0036957985468470188,0,0,0,0,0,0.030396539880581056,0
ENSG00000171227,TMEM37,0.0036957985468470188,0,0,0,0,0,0.030396539880581056,0
ENSG00000148842,CNNM2,0.0036957985468470188,0,0,0,0,0,0.030396539880581056,0
ENSG00000225940,C5orf67,0.0036957985468470188,0,0,0,0,0,0.030396539880581056,0
ENSG00000159228,CBR1,0.0036957985468470188,0,0,0,0,0,0.030396539880581056,0
ENSG00000028116,VRK2,0.0036957985468470188,0,0,0,0,0,0.030396539880581056,0
ENSG00000184925,LCN12,0.0036957985468470188,0,0,0,0,0,0.030396539880581056,0
ENSG00000117748,RPA2,0.0036957985468470188,0,0,0,0,0,0.030396539880581056,0
ENSG00000197893,NRAP,0.0036957985468470188,0,0,0,0,0,0.030396539880581056,0
ENSG00000171401,KRT13,0.0036957985468470188,0,0,0,0,0,0.030396539880581056,0
ENSG00000007866,TEAD3,0.0036957985468470188,0,0,0,0,0,0.030396539880581056,0
ENSG00000089220,PEBP1,0.0036957985468470188,0,0,0,0,0,0.030396539880581056,0
ENSG00000236637,IFNA4,0.0036957985468470188,0,0,0,0,0,0.030396539880581056,0
ENSG00000178075,GRAMD1C,0.0036957985468470188,0,0,0,0,0,0.030396539880581056,0
ENSG00000137312,FLOT1,0.0036957985468470188,0,0,0,0,0,0.030396539880581056,0
ENSG00000175768,TOMM5,0.0036957985468470188,0,0,0,0,0,0.030396539880581056,0
ENSG00000168615,ADAM9,0.0036957985468470188,0,0,0,0,0,0.030396539880581056,0
ENSG00000284190,MIR21,0.0036957985468470188,0,0,0,0,0,0.030396539880581056,0
ENSG00000169129,AFAP1L2,0.0036957985468470188,0,0,0,0,0,0.030396539880581056,0
ENSG00000198951,NAGA,0.0036957985468470188,0,0,0,0,0,0.030396539880581056,0
ENSG00000148154,UGCG,0.0036957985468470188,0,0,0,0,0,0.030396539880581056,0
ENSG00000100368,CSF2RB,0.0036957985468470188,0,0,0,0,0,0.030396539880581056,0
ENSG00000066777,ARFGEF1,0.0036957985468470188,0,0,0,0,0,0.030396539880581056,0
ENSG00000197299,BLM,0.0036957985468470188,0,0,0,0,0,0.030396539880581056,0
ENSG00000154589,LY96,0.0036957985468470188,0,0,0,0,0,0.030396539880581056,0
ENSG00000158571,PFKFB1,0.0036957985468470188,0,0,0,0,0,0.030396539880581056,0
ENSG00000188779,SKOR1,0.0036957985468470188,0,0,0,0,0,0.030396539880581056,0
ENSG00000101096,NFATC2,0.0036957985468470188,0,0,0,0,0,0.030396539880581056,0
ENSG00000170381,SEMA3E,0.0036957985468470188,0,0,0,0,0,0.030396539880581056,0
ENSG00000100522,GNPNAT1,0.0036957985468470188,0,0,0,0,0,0.030396539880581056,0
ENSG00000165861,ZFYVE1,0.0036957985468470188,0,0,0,0,0,0.030396539880581056,0
ENSG00000140279,DUOX2,0.0036957985468470188,0,0,0,0,0,0.030396539880581056,0
ENSG00000101871,MID1,0.0036957985468470188,0,0,0,0,0,0.030396539880581056,0
ENSG00000119986,AVPI1,0.0036957985468470188,0,0,0,0,0,0.030396539880581056,0
ENSG00000117091,CD48,0.0036957985468470188,0,0,0,0,0,0.030396539880581056,0
ENSG00000130304,SLC27A1,0.0036957985468470188,0,0,0,0,0,0.030396539880581056,0
ENSG00000013288,MAN2B2,0.0036957985468470188,0,0,0,0,0,0.030396539880581056,0
ENSG00000002549,LAP3,0.0036957985468470188,0,0,0,0,0,0.030396539880581056,0
ENSG00000133246,PRAM1,0.0036957985468470188,0,0,0,0,0,0.030396539880581056,0
ENSG00000005882,PDK2,0.0036957985468470188,0,0,0,0,0,0.030396539880581056,0
ENSG00000105953,OGDH,0.0036957985468470188,0,0,0,0,0,0.030396539880581056,0
ENSG00000108344,PSMD3,0.0036957985468470188,0,0,0,0,0,0.030396539880581056,0
ENSG00000067992,PDK3,0.0036957985468470188,0,0,0,0,0,0.030396539880581056,0
ENSG00000148672,GLUD1,0.0036957985468470188,0,0,0,0,0,0.030396539880581056,0
ENSG00000143365,RORC,0.0036957985468470188,0,0,0,0,0,0.030396539880581056,0
ENSG00000143226,FCGR2A,0.0036957985468470188,0,0,0,0,0,0.030396539880581056,0
ENSG00000018236,CNTN1,0.0036957985468470188,0,0,0,0,0,0.030396539880581056,0
ENSG00000101182,PSMA7,0.0036957985468470188,0,0,0,0,0,0.030396539880581056,0
ENSG00000162373,BEND5,0.0036957985468470188,0,0,0,0,0,0.030396539880581056,0
ENSG00000130876,SLC7A10,0.0036957985468470188,0,0,0,0,0,0.030396539880581056,0
ENSG00000214513,NOTO,0.0036957985468470188,0,0,0,0,0,0.030396539880581056,0
ENSG00000100994,PYGB,0.0036957985468470188,0,0,0,0,0,0.030396539880581056,0
ENSG00000187855,ASCL4,0.0036957985468470188,0,0,0,0,0,0.030396539880581056,0
ENSG00000171094,ALK,0.0036957985468470188,0,0,0,0,0,0.030396539880581056,0
ENSG00000050555,LAMC3,0.0036957985468470188,0,0,0,0,0,0.030396539880581056,0
ENSG00000141750,STAC2,0.0036957985468470188,0,0,0,0,0,0.030396539880581056,0
ENSG00000131914,LIN28A,0.0036957985468470188,0,0,0,0,0,0.030396539880581056,0
ENSG00000185745,IFIT1,0.0036957985468470188,0,0,0,0,0,0.030396539880581056,0
ENSG00000141458,NPC1,0.0036957985468470188,0,0,0,0,0,0.030396539880581056,0
ENSG00000120693,SMAD9,0.0036957985468470188,0,0,0,0,0,0.030396539880581056,0
ENSG00000163040,CCDC74A,0.0036957985468470188,0,0,0,0,0,0.030396539880581056,0
ENSG00000172575,RASGRP1,0.0036957985468470188,0,0,0,0,0,0.030396539880581056,0
ENSG00000124159,MATN4,0.0036957985468470188,0,0,0,0,0,0.030396539880581056,0
ENSG00000177917,ARL6IP6,0.0036957985468470188,0,0,0,0,0,0.030396539880581056,0
ENSG00000135698,MPHOSPH6,0.0036957985468470188,0,0,0,0,0,0.030396539880581056,0
ENSG00000176108,CHMP6,0.0036957985468470188,0,0,0,0,0,0.030396539880581056,0
ENSG00000206177,HBM,0.0036957985468470188,0,0,0,0,0,0.030396539880581056,0
ENSG00000153802,TMPRSS11D,0.0036957985468470188,0,0,0,0,0,0.030396539880581056,0
ENSG00000138623,SEMA7A,0.0036957985468470188,0,0,0,0,0,0.030396539880581056,0
ENSG00000137267,TUBB2A,0.0036957985468470188,0,0,0,0,0,0.030396539880581056,0
ENSG00000166402,TUB,0.0036957985468470188,0,0,0,0,0,0.030396539880581056,0
ENSG00000188921,HACD4,0.0036957985468470188,0,0,0,0,0,0.030396539880581056,0
ENSG00000183762,KREMEN1,0.0036957985468470188,0,0,0,0,0,0.030396539880581056,0
ENSG00000155760,FZD7,0.0036957985468470188,0,0,0,0,0,0.030396539880581056,0
ENSG00000136237,RAPGEF5,0.0036957985468470188,0,0,0,0,0,0.030396539880581056,0
ENSG00000137573,SULF1,0.0036957985468470188,0,0,0,0,0,0.030396539880581056,0
ENSG00000198855,FICD,0.0036957985468470188,0,0,0,0,0,0.030396539880581056,0
ENSG00000145506,NKD2,0.0036957985468470188,0,0,0,0,0,0.030396539880581056,0
ENSG00000075884,ARHGAP15,0.0036957985468470188,0,0,0,0,0,0.030396539880581056,0
ENSG00000171864,PRND,0.0036957985468470188,0,0,0,0,0,0.030396539880581056,0
ENSG00000239306,RBM14,0.0036957985468470188,0,0,0,0,0,0.030396539880581056,0
ENSG00000125445,MRPS7,0.0036957985468470188,0,0,0,0,0,0.030396539880581056,0
ENSG00000172399,MYOZ2,0.0036957985468470188,0,0,0,0,0,0.030396539880581056,0
ENSG00000154813,DPH3,0.0036957985468470188,0,0,0,0,0,0.030396539880581056,0
ENSG00000134871,COL4A2,0.0036957985468470188,0,0,0,0,0,0.030396539880581056,0
ENSG00000156469,MTERF3,0.0036957985468470188,0,0,0,0,0,0.030396539880581056,0
ENSG00000136842,TMOD1,0.0036957985468470188,0,0,0,0,0,0.030396539880581056,0
ENSG00000170248,PDCD6IP,0.0036957985468470188,0,0,0,0,0,0.030396539880581056,0
ENSG00000175564,UCP3,0.0036957985468470188,0,0,0,0,0,0.030396539880581056,0
ENSG00000155850,SLC26A2,0.0036957985468470188,0,0,0,0,0,0.030396539880581056,0
ENSG00000146374,RSPO3,0.0036957985468470188,0,0,0,0,0,0.030396539880581056,0
ENSG00000164776,PHKG1,0.0036957985468470188,0,0,0,0,0,0.030396539880581056,0
ENSG00000168427,KLHL30,0.0036957985468470188,0,0,0,0,0,0.030396539880581056,0
ENSG00000207604,MIR206,0.0036957985468470188,0,0,0,0,0,0.030396539880581056,0
ENSG00000114503,NCBP2,0.0036957985468470188,0,0,0,0,0,0.030396539880581056,0
ENSG00000138032,PPM1B,0.0036957985468470188,0,0,0,0,0,0.030396539880581056,0
ENSG00000005001,PRSS22,0.0036957985468470188,0,0,0,0,0,0.030396539880581056,0
ENSG00000145284,SCD5,0.0036957985468470188,0,0,0,0,0,0.030396539880581056,0
ENSG00000142973,CYP4B1,0.0036957985468470188,0,0,0,0,0,0.030396539880581056,0
ENSG00000153002,CPB1,0.0036957985468470188,0,0,0,0,0,0.030396539880581056,0
ENSG00000134595,SOX3,0.0036957985468470188,0,0,0,0,0,0.030396539880581056,0
ENSG00000160360,GPSM1,0.0036957985468470188,0,0,0,0,0,0.030396539880581056,0
ENSG00000101049,SGK2,0.0036957985468470188,0,0,0,0,0,0.030396539880581056,0
ENSG00000133475,GGT2P,0.0036957985468470188,0,0,0,0,0,0.030396539880581056,0
ENSG00000110931,CAMKK2,0.0036957985468470188,0,0,0,0,0,0.030396539880581056,0
ENSG00000062282,DGAT2,0.0036957985468470188,0,0,0,0,0,0.030396539880581056,0
ENSG00000187033,SAMD7,0.0036957985468470188,0,0,0,0,0,0.030396539880581056,0
ENSG00000184162,NR2C2AP,0.0036957985468470188,0,0,0,0,0,0.030396539880581056,0
ENSG00000158270,COLEC12,0.0036957985468470188,0,0,0,0,0,0.030396539880581056,0
ENSG00000183098,GPC6,0.0036957985468470188,0,0,0,0,0,0.030396539880581056,0
ENSG00000168329,CX3CR1,0.0036957985468470188,0,0,0,0,0,0.030396539880581056,0
ENSG00000043462,LCP2,0.0036957985468470188,0,0,0,0,0,0.030396539880581056,0
ENSG00000197061,H4C3,0.0036957985468470188,0,0,0,0,0,0.030396539880581056,0
ENSG00000130066,SAT1,0.0036957985468470188,0,0,0,0,0,0.030396539880581056,0
ENSG00000105501,SIGLEC5,0.0036957985468470188,0,0,0,0,0,0.030396539880581056,0
ENSG00000173614,NMNAT1,0.0036957985468470188,0,0,0,0,0,0.030396539880581056,0
ENSG00000129219,PLD2,0.0036957985468470188,0,0,0,0,0,0.030396539880581056,0
ENSG00000102174,PHEX,0.0036957985468470188,0,0,0,0,0,0.030396539880581056,0
ENSG00000198796,ALPK2,0.0036957985468470188,0,0,0,0,0,0.030396539880581056,0
ENSG00000127022,CANX,0.0036957985468470188,0,0,0,0,0,0.030396539880581056,0
ENSG00000165609,NUDT5,0.0036957985468470188,0,0,0,0,0,0.030396539880581056,0
ENSG00000123201,GUCY1B2,0.0036957985468470188,0,0,0,0,0,0.030396539880581056,0
ENSG00000145191,EIF2B5,0.0036957985468470188,0,0,0,0,0,0.030396539880581056,0
ENSG00000197405,C5AR1,0.0036957985468470188,0,0,0,0,0,0.030396539880581056,0
ENSG00000196218,RYR1,0.0036957985468470188,0,0,0,0,0,0.030396539880581056,0
ENSG00000089692,LAG3,0.0036957985468470188,0,0,0,0,0,0.030396539880581056,0
ENSG00000142534,RPS11,0.0036957985468470188,0,0,0,0,0,0.030396539880581056,0
ENSG00000112312,GMNN,0.0036957985468470188,0,0,0,0,0,0.030396539880581056,0
ENSG00000165215,CLDN3,0.0036957985468470188,0,0,0,0,0,0.030396539880581056,0
ENSG00000168818,STX18,0.0036957985468470188,0,0,0,0,0,0.030396539880581056,0
ENSG00000160285,LSS,0.0036957985468470188,0,0,0,0,0,0.030396539880581056,0
ENSG00000047597,XK,0.0036957985468470188,0,0,0,0,0,0.030396539880581056,0
ENSG00000167972,ABCA3,0.0036957985468470188,0,0,0,0,0,0.030396539880581056,0
ENSG00000168334,XIRP1,0.0036957985468470188,0,0,0,0,0,0.030396539880581056,0
ENSG00000124160,NCOA5,0.0036957985468470188,0,0,0,0,0,0.030396539880581056,0
ENSG00000171587,DSCAM,0.0036957985468470188,0,0,0,0,0,0.030396539880581056,0
ENSG00000211675,IGLC1,0.0036957985468470188,0,0,0,0,0,0.030396539880581056,0
ENSG00000139144,PIK3C2G,0.0036957985468470188,0,0,0,0,0,0.030396539880581056,0
ENSG00000138759,FRAS1,0.0036957985468470188,0,0,0,0,0,0.030396539880581056,0
ENSG00000129007,CALML4,0.0036957985468470188,0,0,0,0,0,0.030396539880581056,0
ENSG00000187068,C3orf70,0.0036957985468470188,0,0,0,0,0,0.030396539880581056,0
ENSG00000135624,CCT7,0.0036957985468470188,0,0,0,0,0,0.030396539880581056,0
ENSG00000293412,GUCY1B2,0.0036957985468470188,0,0,0,0,0,0.030396539880581056,0
ENSG00000198898,CAPZA2,0.0036957985468470188,0,0,0,0,0,0.030396539880581056,0
ENSG00000122862,SRGN,0.0036957985468470188,0,0,0,0,0,0.030396539880581056,0
ENSG00000169436,COL22A1,0.0036957985468470188,0,0,0,0,0,0.030396539880581056,0
ENSG00000172752,COL6A5,0.0036957985468470188,0,0,0,0,0,0.030396539880581056,0
ENSG00000196376,SLC35F1,0.0036957985468470188,0,0,0,0,0,0.030396539880581056,0
ENSG00000137273,FOXF2,0.0036957985468470188,0,0,0,0,0,0.030396539880581056,0
ENSG00000158525,CPA5,0.0036957985468470188,0,0,0,0,0,0.030396539880581056,0
ENSG00000179542,SLITRK4,0.0036957985468470188,0,0,0,0,0,0.030396539880581056,0
ENSG00000172116,CD8B,0.0036957985468470188,0,0,0,0,0,0.030396539880581056,0
ENSG00000164935,DCSTAMP,0.0036957985468470188,0,0,0,0,0,0.030396539880581056,0
ENSG00000114650,SCAP,0.0036957985468470188,0,0,0,0,0,0.030396539880581056,0
ENSG00000145386,CCNA2,0.0036957985468470188,0,0,0,0,0,0.030396539880581056,0
ENSG00000135976,ANKRD36,0.0036957985468470188,0,0,0,0,0,0.030396539880581056,0
ENSG00000117593,DARS2,0.0036957985468470188,0,0,0,0,0,0.030396539880581056,0
ENSG00000171603,CLSTN1,0.0036957985468470188,0,0,0,0,0,0.030396539880581056,0
ENSG00000131408,NR1H2,0.0036957985468470188,0,0,0,0,0,0.030396539880581056,0
ENSG00000172172,MRPL13,0.0036957985468470188,0,0,0,0,0,0.030396539880581056,0
ENSG00000268500,SIGLEC5,0.0036957985468470188,0,0,0,0,0,0.030396539880581056,0
ENSG00000166900,STX3,0.0036957985468470188,0,0,0,0,0,0.030396539880581056,0
ENSG00000140835,CHST4,0.0036957985468470188,0,0,0,0,0,0.030396539880581056,0
ENSG00000170525,PFKFB3,0.0036957985468470188,0,0,0,0,0,0.030396539880581056,0
ENSG00000205571,SMN2,0.0036957985468470188,0,0,0,0,0,0.030396539880581056,0
ENSG00000165699,TSC1,0.0036957985468470188,0,0,0,0,0,0.030396539880581056,0
ENSG00000117009,KMO,0.0036957985468470188,0,0,0,0,0,0.030396539880581056,0
ENSG00000112038,OPRM1,0.0036957985468470188,0,0,0,0,0,0.030396539880581056,0
ENSG00000158473,CD1D,0.0036957985468470188,0,0,0,0,0,0.030396539880581056,0
ENSG00000124535,WRNIP1,0.0036957985468470188,0,0,0,0,0,0.030396539880581056,0
ENSG00000154025,SLC5A10,0.0036957985468470188,0,0,0,0,0,0.030396539880581056,0
ENSG00000139722,VPS37B,0.0036957985468470188,0,0,0,0,0,0.030396539880581056,0
ENSG00000230366,DSCR9,0.0036957985468470188,0,0,0,0,0,0.030396539880581056,0
ENSG00000111796,KLRB1,0.0036957985468470188,0,0,0,0,0,0.030396539880581056,0
ENSG00000204314,PRRT1,0.0036957985468470188,0,0,0,0,0,0.030396539880581056,0
ENSG00000112294,ALDH5A1,0.0036957985468470188,0,0,0,0,0,0.030396539880581056,0
ENSG00000171227,TMEM37,0.0036957985468470188,0,0,0,0,0,0.030396539880581056,0
ENSG00000148842,CNNM2,0.0036957985468470188,0,0,0,0,0,0.030396539880581056,0
ENSG00000225940,C5orf67,0.0036957985468470188,0,0,0,0,0,0.030396539880581056,0
ENSG00000159228,CBR1,0.0036957985468470188,0,0,0,0,0,0.030396539880581056,0
ENSG00000028116,VRK2,0.0036957985468470188,0,0,0,0,0,0.030396539880581056,0
ENSG00000184925,LCN12,0.0036957985468470188,0,0,0,0,0,0.030396539880581056,0
ENSG00000117748,RPA2,0.0036957985468470188,0,0,0,0,0,0.030396539880581056,0
ENSG00000197893,NRAP,0.0036957985468470188,0,0,0,0,0,0.030396539880581056,0
ENSG00000171401,KRT13,0.0036957985468470188,0,0,0,0,0,0.030396539880581056,0
ENSG00000007866,TEAD3,0.0036957985468470188,0,0,0,0,0,0.030396539880581056,0
ENSG00000089220,PEBP1,0.0036957985468470188,0,0,0,0,0,0.030396539880581056,0
ENSG00000236637,IFNA4,0.0036957985468470188,0,0,0,0,0,0.030396539880581056,0
ENSG00000178075,GRAMD1C,0.0036957985468470188,0,0,0,0,0,0.030396539880581056,0
ENSG00000137312,FLOT1,0.0036957985468470188,0,0,0,0,0,0.030396539880581056,0
ENSG00000175768,TOMM5,0.0036957985468470188,0,0,0,0,0,0.030396539880581056,0
ENSG00000168615,ADAM9,0.0036957985468470188,0,0,0,0,0,0.030396539880581056,0
ENSG00000284190,MIR21,0.0036957985468470188,0,0,0,0,0,0.030396539880581056,0
ENSG00000169129,AFAP1L2,0.0036957985468470188,0,0,0,0,0,0.030396539880581056,0
ENSG00000198951,NAGA,0.0036957985468470188,0,0,0,0,0,0.030396539880581056,0
ENSG00000148154,UGCG,0.0036957985468470188,0,0,0,0,0,0.030396539880581056,0
ENSG00000100368,CSF2RB,0.0036957985468470188,0,0,0,0,0,0.030396539880581056,0
ENSG00000066777,ARFGEF1,0.0036957985468470188,0,0,0,0,0,0.030396539880581056,0
ENSG00000124486,USP9X,0.0036957985468470188,0,0,0,0,0,0.030396539880581056,0
ENSG00000161513,FDXR,0.0036957985468470188,0,0,0,0,0,0.030396539880581056,0
ENSG00000171596,NMUR1,0.0036957985468470188,0,0,0,0,0,0.030396539880581056,0
ENSG00000168928,CTRB2,0.0036957985468470188,0,0,0,0,0,0.030396539880581056,0
ENSG00000155096,AZIN1,0.0036957985468470188,0,0,0,0,0,0.030396539880581056,0
ENSG00000213281,NRAS,0.0036957985468470188,0,0,0,0,0,0.030396539880581056,0
ENSG00000162613,FUBP1,0.0036957985468470188,0,0,0,0,0,0.030396539880581056,0
ENSG00000130413,STK33,0.0036957985468470188,0,0,0,0,0,0.030396539880581056,0
ENSG00000159648,SPMIP8,0.0036957985468470188,0,0,0,0,0,0.030396539880581056,0
ENSG00000248746,ACTN3,0.0036957985468470188,0,0,0,0,0,0.030396539880581056,0
ENSG00000166482,MFAP4,0.0036957985468470188,0,0,0,0,0,0.030396539880581056,0
ENSG00000011454,RABGAP1,0.0036957985468470188,0,0,0,0,0,0.030396539880581056,0
ENSG00000177954,RPS27,0.0036957985468470188,0,0,0,0,0,0.030396539880581056,0
ENSG00000136518,ACTL6A,0.0036957985468470188,0,0,0,0,0,0.030396539880581056,0
ENSG00000187498,COL4A1,0.0036957985468470188,0,0,0,0,0,0.030396539880581056,0
ENSG00000156097,GPR61,0.0036957985468470188,0,0,0,0,0,0.030396539880581056,0
ENSG00000204941,PSG5,0.0036957985468470188,0,0,0,0,0,0.030396539880581056,0
ENSG00000134698,AGO4,0.0036957985468470188,0,0,0,0,0,0.030396539880581056,0
ENSG00000036549,ZZZ3,0.0036957985468470188,0,0,0,0,0,0.030396539880581056,0
ENSG00000101670,LIPG,0.0036957985468470188,0,0,0,0,0,0.030396539880581056,0
ENSG00000169760,NLGN1,0.0036957985468470188,0,0,0,0,0,0.030396539880581056,0
ENSG00000133315,MACROD1,0.0036957985468470188,0,0,0,0,0,0.030396539880581056,0
ENSG00000169375,SIN3A,0.0036957985468470188,0,0,0,0,0,0.030396539880581056,0
ENSG00000233723,LINC01122,0.0036957985468470188,0,0,0,0,0,0.030396539880581056,0
ENSG00000134146,DPH6,0.0036957985468470188,0,0,0,0,0,0.030396539880581056,0
ENSG00000068912,ERLEC1,0.0036957985468470188,0,0,0,0,0,0.030396539880581056,0
ENSG00000110218,PANX1,0.0036957985468470188,0,0,0,0,0,0.030396539880581056,0
ENSG00000011007,ELOA,0.0036957985468470188,0,0,0,0,0,0.030396539880581056,0
ENSG00000185515,BRCC3,0.0036957985468470188,0,0,0,0,0,0.030396539880581056,0
ENSG00000159212,CLIC6,0.0036957985468470188,0,0,0,0,0,0.030396539880581056,0
ENSG00000116560,SFPQ,0.0036957985468470188,0,0,0,0,0,0.030396539880581056,0
ENSG00000145431,PDGFC,0.0036957985468470188,0,0,0,0,0,0.030396539880581056,0
ENSG00000130956,HABP4,0.0036957985468470188,0,0,0,0,0,0.030396539880581056,0
ENSG00000137936,BCAR3,0.0036957985468470188,0,0,0,0,0,0.030396539880581056,0
ENSG00000128739,SNRPN,0.0036957985468470188,0,0,0,0,0,0.030396539880581056,0
ENSG00000183826,BTBD9,0.0036957985468470188,0,0,0,0,0,0.030396539880581056,0
ENSG00000168229,PTGDR,0.0036957985468470188,0,0,0,0,0,0.030396539880581056,0
ENSG00000169564,PCBP1,0.0036957985468470188,0,0,0,0,0,0.030396539880581056,0
ENSG00000140961,OSGIN1,0.0036957985468470188,0,0,0,0,0,0.030396539880581056,0
ENSG00000170145,SIK2,0.0036957985468470188,0,0,0,0,0,0.030396539880581056,0
ENSG00000109794,FAM149A,0.0036957985468470188,0,0,0,0,0,0.030396539880581056,0
ENSG00000213928,IRF9,0.0036957985468470188,0,0,0,0,0,0.030396539880581056,0
ENSG00000116337,AMPD2,0.0036957985468470188,0,0,0,0,0,0.030396539880581056,0
ENSG00000174137,FAM53A,0.0036957985468470188,0,0,0,0,0,0.030396539880581056,0
ENSG00000269466,H3Y1,0.0036957985468470188,0,0,0,0,0,0.030396539880581056,0
ENSG00000114648,KLHL18,0.0036957985468470188,0,0,0,0,0,0.030396539880581056,0
ENSG00000177640,CASC2,0.0036957985468470188,0,0,0,0,0,0.030396539880581056,0
ENSG00000122952,ZWINT,0.0036957985468470188,0,0,0,0,0,0.030396539880581056,0
ENSG00000198691,ABCA4,0.0036957985468470188,0,0,0,0,0,0.030396539880581056,0
ENSG00000115053,NUCLEOLIN,0.0036957985468470188,0,0,0,0,0,0.030396539880581056,0
ENSG00000235385,LINC02154,0.0036957985468470188,0,0,0,0,0,0.030396539880581056,0
ENSG00000122033,MTIF3,0.0036957985468470188,0,0,0,0,0,0.030396539880581056,0
ENSG00000163870,TPRA1,0.0036957985468470188,0,0,0,0,0,0.030396539880581056,0
ENSG00000188729,OSTN,0.0036957985468470188,0,0,0,0,0,0.030396539880581056,0
ENSG00000160813,PPP1R35,0.0036957985468470188,0,0,0,0,0,0.030396539880581056,0
ENSG00000166401,SERPINB8,0.0036957985468470188,0,0,0,0,0,0.030396539880581056,0
ENSG00000080166,DCT,0.0036957985468470188,0,0,0,0,0,0.030396539880581056,0
ENSG00000162881,OXER1,0.0036957985468470188,0,0,0,0,0,0.030396539880581056,0
ENSG00000213927,CCL27,0.0036957985468470188,0,0,0,0,0,0.030396539880581056,0
ENSG00000197111,PCBP2,0.0036957985468470188,0,0,0,0,0,0.030396539880581056,0
ENSG00000120837,NFYB,0.0036957985468470188,0,0,0,0,0,0.030396539880581056,0
ENSG00000138376,BARD1,0.0036957985468470188,0,0,0,0,0,0.030396539880581056,0
ENSG00000164509,IL31RA,0.0036957985468470188,0,0,0,0,0,0.030396539880581056,0
ENSG00000173535,TNFRSF10C,0.0036957985468470188,0,0,0,0,0,0.030396539880581056,0
ENSG00000141506,PIK3R5,0.0036957985468470188,0,0,0,0,0,0.030396539880581056,0
ENSG00000021645,NRXN3,0.0036957985468470188,0,0,0,0,0,0.030396539880581056,0
ENSG00000104938,CLEC4M,0.0036957985468470188,0,0,0,0,0,0.030396539880581056,0
ENSG00000158022,TRIM63,0.0036957985468470188,0,0,0,0,0,0.030396539880581056,0
ENSG00000170266,GLB1,0.0036957985468470188,0,0,0,0,0,0.030396539880581056,0
ENSG00000147789,ZNF7,0.0036957985468470188,0,0,0,0,0,0.030396539880581056,0
ENSG00000119922,IFIT2,0.0036957985468470188,0,0,0,0,0,0.030396539880581056,0
ENSG00000184574,LPAR5,0.0036957985468470188,0,0,0,0,0,0.030396539880581056,0
ENSG00000143355,LHX9,0.0036957985468470188,0,0,0,0,0,0.030396539880581056,0
ENSG00000112699,GMDS,0.0036957985468470188,0,0,0,0,0,0.030396539880581056,0
ENSG00000116771,AGMAT,0.0036957985468470188,0,0,0,0,0,0.030396539880581056,0
ENSG00000054796,SPO11,0.0036957985468470188,0,0,0,0,0,0.030396539880581056,0
ENSG00000140519,RHCG,0.0036957985468470188,0,0,0,0,0,0.030396539880581056,0
ENSG00000119509,INVS,0.0036957985468470188,0,0,0,0,0,0.030396539880581056,0
ENSG00000125257,ABCC4,0.0036957985468470188,0,0,0,0,0,0.030396539880581056,0
ENSG00000084774,CAD,0.0036957985468470188,0,0,0,0,0,0.030396539880581056,0
ENSG00000163645,ERICH6,0.0036957985468470188,0,0,0,0,0,0.030396539880581056,0
ENSG00000026751,SLAMF7,0.0036957985468470188,0,0,0,0,0,0.030396539880581056,0
ENSG00000151726,ACSL1,0.0036957985468470188,0,0,0,0,0,0.030396539880581056,0
ENSG00000065060,BLTP3A,0.0036957985468470188,0,0,0,0,0,0.030396539880581056,0
ENSG00000127334,DYRK2,0.0036957985468470188,0,0,0,0,0,0.030396539880581056,0
ENSG00000221818,EBF2,0.0036957985468470188,0,0,0,0,0,0.030396539880581056,0
ENSG00000167123,CERCAM,0.0036957985468470188,0,0,0,0,0,0.030396539880581056,0
ENSG00000111859,NEDD9,0.0036957985468470188,0,0,0,0,0,0.030396539880581056,0
ENSG00000101333,PLCB4,0.0036957985468470188,0,0,0,0,0,0.030396539880581056,0
ENSG00000117600,PLPPR4,0.0036957985468470188,0,0,0,0,0,0.030396539880581056,0
ENSG00000181143,MUC16,0.0036957985468470188,0,0,0,0,0,0.030396539880581056,0
ENSG00000102001,CACNA1F,0.0036957985468470183,0,0,0,0,0,0,0
ENSG00000121361,KCNJ8,0.0036957985468470183,0,0,0,0,0,0,0
ENSG00000157388,CACNA1D,0.0036957985468470183,0,0,0,0,0,0,0
ENSG00000081248,CACNA1S,0.0036957985468470183,0,0,0,0,0,0,0
ENSG00000126351,THRA,0.0036957985468470183,0,0,0,0,0,0,0
ENSG00000151067,CACNA1C,0.0036957985468470183,0,0,0,0,0,0,0
ENSG00000131759,RARA,0.003675266332697868,0,0,0,0,0,0.030227670214577826,0
ENSG00000204936,CD177,0.003675266332697868,0,0,0,0,0,0.030227670214577826,0
ENSG00000138792,ENPEP,0.0035110086195046675,0,0,0,0,0,0.028876712886552,0
ENSG00000143761,ARF1,0.0035110086195046675,0,0,0,0,0,0.028876712886552,0
ENSG00000137648,TMPRSS4,0.0035110086195046675,0,0,0,0,0,0.028876712886552,0
ENSG00000100902,PSMA6,0.0035110086195046675,0,0,0,0,0,0.028876712886552,0
ENSG00000125740,FOSB,0.0035110086195046675,0,0,0,0,0,0.028876712886552,0
ENSG00000204257,HLA-DMA,0.0035110086195046675,0,0,0,0,0,0.028876712886552,0
ENSG00000151353,TMEM18,0.0035110086195046675,0,0,0,0,0,0.028876712886552,0
ENSG00000123454,DBH,0.0035110086195046675,0,0,0,0,0,0.028876712886552,0
ENSG00000204842,ATXN2,0.0035110086195046675,0,0,0,0,0,0.028876712886552,0
ENSG00000138356,AOX1,0.003490476405355517,0,0,0,0,0,0.02870784322054877,0
ENSG00000151632,AKR1C2,0.003490476405355517,0,0,0,0,0,0.02870784322054877,0
ENSG00000107796,ACTA2,0.003326218692162316,0,0,0,0,0,0.02735688589252295,0
ENSG00000137265,IRF4,0.003326218692162316,0,0,0,0,0,0.02735688589252295,0
ENSG00000129451,KLK10,0.003326218692162316,0,0,0,0,0,0.02735688589252295,0
ENSG00000119508,NR4A3,0.003326218692162316,0,0,0,0,0,0.02735688589252295,0
ENSG00000134460,IL2RA,0.003326218692162316,0,0,0,0,0,0.02735688589252295,0
ENSG00000171860,C3AR1,0.003326218692162316,0,0,0,0,0,0.02735688589252295,0
ENSG00000172819,RARG,0.003326218692162316,0,0,0,0,0,0.02735688589252295,0
ENSG00000064601,CTSA,0.003326218692162316,0,0,0,0,0,0.02735688589252295,0
ENSG00000074416,MGLL,0.003326218692162316,0,0,0,0,0,0.02735688589252295,0
ENSG00000105954,NPVF,0.003326218692162316,0,0,0,0,0,0.02735688589252295,0
ENSG00000137154,RPS6,0.003326218692162316,0,0,0,0,0,0.02735688589252295,0
ENSG00000204231,RXRB,0.003326218692162316,0,0,0,0,0,0.02735688589252295,0
ENSG00000112576,CCND3,0.003326218692162316,0,0,0,0,0,0.02735688589252295,0
ENSG00000156052,GNAQ,0.003326218692162316,0,0,0,0,0,0.02735688589252295,0
ENSG00000152359,POC5,0.003326218692162316,0,0,0,0,0,0.02735688589252295,0
ENSG00000107290,SETX,0.003326218692162316,0,0,0,0,0,0.02735688589252295,0
ENSG00000214285,NPS,0.003158868576103386,0,0,0,0,0,0.02598049472500521,0
ENSG00000006128,TAC1,0.00302850158699964,0,0,0,0,0,0.024908275735476142,0
ENSG00000211592,IGKC,0.0029566388374776143,0,0,0,0,0,0.024317231904464845,0
ENSG00000198712,MT-CO2,0.0029566388374776143,0,0,0,0,0,0.024317231904464845,0
ENSG00000187240,DYNC2H1,0.0029566388374776143,0,0,0,0,0,0.024317231904464845,0
ENSG00000127364,TAS2R4,0.0029566388374776143,0,0,0,0,0,0.024317231904464845,0
ENSG00000156299,TIAM1,0.0029566388374776143,0,0,0,0,0,0.024317231904464845,0
ENSG00000239900,ADSL,0.0029566388374776143,0,0,0,0,0,0.024317231904464845,0
ENSG00000254682,DHCR7-DT,0.0029566388374776143,0,0,0,0,0,0.024317231904464845,0
ENSG00000078369,GNB1,0.0029566388374776143,0,0,0,0,0,0.024317231904464845,0
ENSG00000172171,TEFM,0.0029566388374776143,0,0,0,0,0,0.024317231904464845,0
ENSG00000110063,DCPS,0.0029566388374776143,0,0,0,0,0,0.024317231904464845,0
ENSG00000078140,UBE2K,0.0029566388374776143,0,0,0,0,0,0.024317231904464845,0
ENSG00000176919,C8G,0.0029566388374776143,0,0,0,0,0,0.024317231904464845,0
ENSG00000157131,C8A,0.0029566388374776143,0,0,0,0,0,0.024317231904464845,0
ENSG00000088053,GP6,0.0029566388374776143,0,0,0,0,0,0.024317231904464845,0
ENSG00000005889,ZFX,0.0029566388374776143,0,0,0,0,0,0.024317231904464845,0
ENSG00000198727,MT-CYB,0.0029566388374776143,0,0,0,0,0,0.024317231904464845,0
ENSG00000198925,ATG9A,0.0029566388374776143,0,0,0,0,0,0.024317231904464845,0
ENSG00000146143,PRIM2,0.0029566388374776143,0,0,0,0,0,0.024317231904464845,0
ENSG00000132792,CTNNBL1,0.0029566388374776143,0,0,0,0,0,0.024317231904464845,0
ENSG00000007933,FMO3,0.0029566388374776143,0,0,0,0,0,0.024317231904464845,0
ENSG00000090006,LTBP4,0.0029566388374776143,0,0,0,0,0,0.024317231904464845,0
ENSG00000100399,CHADL,0.0029566388374776143,0,0,0,0,0,0.024317231904464845,0
ENSG00000104213,PDGFRL,0.0029566388374776143,0,0,0,0,0,0.024317231904464845,0
ENSG00000070214,SLC44A1,0.0029566388374776143,0,0,0,0,0,0.024317231904464845,0
ENSG00000148337,CIZ1,0.0029566388374776143,0,0,0,0,0,0.024317231904464845,0
ENSG00000137731,FXYD2,0.0029566388374776143,0,0,0,0,0,0.024317231904464845,0
ENSG00000113361,CDH6,0.0029566388374776143,0,0,0,0,0,0.024317231904464845,0
ENSG00000082516,GEMIN5,0.0029566388374776143,0,0,0,0,0,0.024317231904464845,0
ENSG00000037757,MRI1,0.0029566388374776143,0,0,0,0,0,0.024317231904464845,0
ENSG00000198561,CTNND1,0.0029566388374776143,0,0,0,0,0,0.024317231904464845,0
ENSG00000106615,RHEB,0.0029566388374776143,0,0,0,0,0,0.024317231904464845,0
ENSG00000111142,METAP2,0.0029566388374776143,0,0,0,0,0,0.024317231904464845,0
ENSG00000167077,MEI1,0.0029566388374776143,0,0,0,0,0,0.024317231904464845,0
ENSG00000037965,HOXC8,0.0029566388374776143,0,0,0,0,0,0.024317231904464845,0
ENSG00000068323,TFE3,0.0029566388374776143,0,0,0,0,0,0.024317231904464845,0
ENSG00000168310,IRF2,0.0029566388374776143,0,0,0,0,0,0.024317231904464845,0
ENSG00000039537,C6,0.0029566388374776143,0,0,0,0,0,0.024317231904464845,0
ENSG00000109111,SUPT6H,0.0029566388374776143,0,0,0,0,0,0.024317231904464845,0
ENSG00000103381,CPPED1,0.0029566388374776143,0,0,0,0,0,0.024317231904464845,0
ENSG00000102543,CDADC1,0.0029566388374776143,0,0,0,0,0,0.024317231904464845,0
ENSG00000131187,F12,0.0029566388374776143,0,0,0,0,0,0.024317231904464845,0
ENSG00000173369,C1QB,0.0029566388374776143,0,0,0,0,0,0.024317231904464845,0
ENSG00000143199,ADCY10,0.0029566388374776143,0,0,0,0,0,0.024317231904464845,0
ENSG00000159958,TNFRSF13C,0.0029566388374776143,0,0,0,0,0,0.024317231904464845,0
ENSG00000241635,UGT1A1,0.0029566388374776143,0,0,0,0,0,0.024317231904464845,0
ENSG00000068078,FGFR3,0.0029566388374776143,0,0,0,0,0,0.024317231904464845,0
ENSG00000158321,AUTS2,0.0029566388374776143,0,0,0,0,0,0.024317231904464845,0
ENSG00000070404,FSTL3,0.0029566388374776143,0,0,0,0,0,0.024317231904464845,0
ENSG00000134760,DSG1,0.0029566388374776143,0,0,0,0,0,0.024317231904464845,0
ENSG00000163412,EIF4E3,0.0029566388374776143,0,0,0,0,0,0.024317231904464845,0
ENSG00000204475,NCR3,0.0029566388374776143,0,0,0,0,0,0.024317231904464845,0
ENSG00000100934,SEC23A,0.0029566388374776143,0,0,0,0,0,0.024317231904464845,0
ENSG00000164093,PITX2,0.0029566388374776143,0,0,0,0,0,0.024317231904464845,0
ENSG00000134201,GSTM5,0.0029566388374776143,0,0,0,0,0,0.024317231904464845,0
ENSG00000231389,HLA-DPA1,0.0029566388374776143,0,0,0,0,0,0.024317231904464845,0
ENSG00000258484,SPESP1,0.0029566388374776143,0,0,0,0,0,0.024317231904464845,0
ENSG00000204655,MOG,0.0029566388374776143,0,0,0,0,0,0.024317231904464845,0
ENSG00000021852,C8B,0.0029566388374776143,0,0,0,0,0,0.024317231904464845,0
ENSG00000277027,RMRP,0.0029566388374776143,0,0,0,0,0,0.024317231904464845,0
ENSG00000135363,LMO2,0.0029566388374776143,0,0,0,0,0,0.024317231904464845,0
ENSG00000171867,PRNP,0.0029566388374776143,0,0,0,0,0,0.024317231904464845,0
ENSG00000112936,C7,0.0029566388374776143,0,0,0,0,0,0.024317231904464845,0
ENSG00000034713,GABARAPL2,0.0029566388374776143,0,0,0,0,0,0.024317231904464845,0
ENSG00000128604,IRF5,0.0029566388374776143,0,0,0,0,0,0.024317231904464845,0
ENSG00000090686,USP48,0.0029566388374776143,0,0,0,0,0,0.024317231904464845,0
ENSG00000241563,CORT,0.0029566388374776143,0,0,0,0,0,0.024317231904464845,0
ENSG00000237515,SHISA9,0.0029566388374776143,0,0,0,0,0,0.024317231904464845,0
ENSG00000179344,HLA-DQB1,0.0029566388374776143,0,0,0,0,0,0.024317231904464845,0
ENSG00000166527,CLEC4D,0.0029361066233284643,0,0,0,0,0,0.024148362238461615,0
ENSG00000152556,PFKM,0.0029361066233284643,0,0,0,0,0,0.024148362238461615,0
ENSG00000163131,CTSS,0.0029361066233284643,0,0,0,0,0,0.024148362238461615,0
ENSG00000129474,AJUBA,0.0029271088725120417,0,0,0,0,0.019514878172045023,0.01823792392834863,0
ENSG00000135842,NIBAN1,0.0029178919894351485,0,0,0,0,0.023998553790157338,0,0
ENSG00000188486,H2AX,0.002843711659657289,0,0,0,0,0,0.023388448741447087,0
ENSG00000166123,GPT2,0.0028338071857733804,0,0,0,0,0.02330698820413906,0,0
ENSG00000105509,HAS1,0.002771848910135263,0,0,0,0,0,0.02279740491043579,0
ENSG00000221957,KIR2DS4,0.002771848910135263,0,0,0,0,0,0.02279740491043579,0
ENSG00000078098,FAP,0.002771848910135263,0,0,0,0,0,0.02279740491043579,0
ENSG00000196628,TCF4,0.002771848910135263,0,0,0,0,0,0.02279740491043579,0
ENSG00000090534,THPO,0.002771848910135263,0,0,0,0,0,0.02279740491043579,0
ENSG00000080618,CPB2,0.002771848910135263,0,0,0,0,0,0.02279740491043579,0
ENSG00000119004,CYP20A1,0.002771848910135263,0,0,0,0,0,0.02279740491043579,0
ENSG00000211448,DIO2,0.002771848910135263,0,0,0,0,0,0.02279740491043579,0
ENSG00000211452,DIO1,0.002771848910135263,0,0,0,0,0,0.02279740491043579,0
ENSG00000176153,GPX2,0.002771848910135263,0,0,0,0,0,0.02279740491043579,0
ENSG00000057593,F7,0.002771848910135263,0,0,0,0,0,0.02279740491043579,0
ENSG00000112175,BMP5,0.002751316695986113,0,0,0,0,0,0.02262853524443256,0
ENSG00000183682,BMP8A,0.002751316695986113,0,0,0,0,0,0.02262853524443256,0
ENSG00000124767,GLO1,0.002751316695986113,0,0,0,0,0,0.02262853524443256,0
ENSG00000133800,LYVE1,0.002751316695986113,0,0,0,0,0,0.02262853524443256,0
ENSG00000067715,SYT1,0.002751316695986113,0,0,0,0,0,0.02262853524443256,0
ENSG00000120868,APAF1,0.002751316695986113,0,0,0,0,0,0.02262853524443256,0
ENSG00000110514,MADD,0.002751316695986113,0,0,0,0,0,0.02262853524443256,0
ENSG00000187605,TET3,0.002751316695986113,0,0,0,0,0,0.02262853524443256,0
ENSG00000121281,ADCY7,0.0025870589827929123,0,0,0,0,0,0.021277577916406734,0
ENSG00000078902,TOLLIP,0.0025870589827929123,0,0,0,0,0,0.021277577916406734,0
ENSG00000164323,CFAP97,0.0025870589827929123,0,0,0,0,0,0.021277577916406734,0
ENSG00000154930,ACSS1,0.0025870589827929123,0,0,0,0,0,0.021277577916406734,0
ENSG00000161640,SIGLEC11,0.0025870589827929123,0,0,0,0,0,0.021277577916406734,0
ENSG00000181104,F2R,0.0025870589827929123,0,0,0,0,0,0.021277577916406734,0
ENSG00000198947,DMD,0.0025870589827929123,0,0,0,0,0,0.021277577916406734,0
ENSG00000189120,SP6,0.0025870589827929123,0,0,0,0,0,0.021277577916406734,0
ENSG00000189001,SBSN,0.0025870589827929123,0,0,0,0,0,0.021277577916406734,0
ENSG00000103044,HAS3,0.0025870589827929123,0,0,0,0,0,0.021277577916406734,0
ENSG00000076242,MLH1,0.0025870589827929123,0,0,0,0,0,0.021277577916406734,0
ENSG00000173531,MST1,0.0025870589827929123,0,0,0,0,0,0.021277577916406734,0
ENSG00000155011,DKK2,0.0025870589827929123,0,0,0,0,0,0.021277577916406734,0
ENSG00000088682,COQ9,0.0025870589827929123,0,0,0,0,0,0.021277577916406734,0
ENSG00000274736,CCL23,0.0025870589827929123,0,0,0,0,0,0.021277577916406734,0
ENSG00000124181,PLCG1,0.0025870589827929123,0,0,0,0,0,0.021277577916406734,0
ENSG00000120341,SEC16B,0.0025870589827929123,0,0,0,0,0,0.021277577916406734,0
ENSG00000026652,AGPAT4,0.0025870589827929123,0,0,0,0,0,0.021277577916406734,0
ENSG00000225194,LINC00092,0.0025870589827929123,0,0,0,0,0,0.021277577916406734,0
ENSG00000234829,IFNA17,0.0025870589827929123,0,0,0,0,0,0.021277577916406734,0
ENSG00000142494,SLC47A1,0.0025870589827929123,0,0,0,0,0,0.021277577916406734,0
ENSG00000102683,SGCG,0.0025870589827929123,0,0,0,0,0,0.021277577916406734,0
ENSG00000171403,KRT9,0.0025870589827929123,0,0,0,0,0,0.021277577916406734,0
ENSG00000173992,CCS,0.0025870589827929123,0,0,0,0,0,0.021277577916406734,0
ENSG00000198788,MUC2,0.0025870589827929123,0,0,0,0,0,0.021277577916406734,0
ENSG00000156467,UQCRB,0.0025109857585978355,0,0,0,0,0.020651904529781596,0,0
ENSG00000124191,TOX2,0.0023727390904849893,0,0,0,0,0.019514878172045023,0,0
ENSG00000107731,UNC5B,0.0023427233478867395,0,0,0,0,0.019268010085116607,0,0
ENSG00000178988,MRFAP1L1,0.002331629632983705,0,0,0,0,0.01917676849194006,0,0
ENSG00000119487,MAPKAP1,0.0022670457486187044,0,0,0,0,0.018645590563311245,0,0
ENSG00000131669,NINJ1,0.0022174791281082107,0,0,0,0,0,0.01823792392834863,0
ENSG00000140955,ADAD2,0.0022174791281082107,0,0,0,0,0,0.01823792392834863,0
ENSG00000172594,SMPDL3A,0.0022174791281082107,0,0,0,0,0,0.01823792392834863,0
ENSG00000198382,UVRAG,0.0022174791281082107,0,0,0,0,0,0.01823792392834863,0
ENSG00000164307,ERAP1,0.0022174791281082107,0,0,0,0,0,0.01823792392834863,0
ENSG00000157680,DGKI,0.0022174791281082107,0,0,0,0,0,0.01823792392834863,0
ENSG00000137700,SLC37A4,0.0022174791281082107,0,0,0,0,0,0.01823792392834863,0
ENSG00000111229,ARPC3,0.0022174791281082107,0,0,0,0,0,0.01823792392834863,0
ENSG00000166743,ACSM1,0.0022174791281082107,0,0,0,0,0,0.01823792392834863,0
ENSG00000156508,EEF1A1,0.0022174791281082107,0,0,0,0,0,0.01823792392834863,0
ENSG00000161800,RACGAP1,0.0022174791281082107,0,0,0,0,0,0.01823792392834863,0
ENSG00000005187,ACSM3,0.0022174791281082107,0,0,0,0,0,0.01823792392834863,0
ENSG00000155792,DEPTOR,0.0022174791281082107,0,0,0,0,0,0.01823792392834863,0
ENSG00000135636,DYSF,0.0022174791281082107,0,0,0,0,0,0.01823792392834863,0
ENSG00000171453,POLR1C,0.0022174791281082107,0,0,0,0,0,0.01823792392834863,0
ENSG00000057149,SERPINB3,0.0022174791281082107,0,0,0,0,0,0.01823792392834863,0
ENSG00000108405,P2RX1,0.0022174791281082107,0,0,0,0,0,0.01823792392834863,0
ENSG00000109956,B3GAT1,0.0022174791281082107,0,0,0,0,0,0.01823792392834863,0
ENSG00000162825,NBPF20,0.0022174791281082107,0,0,0,0,0,0.01823792392834863,0
ENSG00000103042,SLC38A7,0.0022174791281082107,0,0,0,0,0,0.01823792392834863,0
ENSG00000075891,PAX2,0.0022174791281082107,0,0,0,0,0,0.01823792392834863,0
ENSG00000107447,DNTT,0.0022174791281082107,0,0,0,0,0,0.01823792392834863,0
ENSG00000164040,PGRMC2,0.0022174791281082107,0,0,0,0,0,0.01823792392834863,0
ENSG00000163209,SPRR3,0.0022174791281082107,0,0,0,0,0,0.01823792392834863,0
ENSG00000196542,SPTSSB,0.0022174791281082107,0,0,0,0,0,0.01823792392834863,0
ENSG00000101246,ARFRP1,0.0022174791281082107,0,0,0,0,0,0.01823792392834863,0
ENSG00000120129,DUSP1,0.0022174791281082107,0,0,0,0,0,0.01823792392834863,0
ENSG00000214456,PLIN5,0.0022174791281082107,0,0,0,0,0,0.01823792392834863,0
ENSG00000143556,S100A7,0.0022174791281082107,0,0,0,0,0,0.01823792392834863,0
ENSG00000156413,FUT6,0.0022174791281082107,0,0,0,0,0,0.01823792392834863,0
ENSG00000101638,ST8SIA5,0.0022174791281082107,0,0,0,0,0,0.01823792392834863,0
ENSG00000130396,AFDN,0.0022174791281082107,0,0,0,0,0,0.01823792392834863,0
ENSG00000135245,HILPDA,0.0022174791281082107,0,0,0,0,0,0.01823792392834863,0
ENSG00000109501,WFS1,0.0022174791281082107,0,0,0,0,0,0.01823792392834863,0
ENSG00000178814,OPLAH,0.0022174791281082107,0,0,0,0,0,0.01823792392834863,0
ENSG00000180638,SLC47A2,0.0022174791281082107,0,0,0,0,0,0.01823792392834863,0
ENSG00000291083,CYP2B7P,0.0022174791281082107,0,0,0,0,0,0.01823792392834863,0
ENSG00000196428,TSC22D2,0.0022174791281082107,0,0,0,0,0,0.01823792392834863,0
ENSG00000149609,C20orf144,0.0022174791281082107,0,0,0,0,0,0.01823792392834863,0
ENSG00000172137,CALB2,0.0022174791281082107,0,0,0,0,0,0.01823792392834863,0
ENSG00000106617,PRKAG2,0.0022174791281082107,0,0,0,0,0,0.01823792392834863,0
ENSG00000142185,TRPM2,0.0022174791281082107,0,0,0,0,0,0.01823792392834863,0
ENSG00000099949,LZTR1,0.0022174791281082107,0,0,0,0,0,0.01823792392834863,0
ENSG00000143878,RHOB,0.0022174791281082107,0,0,0,0,0,0.01823792392834863,0
ENSG00000128918,ALDH1A2,0.0022174791281082107,0,0,0,0,0,0.01823792392834863,0
ENSG00000187049,TMEM216,0.0022174791281082107,0,0,0,0,0,0.01823792392834863,0
ENSG00000162924,REL,0.0022174791281082107,0,0,0,0,0,0.01823792392834863,0
ENSG00000083544,TDRD3,0.0022174791281082107,0,0,0,0,0,0.01823792392834863,0
ENSG00000226674,TEX41,0.0022174791281082107,0,0,0,0,0,0.01823792392834863,0
ENSG00000165025,SYK,0.0022174791281082107,0,0,0,0,0,0.01823792392834863,0
ENSG00000097033,SH3GLB1,0.0022174791281082107,0,0,0,0,0,0.01823792392834863,0
ENSG00000114200,BCHE,0.0022174791281082107,0,0,0,0,0,0.01823792392834863,0
ENSG00000183207,RUVBL2,0.0022174791281082107,0,0,0,0,0,0.01823792392834863,0
ENSG00000110944,IL23A,0.0022174791281082107,0,0,0,0,0,0.01823792392834863,0
ENSG00000263753,LINC00667,0.0022174791281082107,0,0,0,0,0,0.01823792392834863,0
ENSG00000049618,ARID1B,0.0022174791281082107,0,0,0,0,0,0.01823792392834863,0
ENSG00000125753,VASP,0.0022174791281082107,0,0,0,0,0,0.01823792392834863,0
ENSG00000116741,RGS2,0.0022174791281082107,0,0,0,0,0,0.01823792392834863,0
ENSG00000142459,EVI5L,0.0022174791281082107,0,0,0,0,0,0.01823792392834863,0
ENSG00000125498,KIR2DL1,0.0022174791281082107,0,0,0,0,0,0.01823792392834863,0
ENSG00000100425,BRD1,0.0022174791281082107,0,0,0,0,0,0.01823792392834863,0
ENSG00000177971,IMP3,0.0022174791281082107,0,0,0,0,0,0.01823792392834863,0
ENSG00000126266,FFAR1,0.0022174791281082107,0,0,0,0,0,0.01823792392834863,0
ENSG00000113658,SMAD5,0.0022174791281082107,0,0,0,0,0,0.01823792392834863,0
ENSG00000175573,C11orf68,0.0022174791281082107,0,0,0,0,0,0.01823792392834863,0
ENSG00000126561,STAT5A,0.0022174791281082107,0,0,0,0,0,0.01823792392834863,0
ENSG00000110697,PITPNM1,0.0022174791281082107,0,0,0,0,0,0.01823792392834863,0
ENSG00000187772,LIN28B,0.0022174791281082107,0,0,0,0,0,0.01823792392834863,0
ENSG00000135472,FAIM2,0.0022174791281082107,0,0,0,0,0,0.01823792392834863,0
ENSG00000186205,MTARC1,0.0022174791281082107,0,0,0,0,0,0.01823792392834863,0
ENSG00000136881,BAAT,0.0022174791281082107,0,0,0,0,0,0.01823792392834863,0
ENSG00000131620,ANO1,0.0022174791281082107,0,0,0,0,0,0.01823792392834863,0
ENSG00000087266,SH3BP2,0.0022174791281082107,0,0,0,0,0,0.01823792392834863,0
ENSG00000141574,SECTM1,0.0022174791281082107,0,0,0,0,0,0.01823792392834863,0
ENSG00000087116,ADAMTS2,0.0022174791281082107,0,0,0,0,0,0.01823792392834863,0
ENSG00000167799,NUDT8,0.0022174791281082107,0,0,0,0,0,0.01823792392834863,0
ENSG00000025293,PHF20,0.0022174791281082107,0,0,0,0,0,0.01823792392834863,0
ENSG00000168676,KCTD19,0.0022174791281082107,0,0,0,0,0,0.01823792392834863,0
ENSG00000053747,LAMA3,0.0022174791281082107,0,0,0,0,0,0.01823792392834863,0
ENSG00000060566,CREB3L3,0.0022174791281082107,0,0,0,0,0,0.01823792392834863,0
ENSG00000163584,RPL22L1,0.0022174791281082107,0,0,0,0,0,0.01823792392834863,0
ENSG00000137825,ITPKA,0.0022174791281082107,0,0,0,0,0,0.01823792392834863,0
ENSG00000114354,TFG,0.0022174791281082107,0,0,0,0,0,0.01823792392834863,0
ENSG00000141543,EIF4A3,0.0022174791281082107,0,0,0,0,0,0.01823792392834863,0
ENSG00000023287,RB1CC1,0.0022174791281082107,0,0,0,0,0,0.01823792392834863,0
ENSG00000011600,TYROBP,0.0022174791281082107,0,0,0,0,0,0.01823792392834863,0
ENSG00000102349,KLF8,0.0022174791281082107,0,0,0,0,0,0.01823792392834863,0
ENSG00000101323,HAO1,0.0022174791281082107,0,0,0,0,0,0.01823792392834863,0
ENSG00000161202,DVL3,0.0022174791281082107,0,0,0,0,0,0.01823792392834863,0
ENSG00000127951,FGL2,0.0022174791281082107,0,0,0,0,0,0.01823792392834863,0
ENSG00000164885,CDK5,0.0022174791281082107,0,0,0,0,0,0.01823792392834863,0
ENSG00000154479,CFAP210,0.0022174791281082107,0,0,0,0,0,0.01823792392834863,0
ENSG00000163531,NFASC,0.0022174791281082107,0,0,0,0,0,0.01823792392834863,0
ENSG00000075651,PLD1,0.0022174791281082107,0,0,0,0,0,0.01823792392834863,0
ENSG00000133392,MYH11,0.0022174791281082107,0,0,0,0,0,0.01823792392834863,0
ENSG00000178860,MSC,0.0022174791281082107,0,0,0,0,0,0.01823792392834863,0
ENSG00000044115,CTNNA1,0.0022174791281082107,0,0,0,0,0,0.01823792392834863,0
ENSG00000067646,ZFY,0.0022174791281082107,0,0,0,0,0,0.01823792392834863,0
ENSG00000092439,TRPM7,0.0022174791281082107,0,0,0,0,0,0.01823792392834863,0
ENSG00000054654,SYNE2,0.0022174791281082107,0,0,0,0,0,0.01823792392834863,0
ENSG00000156140,ADAMTS3,0.0022174791281082107,0,0,0,0,0,0.01823792392834863,0
ENSG00000198650,TAT,0.0022174791281082107,0,0,0,0,0,0.01823792392834863,0
ENSG00000170374,SP7,0.0022174791281082107,0,0,0,0,0,0.01823792392834863,0
ENSG00000129245,FXR2,0.0022174791281082107,0,0,0,0,0,0.01823792392834863,0
ENSG00000129911,KLF16,0.0022174791281082107,0,0,0,0,0,0.01823792392834863,0
ENSG00000166183,ASPG,0.0022174791281082107,0,0,0,0,0,0.01823792392834863,0
ENSG00000253525,CPP,0.0022174791281082107,0,0,0,0,0,0.01823792392834863,0
ENSG00000158748,HTR6,0.0022174791281082107,0,0,0,0,0,0.01823792392834863,0
ENSG00000169403,PTAFR,0.0022174791281082107,0,0,0,0,0,0.01823792392834863,0
ENSG00000158055,GRHL3,0.0022174791281082107,0,0,0,0,0,0.01823792392834863,0
ENSG00000120437,ACAT2,0.0022174791281082107,0,0,0,0,0,0.01823792392834863,0
ENSG00000157184,CPT2,0.0022174791281082107,0,0,0,0,0,0.01823792392834863,0
ENSG00000148180,GSN,0.0022174791281082107,0,0,0,0,0,0.01823792392834863,0
ENSG00000124212,PTGIS,0.0022174791281082107,0,0,0,0,0,0.01823792392834863,0
ENSG00000162998,FRZB,0.0022174791281082107,0,0,0,0,0,0.01823792392834863,0
ENSG00000023318,ERP44,0.0022174791281082107,0,0,0,0,0,0.01823792392834863,0
ENSG00000081721,DUSP12,0.0022174791281082107,0,0,0,0,0,0.01823792392834863,0
ENSG00000130287,NCAN,0.0022174791281082107,0,0,0,0,0,0.01823792392834863,0
ENSG00000165660,ABRAXAS2,0.0022174791281082107,0,0,0,0,0,0.01823792392834863,0
ENSG00000241343,RPL36A,0.0022174791281082107,0,0,0,0,0,0.01823792392834863,0
ENSG00000160307,S100B,0.0022174791281082107,0,0,0,0,0,0.01823792392834863,0
ENSG00000138449,SLC40A1,0.0022174791281082107,0,0,0,0,0,0.01823792392834863,0
ENSG00000196565,HBG2,0.0022174791281082107,0,0,0,0,0,0.01823792392834863,0
ENSG00000084734,GCKR,0.0022174791281082107,0,0,0,0,0,0.01823792392834863,0
ENSG00000115602,IL33R,0.0022174791281082107,0,0,0,0,0,0.01823792392834863,0
ENSG00000130382,MLLT1,0.0022174791281082107,0,0,0,0,0,0.01823792392834863,0
ENSG00000139515,PDX1,0.0022174791281082107,0,0,0,0,0,0.01823792392834863,0
ENSG00000140521,POLG,0.0022174791281082107,0,0,0,0,0,0.01823792392834863,0
ENSG00000151704,KCNJ1,0.0022174791281082107,0,0,0,0,0,0.01823792392834863,0
ENSG00000100038,TOP3B,0.0022174791281082107,0,0,0,0,0,0.01823792392834863,0
ENSG00000129538,RNASE1,0.0022174791281082107,0,0,0,0,0,0.01823792392834863,0
ENSG00000120899,PTK2B,0.0022174791281082107,0,0,0,0,0,0.01823792392834863,0
ENSG00000196411,EPHB4,0.0022174791281082107,0,0,0,0,0,0.01823792392834863,0
ENSG00000101246,ARFRP1,0.0022174791281082107,0,0,0,0,0,0.01823792392834863,0
ENSG00000120129,DUSP1,0.0022174791281082107,0,0,0,0,0,0.01823792392834863,0
ENSG00000214456,PLIN5,0.0022174791281082107,0,0,0,0,0,0.01823792392834863,0
ENSG00000143556,S100A7,0.0022174791281082107,0,0,0,0,0,0.01823792392834863,0
ENSG00000156413,FUT6,0.0022174791281082107,0,0,0,0,0,0.01823792392834863,0
ENSG00000101638,ST8SIA5,0.0022174791281082107,0,0,0,0,0,0.01823792392834863,0
ENSG00000130396,AFDN,0.0022174791281082107,0,0,0,0,0,0.01823792392834863,0
ENSG00000135245,HILPDA,0.0022174791281082107,0,0,0,0,0,0.01823792392834863,0
ENSG00000109501,WFS1,0.0022174791281082107,0,0,0,0,0,0.01823792392834863,0
ENSG00000178814,OPLAH,0.0022174791281082107,0,0,0,0,0,0.01823792392834863,0
ENSG00000180638,SLC47A2,0.0022174791281082107,0,0,0,0,0,0.01823792392834863,0
ENSG00000291083,CYP2B7P,0.0022174791281082107,0,0,0,0,0,0.01823792392834863,0
ENSG00000196428,TSC22D2,0.0022174791281082107,0,0,0,0,0,0.01823792392834863,0
ENSG00000149609,C20orf144,0.0022174791281082107,0,0,0,0,0,0.01823792392834863,0
ENSG00000172137,CALB2,0.0022174791281082107,0,0,0,0,0,0.01823792392834863,0
ENSG00000106617,PRKAG2,0.0022174791281082107,0,0,0,0,0,0.01823792392834863,0
ENSG00000142185,TRPM2,0.0022174791281082107,0,0,0,0,0,0.01823792392834863,0
ENSG00000099949,LZTR1,0.0022174791281082107,0,0,0,0,0,0.01823792392834863,0
ENSG00000143878,RHOB,0.0022174791281082107,0,0,0,0,0,0.01823792392834863,0
ENSG00000128918,ALDH1A2,0.0022174791281082107,0,0,0,0,0,0.01823792392834863,0
ENSG00000187049,TMEM216,0.0022174791281082107,0,0,0,0,0,0.01823792392834863,0
ENSG00000162924,REL,0.0022174791281082107,0,0,0,0,0,0.01823792392834863,0
ENSG00000083544,TDRD3,0.0022174791281082107,0,0,0,0,0,0.01823792392834863,0
ENSG00000110697,PITPNM1,0.0022174791281082107,0,0,0,0,0,0.01823792392834863,0
ENSG00000187772,LIN28B,0.0022174791281082107,0,0,0,0,0,0.01823792392834863,0
ENSG00000135472,FAIM2,0.0022174791281082107,0,0,0,0,0,0.01823792392834863,0
ENSG00000186205,MTARC1,0.0022174791281082107,0,0,0,0,0,0.01823792392834863,0
ENSG00000136881,BAAT,0.0022174791281082107,0,0,0,0,0,0.01823792392834863,0
ENSG00000131620,ANO1,0.0022174791281082107,0,0,0,0,0,0.01823792392834863,0
ENSG00000087266,SH3BP2,0.0022174791281082107,0,0,0,0,0,0.01823792392834863,0
ENSG00000141574,SECTM1,0.0022174791281082107,0,0,0,0,0,0.01823792392834863,0
ENSG00000087116,ADAMTS2,0.0022174791281082107,0,0,0,0,0,0.01823792392834863,0
ENSG00000167799,NUDT8,0.0022174791281082107,0,0,0,0,0,0.01823792392834863,0
ENSG00000025293,PHF20,0.0022174791281082107,0,0,0,0,0,0.01823792392834863,0
ENSG00000168676,KCTD19,0.0022174791281082107,0,0,0,0,0,0.01823792392834863,0
ENSG00000053747,LAMA3,0.0022174791281082107,0,0,0,0,0,0.01823792392834863,0
ENSG00000060566,CREB3L3,0.0022174791281082107,0,0,0,0,0,0.01823792392834863,0
ENSG00000163584,RPL22L1,0.0022174791281082107,0,0,0,0,0,0.01823792392834863,0
ENSG00000137825,ITPKA,0.0022174791281082107,0,0,0,0,0,0.01823792392834863,0
ENSG00000114354,TFG,0.0022174791281082107,0,0,0,0,0,0.01823792392834863,0
ENSG00000141543,EIF4A3,0.0022174791281082107,0,0,0,0,0,0.01823792392834863,0
ENSG00000023287,RB1CC1,0.0022174791281082107,0,0,0,0,0,0.01823792392834863,0
ENSG00000011600,TYROBP,0.0022174791281082107,0,0,0,0,0,0.01823792392834863,0
ENSG00000102349,KLF8,0.0022174791281082107,0,0,0,0,0,0.01823792392834863,0
ENSG00000101323,HAO1,0.0022174791281082107,0,0,0,0,0,0.01823792392834863,0
ENSG00000161202,DVL3,0.0022174791281082107,0,0,0,0,0,0.01823792392834863,0
ENSG00000127951,FGL2,0.0022174791281082107,0,0,0,0,0,0.01823792392834863,0
ENSG00000164885,CDK5,0.0022174791281082107,0,0,0,0,0,0.01823792392834863,0
ENSG00000110367,DDX6,0.002164114274288047,0,0,0,0,0.017799018266472164,0,0
ENSG00000100523,DDHD1,0.002078125269567146,0,0,0,0,0.017091791349701978,0,0
ENSG00000079257,LXN,0.0020349089489177068,0,0,0,0,0.016736353520106707,0,0
ENSG00000119705,SLIRP,0.0020315004780097987,0,0,0,0,0.016708320140968007,0,0
ENSG00000124172,ATP5F1E,0.0020122854144466688,0,0,0,0,0.01655028353845815,0,0
ENSG00000177272,KCNA3,0.00201215698661671,0,0,0,0,0,0.01654922726831635,0
ENSG00000168003,SLC3A2,0.0018715256501806129,0,0,0,0,0.015392587918997353,0,0
ENSG00000197702,PARVA,0.0018642949996667776,0,0,0,0,0.015333118563749665,0,0
ENSG00000198576,ARC,0.0018478992734235094,0,0,0,0,0,0.015198269940290528,0
ENSG00000051382,PIK3CB,0.0018478992734235094,0,0,0,0,0,0.015198269940290528,0
ENSG00000119888,EPCAM,0.0018478992734235094,0,0,0,0,0,0.015198269940290528,0
ENSG00000109670,FBXW7,0.0018478992734235094,0,0,0,0,0,0.015198269940290528,0
ENSG00000124003,MOGAT1,0.0018478992734235094,0,0,0,0,0,0.015198269940290528,0
ENSG00000181333,HEPHL1,0.0018478992734235094,0,0,0,0,0,0.015198269940290528,0
ENSG00000158402,CDC25C,0.0018478992734235094,0,0,0,0,0,0.015198269940290528,0
ENSG00000170786,SDR16C5,0.0018478992734235094,0,0,0,0,0,0.015198269940290528,0
ENSG00000163794,UCN,0.0018478992734235094,0,0,0,0,0,0.015198269940290528,0
ENSG00000124614,RPS10,0.0018478992734235094,0,0,0,0,0,0.015198269940290528,0
ENSG00000146904,EPHA1,0.0018478992734235094,0,0,0,0,0,0.015198269940290528,0
ENSG00000135862,LAMC1,0.0018478992734235094,0,0,0,0,0,0.015198269940290528,0
ENSG00000137393,RNF144B,0.0018478992734235094,0,0,0,0,0,0.015198269940290528,0
ENSG00000143379,SETDB1,0.0018478992734235094,0,0,0,0,0,0.015198269940290528,0
ENSG00000132470,ITGB4,0.0018478992734235094,0,0,0,0,0,0.015198269940290528,0
ENSG00000134258,VTCN1,0.0018478992734235094,0,0,0,0,0,0.015198269940290528,0
ENSG00000102935,ZNF423,0.0018478992734235094,0,0,0,0,0,0.015198269940290528,0
ENSG00000065911,MTHFD2,0.0017847772059502915,0,0,0,0,0.014679114900595177,0,0
ENSG00000167088,SNRPD1,0.0017524487772192685,0,0,0,0,0.014413225848271854,0,0
ENSG00000186468,RPS23,0.0017519470834522818,0,0,0,0,0.014409099607514209,0,0
ENSG00000153714,LURAP1L,0.0017095276678425926,0,0,0,0,0.014060216019313525,0,0
ENSG00000136404,TM6SF1,0.0016982164516609578,0,0,0,0,0.013967185560698222,0,0
ENSG00000185088,RPS27L,0.0016334126034584823,0,0,0,0,0.013434198513018861,0,0
ENSG00000041357,PSMA4,0.0015866565621354843,0,0,0,0,0.013049647824793422,0,0
ENSG00000149131,SERPING1,0.0015813978892109128,0,0,0,0,0.013006397236525552,0,0
ENSG00000131174,COX7B,0.0015734073453141943,0,0,0,0,0.012940678046708958,0,0
ENSG00000081870,IFT25,0.0015671646233771268,0,0,0,0,0.012889334028922778,0,0
ENSG00000101911,PRPS2,0.001565734248644316,0,0,0,0,0.012877569739809358,0,0
ENSG00000115902,SLC1A4,0.0015237011833329212,0,0,0,0,0.012531863736128263,0,0
ENSG00000185432,TMT1A,0.0014815112028117444,0,0,0,0,0.012184867164422006,0,0
ENSG00000235899,LINC01564,0.0014783194187388072,0,0,0,0,0,0.012158615952232422,0
ENSG00000008196,TFAP2B,0.0014783194187388072,0,0,0,0,0,0.012158615952232422,0
ENSG00000160014,CALM3,0.0014783194187388072,0,0,0,0,0,0.012158615952232422,0
ENSG00000164638,SLC29A4,0.0014783194187388072,0,0,0,0,0,0.012158615952232422,0
ENSG00000167461,RAB8A,0.0014783194187388072,0,0,0,0,0,0.012158615952232422,0
ENSG00000185305,ARL15,0.0014783194187388072,0,0,0,0,0,0.012158615952232422,0
ENSG00000123505,AMD1,0.0014783194187388072,0,0,0,0,0,0.012158615952232422,0
ENSG00000143110,C1orf162,0.0014783194187388072,0,0,0,0,0,0.012158615952232422,0
ENSG00000104321,TRPA1,0.0014783194187388072,0,0,0,0,0,0.012158615952232422,0
ENSG00000142949,PTPRF,0.0014783194187388072,0,0,0,0,0,0.012158615952232422,0
ENSG00000042286,AIFM2,0.0014783194187388072,0,0,0,0,0,0.012158615952232422,0
ENSG00000131238,PPT1,0.0014783194187388072,0,0,0,0,0,0.012158615952232422,0
ENSG00000151655,ITIH2,0.0014783194187388072,0,0,0,0,0,0.012158615952232422,0
ENSG00000227345,PARG,0.0014783194187388072,0,0,0,0,0,0.012158615952232422,0
ENSG00000178573,MAF,0.0014783194187388072,0,0,0,0,0,0.012158615952232422,0
ENSG00000105825,TFPI2,0.0014783194187388072,0,0,0,0,0,0.012158615952232422,0
ENSG00000213722,DDAH2,0.0014783194187388072,0,0,0,0,0,0.012158615952232422,0
ENSG00000102539,MLNR,0.0014783194187388072,0,0,0,0,0,0.012158615952232422,0
ENSG00000176454,LPCAT4,0.0014783194187388072,0,0,0,0,0,0.012158615952232422,0
ENSG00000213398,LCAT,0.0014783194187388072,0,0,0,0,0,0.012158615952232422,0
ENSG00000101639,CEP192,0.0014783194187388072,0,0,0,0,0,0.012158615952232422,0
ENSG00000154265,ABCA5,0.0014783194187388072,0,0,0,0,0,0.012158615952232422,0
ENSG00000151702,FLI1,0.0014783194187388072,0,0,0,0,0,0.012158615952232422,0
ENSG00000151247,EIF4E,0.0014783194187388072,0,0,0,0,0,0.012158615952232422,0
ENSG00000163430,FSTL1,0.0014783194187388072,0,0,0,0,0,0.012158615952232422,0
ENSG00000167114,SLC27A4,0.0014783194187388072,0,0,0,0,0,0.012158615952232422,0
ENSG00000175161,CADM2,0.0014783194187388072,0,0,0,0,0,0.012158615952232422,0
ENSG00000184903,IMMP2L,0.0014783194187388072,0,0,0,0,0,0.012158615952232422,0
ENSG00000089094,KDM2B,0.0014783194187388072,0,0,0,0,0,0.012158615952232422,0
ENSG00000197891,SLC22A12,0.0014783194187388072,0,0,0,0,0,0.012158615952232422,0
ENSG00000136935,GOLGA1,0.0014783194187388072,0,0,0,0,0,0.012158615952232422,0
ENSG00000185122,HSF1,0.0014783194187388072,0,0,0,0,0,0.012158615952232422,0
ENSG00000114450,GNB4,0.0014783194187388072,0,0,0,0,0,0.012158615952232422,0
ENSG00000166796,LDHC,0.0014783194187388072,0,0,0,0,0,0.012158615952232422,0
ENSG00000123104,ITPR2,0.0014783194187388072,0,0,0,0,0,0.012158615952232422,0
ENSG00000101109,STK4,0.0014783194187388072,0,0,0,0,0,0.012158615952232422,0
ENSG00000151665,PIGF,0.0014783194187388072,0,0,0,0,0,0.012158615952232422,0
ENSG00000124608,AARS2,0.0014783194187388072,0,0,0,0,0,0.012158615952232422,0
ENSG00000143933,CALM2,0.0014783194187388072,0,0,0,0,0,0.012158615952232422,0
ENSG00000181885,CLDN7,0.0014783194187388072,0,0,0,0,0,0.012158615952232422,0
ENSG00000214367,HAUS3,0.0014783194187388072,0,0,0,0,0,0.012158615952232422,0
ENSG00000012660,ELOVL5,0.0014783194187388072,0,0,0,0,0,0.012158615952232422,0
ENSG00000165934,CPSF2,0.0014783194187388072,0,0,0,0,0,0.012158615952232422,0
ENSG00000119326,CTNNAL1,0.0014783194187388072,0,0,0,0,0,0.012158615952232422,0
ENSG00000101438,SLC32A1,0.0014783194187388072,0,0,0,0,0,0.012158615952232422,0
ENSG00000003989,SLC7A2,0.0014783194187388072,0,0,0,0,0,0.012158615952232422,0
ENSG00000185532,PRKG1,0.0014783194187388072,0,0,0,0,0,0.012158615952232422,0
ENSG00000210191,MT-TL2,0.0014783194187388072,0,0,0,0,0,0.012158615952232422,0
ENSG00000066294,CD84,0.0014783194187388072,0,0,0,0,0,0.012158615952232422,0
ENSG00000140320,BAHD1,0.0014783194187388072,0,0,0,0,0,0.012158615952232422,0
ENSG00000131055,COX4I2,0.0014783194187388072,0,0,0,0,0,0.012158615952232422,0
ENSG00000137713,PPP2R1B,0.0014783194187388072,0,0,0,0,0,0.012158615952232422,0
ENSG00000099219,ERMP1,0.0014783194187388072,0,0,0,0,0,0.012158615952232422,0
ENSG00000149273,RPS3,0.0014783194187388072,0,0,0,0,0,0.012158615952232422,0
ENSG00000139287,TPH2,0.0014783194187388072,0,0,0,0,0,0.012158615952232422,0
ENSG00000126767,ELK1,0.0014783194187388072,0,0,0,0,0,0.012158615952232422,0
ENSG00000139629,GALNT6,0.0014783194187388072,0,0,0,0,0,0.012158615952232422,0
ENSG00000156026,MCU,0.0014783194187388072,0,0,0,0,0,0.012158615952232422,0
ENSG00000137841,PLCB2,0.0014783194187388072,0,0,0,0,0,0.012158615952232422,0
ENSG00000135480,KRT7,0.0014783194187388072,0,0,0,0,0,0.012158615952232422,0
ENSG00000143278,F13B,0.0014783194187388072,0,0,0,0,0,0.012158615952232422,0
ENSG00000183036,PCP4,0.0014783194187388072,0,0,0,0,0,0.012158615952232422,0
ENSG00000027697,IFNGR1,0.0014783194187388072,0,0,0,0,0,0.012158615952232422,0
ENSG00000171885,AQP4,0.0014783194187388072,0,0,0,0,0,0.012158615952232422,0
ENSG00000100297,MCM5,0.0014783194187388072,0,0,0,0,0,0.012158615952232422,0
ENSG00000108953,YWHAE,0.0014783194187388072,0,0,0,0,0,0.012158615952232422,0
ENSG00000164815,ORC5,0.0014783194187388072,0,0,0,0,0,0.012158615952232422,0
ENSG00000132465,JCHAIN,0.0014783194187388072,0,0,0,0,0,0.012158615952232422,0
ENSG00000131143,COX4I1,0.0014783194187388072,0,0,0,0,0,0.012158615952232422,0
ENSG00000173598,NUDT4,0.0014783194187388072,0,0,0,0,0,0.012158615952232422,0
ENSG00000055118,KCNH2,0.0014783194187388072,0,0,0,0,0,0.012158615952232422,0
ENSG00000078295,ADCY2,0.0014783194187388072,0,0,0,0,0,0.012158615952232422,0
ENSG00000164330,EBF1,0.0014783194187388072,0,0,0,0,0,0.012158615952232422,0
ENSG00000170889,RPS9,0.0014783194187388072,0,0,0,0,0,0.012158615952232422,0
ENSG00000198642,KLHL9,0.0014783194187388072,0,0,0,0,0,0.012158615952232422,0
ENSG00000267586,LINC00907,0.0014783194187388072,0,0,0,0,0,0.012158615952232422,0
ENSG00000151150,ANK3,0.0014783194187388072,0,0,0,0,0,0.012158615952232422,0
ENSG00000015520,NPC1L1,0.0014783194187388072,0,0,0,0,0,0.012158615952232422,0
ENSG00000171503,ETFDH,0.0014783194187388072,0,0,0,0,0,0.012158615952232422,0
ENSG00000100201,DDX17,0.0014783194187388072,0,0,0,0,0,0.012158615952232422,0
ENSG00000068024,HDAC4,0.0014783194187388072,0,0,0,0,0,0.012158615952232422,0
ENSG00000121039,RDH10,0.0014783194187388072,0,0,0,0,0,0.012158615952232422,0
ENSG00000187531,SIRT7,0.0014783194187388072,0,0,0,0,0,0.012158615952232422,0
ENSG00000103326,CAPN15,0.0014783194187388072,0,0,0,0,0,0.012158615952232422,0
ENSG00000183853,KIRREL1,0.0014783194187388072,0,0,0,0,0,0.012158615952232422,0
ENSG00000175426,PCSK1,0.0014783194187388072,0,0,0,0,0,0.012158615952232422,0
ENSG00000100600,LGMN,0.0014783194187388072,0,0,0,0,0,0.012158615952232422,0
ENSG00000144407,PTH2R,0.0014783194187388072,0,0,0,0,0,0.012158615952232422,0
ENSG00000052802,MSMO1,0.0014783194187388072,0,0,0,0,0,0.012158615952232422,0
ENSG00000166317,SYNPO2L,0.0014783194187388072,0,0,0,0,0,0.012158615952232422,0
ENSG00000101680,LAMA1,0.0014783194187388072,0,0,0,0,0,0.012158615952232422,0
ENSG00000120907,ADRA1A,0.0014783194187388072,0,0,0,0,0,0.012158615952232422,0
ENSG00000144645,OSBPL10,0.0014783194187388072,0,0,0,0,0,0.012158615952232422,0
ENSG00000095564,BTAF1,0.0014783194187388072,0,0,0,0,0,0.012158615952232422,0
ENSG00000140525,FANCI,0.0014783194187388072,0,0,0,0,0,0.012158615952232422,0
ENSG00000123416,TUBA1B,0.0014783194187388072,0,0,0,0,0,0.012158615952232422,0
ENSG00000142864,SERBP1,0.0014783194187388072,0,0,0,0,0,0.012158615952232422,0
ENSG00000133027,PEMT,0.0014783194187388072,0,0,0,0,0,0.012158615952232422,0
ENSG00000183840,GPR39,0.0014783194187388072,0,0,0,0,0,0.012158615952232422,0
ENSG00000104879,CKM,0.0014783194187388072,0,0,0,0,0,0.012158615952232422,0
ENSG00000214022,REPIN1,0.0014783194187388072,0,0,0,0,0,0.012158615952232422,0
ENSG00000105374,NKG7,0.0014783194187388072,0,0,0,0,0,0.012158615952232422,0
ENSG00000073111,MCM2,0.0014783194187388072,0,0,0,0,0,0.012158615952232422,0
ENSG00000128606,LRRC17,0.0014783194187388072,0,0,0,0,0,0.012158615952232422,0
ENSG00000102763,VWA8,0.0014783194187388072,0,0,0,0,0,0.012158615952232422,0
ENSG00000145147,SLIT2,0.0014783194187388072,0,0,0,0,0,0.012158615952232422,0
ENSG00000159063,ALG8,0.0014783194187388072,0,0,0,0,0,0.012158615952232422,0
ENSG00000124491,F13A1,0.0014783194187388072,0,0,0,0,0,0.012158615952232422,0
ENSG00000180340,FZD2,0.0014783194187388072,0,0,0,0,0,0.012158615952232422,0
ENSG00000204574,ABCF1,0.0014783194187388072,0,0,0,0,0,0.012158615952232422,0
ENSG00000143106,PSMA5,0.0014783194187388072,0,0,0,0,0,0.012158615952232422,0
ENSG00000100299,ARSA,0.0014783194187388072,0,0,0,0,0,0.012158615952232422,0
ENSG00000123106,CCDC91,0.0014783194187388072,0,0,0,0,0,0.012158615952232422,0
ENSG00000187676,B3GLCT,0.0014783194187388072,0,0,0,0,0,0.012158615952232422,0
ENSG00000109181,UGT2B10,0.0014783194187388072,0,0,0,0,0,0.012158615952232422,0
ENSG00000184058,TBX1,0.0014783194187388072,0,0,0,0,0,0.012158615952232422,0
ENSG00000116962,NID1,0.0014783194187388072,0,0,0,0,0,0.012158615952232422,0
ENSG00000198933,TBKBP1,0.0014783194187388072,0,0,0,0,0,0.012158615952232422,0
ENSG00000134917,ADAMTS8,0.0014783194187388072,0,0,0,0,0,0.012158615952232422,0
ENSG00000112972,HMGCS1,0.0014783194187388072,0,0,0,0,0,0.012158615952232422,0
ENSG00000158869,FCER1G,0.0014783194187388072,0,0,0,0,0,0.012158615952232422,0
ENSG00000166106,ADAMTS15,0.0014783194187388072,0,0,0,0,0,0.012158615952232422,0
ENSG00000072042,RDH11,0.0014783194187388072,0,0,0,0,0,0.012158615952232422,0
ENSG00000168811,IL12A,0.0014783194187388072,0,0,0,0,0,0.012158615952232422,0
ENSG00000103196,CRISPLD2,0.0014783194187388072,0,0,0,0,0,0.012158615952232422,0
ENSG00000179674,ARL14,0.0014783194187388072,0,0,0,0,0,0.012158615952232422,0
ENSG00000123342,MMP19,0.0014783194187388072,0,0,0,0,0,0.012158615952232422,0
ENSG00000122406,RPL5,0.0014783194187388072,0,0,0,0,0,0.012158615952232422,0
ENSG00000137642,SORL1,0.0014783194187388072,0,0,0,0,0,0.012158615952232422,0
ENSG00000164256,PRDM9,0.0014783194187388072,0,0,0,0,0,0.012158615952232422,0
ENSG00000167633,KIR3DL1,0.0014783194187388072,0,0,0,0,0,0.012158615952232422,0
ENSG00000173726,TOMM20,0.0014783194187388072,0,0,0,0,0,0.012158615952232422,0
ENSG00000170677,SOCS6,0.0014783194187388072,0,0,0,0,0,0.012158615952232422,0
ENSG00000095585,BLNK,0.0014783194187388072,0,0,0,0,0,0.012158615952232422,0
ENSG00000137077,CCL21,0.0014783194187388072,0,0,0,0,0,0.012158615952232422,0
ENSG00000132510,KDM6B,0.0014783194187388072,0,0,0,0,0,0.012158615952232422,0
ENSG00000133317,LGALS12,0.0014783194187388072,0,0,0,0,0,0.012158615952232422,0
ENSG00000170017,ALCAM,0.0014783194187388072,0,0,0,0,0,0.012158615952232422,0
ENSG00000109667,SLC2A9,0.0014783194187388072,0,0,0,0,0,0.012158615952232422,0
ENSG00000273802,H2BC8,0.0014783194187388072,0,0,0,0,0,0.012158615952232422,0
ENSG00000096433,ITPR3,0.0014783194187388072,0,0,0,0,0,0.012158615952232422,0
ENSG00000211890,IGHA2,0.0014783194187388072,0,0,0,0,0,0.012158615952232422,0
ENSG00000143553,SNAPIN,0.0014783194187388072,0,0,0,0,0,0.012158615952232422,0
ENSG00000142453,CARM1,0.0014783194187388072,0,0,0,0,0,0.012158615952232422,0
ENSG00000112739,PRP4K,0.0014783194187388072,0,0,0,0,0,0.012158615952232422,0
ENSG00000171863,RPS7,0.0014783194187388072,0,0,0,0,0,0.012158615952232422,0
ENSG00000135404,CD63,0.0014783194187388072,0,0,0,0,0,0.012158615952232422,0
ENSG00000099822,HCN2,0.0014783194187388072,0,0,0,0,0,0.012158615952232422,0
ENSG00000005022,SLC25A5,0.0014783194187388072,0,0,0,0,0,0.012158615952232422,0
ENSG00000169169,CPT1C,0.0014783194187388072,0,0,0,0,0,0.012158615952232422,0
ENSG00000162545,CAMK2N1,0.0014783194187388072,0,0,0,0,0,0.012158615952232422,0
ENSG00000186666,BCDIN3D,0.0014783194187388072,0,0,0,0,0,0.012158615952232422,0
ENSG00000147576,ADHFE1,0.0014783194187388072,0,0,0,0,0,0.012158615952232422,0
ENSG00000146232,NFKBIE,0.0014783194187388072,0,0,0,0,0,0.012158615952232422,0
ENSG00000164889,SLC4A2,0.0014783194187388072,0,0,0,0,0,0.012158615952232422,0
ENSG00000124171,PARD6B,0.0014783194187388072,0,0,0,0,0,0.012158615952232422,0
ENSG00000184669,OR7E14P,0.0014783194187388072,0,0,0,0,0,0.012158615952232422,0
ENSG00000149506,ZP1,0.0014783194187388072,0,0,0,0,0,0.012158615952232422,0
ENSG00000159461,AMFR,0.0014783194187388072,0,0,0,0,0,0.012158615952232422,0
ENSG00000108055,SMC3,0.0014783194187388072,0,0,0,0,0,0.012158615952232422,0
ENSG00000167548,KMT2D,0.0014783194187388072,0,0,0,0,0,0.012158615952232422,0
ENSG00000176371,ZSCAN2,0.0014783194187388072,0,0,0,0,0,0.012158615952232422,0
ENSG00000110330,BIRC2,0.0014783194187388072,0,0,0,0,0,0.012158615952232422,0
ENSG00000163918,RFC4,0.0014783194187388072,0,0,0,0,0,0.012158615952232422,0
ENSG00000196954,CASP4,0.0014783194187388072,0,0,0,0,0,0.012158615952232422,0
ENSG00000137710,RDX,0.0014783194187388072,0,0,0,0,0,0.012158615952232422,0
ENSG00000171241,SHCBP1,0.0014783194187388072,0,0,0,0,0,0.012158615952232422,0
ENSG00000154639,CXADR,0.0014783194187388072,0,0,0,0,0,0.012158615952232422,0
ENSG00000125885,MCM8,0.0014783194187388072,0,0,0,0,0,0.012158615952232422,0
ENSG00000250929,LINC01181,0.0014783194187388072,0,0,0,0,0,0.012158615952232422,0
ENSG00000146378,TAAR2,0.0014783194187388072,0,0,0,0,0,0.012158615952232422,0
ENSG00000140543,DET1,0.0014783194187388072,0,0,0,0,0,0.012158615952232422,0
ENSG00000015285,WAS,0.0014783194187388072,0,0,0,0,0,0.012158615952232422,0
ENSG00000122512,PMS2,0.0014783194187388072,0,0,0,0,0,0.012158615952232422,0
ENSG00000141562,NARF,0.0014783194187388072,0,0,0,0,0,0.012158615952232422,0
ENSG00000109208,SMR3A,0.0014783194187388072,0,0,0,0,0,0.012158615952232422,0
ENSG00000164434,FABP7,0.0014783194187388072,0,0,0,0,0,0.012158615952232422,0
ENSG00000197324,LRP10,0.0014783194187388072,0,0,0,0,0,0.012158615952232422,0
ENSG00000004777,ARHGAP33,0.0014783194187388072,0,0,0,0,0,0.012158615952232422,0
ENSG00000066032,CTNNA2,0.0014783194187388072,0,0,0,0,0,0.012158615952232422,0
ENSG00000073861,TBX21,0.0014783194187388072,0,0,0,0,0,0.012158615952232422,0
ENSG00000196296,ATP2A1,0.0014783194187388072,0,0,0,0,0,0.012158615952232422,0
ENSG00000130348,QRSL1,0.0014783194187388072,0,0,0,0,0,0.012158615952232422,0
ENSG00000057657,PRDM1,0.0014783194187388072,0,0,0,0,0,0.012158615952232422,0
ENSG00000096384,HSP90AB1,0.0014783194187388072,0,0,0,0,0,0.012158615952232422,0
ENSG00000111679,PTPN6,0.0014783194187388072,0,0,0,0,0,0.012158615952232422,0
ENSG00000070495,JMJD6,0.0014783194187388072,0,0,0,0,0,0.012158615952232422,0
ENSG00000104998,IL27RA,0.0014783194187388072,0,0,0,0,0,0.012158615952232422,0
ENSG00000128039,SRD5A3,0.0014783194187388072,0,0,0,0,0,0.012158615952232422,0
ENSG00000215644,GCGR,0.0014783194187388072,0,0,0,0,0,0.012158615952232422,0
ENSG00000133105,RXFP2,0.0014783194187388072,0,0,0,0,0,0.012158615952232422,0
ENSG00000176485,PLAAT3,0.0014783194187388072,0,0,0,0,0,0.012158615952232422,0
ENSG00000108551,RASD1,0.0014783194187388072,0,0,0,0,0,0.012158615952232422,0
ENSG00000106688,SLC1A1,0.0014783194187388072,0,0,0,0,0,0.012158615952232422,0
ENSG00000157601,MX1,0.0014783194187388072,0,0,0,0,0,0.012158615952232422,0
ENSG00000204832,ST8SIA6-AS1,0.0014783194187388072,0,0,0,0,0,0.012158615952232422,0
ENSG00000184227,ACOT1,0.0014783194187388072,0,0,0,0,0,0.012158615952232422,0
ENSG00000164930,FZD6,0.0014783194187388072,0,0,0,0,0,0.012158615952232422,0
ENSG00000142676,RPL11,0.0014783194187388072,0,0,0,0,0,0.012158615952232422,0
ENSG00000086848,ALG9,0.0014783194187388072,0,0,0,0,0,0.012158615952232422,0
ENSG00000139547,RDH16,0.0014783194187388072,0,0,0,0,0,0.012158615952232422,0
ENSG00000096401,CDC5L,0.0014783194187388072,0,0,0,0,0,0.012158615952232422,0
ENSG00000170801,HTRA3,0.0014783194187388072,0,0,0,0,0,0.012158615952232422,0
ENSG00000155052,CNTNAP5,0.0014783194187388072,0,0,0,0,0,0.012158615952232422,0
ENSG00000120992,LYPLA1,0.0014783194187388072,0,0,0,0,0,0.012158615952232422,0
ENSG00000118007,STAG1,0.0014783194187388072,0,0,0,0,0,0.012158615952232422,0
ENSG00000153707,PTPRD,0.0014783194187388072,0,0,0,0,0,0.012158615952232422,0
ENSG00000033170,FUT8,0.0014783194187388072,0,0,0,0,0,0.012158615952232422,0
ENSG00000188372,ZP3,0.0014783194187388072,0,0,0,0,0,0.012158615952232422,0
ENSG00000159182,PRAC1,0.0014783194187388072,0,0,0,0,0,0.012158615952232422,0
ENSG00000239388,ASB14,0.0014783194187388072,0,0,0,0,0,0.012158615952232422,0
ENSG00000011275,RNF216,0.0014783194187388072,0,0,0,0,0,0.012158615952232422,0
ENSG00000184575,XPOT,0.0014783194187388072,0,0,0,0,0,0.012158615952232422,0
ENSG00000153233,PTPRR,0.0014783194187388072,0,0,0,0,0,0.012158615952232422,0
ENSG00000099326,MZF1,0.0014783194187388072,0,0,0,0,0,0.012158615952232422,0
ENSG00000214160,ALG3,0.0014783194187388072,0,0,0,0,0,0.012158615952232422,0
ENSG00000005812,FBXL3,0.0014783194187388072,0,0,0,0,0,0.012158615952232422,0
ENSG00000143368,SF3B4,0.0014783194187388072,0,0,0,0,0,0.012158615952232422,0
ENSG00000196975,ANXA4,0.0014783194187388072,0,0,0,0,0,0.012158615952232422,0
ENSG00000119121,TRPM6,0.0014783194187388072,0,0,0,0,0,0.012158615952232422,0
ENSG00000111348,ARHGDIB,0.0014783194187388072,0,0,0,0,0,0.012158615952232422,0
ENSG00000168137,SETD5,0.0014783194187388072,0,0,0,0,0,0.012158615952232422,0
ENSG00000121022,COPS5,0.0014783194187388072,0,0,0,0,0,0.012158615952232422,0
ENSG00000196557,CACNA1H,0.0014783194187388072,0,0,0,0,0,0.012158615952232422,0
ENSG00000106004,HOXA5,0.0014783194187388072,0,0,0,0,0,0.012158615952232422,0
ENSG00000134438,RAX,0.0014783194187388072,0,0,0,0,0,0.012158615952232422,0
ENSG00000083720,OXCT1,0.0014783194187388072,0,0,0,0,0,0.012158615952232422,0
ENSG00000141127,PRPSAP2,0.0014783194187388072,0,0,0,0,0,0.012158615952232422,0
ENSG00000145016,RUBCN,0.0014783194187388072,0,0,0,0,0,0.012158615952232422,0
ENSG00000089289,IGBP1,0.0014783194187388072,0,0,0,0,0,0.012158615952232422,0
ENSG00000135093,USP30,0.0014783194187388072,0,0,0,0,0,0.012158615952232422,0
ENSG00000178691,SUZ12,0.0014783194187388072,0,0,0,0,0,0.012158615952232422,0
ENSG00000125304,TM9SF2,0.0014783194187388072,0,0,0,0,0,0.012158615952232422,0
ENSG00000101040,ZMYND8,0.0014783194187388072,0,0,0,0,0,0.012158615952232422,0
ENSG00000149782,PLCB3,0.0014783194187388072,0,0,0,0,0,0.012158615952232422,0
ENSG00000104765,BNIP3L,0.0014783194187388072,0,0,0,0,0,0.012158615952232422,0
ENSG00000134121,CHL1,0.0014783194187388072,0,0,0,0,0,0.012158615952232422,0
ENSG00000261008,LINC01572,0.0014783194187388072,0,0,0,0,0,0.012158615952232422,0
ENSG00000183454,GRIN2A,0.0014783194187388072,0,0,0,0,0,0.012158615952232422,0
ENSG00000020256,ZFP64,0.0014783194187388072,0,0,0,0,0,0.012158615952232422,0
ENSG00000162390,ACOT11,0.0014783194187388072,0,0,0,0,0,0.012158615952232422,0
ENSG00000122592,HOXA7,0.0014783194187388072,0,0,0,0,0,0.012158615952232422,0
ENSG00000196498,NCOR2,0.0014783194187388072,0,0,0,0,0,0.012158615952232422,0
ENSG00000103310,ZP2,0.0014783194187388072,0,0,0,0,0,0.012158615952232422,0
ENSG00000204673,AKT1S1,0.0013114703917564308,0,0,0,0,0.010786346052123095,0,0
ENSG00000275342,PRAG1,0.0012413201386664804,0,0,0,0,0.010209386854089786,0,0
ENSG00000122694,GLIPR2,0.0011572750602402038,0,0,0,0,0.00951814799305112,0,0
ENSG00000100519,PSMC6,0.0010486586270345977,0,0,0,0,0.008624819067848387,0,0
