ensembl,symbol,score,genetic_association,somatic_mutation,known_drug,affected_pathway,rna_expression,literature,animal_model
ENSG00000211897,IGHG3,0.6013419931927332,0,0,0,0.9652766185441606,0,0.477705969902505,0
ENSG00000211896,IGHG1,0.590024504905519,0,0,0,0.9652766185441606,0.10537779269295405,0,0
ENSG00000211962,IGHV1-46,0.589113746339939,0,0,0,0.9652766185441606,0.0754152190198255,0,0
ENSG00000211973,IGHV1-69,0.5890720089134753,0,0,0,0.9652766185441606,0.07404212107421775,0,0
ENSG00000211941,IGHV3-11,0.5888608091946534,0,0,0,0.9652766185441606,0.06709397106597129,0,0
ENSG00000239951,IGKV3-20,0.5888447034495244,0,0,0,0.9652766185441606,0.06656411651041186,0,0
ENSG00000240382,IGKV1-17,0.5886763915718711,0,0,0,0.9652766185441606,0.06102691134447732,0,0
ENSG00000211625,IGKV3D-20,0.5885261908847175,0,0,0,0.9652766185441606,0.05608553684120332,0,0
ENSG00000211660,IGLV2-23,0.5884131129788224,0,0,0,0.9652766185441606,0.052365445464376624,0,0
ENSG00000211668,IGLV2-11,0.5884098639989819,0,0,0,0.9652766185441606,0.052258558961729124,0,0
ENSG00000211644,IGLV1-51,0.5884010619859197,0,0,0,0.9652766185441606,0.05196898609926505,0,0
ENSG00000211666,IGLV2-14,0.5882037238465343,0,0,0,0.9652766185441606,0.04547686100342647,0,0
ENSG00000211663,IGLV3-19,0.5880016616705558,0,0,0,0.9652766185441606,0.038829322277889426,0,0
ENSG00000251546,IGKV1D-39,0.587991086913044,0,0,0,0.9652766185441606,0.038481428815233205,0,0
ENSG00000211662,IGLV3-21,0.5878287080172478,0,0,0,0.9652766185441606,0.033139409742203134,0,0
ENSG00000242076,IGKV1-33,0.5876286264448922,0,0,0,0.9652766185441606,0.026557029867993524,0,0
ENSG00000211658,IGLV3-27,0.5876215030490364,0,0,0,0.9652766185441606,0.02632268096236437,0,0
ENSG00000278857,IGKV1D-12,0.5872963702941046,0,0,0,0.9652766185441606,0.015626307091883555,0,0
ENSG00000243290,IGKV1-12,0.5868213846274001,0,0,0,0.9652766185441606,0,0,0
ENSG00000253998,IGKV2-29,0.5868213846274001,0,0,0,0.9652766185441606,0,0,0
ENSG00000211679,IGLC3,0.5868213846274001,0,0,0,0.9652766185441606,0,0,0
ENSG00000211592,IGKC,0.5868213846274001,0,0,0,0.9652766185441606,0,0,0
ENSG00000211955,IGHV3-33,0.5868213846274001,0,0,0,0.9652766185441606,0,0,0
ENSG00000241351,IGKV3-11,0.5868213846274001,0,0,0,0.9652766185441606,0,0,0
ENSG00000241244,IGKV1D-16,0.5868213846274001,0,0,0,0.9652766185441606,0,0,0
ENSG00000211956,IGHV4-34,0.5868213846274001,0,0,0,0.9652766185441606,0,0,0
ENSG00000211967,IGHV3-53,0.5868213846274001,0,0,0,0.9652766185441606,0,0,0
ENSG00000211942,IGHV3-13,0.5868213846274001,0,0,0,0.9652766185441606,0,0,0
ENSG00000278196,IGLV2-8,0.5868213846274001,0,0,0,0.9652766185441606,0,0,0
ENSG00000243466,IGKV1-5,0.5868213846274001,0,0,0,0.9652766185441606,0,0,0
ENSG00000211599,IGKV5-2,0.5868213846274001,0,0,0,0.9652766185441606,0,0,0
ENSG00000211937,IGHV2-5,0.5868213846274001,0,0,0,0.9652766185441606,0,0,0
ENSG00000211652,IGLV7-43,0.5868213846274001,0,0,0,0.9652766185441606,0,0,0
ENSG00000211675,IGLC1,0.5868213846274001,0,0,0,0.9652766185441606,0,0,0
ENSG00000240864,IGKV1-16,0.5868213846274001,0,0,0,0.9652766185441606,0,0,0
ENSG00000239975,IGKV1D-33,0.5868213846274001,0,0,0,0.9652766185441606,0,0,0
ENSG00000211640,IGLV6-57,0.5868213846274001,0,0,0,0.9652766185441606,0,0,0
ENSG00000211685,IGLC7,0.5868213846274001,0,0,0,0.9652766185441606,0,0,0
ENSG00000239571,IGKV2D-30,0.5868213846274001,0,0,0,0.9652766185441606,0,0,0
ENSG00000251039,IGKV2D-40,0.5868213846274001,0,0,0,0.9652766185441606,0,0,0
ENSG00000211934,IGHV1-2,0.5868213846274001,0,0,0,0.9652766185441606,0,0,0
ENSG00000274576,IGHV2-70,0.5868213846274001,0,0,0,0.9652766185441606,0,0,0
ENSG00000211659,IGLV3-25,0.5868213846274001,0,0,0,0.9652766185441606,0,0,0
ENSG00000242534,IGKV2D-28,0.5868213846274001,0,0,0,0.9652766185441606,0,0,0
ENSG00000211673,IGLV3-1,0.5868213846274001,0,0,0,0.9652766185441606,0,0,0
ENSG00000211938,IGHV3-7,0.5868213846274001,0,0,0,0.9652766185441606,0,0,0
ENSG00000242371,IGKV1-39,0.5868213846274001,0,0,0,0.9652766185441606,0,0,0
ENSG00000222037,IGLC6,0.5868213846274001,0,0,0,0.9652766185441606,0,0,0
ENSG00000211892,IGHG4,0.5868213846274001,0,0,0,0.9652766185441606,0,0,0
ENSG00000244116,IGKV2-28,0.5868213846274001,0,0,0,0.9652766185441606,0,0,0
ENSG00000211653,IGLV1-40,0.5868213846274001,0,0,0,0.9652766185441606,0,0,0
ENSG00000270550,IGHV3-30,0.5868213846274001,0,0,0,0.9652766185441606,0,0,0
ENSG00000211598,IGKV4-1,0.5868213846274001,0,0,0,0.9652766185441606,0,0,0
ENSG00000224373,IGHV4-59,0.5868213846274001,0,0,0,0.9652766185441606,0,0,0
ENSG00000211949,IGHV3-23,0.5868213846274001,0,0,0,0.9652766185441606,0,0,0
ENSG00000211648,IGLV1-47,0.5868213846274001,0,0,0,0.9652766185441606,0,0,0
ENSG00000211964,IGHV3-48,0.5868213846274001,0,0,0,0.9652766185441606,0,0,0
ENSG00000243238,IGKV2-30,0.5868213846274001,0,0,0,0.9652766185441606,0,0,0
ENSG00000211677,IGLC2,0.5868213846274001,0,0,0,0.9652766185441606,0,0,0
ENSG00000211651,IGLV1-44,0.5868213846274001,0,0,0,0.9652766185441606,0,0,0
ENSG00000211893,IGHG2,0.5868213846274001,0,0,0,0.9652766185441606,0,0,0
ENSG00000211959,IGHV4-39,0.5868213846274001,0,0,0,0.9652766185441606,0,0,0
ENSG00000244437,IGKV3-15,0.5868213846274001,0,0,0,0.9652766185441606,0,0,0
ENSG00000203747,FCGR3A,0.5855002139091268,0,0,0,0.9580964074361958,0,0.10013971193991425,0
ENSG00000198821,CD247,0.5829182879798711,0,0,0,0.9580964074361958,0,0.015198269940290528,0
ENSG00000160654,CD3G,0.5824563131615152,0,0,0,0.9580964074361958,0,0,0
ENSG00000165025,SYK,0.5731325127342548,0,0,0,0.9421515329208274,0,0.012158615952232422,0
ENSG00000197943,PLCG2,0.5111615852494398,0,0,0,0.8274613634158176,0,0.03343619386863916,0.2523520740885839
ENSG00000141968,VAV1,0.5035012214725333,0,0,0,0.8274613634158176,0,0.015198269940290528,0
ENSG00000160293,VAV2,0.5030392466541774,0,0,0,0.8274613634158176,0,0,0
ENSG00000134215,VAV3,0.5030392466541774,0,0,0,0.8274613634158176,0,0,0
ENSG00000124181,PLCG1,0.5030392466541774,0,0,0,0.8274613634158176,0,0,0
ENSG00000254087,LYN,0.47774163136082126,0,0,0,0.7599134970145264,0,0.06383273374922022,0.49033409951379003
ENSG00000010810,FYN,0.4640075075566431,0,0,0,0.7599134970145264,0,0.06687238773727831,0
ENSG00000197122,SRC,0.46270884501170934,0,0,0,0.7599134970145264,0,0.024148362238461615,0
ENSG00000000938,FGR,0.4623443982105619,0,0,0,0.7599134970145264,0,0.012158615952232422,0
ENSG00000136238,RAC1,0.4619748183558772,0,0,0,0.7599134970145264,0,0,0
ENSG00000155849,ELMO1,0.4619748183558772,0,0,0,0.7599134970145264,0,0,0
ENSG00000062598,ELMO2,0.4619748183558772,0,0,0,0.7599134970145264,0,0,0
ENSG00000176105,YES1,0.4619748183558772,0,0,0,0.7599134970145264,0,0,0
ENSG00000101336,HCK,0.4619748183558772,0,0,0,0.7599134970145264,0,0,0
ENSG00000167193,CRK,0.4619748183558772,0,0,0,0.7599134970145264,0,0,0
ENSG00000150760,DOCK1,0.4619748183558772,0,0,0,0.7599134970145264,0,0,0
ENSG00000130429,ARPC1B,0.3815389968074804,0,0,0,0.607930797611621,0,0,0.3934376139443008
ENSG00000143226,FCGR2A,0.37954000053473397,0,0,0,0.607930797611621,0,0.060866759141428556,0.30062177941894663
ENSG00000100345,MYH9,0.37752582156042286,0,0,0,0.607930797611621,0,0,0.26141024297299703
ENSG00000150337,FCGR1A,0.37560891123388696,0,0,0,0.607930797611621,0.1504628724088762,0.1077388469100595,0
ENSG00000115758,ODC1,0.37258487321617895,0,0,0,0,0,0.0988605460780421,0
ENSG00000184009,ACTG1,0.3695798546847018,0,0,0,0.607930797611621,0,0,0
ENSG00000138071,ACTR2,0.3695798546847018,0,0,0,0.607930797611621,0,0,0
ENSG00000162704,ARPC5,0.3695798546847018,0,0,0,0.607930797611621,0,0,0
ENSG00000241685,ARPC1A,0.3695798546847018,0,0,0,0.607930797611621,0,0,0
ENSG00000125414,MYH2,0.3695798546847018,0,0,0,0.607930797611621,0,0,0
ENSG00000115091,ACTR3,0.3695798546847018,0,0,0,0.607930797611621,0,0,0
ENSG00000241553,ARPC4,0.3695798546847018,0,0,0,0.607930797611621,0,0,0
ENSG00000197535,MYO5A,0.3695798546847018,0,0,0,0.607930797611621,0,0,0
ENSG00000099331,MYO9B,0.3695798546847018,0,0,0,0.607930797611621,0,0,0
ENSG00000075624,ACTB,0.3695798546847018,0,0,0,0.607930797611621,0,0,0
ENSG00000111229,ARPC3,0.3695798546847018,0,0,0,0.607930797611621,0,0,0
ENSG00000163466,ARPC2,0.3695798546847018,0,0,0,0.607930797611621,0,0,0
ENSG00000197879,MYO1C,0.3695798546847018,0,0,0,0.607930797611621,0,0,0
ENSG00000113578,FGF1,0.3695798546847018,0,0,0,0,0,0,0
ENSG00000196664,TLR7,0.2883340729033754,0,0,0,0,0,0.15079607107759352,0.2997706763022904
ENSG00000118113,MMP8,0.2628220939108421,0,0,0,0,0.1354165851679886,0,0
ENSG00000196611,MMP1,0.2622450465814781,0,0,0,0,0.06401589386423186,0.08798109598768183,0
ENSG00000137745,MMP13,0.25962984791600296,0,0,0,0,0,0.030396539880581056,0
ENSG00000186642,PDE2A,0.259217971700171,0,0,0,0,0.10128127088209606,0,0
ENSG00000137673,MMP7,0.25870589827929125,0,0,0,0,0,0,0
ENSG00000128271,ADORA2A,0.25844154602212094,0,0,0,0,0,0.0757380452024478,0
ENSG00000138735,PDE5A,0.2561393715106475,0,0,0,0,0,0,0
ENSG00000156973,PDE6D,0.2561393715106475,0,0,0,0,0,0,0
ENSG00000170425,ADORA2B,0.2561393715106475,0,0,0,0,0,0,0
ENSG00000205268,PDE7A,0.2561393715106475,0,0,0,0,0,0,0
ENSG00000185527,PDE6G,0.2561393715106475,0,0,0,0,0,0,0
ENSG00000139053,PDE6H,0.2561393715106475,0,0,0,0,0,0,0
ENSG00000154678,PDE1C,0.2561393715106475,0,0,0,0,0,0,0
ENSG00000073417,PDE8A,0.2561393715106475,0,0,0,0,0,0,0
ENSG00000172572,PDE3A,0.2561393715106475,0,0,0,0,0,0,0
ENSG00000113448,PDE4D,0.2561393715106475,0,0,0,0,0,0,0
ENSG00000105650,PDE4C,0.2561393715106475,0,0,0,0,0,0,0
ENSG00000123360,PDE1B,0.2561393715106475,0,0,0,0,0,0,0
ENSG00000152270,PDE3B,0.2561393715106475,0,0,0,0,0,0,0
ENSG00000065989,PDE4A,0.2561393715106475,0,0,0,0,0,0,0
ENSG00000184588,PDE4B,0.2561393715106475,0,0,0,0,0,0,0
ENSG00000132915,PDE6A,0.2561393715106475,0,0,0,0,0,0,0
ENSG00000133256,PDE6B,0.2561393715106475,0,0,0,0,0,0,0
ENSG00000160191,PDE9A,0.2561393715106475,0,0,0,0,0,0,0
ENSG00000171408,PDE7B,0.2561393715106475,0,0,0,0,0,0,0
ENSG00000112541,PDE10A,0.2561393715106475,0,0,0,0,0,0,0
ENSG00000095464,PDE6C,0.2561393715106475,0,0,0,0,0,0,0
ENSG00000113231,PDE8B,0.2561393715106475,0,0,0,0,0,0,0
ENSG00000115252,PDE1A,0.2561393715106475,0,0,0,0,0,0,0
ENSG00000162434,JAK1,0.1962717468166971,0,0,0,0,0,0.03343619386863916,0.3628738930943766
ENSG00000096968,JAK2,0.19400435159463517,0,0,0,0,0,0.03630697819069404,0.2870041295524463
ENSG00000105397,TYK2,0.1927781905792192,0,0,0,0,0,0.012158615952232422,0.25739789970876037
ENSG00000105639,JAK3,0.18705360395229467,0,0,0,0,0,0.07447152270742358,0
ENSG00000136634,IL10,0.13228705204264804,0,0,0,0,0.0787052299458659,0.9387891943551652,0.27283934196809556
ENSG00000164116,GUCY1A1,0.12935294913964562,0,0,0,0,0,0,0
ENSG00000152402,GUCY1A2,0.12935294913964562,0,0,0,0,0,0,0
ENSG00000061918,GUCY1B1,0.12935294913964562,0,0,0,0,0,0,0
ENSG00000111537,IFNG,0.12489987499287859,0,0,0,0,0.10723899269868996,0.9346965877054703,0.3225680812127262
ENSG00000010610,CD4,0.1166577745249257,0,0,0,0,0,0.9594659045341948,0
ENSG00000153563,CD8A,0.1067600950280813,0,0,0,0,0,0.8780612484801714,0
ENSG00000188389,PDCD1,0.09982381829966444,0,0,0,0,0.08936582724890829,0.7986715490417489,0
ENSG00000196839,ADA,0.09685996225012339,0,0,0,0,0,0.7966364151204159,0
ENSG00000168685,IL7R,0.0936936262161092,0,0,0,0,0,0.7705945033892305,0
ENSG00000112115,IL17A,0.09120438165287521,0,0,0,0,0,0.7501214119369347,0
ENSG00000232810,TNF,0.09028820838299388,0,0,0,0,0,0.7425862346315514,0
ENSG00000049768,FOXP3,0.08429566287932855,0,0,0,0,0,0.4936315788559468,0.5698919283127548
ENSG00000174697,LEP,0.08118360692022163,0,0,0,0,0,0.6677043443033962,0
ENSG00000169245,CXCL10,0.0796242341925854,0,0,0,0,0.07627309926363468,0.6358108208427196,0
ENSG00000102245,CD40LG,0.07858987342281994,0,0,0,0,0,0.6463718710384153,0
ENSG00000158125,XDH,0.07653896129449429,0,0,0,0,0,0.034787151196664985,0
ENSG00000104432,IL7,0.07616411034088692,0,0,0,0,0,0.626420890668091,0
ENSG00000186891,TNFRSF18,0.07534049595460837,0,0,0,0,0,0.6196469750389249,0
ENSG00000119535,CSF3R,0.07483992057365212,0,0,0,0,0,0.030396539880581056,0
ENSG00000100985,MMP9,0.07256510742262076,0,0,0,0,0.16249990220158633,0.5561954825322292,0
ENSG00000206503,HLA-A,0.07226919521039543,0,0,0,0,0,0.5943866924847332,0
ENSG00000136869,TLR4,0.0718192550105924,0,0,0,0,0,0.590686105168128,0
ENSG00000163554,SPTA1,0.07084508683729898,0,0,0,0,0.16851841709794133,0,0.5405443375263596
ENSG00000068724,TTC7A,0.06791512336863902,0,0,0,0,0,0,0.5585761046771878
ENSG00000029534,ANK1,0.06709340219096481,0,0,0,0,0.09963285308204121,0,0.5269095466994961
ENSG00000137033,IL33,0.06460816413652917,0,0,0,0,0,0.5313776205314437,0
ENSG00000136244,IL6,0.06413440967479826,0,0,0,0,0,0.5274811699519357,0
ENSG00000125538,IL1B,0.06409451883728273,0,0,0,0,0,0.5271530829585455,0
ENSG00000026103,FAS,0.06250827268503764,0,0,0,0,0,0.26944843675096936,0.44674470141153977
ENSG00000066926,FECH,0.0614997433571356,0,0,0,0,0.0706352302755873,0,0.4881532322121914
ENSG00000147894,C9orf72,0.06143525924423799,0,0,0,0,0,0,0.5052816824348989
ENSG00000114251,WNT5A,0.060795886095633446,0,0,0,0,0,0.5000230810355584,0
ENSG00000106546,AHR,0.060768937564562676,0,0,0,0,0,0.38715566236898075,0.4030125240066839
ENSG00000077238,IL4R,0.06070518547191815,0,0,0,0,0,0.4992771028413985,0
ENSG00000134460,IL2RA,0.05914762849525973,0,0,0,0,0,0.40093092483508996,0.3421434528958203
ENSG00000116044,NFE2L2,0.058734400980774565,0,0,0,0,0,0.19140196252191813,0.4352176580101595
ENSG00000117560,FASLG,0.05856770120242548,0,0,0,0,0,0.12991385694154692,0.4492186420184872
ENSG00000109471,IL2,0.058478690298426506,0,0,0,0,0,0.25320547653491443,0.417663656229124
ENSG00000160255,ITGB2,0.05743070752712311,0,0,0,0,0,0.10851058128369426,0.44521811963087066
ENSG00000004468,CD38,0.05729872240399952,0,0,0,0,0.09532354906550218,0.4474293501579261,0
ENSG00000004939,SLC4A1,0.05691386036645364,0,0,0,0,0.1384258426161661,0.030396539880581056,0.43011103931022193
ENSG00000145839,IL9,0.05527268595363604,0,0,0,0,0,0.45459685683622175,0
ENSG00000015285,WAS,0.054898560476337684,0,0,0,0,0,0,0.45151981682798237
ENSG00000213658,LAT,0.05444835209142369,0,0,0,0,0,0.08511031166562696,0.4265394458742537
ENSG00000157404,KIT,0.05442186553517129,0,0,0,0,0.10723899269868996,0.11297380655615959,0.4074402866492885
ENSG00000166428,PLD4,0.05435041342993225,0,0,0,0,0.10723899269868996,0,0.4202017673091525
ENSG00000168769,TET2,0.05434302183283855,0,0,0,0,0,0,0.4469507224040638
ENSG00000141510,TP53,0.05401386923321923,0,0,0,0,0,0.0812188568891207,0.42393885301780393
ENSG00000165471,MBL2,0.05354048860750642,0,0,0,0,0,0.44035019131989234,0
ENSG00000177575,CD163,0.05350005921020184,0,0,0,0,0,0.44001767487670984,0
ENSG00000145901,TNIP1,0.0530252643287461,0,0,0,0,0,0,0.43611266723997666
ENSG00000169429,CXCL8,0.05295639550748723,0,0,0,0,0,0.43554624733223846,0
ENSG00000134757,DSG3,0.052830002972187685,0,0,0,0,0,0.03951550184475537,0.4246278412550971
ENSG00000281887,GIMAP1-GIMAP5,0.052683608285304245,0,0,0,0,0,0,0.4333026759976829
ENSG00000196329,GIMAP5,0.052683608285304245,0,0,0,0,0,0,0.4333026759976829
ENSG00000070182,SPTB,0.052415868212799324,0,0,0,0,0.1384258426161661,0,0.3964941548989593
ENSG00000142319,SLC6A3,0.05216207797559819,0,0,0,0,0,0.429013287207421,0
ENSG00000196126,HLA-DRB1,0.05212973510600649,0,0,0,0,0,0.42874727938450136,0
ENSG00000185989,RASA3,0.05161080009601115,0,0,0,0,0,0,0.4244792359490142
ENSG00000163661,PTX3,0.05154756087643176,0,0,0,0,0,0.4239591173777243,0
ENSG00000185338,SOCS1,0.051472047955505446,0,0,0,0,0.1504628724088762,0.12192389885433068,0.3721752342978344
ENSG00000160339,FCN2,0.051209873230434355,0,0,0,0,0,0.42118176469774754,0
ENSG00000118520,ARG1,0.05114494969130524,0,0,0,0,0.1384258426161661,0.3860413325835975,0
ENSG00000071127,WDR1,0.0508172300191465,0,0,0,0,0,0,0.4179524233579895
ENSG00000005471,ABCB4,0.05079115410717707,0,0,0,0,0,0.02279740491043579,0.41203860765455647
ENSG00000138755,CXCL9,0.05069539705973497,0,0,0,0,0.1504628724088762,0.3793346754203831,0
ENSG00000160588,MPZL3,0.050421779574633875,0,0,0,0,0,0,0.4146999935907673
ENSG00000113520,IL4,0.050364521431291914,0,0,0,0,0,0.41422906710072194,0
ENSG00000125730,C3,0.0500860263183854,0,0,0,0,0,0.07145043700104574,0.3940759412817931
ENSG00000129991,TNNI3,0.05005753809562794,0,0,0,0,0,0.4117042457158701,0
ENSG00000162711,NLRP3,0.04996009772235594,0,0,0,0,0,0.15904433479424815,0.3711417519418947
ENSG00000077150,NFKB2,0.049767623231841945,0,0,0,0,0,0,0.4093198060319045
ENSG00000180644,PRF1,0.04952967001445571,0,0,0,0,0,0.14366805528332646,0.3714457173407005
ENSG00000166888,STAT6,0.04950036108037612,0,0,0,0,0,0.4071216763063188,0
ENSG00000100644,HIF1A,0.04938701623592191,0,0,0,0,0,0.40618945799381095,0
ENSG00000168918,INPP5D,0.04916520806870588,0,0,0,0,0,0.021277577916406734,0.39904577555226806
ENSG00000110395,CBL,0.049144881176698234,0,0,0,0,0,0,0.40419798906202664
ENSG00000135870,RC3H1,0.04884921729295046,0,0,0,0,0,0,0.4017662658715801
ENSG00000179526,SHARPIN,0.04763884326885806,0,0,0,0,0,0,0.39181139906068985
ENSG00000188153,COL4A5,0.04745035754296888,0,0,0,0,0,0,0.39026117552678025
ENSG00000092067,CEBPE,0.047226761730884616,0,0,0,0,0,0,0.388422184864005
ENSG00000013375,PGM3,0.04721013063742381,0,0,0,0,0,0,0.3882854004345424
ENSG00000102145,GATA1,0.04710911214380998,0,0,0,0,0,0,0.3874545616778064
ENSG00000120217,CD274,0.04666572443785214,0,0,0,0,0.1384258426161661,0.34920140548128065,0
ENSG00000198719,DLL1,0.04662963361289196,0,0,0,0,0,0.23890835997806695,0.32378394280794937
ENSG00000177628,GBA1,0.04655227849608504,0,0,0,0,0,0,0.3828748163357989
ENSG00000179588,ZFPM1,0.04638966336002377,0,0,0,0,0,0,0.3815373685810534
ENSG00000283733,MIR146A,0.04626954990725125,0,0,0,0,0,0,0.3805494810349345
ENSG00000137462,TLR2,0.04614588608176624,0,0,0,0,0,0.37953239302120956,0
ENSG00000137496,IL18BP,0.04591660114602735,0,0,0,0,0,0,0.377646611476339
ENSG00000171608,PIK3CD,0.04590674568323575,0,0,0,0,0,0.18108232024858154,0.3322949739745121
ENSG00000124731,TREM1,0.045815377330272036,0,0,0,0,0,0.37681408402294303,0
ENSG00000109320,NFKB1,0.045667949076426025,0,0,0,0,0,0.29140802159158147,0.3027495372105873
ENSG00000185811,IKZF1,0.045513759104421035,0,0,0,0,0,0,0.37433338862935567
ENSG00000113721,PDGFRB,0.04547680111895255,0,0,0,0,0,0,0.37402942323054983
ENSG00000138075,ABCG5,0.04511646076063497,0,0,0,0,0,0,0.3710657605921932
ENSG00000118513,MYB,0.045029609494784066,0,0,0,0,0,0,0.3703514419049995
ENSG00000027697,IFNGR1,0.04502673920871917,0,0,0,0,0,0.3703278348918644,0
ENSG00000152518,ZFP36L2,0.04489656074709758,0,0,0,0,0,0,0.3692571664692987
ENSG00000198246,SLC29A3,0.04482079687688721,0,0,0,0,0,0,0.3686340374017467
ENSG00000135100,HNF1A,0.04473764140958315,0,0,0,0,0,0,0.3679501152544336
ENSG00000126353,CCR7,0.04462022028672672,0,0,0,0,0,0.19249867100957815,0.3188597033472953
ENSG00000100292,HMOX1,0.044474613427659265,0,0,0,0,0,0.24704247232076224,0.3040261918855717
ENSG00000012504,NR1H4,0.0443957800439998,0,0,0,0,0,0,0.3651384353154799
ENSG00000060688,SNRNP40,0.04434219096507053,0,0,0,0,0,0,0.3646976854872115
ENSG00000175467,SART1,0.044297841382508356,0,0,0,0,0,0,0.36433292700864445
ENSG00000159339,PADI4,0.04394858841983132,0,0,0,0,0.08845393105249086,0,0.3393469712268069
ENSG00000171456,ASXL1,0.043856193456160146,0,0,0,0,0,0,0.36070054049291506
ENSG00000116584,ARHGEF2,0.043773037988856074,0,0,0,0,0,0,0.36001661834560195
ENSG00000197272,IL27,0.043663098154899126,0,0,0,0,0.10723899269868996,0.3323026567769965,0
ENSG00000163687,DNASE1L3,0.04355683377386552,0,0,0,0,0.12638881282345604,0,0.326641217556724
ENSG00000198053,SIRPA,0.043485586990767974,0,0,0,0,0,0.23979492572458386,0.2977037115904108
ENSG00000100097,LGALS1,0.04342563292545245,0,0,0,0,0,0.35715934359682733,0
ENSG00000115107,STEAP3,0.04325747409157093,0,0,0,0,0,0,0.35577630103226093
ENSG00000175065,DSG4,0.04315953543007947,0,0,0,0,0,0,0.35497079272542553
ENSG00000123405,NFE2,0.043120729545337584,0,0,0,0,0,0,0.3546516290566794
ENSG00000134765,DSC1,0.04311171431477074,0,0,0,0,0.043656809272759424,0,0.3436632798898494
ENSG00000111727,HCFC2,0.04293778751726866,0,0,0,0,0,0,0.3531470003325907
ENSG00000086062,B4GALT1,0.04291561272598757,0,0,0,0,0,0.06079307976116211,0.3377663511530167
ENSG00000135218,CD36,0.04277927882403721,0,0,0,0,0,0.03630697819069404,0.3427665819633722
ENSG00000184363,PKP3,0.04276778078411369,0,0,0,0,0,0,0.35174875949808393
ENSG00000100906,NFKBIA,0.04269981915528001,0,0,0,0,0,0.05150524813098457,0.3383134888708671
ENSG00000105329,TGFB1,0.04269509791252431,0,0,0,0,0,0.3511509704744407,0
ENSG00000184584,STING1,0.042511333429390806,0,0,0,0,0,0.08494144199962372,0.3284042168697977
ENSG00000072952,IRAG1,0.04243515891489745,0,0,0,0,0,0,0.3490130709088316
ENSG00000133069,TMCC2,0.042400048828702415,0,0,0,0,0.1384258426161661,0,0.3141178431259246
ENSG00000110057,UNC93B1,0.04227993537592988,0,0,0,0,0,0,0.34773641623384727
ENSG00000128342,LIF,0.04219934643851961,0,0,0,0,0.04598321015549106,0,0.3355778002816149
ENSG00000104856,RELB,0.04216166982243079,0,0,0,0,0,0,0.34676372695766866
ENSG00000196923,PDLIM7,0.04202862107474429,0,0,0,0,0,0.01823792392834863,0.3411099705398806
ENSG00000163599,CTLA4,0.041979411531303926,0,0,0,0,0,0.34526472171033706,0
ENSG00000140465,CYP1A1,0.04186231014013616,0,0,0,0,0,0,0.34430160722734154
ENSG00000196549,MME,0.041803588007669604,0,0,0,0,0,0.3438186399825724,0
ENSG00000105732,ZNF574,0.04179948156483978,0,0,0,0,0,0,0.3437848660493717
ENSG00000112339,HBS1L,0.04179948156483978,0,0,0,0,0,0,0.3437848660493717
ENSG00000169347,GP2,0.04166643281715328,0,0,0,0,0,0,0.3426905906136708
ENSG00000175104,TRAF6,0.041616539536770844,0,0,0,0,0,0.2507714540147937,0.27958737382158455
ENSG00000177054,ZDHHC13,0.04157773365202895,0,0,0,0,0,0,0.34196107365653683
ENSG00000206573,THUMPD3-AS1,0.04157034205493526,0,0,0,0,0,0,0.3419002805767757
ENSG00000089692,LAG3,0.041523618697002586,0,0,0,0,0.16249990220158633,0.30089102314663035,0
ENSG00000100385,IL2RB,0.041511414600327194,0,0,0,0,0,0.0821989986237313,0.32086587497941366
ENSG00000205250,E2F4,0.04131163615665596,0,0,0,0,0,0,0.339772522785135
ENSG00000167769,ACER1,0.04128946136537488,0,0,0,0,0,0,0.33959014354585154
ENSG00000112137,PHACTR1,0.04106032185547037,0,0,0,0,0,0,0.3377055580732555
ENSG00000120738,EGR1,0.0410307554670956,0,0,0,0,0,0.01823792392834863,0.3329029047721237
ENSG00000103313,MEFV,0.04099379748162712,0,0,0,0,0,0,0.33715842035540505
ENSG00000198369,SPRED2,0.04094944789906496,0,0,0,0,0,0,0.336793661876838
ENSG00000163961,RNF168,0.04092727310778388,0,0,0,0,0,0,0.3366112826375546
ENSG00000130203,APOE,0.040923641030523164,0,0,0,0,0.08606890627330664,0.17805102689117658,0.2825054416501203
ENSG00000162924,REL,0.04066856720950459,0,0,0,0,0,0.03647584785669726,0.3253645628817396
ENSG00000165704,HPRT1,0.04065142281069005,0,0,0,0,0,0.14266447123284715,0.2986764008665894
ENSG00000163932,PRKCD,0.04061928989554662,0,0,0,0,0,0.12361259551436296,0.3031750887689154
ENSG00000007392,LUC7L,0.04054291005891179,0,0,0,0,0,0,0.3334500424899742
ENSG00000180871,CXCR2,0.04050754332003988,0,0,0,0,0,0.16492318190873265,0.29192836901310043
ENSG00000159197,KCNE2,0.04049116887925593,0,0,0,0,0,0,0.33302449093164604
ENSG00000184678,H2BC21,0.040485276376975715,0,0,0,0,0.09532354906550218,0.30914514007119553,0
ENSG00000105173,CCNE1,0.04043203610250638,0,0,0,0,0,0,0.33253814629355677
ENSG00000147168,IL2RG,0.040313770549007276,0,0,0,0,0,0.08511031166562696,0.3102878791009714
ENSG00000215041,NEURL4,0.04027681256353881,0,0,0,0,0,0,0.3312614916185724
ENSG00000175087,PDIK1L,0.04027681256353881,0,0,0,0,0,0,0.3312614916185724
ENSG00000130182,ZSCAN10,0.04016593860713339,0,0,0,0,0,0,0.33034959542215486
ENSG00000092929,UNC13D,0.04013452431948519,0,0,0,0,0,0.06535256074324927,0.3137530846473576
ENSG00000148346,LCN2,0.04005710506860799,0,0,0,0,0.1324073277198111,0.05021413614479846,0.2907733004976384
ENSG00000069974,RAB27A,0.03997375708269734,0,0,0,0,0,0,0.32876897534836463
ENSG00000135604,STX11,0.03997375708269734,0,0,0,0,0,0,0.32876897534836463
ENSG00000106278,PTPRZ1,0.03985549152919824,0,0,0,0,0,0,0.3277962860721861
ENSG00000124098,MIMS2,0.03985124806462578,0,0,0,0,0.10442449364915347,0,0.3016552617748864
ENSG00000125510,OPRL1,0.039722442781511755,0,0,0,0,0,0,0.3267020106364852
ENSG00000158457,TSPAN33,0.03970026799023067,0,0,0,0,0,0,0.3265196313972017
ENSG00000175662,TOM1L2,0.03963374361638742,0,0,0,0,0,0,0.3259724936793512
ENSG00000163631,ALB,0.03959763799882365,0,0,0,0,0,0.32567553868294685,0
ENSG00000143921,ABCG8,0.03956721924254417,0,0,0,0,0,0,0.32542535596150074
ENSG00000007968,E2F2,0.039554283947630206,0,0,0,0,0.11435178303074592,0,0.29673102231423226
ENSG00000163154,TIPE2,0.03955243604835679,0,0,0,0,0,0,0.32530376980197845
ENSG00000164136,IL15,0.03954539179045436,0,0,0,0,0,0.32524583345519276,0
ENSG00000213689,TREX1,0.039522869659982,0,0,0,0,0,0,0.32506059748293376
ENSG00000132819,RBM38,0.03951732596216173,0,0,0,0,0.11435178303074592,0,0.2964270569154264
ENSG00000112306,RPS12,0.039448953689045066,0,0,0,0,0,0.115506851546208,0.29557595379877016
ENSG00000080493,SLC4A4,0.039382429315201826,0,0,0,0,0,0,0.3239055289674717
ENSG00000167914,GSDMA,0.03935286292682705,0,0,0,0,0,0,0.3236623566484271
ENSG00000129422,MTUS1,0.03929373015007749,0,0,0,0,0,0,0.32317601201033774
ENSG00000104805,NUCB1,0.03926416376170272,0,0,0,0,0,0,0.3229328396912931
ENSG00000110921,MVK,0.03925677216460903,0,0,0,0,0,0.03647584785669726,0.3137530846473576
ENSG00000105675,ATP4A,0.03921981417914056,0,0,0,0,0,0,0.3225680812127262
ENSG00000160796,NBEAL2,0.03920503098495317,0,0,0,0,0,0,0.32244649505320383
ENSG00000145623,OSMR,0.03918285619367209,0,0,0,0,0,0,0.32226411581392034
ENSG00000074660,SCARF1,0.03913703444906843,0,0,0,0,0.07047154062749961,0,0.3042693642046163
ENSG00000133657,ATP13A3,0.03906459064017298,0,0,0,0,0,0,0.32129142653774173
ENSG00000164611,PTTG1,0.0390590469423527,0,0,0,0,0.11435178303074592,0,0.2926578859702344
ENSG00000116489,CAPZA1,0.039057199043079284,0,0,0,0,0,0,0.3212306334579806
ENSG00000111725,PRKAB1,0.03904980744598559,0,0,0,0,0,0,0.3211698403782194
ENSG00000112769,LAMA4,0.03898328307214235,0,0,0,0,0,0,0.32062270266036896
ENSG00000253729,PRKDC,0.03893154189248649,0,0,0,0,0,0,0.32019715110204083
ENSG00000159216,RUNX1,0.038901975504111716,0,0,0,0,0,0,0.31995397878299614
ENSG00000143870,PDIA6,0.038879800712830634,0,0,0,0,0,0,0.3197715995437127
ENSG00000181847,TIGIT,0.03880588474189369,0,0,0,0,0,0.3191636687461011,0
ENSG00000111679,PTPN6,0.038666313873529,0,0,0,0,0,0.04185424332930865,0.3075521905117191
ENSG00000153094,BCL2L11,0.03850282926105224,0,0,0,0,0,0,0.31667115247589345
ENSG00000047579,DTNBP1,0.038377172110459434,0,0,0,0,0,0,0.31563767011995364
ENSG00000137204,SLC22A7,0.038377172110459434,0,0,0,0,0,0,0.31563767011995364
ENSG00000104783,KCNN4,0.03834021412499096,0,0,0,0,0,0,0.3153337047211478
ENSG00000018408,WWTR1,0.03832543093080358,0,0,0,0,0,0.06079307976116211,0.300013848621335
ENSG00000130826,DKC1,0.03827368975114773,0,0,0,0,0,0,0.31478656700329744
ENSG00000137831,UACA,0.03821455697439817,0,0,0,0,0,0.06079307976116211,0.2991019524249176
ENSG00000123338,NCKAP1L,0.038155424197648606,0,0,0,0,0,0,0.3138138777271188
ENSG00000167701,GPT,0.03814338714015034,0,0,0,0,0,0.3137148774992511,0
ENSG00000250803,ZNF475,0.03811846621218015,0,0,0,0,0,0,0.313509912328313
ENSG00000184500,PROS1,0.03808352693678024,0,0,0,0,0,0.10998030070369871,0.28572747487746186
ENSG00000018280,SLC11A1,0.038007185482826694,0,0,0,0,0,0.31259467057883555,0
ENSG00000104884,ERCC2,0.03799280906158734,0,0,0,0,0,0,0.31247642997237324
ENSG00000019549,SNAI2,0.03798541746449365,0,0,0,0,0,0,0.3124156368926121
ENSG00000011405,PIK3C2A,0.037948459479025184,0,0,0,0,0,0.012158615952232422,0.3090720175057482
ENSG00000124713,GNMT,0.03791150149355671,0,0,0,0,0,0,0.31180770609500047
ENSG00000163874,ZC3H12A,0.03789671829936933,0,0,0,0,0,0,0.3116861199354781
ENSG00000144802,NFKBIZ,0.03785236871680716,0,0,0,0,0,0,0.31132136145691114
ENSG00000158863,FHIP2B,0.03782280232843238,0,0,0,0,0,0,0.31107818913786656
ENSG00000144136,SLC20A1,0.03775627795458914,0,0,0,0,0,0,0.3105310514200161
ENSG00000150782,IL18,0.03775220085753609,0,0,0,0,0,0.31049751884468785,0
ENSG00000083799,CYLD,0.03749757205630984,0,0,0,0,0,0,0.3084032936283754
ENSG00000121807,CCR2,0.03748840070966713,0,0,0,0,0,0.13003863963156215,0.27581820287639247
ENSG00000112305,SMAP1,0.03748278886212246,0,0,0,0,0,0,0.30828170746885303
ENSG00000134242,PTPN22,0.037386698099904435,0,0,0,0,0,0,0.30749139743195797
ENSG00000115935,WIPF1,0.03734234851734227,0,0,0,0,0,0,0.30712663895339093
ENSG00000005381,MPO,0.0372836263848757,0,0,0,0,0.11435178303074592,0.27805572595093525,0
ENSG00000057657,PRDM1,0.03726792261652898,0,0,0,0,0,0.30651451417614917,0
ENSG00000032219,ARID4A,0.037238866158030556,0,0,0,0,0,0,0.3062755358367347
ENSG00000166135,HIF1AN,0.037194516575468385,0,0,0,0,0,0,0.3059107773581677
ENSG00000128016,ZFP36,0.03712060060453145,0,0,0,0,0,0,0.30530284656055606
ENSG00000073756,PTGS2,0.03705592412996163,0,0,0,0,0,0.037995674850726316,0.2952719883999644
ENSG00000066027,PPP2R5A,0.03704668463359451,0,0,0,0,0,0,0.3046949157629445
ENSG00000078747,ITCH,0.03704668463359451,0,0,0,0,0,0,0.3046949157629445
ENSG00000197471,SPN,0.03695798546847018,0,0,0,0,0,0.3039653988058105,0
ENSG00000188690,UROS,0.03689146109462693,0,0,0,0,0,0,0.30341826108796005
ENSG00000175040,CHST2,0.036847111512064774,0,0,0,0,0,0,0.3030535026093931
ENSG00000144161,ZC3H8,0.036817545123689996,0,0,0,0,0,0,0.3028103302903485
ENSG00000127951,FGL2,0.0368027619295026,0,0,0,0,0,0.024317231904464845,0.2966094361547099
ENSG00000196262,PPIA,0.03675102074984674,0,0,0,0,0,0,0.302263192572498
ENSG00000186510,CLCNKA,0.03663275519634764,0,0,0,0,0,0,0.3012905032963194
ENSG00000184908,CLCNKB,0.03663275519634764,0,0,0,0,0,0,0.3012905032963194
ENSG00000104763,ASAH1,0.03662536359925395,0,0,0,0,0,0.012158615952232422,0.29819005622850014
ENSG00000072694,FCGR2B,0.03655144762831701,0,0,0,0,0,0,0.30062177941894663
ENSG00000244682,FCGR2C,0.03655144762831701,0,0,0,0,0,0,0.30062177941894663
ENSG00000165029,ABCA1,0.03652927283703593,0,0,0,0,0,0.030396539880581056,0.2928402652095179
ENSG00000100647,SUSD6,0.036462748463192675,0,0,0,0,0,0,0.29989226246181266
ENSG00000222019,URAHP,0.036455356866098985,0,0,0,0,0,0,0.2998314693820515
ENSG00000164049,FBXW12,0.0364331820748179,0,0,0,0,0,0,0.299649090142768
ENSG00000165219,GAPVD1,0.03642579047772421,0,0,0,0,0,0,0.2995882970630069
ENSG00000175793,SFN,0.03641839888063052,0,0,0,0,0,0,0.29952750398324574
ENSG00000160584,SIK3,0.036396224089349435,0,0,0,0,0,0,0.29934512474396224
ENSG00000181929,PRKAG1,0.03638144089516204,0,0,0,0,0,0,0.2992235385844399
ENSG00000198643,FAM3D,0.0363809021528391,0,0,0,0,0.027947092885877274,0,0.29223233441190627
ENSG00000117400,MPL,0.03637445994235134,0,0,0,0,0,0.01654922726831635,0.2950288160809197
ENSG00000187531,SIRT7,0.03629274173003772,0,0,0,0,0,0,0.2984940216273059
ENSG00000166068,SPRED1,0.03623360895328817,0,0,0,0,0,0,0.29800767698921665
ENSG00000089012,SIRPG,0.03619665096781969,0,0,0,0,0,0,0.2977037115904108
ENSG00000101307,SIRPB1,0.03619665096781969,0,0,0,0,0,0,0.2977037115904108
ENSG00000187323,DCC,0.03618186777363231,0,0,0,0,0,0,0.2975821254308885
ENSG00000130396,AFDN,0.03615969298235123,0,0,0,0,0,0,0.29739974619160503
ENSG00000135956,TMEM127,0.036144909788163836,0,0,0,0,0,0,0.2972781600320827
ENSG00000134352,IL6ST,0.03610056020560167,0,0,0,0,0,0.06079307976116211,0.2817151316132252
ENSG00000137700,SLC37A4,0.036085777011414286,0,0,0,0,0,0,0.2967918153939934
ENSG00000166441,RPL27A,0.035997077846289964,0,0,0,0,0,0,0.2960622984368595
ENSG00000159023,EPB41,0.0359379450695404,0,0,0,0,0,0,0.29557595379877016
ENSG00000139083,ETV6,0.03585663750150976,0,0,0,0,0,0,0.29490722992139734
ENSG00000108312,UBTF,0.03582707111313499,0,0,0,0,0,0,0.2946640576023527
ENSG00000154783,FGD5,0.03579750472476021,0,0,0,0,0,0,0.29442088528330806
ENSG00000112182,BACH2,0.03574761144437779,0,0,0,0,0,0.12310598651635328,0.2632340353658319
ENSG00000138798,EGF,0.03571948881953651,0,0,0,0,0.07172253866607357,0.27584859941627304,0
ENSG00000100311,PDGFB,0.0356940223654485,0,0,0,0,0,0,0.2935697821666518
ENSG00000047621,FERRY3,0.035657064379980036,0,0,0,0,0,0,0.293265816767846
ENSG00000183484,GPR132,0.03563488958869895,0,0,0,0,0,0,0.29308343752856253
ENSG00000078804,TP53INP2,0.03562749799160526,0,0,0,0,0,0,0.2930226444488014
ENSG00000112893,MAN2A1,0.03559793160323047,0,0,0,0,0,0,0.2927794721297567
ENSG00000213005,PTTG3P,0.035583148409043086,0,0,0,0,0,0,0.2926578859702344
ENSG00000250254,PTTG2,0.035583148409043086,0,0,0,0,0,0,0.2926578859702344
ENSG00000005483,KMT2E,0.035560973617762004,0,0,0,0,0,0,0.2924755067309509
ENSG00000213809,KLRK1,0.035551528799253405,0,0,0,0,0,0.2923978266845894,0
ENSG00000100448,CTSG,0.035477493634191885,0,0,0,0,0.02900113252703165,0.024317231904464845,0.28183671777274755
ENSG00000144891,AGTR1,0.03547227445263768,0,0,0,0,0,0,0.29174598977381694
ENSG00000110955,ATP5F1B,0.03545009966135659,0,0,0,0,0,0,0.2915636105345335
ENSG00000100225,FBXO7,0.03542792487007551,0,0,0,0,0,0,0.29138123129525
ENSG00000112118,MCM3,0.03533922570495119,0,0,0,0,0,0,0.29065171433811604
ENSG00000130164,LDLR,0.03533183410785749,0,0,0,0,0,0,0.29059092125835484
ENSG00000134504,KCTD1,0.0352061769572647,0,0,0,0,0,0,0.28955743890241514
ENSG00000122406,RPL5,0.03516182737470253,0,0,0,0,0,0.024317231904464845,0.28311337244773194
ENSG00000111424,VDR,0.03509549575225741,0,0,0,0,0,0.2886471280130663,0
ENSG00000064601,CTSA,0.03504356182120342,0,0,0,0,0,0,0.28821999114766955
ENSG00000187097,ENTPD5,0.034821813908392604,0,0,0,0,0,0,0.2863961987548347
ENSG00000107859,PITX3,0.03479963911711152,0,0,0,0,0,0,0.2862138195155512
ENSG00000101000,PROCR,0.03475528953454936,0,0,0,0,0,0,0.2858490610369842
ENSG00000109819,PPARGC1A,0.034637314822627135,0,0,0,0,0.05423699539314594,0,0.2713195149740665
ENSG00000048392,RRM2B,0.03459267439848809,0,0,0,0,0,0,0.2845116132822386
ENSG00000157637,SLC38A10,0.03444484245661421,0,0,0,0,0,0,0.28329575168701543
ENSG00000087274,ADD1,0.034363534888583576,0,0,0,0,0,0,0.28262702780964266
ENSG00000185621,LMLN,0.034362650275358196,0,0,0,0,0,0.28261975220172103,0
ENSG00000100949,RABGGTA,0.034311793708927715,0,0,0,0,0,0,0.2822014762513145
ENSG00000158552,ZFAND2B,0.03416396176705384,0,0,0,0,0,0,0.2809856146560913
ENSG00000164037,SLC9B1,0.03414917857286645,0,0,0,0,0,0,0.28086402849656894
ENSG00000185361,TIPE1,0.03404569621355473,0,0,0,0,0,0,0.2800129253799127
ENSG00000109321,AREG,0.03400134663099257,0,0,0,0,0,0.2796481669013457,0
ENSG00000169692,AGPAT2,0.03399395503389887,0,0,0,0,0,0,0.27958737382158455
ENSG00000116678,LEPR,0.0339643886455241,0,0,0,0,0,0,0.2793442015025399
ENSG00000106829,TLE4,0.03392003906296193,0,0,0,0,0,0,0.27897944302397293
ENSG00000017427,IGF1,0.0338808363061114,0,0,0,0,0,0.27865701523281183,0
ENSG00000291237,SOD2,0.03386090628621238,0,0,0,0,0,0,0.2784930983858836
ENSG00000168397,ATG4B,0.033831339897837605,0,0,0,0,0,0,0.278249926066839
ENSG00000237693,IRGM,0.033831339897837605,0,0,0,0,0,0,0.278249926066839
ENSG00000166922,SCG5,0.033779598718181744,0,0,0,0,0,0,0.27782437450851083
ENSG00000108691,CCL2,0.03345345493057184,0,0,0,0,0,0.27514196568096644,0
ENSG00000140368,PSTPIP1,0.033439585251871816,0,0,0,0,0,0,0.2750278928394974
ENSG00000134824,FADS2,0.03339523566930965,0,0,0,0,0,0,0.27466313436093037
ENSG00000125656,CLPP,0.033321319698372716,0,0,0,0,0,0,0.27405520356331875
ENSG00000115350,POLE4,0.03330653650418533,0,0,0,0,0,0,0.27393361740379646
ENSG00000118855,MFSD1,0.03325479532452947,0,0,0,0,0,0,0.27350806584546833
ENSG00000159140,SON,0.03323262053324839,0,0,0,0,0,0,0.27332568660618484
ENSG00000100266,PACSIN2,0.03322522893615469,0,0,0,0,0,0,0.2732648935264237
ENSG00000129757,CDKN1C,0.03315131296521775,0,0,0,0,0,0,0.27265696272881207
ENSG00000162601,MYSM1,0.03313652977103036,0,0,0,0,0,0,0.2725353765692897
ENSG00000124151,NCOA3,0.03307739699428081,0,0,0,0,0,0,0.27204903193120045
ENSG00000123999,INHA,0.033070005397187116,0,0,0,0,0,0,0.2719882388514393
ENSG00000163515,RETNLB,0.03305522220299973,0,0,0,0,0,0,0.27186665269191695
ENSG00000163220,S100A9,0.03301372827430341,0,0,0,0,0.09532354906550218,0.24769449361582774,0
ENSG00000110172,CHORDC1,0.03298130623206279,0,0,0,0,0,0,0.27125872189430533
ENSG00000160200,CBS,0.0329665230378754,0,0,0,0,0,0,0.271137135734783
ENSG00000106392,C1GALT1,0.032959131440781705,0,0,0,0,0,0,0.27107634265502184
ENSG00000133703,KRAS,0.03293695664950062,0,0,0,0,0,0,0.27089396341573835
ENSG00000013441,CLK1,0.03292217345531324,0,0,0,0,0,0,0.27077237725621606
ENSG00000186222,BLOC1S4,0.03290739026112585,0,0,0,0,0,0,0.2706507910966937
ENSG00000173757,STAT5B,0.03285564908146999,0,0,0,0,0,0,0.2702252395383656
ENSG00000116014,KISS1R,0.0328408658872826,0,0,0,0,0,0,0.27010365337884323
ENSG00000066336,SPI1,0.03282608269309521,0,0,0,0,0,0,0.2699820672193209
ENSG00000133794,BMAL1,0.03278173311053305,0,0,0,0,0,0.030396539880581056,0.26201817377060865
ENSG00000079387,SENP1,0.03276694991634566,0,0,0,0,0,0,0.2694957225812316
ENSG00000132514,CLEC10A,0.032744775125064574,0,0,0,0,0,0,0.2693133433419481
ENSG00000138185,ENTPD1,0.03274061735169938,0,0,0,0,0,0.07938056389813741,0.24943400626004814
ENSG00000128791,TWSG1,0.032729991930877195,0,0,0,0,0,0,0.26919175718242583
ENSG00000204420,MPIG6B,0.0327226003337835,0,0,0,0,0,0,0.2691309641026647
ENSG00000172575,RASGRP1,0.032700425542502416,0,0,0,0,0,0,0.2689485848633812
ENSG00000153093,ACOXL,0.032678250751221334,0,0,0,0,0,0,0.2687662056240977
ENSG00000196378,ZNF34,0.032596943183190695,0,0,0,0,0,0,0.2680974817467249
ENSG00000068001,HYAL2,0.032589551586097006,0,0,0,0,0,0,0.26803668866696373
ENSG00000144837,PLA1A,0.03255998519772223,0,0,0,0,0,0,0.26779351634791904
ENSG00000074582,BCS1L,0.03252302721225376,0,0,0,0,0,0,0.26748955094911325
ENSG00000132693,CRP,0.03246310056186051,0,0,0,0,0,0.266996677001711,0
ENSG00000147065,MSN,0.03244171964422313,0,0,0,0,0,0,0.2668208270717405
ENSG00000186094,AGBL4,0.03243432804712943,0,0,0,0,0,0,0.26676003399197934
ENSG00000172818,OVOL1,0.03221258013431861,0,0,0,0,0,0,0.2649362415991444
ENSG00000175054,ATR,0.03219040534303753,0,0,0,0,0,0.030396539880581056,0.25715472738971573
ENSG00000108465,CDK5RAP3,0.03209431458081951,0,0,0,0,0,0,0.26396355232296587
ENSG00000161533,ACOX1,0.031968657430226706,0,0,0,0,0,0,0.2629300699670261
ENSG00000167613,LAIR1,0.03195387423603931,0,0,0,0,0,0,0.26280848380750377
ENSG00000167618,LAIR2,0.03195387423603931,0,0,0,0,0,0,0.26280848380750377
ENSG00000101384,JAG1,0.031939091041851934,0,0,0,0,0,0.01823792392834863,0.25812741666589434
ENSG00000108639,SYNGR2,0.03192430784766454,0,0,0,0,0,0,0.26256531148845913
ENSG00000104518,GSDMD,0.031917326894853826,0,0,0,0,0,0.26250789580201805,0
ENSG00000140463,BBS4,0.03189474145928976,0,0,0,0,0,0,0.2623221391694145
ENSG00000154237,LRRK1,0.03182082548835283,0,0,0,0,0,0,0.26171420837180287
ENSG00000141655,TNFRSF11A,0.03181343389125913,0,0,0,0,0,0.01823792392834863,0.25709393430995453
ENSG00000138039,LHCGR,0.031739517920322195,0,0,0,0,0,0,0.2610454844944301
ENSG00000163029,SMC6,0.03170255993485372,0,0,0,0,0,0,0.26074151909562426
ENSG00000012232,EXTL3,0.031695168337760024,0,0,0,0,0,0,0.2606807260158631
ENSG00000111530,CAND1,0.031606469172635696,0,0,0,0,0,0,0.25995120905872915
ENSG00000114956,DGUOK,0.03152516160460506,0,0,0,0,0,0,0.2592824851813564
ENSG00000143995,MEIS1,0.03151777000751137,0,0,0,0,0,0,0.25922169210159524
ENSG00000069399,BCL3,0.03151037841041768,0,0,0,0,0,0,0.2591608990218341
ENSG00000106133,NSUN5P2,0.03151037841041768,0,0,0,0,0,0,0.2591608990218341
ENSG00000130305,NSUN5,0.03151037841041768,0,0,0,0,0,0,0.2591608990218341
ENSG00000165702,GFI1B,0.03148820361913659,0,0,0,0,0,0,0.2589785197825506
ENSG00000167910,CYP7A1,0.03145124563366813,0,0,0,0,0,0,0.25867455438374476
ENSG00000119509,INVS,0.03129602209470055,0,0,0,0,0,0,0.25739789970876037
ENSG00000153832,FBXO36,0.03120732292957622,0,0,0,0,0,0,0.2566683827516264
ENSG00000184979,USP18,0.031177756541201446,0,0,0,0,0,0,0.25642521043258176
ENSG00000161133,USP41P,0.031177756541201446,0,0,0,0,0,0,0.25642521043258176
ENSG00000164849,GPR146,0.031140798555732974,0,0,0,0,0,0,0.256121245033776
ENSG00000161011,SQSTM1,0.031126015361545585,0,0,0,0,0,0,0.25599965887425363
ENSG00000172239,PAIP1,0.031111232167358203,0,0,0,0,0,0,0.25587807271473134
ENSG00000167098,SUN5,0.031007749808046485,0,0,0,0,0,0,0.2550269695980751
ENSG00000172831,CES2,0.030948617031296925,0,0,0,0,0,0,0.2545406249599857
ENSG00000117595,IRF6,0.03090426744873477,0,0,0,0,0,0,0.25417586648141877
ENSG00000168610,STAT3,0.03084729392994825,0,0,0,0,0,0.2537072809202797,0
ENSG00000100557,CCDC198,0.030822959880704135,0,0,0,0,0,0,0.253507142604046
ENSG00000118600,RXYLT1,0.03081556828361044,0,0,0,0,0,0,0.2534463495242848
ENSG00000099942,CRKL,0.03081556828361044,0,0,0,0,0,0,0.2534463495242848
ENSG00000163093,BBS5,0.030726869118486107,0,0,0,0,0,0,0.2527168325671509
ENSG00000113522,RAD50,0.03067512793883025,0,0,0,0,0,0,0.25229128100882275
ENSG00000173273,TNKS,0.03065295314754917,0,0,0,0,0,0,0.25210890176953926
ENSG00000008083,JARID2,0.030630778356268085,0,0,0,0,0,0,0.25192652253025577
ENSG00000100504,PYGL,0.030593820370799617,0,0,0,0,0,0,0.25162255713144993
ENSG00000080224,EPHA6,0.030549470788237457,0,0,0,0,0,0,0.251257798652883
ENSG00000198887,SMC5,0.030357289263801407,0,0,0,0,0,0,0.24967717857909277
ENSG00000085276,MECOM,0.030320331278332932,0,0,0,0,0,0,0.24937321318028696
ENSG00000221988,PPT2,0.03031293968123924,0,0,0,0,0,0,0.2493124201005258
ENSG00000258388,PPT2-EGFL8,0.03031293968123924,0,0,0,0,0,0,0.2493124201005258
ENSG00000135046,ANXA1,0.030100410662743927,0,0,0,0,0,0.24756444961333976,0
ENSG00000153029,MR1,0.029951367390072713,0,0,0,0,0,0.24633862528220896,0
ENSG00000239732,TLR9,0.029828465327182894,0,0,0,0,0,0.24532780247661448,0
ENSG00000160791,CCR5,0.029590050985599938,0,0,0,0,0,0.24336693503479698,0
ENSG00000240583,AQP1,0.029237462304106752,0,0,0,0,0.15648138730523128,0.20134668016896887,0
ENSG00000100336,APOL4,0.029012018592749097,0,0,0,0,0.231013703092416,0.030396539880581056,0
ENSG00000102524,TNFSF13B,0.028857272974820606,0,0,0,0,0,0.23734011410667322,0
ENSG00000096996,IL12RB1,0.028702141882174518,0,0,0,0,0,0.2360642197675844,0
ENSG00000118137,APOA1,0.02831504001271283,0,0,0,0,0,0.23288045386049022,0
ENSG00000117586,TNFSF4,0.02830189939565737,0,0,0,0,0,0.23277237727424815,0
ENSG00000102794,ACOD1,0.027999369790913012,0,0,0,0,0.22268505116513682,0.030396539880581056,0
ENSG00000186417,GLDN,0.027807188266476962,0,0,0,0,0.22870356606149184,0,0
ENSG00000123685,BATF3,0.02779035185087466,0,0,0,0,0,0.2285650929353692,0
ENSG00000164400,CSF2,0.027580968548076953,0,0,0,0,0,0.22684299476547623,0
ENSG00000138684,IL21,0.027417406527446158,0,0,0,0,0.19259247668336157,0.13162113024513653,0
ENSG00000127318,IL22,0.026747023411919386,0,0,0,0,0,0.2199841126407847,0
ENSG00000087116,ADAMTS2,0.026343652041925545,0,0,0,0,0.21666653626878174,0,0
ENSG00000152766,ANKRD22,0.026343652041925545,0,0,0,0,0.21666653626878174,0,0
ENSG00000133742,CA1,0.026343652041925545,0,0,0,0,0.21666653626878174,0,0
ENSG00000197646,PDCD1LG2,0.025695934362646035,0,0,0,0,0.1745369319942964,0.1472094891138945,0
ENSG00000139572,GPR84,0.02561188392964983,0,0,0,0,0.2106480213724267,0,0
ENSG00000159189,C1QC,0.02561188392964983,0,0,0,0,0.2106480213724267,0,0
ENSG00000154277,UCHL1,0.0249096822057489,0,0,0,0,0.18055544689065145,0.09726892761785938,0
ENSG00000170439,TMT1B,0.02488011581737412,0,0,0,0,0.20462950647607162,0,0
ENSG00000162873,KLHDC8A,0.02488011581737412,0,0,0,0,0.20462950647607162,0,0
ENSG00000128604,IRF5,0.024830620610531314,0,0,0,0,0,0.20422242719141245,0
ENSG00000152463,OLAH,0.024148347705098414,0,0,0,0,0.19861099157971657,0,0
ENSG00000166793,YPEL4,0.024148347705098414,0,0,0,0,0.19861099157971657,0,0
ENSG00000162692,VCAM1,0.024055363565642366,0,0,0,0,0.025054385019595917,0.19158263608066226,0
ENSG00000130427,EPO,0.024022690554505618,0,0,0,0,0,0.19757750922377684,0
ENSG00000168310,IRF2,0.024022690554505618,0,0,0,0,0,0.19757750922377684,0
ENSG00000087085,ACHE,0.02389333760536597,0,0,0,0,0.18055544689065145,0.06383273374922022,0
ENSG00000169194,IL13,0.023798987258200708,0,0,0,0,0,0.19573763454409482,0
ENSG00000102900,NUP93,0.023653110699820915,0,0,0,0,0,0.19453785523571876,0
ENSG00000211891,IGHE,0.02353252927167168,0,0,0,0,0,0.1935461187698006,0
ENSG00000257017,HP,0.02347519592153269,0,0,0,0,0.1745369319942964,0.07415056695242601,0
ENSG00000108387,SEPTIN4,0.02341657959282271,0,0,0,0,0.19259247668336157,0,0
ENSG00000206177,HBM,0.02341657959282271,0,0,0,0,0.19259247668336157,0,0
ENSG00000173239,LIPM,0.02341657959282271,0,0,0,0,0.19259247668336157,0,0
ENSG00000135424,ITGA7,0.02341657959282271,0,0,0,0,0.19259247668336157,0,0
ENSG00000203710,CR1,0.02328353084513621,0,0,0,0,0,0.19149820124766065,0
ENSG00000092295,TGM1,0.02298581373997353,0,0,0,0,0,0.1890495910906138,0
ENSG00000091583,APOH,0.02297554763289896,0,0,0,0,0,0.18896515625761223,0
ENSG00000158477,CD1A,0.022780026409087474,0,0,0,0,0,0.18735706842442765,0
ENSG00000227145,IL21-AS1,0.022684811480546997,0,0,0,0,0.1865739617870065,0,0
ENSG00000129244,ATP1B2,0.022684811480546997,0,0,0,0,0.1865739617870065,0,0
ENSG00000188672,RHCE,0.022684811480546997,0,0,0,0,0.1865739617870065,0,0
ENSG00000176890,TYMS,0.02262946284673511,0,0,0,0,0.14444435751252116,0.15000765090974064,0
ENSG00000148773,MKI67,0.022447459084982822,0,0,0,0,0.16249990220158633,0.0884877049856915,0
ENSG00000111321,LTBR,0.02243144395794648,0,0,0,0,0,0.18449011010852664,0
ENSG00000240972,MIF,0.022274222759805923,0,0,0,0,0,0.18319702544528674,0
ENSG00000142208,AKT1,0.022011221360288675,0,0,0,0,0,0.18103393878681753,0
ENSG00000165949,IFI27,0.02198726251543936,0,0,0,0,0.18083688638427894,0,0
ENSG00000105610,KLF1,0.021953043368271283,0,0,0,0,0.18055544689065145,0,0
ENSG00000173369,C1QB,0.021953043368271283,0,0,0,0,0.18055544689065145,0,0
ENSG00000197301,HMGA2-AS1,0.021953043368271283,0,0,0,0,0.18055544689065145,0,0
ENSG00000089685,BIRC5,0.021953043368271283,0,0,0,0,0.18055544689065145,0,0
ENSG00000186185,KIF18B,0.021953043368271283,0,0,0,0,0.18055544689065145,0,0
ENSG00000186810,CXCR3,0.021908806956067537,0,0,0,0,0,0.18019161919531557,0
ENSG00000101439,CST3,0.02190241888965028,0,0,0,0,0,0.1801390797743621,0
ENSG00000007171,NOS2,0.021705335150752757,0,0,0,0,0,0.178518140847828,0
ENSG00000140678,ITGAX,0.021523290657888248,0,0,0,0,0,0.1770208940100324,0
ENSG00000188404,SELL,0.021252278899360794,0,0,0,0,0,0.17479192518996128,0
ENSG00000116815,CD58,0.021250841644370355,0,0,0,0,0,0.17478010431334107,0
ENSG00000189060,H1-0,0.021229269351272416,0,0,0,0,0,0.17460268039286617,0
ENSG00000184661,CDCA2,0.021221275255995577,0,0,0,0,0.1745369319942964,0,0
ENSG00000112212,TSPO2,0.021221275255995577,0,0,0,0,0.1745369319942964,0,0
ENSG00000143479,DYRK3,0.021221275255995577,0,0,0,0,0.1745369319942964,0,0
ENSG00000169877,AHSP,0.021221275255995577,0,0,0,0,0.1745369319942964,0,0
ENSG00000117399,CDC20,0.021221275255995577,0,0,0,0,0.1745369319942964,0,0
ENSG00000164045,CDC25A,0.021221275255995577,0,0,0,0,0.1745369319942964,0,0
ENSG00000142166,IFNAR1,0.021022523423031805,0,0,0,0,0,0.17290227362738517,0
ENSG00000142168,SOD1,0.020723073173304074,0,0,0,0,0,0.170439409014306,0
ENSG00000163814,CDCP1,0.020489507143719863,0,0,0,0,0.16851841709794133,0,0
ENSG00000065328,MCM10,0.020489507143719863,0,0,0,0,0.16851841709794133,0,0
ENSG00000112077,RHAG,0.020489507143719863,0,0,0,0,0.16851841709794133,0,0
ENSG00000181856,SLC2A4,0.020489507143719863,0,0,0,0,0.16851841709794133,0,0
ENSG00000168062,BATF2,0.020489507143719863,0,0,0,0,0.16851841709794133,0,0
ENSG00000090889,KIF4A,0.020489507143719863,0,0,0,0,0.16851841709794133,0,0
ENSG00000115008,IL1A,0.02043697022453879,0,0,0,0,0,0.16808632088413314,0
ENSG00000145850,TIMD4,0.020083379947849676,0,0,0,0,0.15648138730523128,0.034787151196664985,0
ENSG00000126787,DLGAP5,0.01975773903144416,0,0,0,0,0.16249990220158633,0,0
ENSG00000187902,SHISA7,0.01975773903144416,0,0,0,0,0.16249990220158633,0,0
ENSG00000079393,DUSP13B,0.01975773903144416,0,0,0,0,0.16249990220158633,0,0
ENSG00000135451,TROAP,0.01975773903144416,0,0,0,0,0.16249990220158633,0,0
ENSG00000183111,ARHGEF37,0.01975773903144416,0,0,0,0,0.16249990220158633,0,0
ENSG00000138180,CEP55,0.01975773903144416,0,0,0,0,0.16249990220158633,0,0
ENSG00000171848,RRM2,0.01975773903144416,0,0,0,0,0.16249990220158633,0,0
ENSG00000158578,ALAS2,0.01975773903144416,0,0,0,0,0.16249990220158633,0,0
ENSG00000123485,HJURP,0.01975773903144416,0,0,0,0,0.16249990220158633,0,0
ENSG00000164237,CMBL,0.01975773903144416,0,0,0,0,0.16249990220158633,0,0
ENSG00000024526,DEPDC1,0.01975773903144416,0,0,0,0,0.16249990220158633,0,0
ENSG00000101187,SLCO4A1,0.01975773903144416,0,0,0,0,0.16249990220158633,0,0
ENSG00000001630,CYP51A1,0.019718275510591483,0,0,0,0,0,0.16217532972551077,0
ENSG00000170312,CDK1,0.019680127261960372,0,0,0,0,0.1504628724088762,0.045594809820871586,0
ENSG00000163568,AIM2,0.019580700014943112,0,0,0,0,0.1504628724088762,0.042323804390389054,0
ENSG00000153002,CPB1,0.019527674302634124,0,0,0,0,0,0.1606077071547661,0
ENSG00000120659,TNFSF11,0.019279749086051946,0,0,0,0,0,0.15856861637703118,0
ENSG00000112561,TFEB,0.019218152443604492,0,0,0,0,0,0.15806200737902149,0
ENSG00000100427,MLC1,0.01915918542103385,0,0,0,0,0,0.15757702600612256,0
ENSG00000238062,SPATA3-AS1,0.01902597091916845,0,0,0,0,0.15648138730523128,0,0
ENSG00000168078,PBK,0.01902597091916845,0,0,0,0,0.15648138730523128,0,0
ENSG00000170558,CDH2,0.01902597091916845,0,0,0,0,0.15648138730523128,0,0
ENSG00000243649,CFB,0.01902597091916845,0,0,0,0,0.15648138730523128,0,0
ENSG00000213088,ACKR1,0.01902597091916845,0,0,0,0,0.15648138730523128,0,0
ENSG00000185499,MUC1,0.01902597091916845,0,0,0,0,0.15648138730523128,0,0
ENSG00000115163,CENPA,0.01902597091916845,0,0,0,0,0.15648138730523128,0,0
ENSG00000072571,HMMR,0.01902597091916845,0,0,0,0,0.15648138730523128,0,0
ENSG00000117650,NEK2,0.01902597091916845,0,0,0,0,0.15648138730523128,0,0
ENSG00000253549,CA3-AS1,0.01902597091916845,0,0,0,0,0.15648138730523128,0,0
ENSG00000093009,CDC45,0.01902597091916845,0,0,0,0,0.15648138730523128,0,0
ENSG00000284770,TBCE,0.018925568391979102,0,0,0,0,0,0.1556556146384755,0
ENSG00000271503,CCL5,0.018905711331673226,0,0,0,0,0,0.15549229785650054,0
ENSG00000101017,CD40,0.018784988485746588,0,0,0,0,0,0.15449939828305465,0
ENSG00000196415,PRTN3,0.01876356922234231,0,0,0,0,0.14444435751252116,0.03951550184475537,0
ENSG00000228716,DHFR,0.018699619684368913,0,0,0,0,0,0.1537972723033127,0
ENSG00000149294,NCAM1,0.018697766851471672,0,0,0,0,0,0.15378203345618963,0
ENSG00000168398,BDKRB2,0.018540589376682542,0,0,0,0,0,0.15248930840091496,0
ENSG00000051108,HERPUD1,0.01847899273423509,0,0,0,0,0,0.15198269940290526,0
ENSG00000131203,IDO1,0.01847843504753368,0,0,0,0,0.1298127925744957,0.08866128026809951,0
ENSG00000108821,COL1A1,0.018353768576477074,0,0,0,0,0.13385472456581232,0.06839221473130737,0
ENSG00000197635,DPP4,0.018353746227925277,0,0,0,0,0,0.15095259444028558,0
ENSG00000113525,IL5,0.018345886341579576,0,0,0,0,0,0.15088794985921997,0
ENSG00000278238,CKAP2-DT,0.01829420280689274,0,0,0,0,0.1504628724088762,0,0
ENSG00000186998,EMID1,0.01829420280689274,0,0,0,0,0.1504628724088762,0,0
ENSG00000186583,SPATC1,0.01829420280689274,0,0,0,0,0.1504628724088762,0,0
ENSG00000173372,C1QA,0.01829420280689274,0,0,0,0,0.1504628724088762,0,0
ENSG00000146670,CDCA5,0.01829420280689274,0,0,0,0,0.1504628724088762,0,0
ENSG00000112984,KIF20A,0.01829420280689274,0,0,0,0,0.1504628724088762,0,0
ENSG00000108950,FAM20A,0.01829420280689274,0,0,0,0,0.1504628724088762,0,0
ENSG00000157456,CCNB2,0.01829420280689274,0,0,0,0,0.1504628724088762,0,0
ENSG00000197256,KANK2,0.01829420280689274,0,0,0,0,0.1504628724088762,0,0
ENSG00000109805,NCAPG,0.01829420280689274,0,0,0,0,0.1504628724088762,0,0
ENSG00000269887,ENSG00000269887,0.01829420280689274,0,0,0,0,0.1504628724088762,0,0
ENSG00000103534,TMC5,0.01829420280689274,0,0,0,0,0.1504628724088762,0,0
ENSG00000198959,TGM2,0.01829420280689274,0,0,0,0,0.1504628724088762,0,0
ENSG00000156381,ANKRD9,0.01829420280689274,0,0,0,0,0.1504628724088762,0,0
ENSG00000271736,LINC02772,0.01829420280689274,0,0,0,0,0.1504628724088762,0,0
ENSG00000088325,TPX2,0.01829420280689274,0,0,0,0,0.1504628724088762,0,0
ENSG00000154839,SKA1,0.01829420280689274,0,0,0,0,0.1504628724088762,0,0
ENSG00000087237,CETP,0.018238765828690034,0,0,0,0,0.12037029792710098,0.11854650553426611,0
ENSG00000189221,MAOA,0.018223153101578488,0,0,0,0,0.149878515557789,0,0
ENSG00000134184,GSTM1,0.017868061352468455,0,0,0,0,0,0.14695802073744857,0
ENSG00000250361,GYPB,0.017747474927962442,0,0,0,0,0.14596624317839285,0,0
ENSG00000069535,MAOB,0.01756303159515677,0,0,0,0,0.144449266792838,0,0
ENSG00000010030,ETV7,0.01756243469461703,0,0,0,0,0.14444435751252116,0,0
ENSG00000167513,CDT1,0.01756243469461703,0,0,0,0,0.14444435751252116,0,0
ENSG00000143476,DTL,0.01756243469461703,0,0,0,0,0.14444435751252116,0,0
ENSG00000152253,SPC25,0.01756243469461703,0,0,0,0,0.14444435751252116,0,0
ENSG00000163221,S100A12,0.01756243469461703,0,0,0,0,0.14444435751252116,0,0
ENSG00000204044,SLC12A5-AS1,0.01756243469461703,0,0,0,0,0.14444435751252116,0,0
ENSG00000237649,KIFC1,0.01756243469461703,0,0,0,0,0.14444435751252116,0,0
ENSG00000129173,E2F8,0.01756243469461703,0,0,0,0,0.14444435751252116,0,0
ENSG00000167994,RAB3IL1,0.01756243469461703,0,0,0,0,0.14444435751252116,0,0
ENSG00000169679,BUB1,0.01756243469461703,0,0,0,0,0.14444435751252116,0,0
ENSG00000172331,BPGM,0.01756243469461703,0,0,0,0,0.14444435751252116,0,0
ENSG00000165480,SKA3,0.01756243469461703,0,0,0,0,0.14444435751252116,0,0
ENSG00000183856,IQGAP3,0.01756243469461703,0,0,0,0,0.14444435751252116,0,0
ENSG00000169439,SDC2,0.01756243469461703,0,0,0,0,0.14444435751252116,0,0
ENSG00000277157,H4C4,0.01756243469461703,0,0,0,0,0.14444435751252116,0,0
ENSG00000182795,C1orf116,0.01756243469461703,0,0,0,0,0.14444435751252116,0,0
ENSG00000165304,MELK,0.01756243469461703,0,0,0,0,0.14444435751252116,0,0
ENSG00000066279,ASPM,0.01756243469461703,0,0,0,0,0.14444435751252116,0,0
ENSG00000166803,PCLAF,0.01756243469461703,0,0,0,0,0.14444435751252116,0,0
ENSG00000142945,KIF2C,0.01756243469461703,0,0,0,0,0.14444435751252116,0,0
ENSG00000100170,SLC5A1,0.0174858495358407,0,0,0,0,0,0.1438144736583291,0
ENSG00000163464,CXCR1,0.017432658530451044,0,0,0,0,0,0.14337699783378935,0
ENSG00000084774,CAD,0.01738389452184681,0,0,0,0,0,0.14297593237703166,0
ENSG00000104921,FCER2,0.017348088039748962,0,0,0,0,0,0.14268143765626312,0
ENSG00000105369,CD79A,0.017127280796509787,0,0,0,0,0,0.14086538191351522,0
ENSG00000107611,CUBN,0.01712386660039118,0,0,0,0,0,0.14083730144669218,0
ENSG00000115884,SDC1,0.01712176800784041,0,0,0,0,0.124481901133913,0.06535256074324927,0
ENSG00000204936,CD177,0.017115253781661486,0,0,0,0,0.14076646428263065,0,0
ENSG00000133063,CHIT1,0.017022848106777365,0,0,0,0,0.1324073277198111,0.030396539880581056,0
ENSG00000120875,DUSP4,0.016980141101347133,0,0,0,0,0,0.1396552137846696,0
ENSG00000100453,GZMB,0.01696345356227295,0,0,0,0,0,0.1395179651114675,0
ENSG00000197405,C5AR1,0.01694934278012341,0,0,0,0,0,0.1394019092856648,0
ENSG00000167085,PHB1,0.016904056677181176,0,0,0,0,0,0.13902944828253622,0
ENSG00000119326,CTNNAL1,0.01683066658234132,0,0,0,0,0.1384258426161661,0,0
ENSG00000175643,RMI2,0.01683066658234132,0,0,0,0,0.1384258426161661,0,0
ENSG00000100095,SEZ6L,0.01683066658234132,0,0,0,0,0.1384258426161661,0,0
ENSG00000158373,H2BC5,0.01683066658234132,0,0,0,0,0.1384258426161661,0,0
ENSG00000017483,SLC38A5,0.01683066658234132,0,0,0,0,0.1384258426161661,0,0
ENSG00000158406,H4C8,0.01683066658234132,0,0,0,0,0.1384258426161661,0,0
ENSG00000138316,ADAMTS14,0.01683066658234132,0,0,0,0,0.1384258426161661,0,0
ENSG00000101412,E2F1,0.01683066658234132,0,0,0,0,0.1384258426161661,0,0
ENSG00000131747,TOP2A,0.01683066658234132,0,0,0,0,0.1384258426161661,0,0
ENSG00000075218,GTSE1,0.01683066658234132,0,0,0,0,0.1384258426161661,0,0
ENSG00000137198,GMPR,0.01683066658234132,0,0,0,0,0.1384258426161661,0,0
ENSG00000127564,PKMYT1,0.01683066658234132,0,0,0,0,0.1384258426161661,0,0
ENSG00000130222,GADD45G,0.01683066658234132,0,0,0,0,0.1384258426161661,0,0
ENSG00000166278,C2,0.01683066658234132,0,0,0,0,0.1384258426161661,0,0
ENSG00000117228,GBP1,0.01678672764406214,0,0,0,0,0.1324073277198111,0.02262853524443256,0
ENSG00000237372,LINC03062,0.016703516010490648,0,0,0,0,0.1373800774373809,0,0
ENSG00000116824,CD2,0.01665306292995117,0,0,0,0,0,0.1369651200052382,0
ENSG00000188175,HEPACAM2,0.016636135100315145,0,0,0,0,0.13682589503339493,0,0
ENSG00000196859,KRT39,0.016606453628310938,0,0,0,0,0,0.1365817761951915,0
ENSG00000105697,HAMP,0.01659463620995348,0,0,0,0,0,0.13648458241586758,0
ENSG00000174358,SLC6A19,0.016584625313192932,0,0,0,0,0.13640224659080424,0,0
ENSG00000283646,LINC02009,0.016534223111791438,0,0,0,0,0.13598770762025442,0,0
ENSG00000079385,CEACAM1,0.016475869921844008,0,0,0,0,0.12638881282345604,0.03647584785669726,0
ENSG00000121380,BCL2L14,0.01647354070007844,0,0,0,0,0.13548861782293373,0,0
ENSG00000115415,STAT1,0.01643548234045398,0,0,0,0,0,0.135175602264469,0
ENSG00000100558,PLEK2,0.01640509807646562,0,0,0,0,0.13492570322902178,0,0
ENSG00000143546,S100A8,0.016327264879253692,0,0,0,0,0.11435178303074592,0.07973508680715277,0
ENSG00000023171,GRAMD1B,0.016286171102555626,0,0,0,0,0.08255700231565813,0.11330832344216762,0
ENSG00000125445,MRPS7,0.01626151360612688,0,0,0,0,0,0.13374477547455663,0
ENSG00000091129,NRCAM,0.01624117582057051,0,0,0,0,0.13357750490991122,0,0
ENSG00000197919,IFNA1,0.016236284505744988,0,0,0,0,0,0.13353727570253482,0
ENSG00000118473,SGIP1,0.01616957263026049,0,0,0,0,0.13298859585487297,0,0
ENSG00000112715,VEGFA,0.01614830286177509,0,0,0,0,0,0.132813660084478,0
ENSG00000159335,PTMS,0.016098898470065612,0,0,0,0,0.1324073277198111,0,0
ENSG00000106211,HSPB1,0.016098898470065612,0,0,0,0,0.1324073277198111,0,0
ENSG00000005961,ITGA2B,0.016098898470065612,0,0,0,0,0.1324073277198111,0,0
ENSG00000102010,BMX,0.016098898470065612,0,0,0,0,0.1324073277198111,0,0
ENSG00000163808,KIF15,0.016098898470065612,0,0,0,0,0.1324073277198111,0,0
ENSG00000274290,H2BC6,0.016098898470065612,0,0,0,0,0.1324073277198111,0,0
ENSG00000197993,KEL,0.016098898470065612,0,0,0,0,0.1324073277198111,0,0
ENSG00000169607,CKAP2L,0.016098898470065612,0,0,0,0,0.1324073277198111,0,0
ENSG00000182512,GLRX5,0.016098898470065612,0,0,0,0,0.1324073277198111,0,0
ENSG00000094804,CDC6,0.016098898470065612,0,0,0,0,0.1324073277198111,0,0
ENSG00000086506,HBQ1,0.016098898470065612,0,0,0,0,0.1324073277198111,0,0
ENSG00000163958,ZDHHC19,0.016098898470065612,0,0,0,0,0.1324073277198111,0,0
ENSG00000135476,ESPL1,0.016098898470065612,0,0,0,0,0.1324073277198111,0,0
ENSG00000203666,DRC8,0.016098898470065612,0,0,0,0,0.1324073277198111,0,0
ENSG00000129673,AANAT,0.016098898470065612,0,0,0,0,0.1324073277198111,0,0
ENSG00000085999,RAD54L,0.016098898470065612,0,0,0,0,0.1324073277198111,0,0
ENSG00000167900,TK1,0.016098898470065612,0,0,0,0,0.1324073277198111,0,0
ENSG00000158714,SLAMF8,0.016098898470065612,0,0,0,0,0.1324073277198111,0,0
ENSG00000113763,UNC5A,0.016098898470065612,0,0,0,0,0.1324073277198111,0,0
ENSG00000019169,MARCO,0.01607672367878453,0,0,0,0,0,0.13222494848052757,0
ENSG00000188582,PAQR9,0.016055823966450392,0,0,0,0,0.13205305628147923,0,0
ENSG00000235169,SMIM1,0.01604937051182931,0,0,0,0,0.13199997906737493,0,0
ENSG00000214872,SMTNL1,0.016033902008751544,0,0,0,0,0.13187275650241745,0,0
ENSG00000175567,UCP2,0.016022929277713756,0,0,0,0,0,0.13178250995559912,0
ENSG00000196735,HLA-DQA1,0.016022929277713756,0,0,0,0,0,0.13178250995559912,0
ENSG00000108679,LGALS3BP,0.015921500139816958,0,0,0,0,0.12638881282345604,0.01823792392834863,0
ENSG00000091513,TF,0.01588251966141733,0,0,0,0,0,0.13062769417024941,0
ENSG00000089041,P2RX7,0.015793337453839942,0,0,0,0,0,0.12989420437233365,0
ENSG00000047597,XK,0.015736710212474605,0,0,0,0,0.12638881282345604,0.012158615952232422,0
ENSG00000105374,NKG7,0.015679014690715493,0,0,0,0,0,0.12895394305004507,0
ENSG00000268119,ENSG00000268119,0.015639778810590026,0,0,0,0,0.1286312428325235,0,0
ENSG00000104998,IL27RA,0.015491555575533748,0,0,0,0,0,0.12741216299943559,0
ENSG00000185624,P4HB,0.01544773065815762,0,0,0,0,0,0.12705171969282647,0
ENSG00000054179,ENTPD2,0.015388151327640718,0,0,0,0,0.1212423078404401,0.021277577916406734,0
ENSG00000071539,TRIP13,0.015367130357789903,0,0,0,0,0.12638881282345604,0,0
ENSG00000101057,MYBL2,0.015367130357789903,0,0,0,0,0.12638881282345604,0,0
ENSG00000162062,TEDC2,0.015367130357789903,0,0,0,0,0.12638881282345604,0,0
ENSG00000112742,TTK,0.015367130357789903,0,0,0,0,0.12638881282345604,0,0
ENSG00000161888,SPC24,0.015367130357789903,0,0,0,0,0.12638881282345604,0,0
ENSG00000152229,PSTPIP2,0.015367130357789903,0,0,0,0,0.12638881282345604,0,0
ENSG00000182389,CACNB4,0.015367130357789903,0,0,0,0,0.12638881282345604,0,0
ENSG00000258227,CLEC5A,0.015367130357789903,0,0,0,0,0.12638881282345604,0,0
ENSG00000104918,RETN,0.015367130357789903,0,0,0,0,0.12638881282345604,0,0
ENSG00000223749,MIR503HG,0.015367130357789903,0,0,0,0,0.12638881282345604,0,0
ENSG00000178999,AURKB,0.015367130357789903,0,0,0,0,0.12638881282345604,0,0
ENSG00000188282,RUFY4,0.015367130357789903,0,0,0,0,0.12638881282345604,0,0
ENSG00000140534,TICRR,0.015367130357789903,0,0,0,0,0.12638881282345604,0,0
ENSG00000118193,KIF14,0.015367130357789903,0,0,0,0,0.12638881282345604,0,0
ENSG00000174371,EXO1,0.015367130357789903,0,0,0,0,0.12638881282345604,0,0
ENSG00000140284,SLC27A2,0.015367130357789903,0,0,0,0,0.12638881282345604,0,0
ENSG00000111666,CHPT1,0.015367130357789903,0,0,0,0,0.12638881282345604,0,0
ENSG00000168899,VAMP5,0.015367130357789903,0,0,0,0,0.12638881282345604,0,0
ENSG00000103148,NPRL3,0.015367130357789903,0,0,0,0,0.12638881282345604,0,0
ENSG00000198336,MYL4,0.015367130357789903,0,0,0,0,0.12638881282345604,0,0
ENSG00000167100,SAMD14,0.015367130357789903,0,0,0,0,0.12638881282345604,0,0
ENSG00000272821,ENSG00000272821,0.015367130357789903,0,0,0,0,0.12638881282345604,0,0
ENSG00000204632,HLA-G,0.015352963130026988,0,0,0,0,0,0.1262722927539138,0
ENSG00000079459,FDFT1,0.015337563969415128,0,0,0,0,0,0.12614564050441138,0
ENSG00000198589,LRBA,0.015337563969415128,0,0,0,0,0,0.12614564050441138,0
ENSG00000181915,ADO,0.015337563969415128,0,0,0,0,0,0.12614564050441138,0
ENSG00000118271,TTR,0.015317031755265977,0,0,0,0,0,0.12597677083840814,0
ENSG00000154640,BTG3,0.015317031755265977,0,0,0,0,0,0.12597677083840814,0
ENSG00000101335,MYL9,0.015176638294044675,0,0,0,0,0.12482208792241783,0,0
ENSG00000115602,IL33R,0.015152774042072777,0,0,0,0,0,0.12462581351038234,0
ENSG00000123689,G0S2,0.015004942100198895,0,0,0,0,0.12037029792710098,0.012158615952232422,0
ENSG00000273983,H3C8,0.014989187136310821,0,0,0,0,0.12328037331879606,0,0
ENSG00000135047,CTSL,0.014983383275342287,0,0,0,0,0,0.12323263876585568,0
ENSG00000183625,CCR3,0.014829596991365148,0,0,0,0,0.10128127088209606,0.08274613634158175,0
ENSG00000164342,TLR3,0.014806371989113583,0,0,0,0,0,0.12177678814170464,0
ENSG00000136381,IREB2,0.014783194187388075,0,0,0,0,0,0.12158615952232422,0
ENSG00000166483,WEE1,0.014720383257295655,0,0,0,0,0,0.12106956346945782,0
ENSG00000084734,GCKR,0.014709450099873945,0,0,0,0,0.12097964240060703,0,0
ENSG00000204323,SMIM5,0.014635362245514191,0,0,0,0,0.12037029792710098,0,0
ENSG00000181218,H2AC25,0.014635362245514191,0,0,0,0,0.12037029792710098,0,0
ENSG00000183508,TENT5C,0.014635362245514191,0,0,0,0,0.12037029792710098,0,0
ENSG00000178075,GRAMD1C,0.014635362245514191,0,0,0,0,0.12037029792710098,0,0
ENSG00000276966,H4C5,0.014635362245514191,0,0,0,0,0.12037029792710098,0,0
ENSG00000035499,DEPDC1B,0.014635362245514191,0,0,0,0,0.12037029792710098,0,0
ENSG00000121797,CCRL2,0.014635362245514191,0,0,0,0,0.12037029792710098,0,0
ENSG00000095932,SMIM24,0.014635362245514191,0,0,0,0,0.12037029792710098,0,0
ENSG00000181788,SIAH2,0.014635362245514191,0,0,0,0,0.12037029792710098,0,0
ENSG00000145386,CCNA2,0.014635362245514191,0,0,0,0,0.12037029792710098,0,0
ENSG00000245750,DRAIC,0.014635362245514191,0,0,0,0,0.12037029792710098,0,0
ENSG00000169715,MT1E,0.014635362245514191,0,0,0,0,0.12037029792710098,0,0
ENSG00000100162,CENPM,0.014635362245514191,0,0,0,0,0.12037029792710098,0,0
ENSG00000124920,MYRF,0.014635362245514191,0,0,0,0,0.12037029792710098,0,0
ENSG00000060138,YBX3,0.014635362245514191,0,0,0,0,0.12037029792710098,0,0
ENSG00000143891,GALM,0.014635362245514191,0,0,0,0,0.12037029792710098,0,0
ENSG00000170315,UBB,0.014635362245514191,0,0,0,0,0.12037029792710098,0,0
ENSG00000130821,SLC6A8,0.014635362245514191,0,0,0,0,0.12037029792710098,0,0
ENSG00000183010,PYCR1,0.014635362245514191,0,0,0,0,0.12037029792710098,0,0
ENSG00000212864,RNF208,0.014635362245514191,0,0,0,0,0.12037029792710098,0,0
ENSG00000136982,DSCC1,0.014635362245514191,0,0,0,0,0.12037029792710098,0,0
ENSG00000042062,RIPOR3,0.014635362245514191,0,0,0,0,0.12037029792710098,0,0
ENSG00000174307,PHLDA3,0.014635362245514191,0,0,0,0,0.12037029792710098,0,0
ENSG00000157445,CACNA2D3,0.014635362245514191,0,0,0,0,0.12037029792710098,0,0
ENSG00000102230,PCYT1B,0.014635362245514191,0,0,0,0,0.12037029792710098,0,0
ENSG00000122585,NPY,0.014598404260045723,0,0,0,0,0,0.12006633252829517,0
ENSG00000184557,SOCS3,0.014579309300887012,0,0,0,0,0,0.11990928373891215,0
ENSG00000162493,PDPN,0.014577872045896572,0,0,0,0,0,0.11989746286229193,0
ENSG00000121966,CXCR4,0.014549742912512233,0,0,0,0,0,0.1196661114198675,0
ENSG00000160209,PDXK,0.01449574318929997,0,0,0,0,0,0.11922198419827901,0
ENSG00000124785,NRN1,0.014492607462997712,0,0,0,0,0.11919619403997007,0,0
ENSG00000115414,FN1,0.014476648230141258,0,0,0,0,0,0.11906493540889601,0
ENSG00000196517,SLC6A9,0.014475163293857028,0,0,0,0,0.1190527223717373,0,0
ENSG00000175445,LPL,0.014464944868076245,0,0,0,0,0,0.11896867969927419,0
ENSG00000143333,RGS16,0.014463731456221903,0,0,0,0,0.11895869984746284,0,0
ENSG00000166947,EPB42,0.014462264969189046,0,0,0,0,0.11894663854839213,0,0
ENSG00000103175,WFDC1,0.014453091631928797,0,0,0,0,0.11887119133222634,0,0
ENSG00000134760,DSG1,0.014328062276457524,0,0,0,0,0,0.117842872352809,0
ENSG00000135077,HAVCR2,0.014319888150589884,0,0,0,0,0,0.1177756432709813,0
ENSG00000165891,E2F7,0.014317066614898821,0,0,0,0,0.11775243721116209,0,0
ENSG00000204613,TRIM10,0.014217438779595892,0,0,0,0,0.11693303609104828,0,0
ENSG00000068079,IFI35,0.014162300031517772,0,0,0,0,0.10128127088209606,0.06079307976116211,0
ENSG00000183019,MCEMP1,0.014162300031517772,0,0,0,0,0.10128127088209606,0.06079307976116211,0
ENSG00000253986,ENSG00000253986,0.014153771384607168,0,0,0,0,0.11640939593957994,0,0
ENSG00000120885,CLU,0.014147516837330384,0,0,0,0,0.10723899269868996,0.03647584785669726,0
ENSG00000124490,CRISP2,0.014138049697381166,0,0,0,0,0.11628009103112845,0,0
ENSG00000118777,ABCG2,0.014055980296644302,0,0,0,0,0.044694574450144915,0.10443145775645231,0
ENSG00000006210,CX3CL1,0.01404403447801867,0,0,0,0,0,0.115506851546208,0
ENSG00000175591,P2RY2,0.014041570612320768,0,0,0,0,0,0.1154865871862876,0
ENSG00000143416,SELENBP1,0.014014950435275167,0,0,0,0,0.11526764633685059,0,0
ENSG00000185386,MAPK11,0.013962726909988033,0,0,0,0,0.10723899269868996,0.030396539880581056,0
ENSG00000124657,OR2B6,0.013949918961784049,0,0,0,0,0.1147327871575936,0,0
ENSG00000008517,IL32,0.013927426004169642,0,0,0,0,0,0.11454779112101529,0
ENSG00000103257,SLC7A5,0.013903594133238481,0,0,0,0,0.11435178303074592,0,0
ENSG00000166091,CMTM5,0.013903594133238481,0,0,0,0,0.11435178303074592,0,0
ENSG00000117724,CENPF,0.013903594133238481,0,0,0,0,0.11435178303074592,0,0
ENSG00000008441,NFIX,0.013903594133238481,0,0,0,0,0.11435178303074592,0,0
ENSG00000273802,H2BC8,0.013903594133238481,0,0,0,0,0.11435178303074592,0,0
ENSG00000111206,FOXM1,0.013903594133238481,0,0,0,0,0.11435178303074592,0,0
ENSG00000136732,GYPC,0.013903594133238481,0,0,0,0,0.11435178303074592,0,0
ENSG00000137812,KNL1,0.013903594133238481,0,0,0,0,0.11435178303074592,0,0
ENSG00000008438,PGLYRP1,0.013903594133238481,0,0,0,0,0.11435178303074592,0,0
ENSG00000260592,TMC5-AS1,0.013903594133238481,0,0,0,0,0.11435178303074592,0,0
ENSG00000134809,TIMM10,0.013903594133238481,0,0,0,0,0.11435178303074592,0,0
ENSG00000134057,CCNB1,0.013903594133238481,0,0,0,0,0.11435178303074592,0,0
ENSG00000156970,BUB1B,0.013903594133238481,0,0,0,0,0.11435178303074592,0,0
ENSG00000051341,POLQ,0.013903594133238481,0,0,0,0,0.11435178303074592,0,0
ENSG00000131153,GINS2,0.013903594133238481,0,0,0,0,0.11435178303074592,0,0
ENSG00000143545,RAB13,0.013903594133238481,0,0,0,0,0.11435178303074592,0,0
ENSG00000140105,WARS1,0.013903594133238481,0,0,0,0,0.11435178303074592,0,0
ENSG00000249992,TMEM158,0.013903594133238481,0,0,0,0,0.11435178303074592,0,0
ENSG00000141469,SLC14A1,0.013903594133238481,0,0,0,0,0.11435178303074592,0,0
ENSG00000097021,ACOT7,0.013903594133238481,0,0,0,0,0.11435178303074592,0,0
ENSG00000154736,ADAMTS5,0.013885340014190976,0,0,0,0,0.11420164983203958,0,0
ENSG00000273796,BNAT1,0.013820164878885087,0,0,0,0,0.11366560908889956,0,0
ENSG00000185630,PBX1,0.013807503371020458,0,0,0,0,0.09532354906550218,0.07295169571339452,0
ENSG00000197110,IFNL3,0.013736051265781417,0,0,0,0,0,0.11297380655615957,0
ENSG00000254859,ENSG00000254859,0.013695718675757742,0,0,0,0,0.11264208631610817,0,0
ENSG00000055118,KCNH2,0.013593147055303333,0,0,0,0,0.10723899269868996,0.01823792392834863,0
ENSG00000085840,ORC1,0.013593147055303333,0,0,0,0,0.10723899269868996,0.01823792392834863,0
ENSG00000171855,IFNB1,0.013544599728672894,0,0,0,0,0,0.11139919035098722,0
ENSG00000253154,ENSG00000253154,0.013516097815117431,0,0,0,0,0.11116477293318705,0,0
ENSG00000101441,CST4,0.01349015914523031,0,0,0,0,0,0.11095143722138379,0
ENSG00000149131,SERPING1,0.0134807936172604,0,0,0,0,0.11087440930959923,0,0
ENSG00000198727,MT-CYB,0.013467517380712528,0,0,0,0,0,0.11076521730452206,0
ENSG00000164399,IL3,0.013446916020875072,0,0,0,0,0,0.11059577894148476,0
ENSG00000104892,KLC3,0.013333836989340956,0,0,0,0,0.1096657468393247,0,0
ENSG00000131781,FMO5,0.013312677010025942,0,0,0,0,0,0.10949171404317302,0
ENSG00000167207,NOD2,0.013309584607160212,0,0,0,0,0,0.1094662802036811,0
ENSG00000142405,NLRP12,0.013304874768649264,0,0,0,0,0,0.1094275435700918,0
ENSG00000129538,RNASE1,0.01325235577222478,0,0,0,0,0.1089955947641519,0,0
ENSG00000249790,LINC02972,0.013251585947838119,0,0,0,0,0.10898926325084737,0,0
ENSG00000143774,GUK1,0.013171826020962773,0,0,0,0,0.10833326813439087,0,0
ENSG00000151702,FLI1,0.013152320417521079,0,0,0,0,0,0.1081728419516878,0
ENSG00000101425,BPI,0.01313349765326387,0,0,0,0,0.10801803186202662,0,0
ENSG00000128272,ATF4,0.013099552627157764,0,0,0,0,0,0.10773884691005951,0
ENSG00000011426,ANLN,0.013095899624872957,0,0,0,0,0.10770880235318593,0,0
ENSG00000155926,SLA,0.013055784475144041,0,0,0,0,0,0.10737887047700434,0
ENSG00000022840,RNF10,0.013038777273276278,0,0,0,0,0.10723899269868996,0,0
ENSG00000186648,CARMIL3,0.013038777273276278,0,0,0,0,0.10723899269868996,0,0
ENSG00000166851,PLK1,0.013038777273276278,0,0,0,0,0.10723899269868996,0,0
ENSG00000226091,LINC00937,0.013038777273276278,0,0,0,0,0.10723899269868996,0,0
ENSG00000073792,IGF2BP2,0.013038777273276278,0,0,0,0,0.10723899269868996,0,0
ENSG00000187837,H1-2,0.013038777273276278,0,0,0,0,0.10723899269868996,0,0
ENSG00000156414,TDRD9,0.013038777273276278,0,0,0,0,0.10723899269868996,0,0
ENSG00000163251,FZD5,0.013038777273276278,0,0,0,0,0.10723899269868996,0,0
ENSG00000140451,PIF1,0.013038777273276278,0,0,0,0,0.10723899269868996,0,0
ENSG00000138778,CENPE,0.013038777273276278,0,0,0,0,0.10723899269868996,0,0
ENSG00000144354,CDCA7,0.013038777273276278,0,0,0,0,0.10723899269868996,0,0
ENSG00000100526,CDKN3,0.013038777273276278,0,0,0,0,0.10723899269868996,0,0
ENSG00000173825,TIGD3,0.013038777273276278,0,0,0,0,0.10723899269868996,0,0
ENSG00000256269,HMBS,0.013038777273276278,0,0,0,0,0.10723899269868996,0,0
ENSG00000138160,KIF11,0.013038777273276278,0,0,0,0,0.10723899269868996,0,0
ENSG00000197903,H2BC12,0.013038777273276278,0,0,0,0,0.10723899269868996,0,0
ENSG00000116663,FBXO6,0.013038777273276278,0,0,0,0,0.10723899269868996,0,0
ENSG00000178719,GRINA,0.013038777273276278,0,0,0,0,0.10723899269868996,0,0
ENSG00000213085,CFAP45,0.013038777273276278,0,0,0,0,0.10723899269868996,0,0
ENSG00000121152,NCAPH,0.013038777273276278,0,0,0,0,0.10723899269868996,0,0
ENSG00000188820,CALHM6,0.013038777273276278,0,0,0,0,0.10723899269868996,0,0
ENSG00000167434,CA4,0.013038777273276278,0,0,0,0,0.10723899269868996,0,0
ENSG00000233461,CYDAER,0.013038777273276278,0,0,0,0,0.10723899269868996,0,0
ENSG00000049759,NEDD4L,0.013038777273276278,0,0,0,0,0.10723899269868996,0,0
ENSG00000258819,LINC02289,0.013038777273276278,0,0,0,0,0.10723899269868996,0,0
ENSG00000088826,SMOX,0.013038777273276278,0,0,0,0,0.10723899269868996,0,0
ENSG00000138119,MYOF,0.013038777273276278,0,0,0,0,0.10723899269868996,0,0
ENSG00000161911,TREML1,0.013038777273276278,0,0,0,0,0.10723899269868996,0,0
ENSG00000171320,ESCO2,0.013038777273276278,0,0,0,0,0.10723899269868996,0,0
ENSG00000112053,SLC26A8,0.013038777273276278,0,0,0,0,0.10723899269868996,0,0
ENSG00000171241,SHCBP1,0.013038777273276278,0,0,0,0,0.10723899269868996,0,0
ENSG00000181826,RELL1,0.013038777273276278,0,0,0,0,0.10723899269868996,0,0
ENSG00000158856,DMTN,0.013038777273276278,0,0,0,0,0.10723899269868996,0,0
ENSG00000122952,ZWINT,0.013038777273276278,0,0,0,0,0.10723899269868996,0,0
ENSG00000282988,ENSG00000282988,0.013038777273276278,0,0,0,0,0.10723899269868996,0,0
ENSG00000105701,FKBP8,0.013038777273276278,0,0,0,0,0.10723899269868996,0,0
ENSG00000125148,MT2A,0.013038777273276278,0,0,0,0,0.10723899269868996,0,0
ENSG00000276180,H4C9,0.013038777273276278,0,0,0,0,0.10723899269868996,0,0
ENSG00000239961,LILRA4,0.013038777273276278,0,0,0,0,0.10723899269868996,0,0
ENSG00000153823,PID1,0.013038777273276278,0,0,0,0,0.10723899269868996,0,0
ENSG00000137752,CASP1,0.013037263812723495,0,0,0,0,0,0.10722654506025206,0
ENSG00000166527,CLEC4D,0.013032134049290657,0,0,0,0,0.09532354906550218,0.04744322255243621,0
ENSG00000179388,EGR3,0.013027563700864721,0,0,0,0,0.10714676532301158,0,0
ENSG00000167815,PRDX2,0.012974223823447723,0,0,0,0,0,0.10670806508256844,0
ENSG00000164733,CTSB,0.012897455228696975,0,0,0,0,0,0.10607667253713114,0
ENSG00000152078,TLCD4,0.012885119783284825,0,0,0,0,0.10597521818195937,0,0
ENSG00000100342,APOL1,0.012868770540121316,0,0,0,0,0.10128127088209606,0.01823792392834863,0
ENSG00000158473,CD1D,0.012840436084595489,0,0,0,0,0,0.10560771172509877,0
ENSG00000107984,DKK1,0.012828938044671964,0,0,0,0,0,0.10551314471213696,0
ENSG00000160683,CXCR5,0.012812101629069664,0,0,0,0,0,0.10537467158601432,0
ENSG00000185896,LAMP1,0.012809637763371764,0,0,0,0,0,0.10535440722609392,0
ENSG00000121858,TNFSF10,0.012800808911287629,0,0,0,0,0,0.10528179326971254,0
ENSG00000186827,TNFRSF4,0.012793006669910952,0,0,0,0,0,0.10521762279663133,0
ENSG00000109674,NEIL3,0.01274500151907374,0,0,0,0,0.10482279865689527,0,0
ENSG00000078902,TOLLIP,0.012741047597370245,0,0,0,0,0,0.1047902791520517,0
ENSG00000144290,SLC4A10,0.012733802073502408,0,0,0,0,0.10473068746911425,0,0
ENSG00000243678,NME2,0.01272997277247306,0,0,0,0,0,0.1046991929220014,0
ENSG00000145649,GZMA,0.012725317639974872,0,0,0,0,0,0.10466090622459702,0
ENSG00000158481,CD1C,0.012693630753429067,0,0,0,0,0.09532354906550218,0.03630697819069404,0
ENSG00000169896,ITGAM,0.01269171078571284,0,0,0,0,0,0.10438450260765526,0
ENSG00000165490,DDIAS,0.012672893217138425,0,0,0,0,0.08255700231565813,0.08359048467159791,0
ENSG00000092853,CLSPN,0.01266481226348438,0,0,0,0,0.1041632724747673,0,0
ENSG00000174175,SELP,0.012606368843295178,0,0,0,0,0.09532354906550218,0.03343619386863916,0
ENSG00000185507,IRF7,0.012598669262989247,0,0,0,0,0.09532354906550218,0.033182889369634316,0
ENSG00000055332,EIF2AK2,0.012597607267967156,0,0,0,0,0,0.10361053690205695,0
ENSG00000012223,LTF,0.012552516435879206,0,0,0,0,0.08639493274374525,0.06737899673528801,0
ENSG00000172243,CLEC7A,0.01254518284513071,0,0,0,0,0,0.10317936592797235,0
ENSG00000167371,PRRT2,0.012537585925895524,0,0,0,0,0,0.10311688415155115,0
ENSG00000042832,TG,0.01247229348490123,0,0,0,0,0,0.10257987861366091,0
ENSG00000002549,LAP3,0.012367681853811308,0,0,0,0,0.09532354906550218,0.025583754399489053,0
ENSG00000164047,CAMP,0.012366362624775203,0,0,0,0,0.07314809000729426,0.08342161500559467,0
ENSG00000149257,SERPINH1,0.012360392917788359,0,0,0,0,0,0.10165953893394329,0
ENSG00000168528,SERINC2,0.01231440075809426,0,0,0,0,0.10128127088209606,0,0
ENSG00000155962,CLIC2,0.01231440075809426,0,0,0,0,0.10128127088209606,0,0
ENSG00000107281,NPDC1,0.01231440075809426,0,0,0,0,0.10128127088209606,0,0
ENSG00000136840,ST6GALNAC4,0.01231440075809426,0,0,0,0,0.10128127088209606,0,0
ENSG00000172889,EGFL7,0.01231440075809426,0,0,0,0,0.10128127088209606,0,0
ENSG00000164626,KCNK5,0.01231440075809426,0,0,0,0,0.10128127088209606,0,0
ENSG00000160883,HK3,0.01231440075809426,0,0,0,0,0.10128127088209606,0,0
ENSG00000121621,KIF18A,0.01231440075809426,0,0,0,0,0.10128127088209606,0,0
ENSG00000163736,PPBP,0.01231440075809426,0,0,0,0,0.10128127088209606,0,0
ENSG00000082014,SMARCD3,0.01231440075809426,0,0,0,0,0.10128127088209606,0,0
ENSG00000029153,BMAL2,0.01231440075809426,0,0,0,0,0.10128127088209606,0,0
ENSG00000140682,TGFB1I1,0.01231440075809426,0,0,0,0,0.10128127088209606,0,0
ENSG00000175063,UBE2C,0.01231440075809426,0,0,0,0,0.10128127088209606,0,0
ENSG00000179639,FCER1A,0.01231440075809426,0,0,0,0,0.10128127088209606,0,0
ENSG00000075399,VPS9D1,0.01231440075809426,0,0,0,0,0.10128127088209606,0,0
ENSG00000167671,UBXN6,0.01231440075809426,0,0,0,0,0.10128127088209606,0,0
ENSG00000109956,B3GAT1,0.012306990304885534,0,0,0,0,0,0.10122032271794774,0
ENSG00000085563,ABCB1,0.012299001597482397,0,0,0,0,0,0.10115461863259363,0
ENSG00000183691,NOG,0.012278216396674018,0,0,0,0,0.10098366824736854,0,0
ENSG00000145384,FABP2,0.012267997954117182,0,0,0,0,0,0.10089962543692878,0
ENSG00000136842,TMOD1,0.012262712030752847,0,0,0,0,0.10085615072413989,0,0
ENSG00000283064,H2BC6-AS1,0.012256447250517137,0,0,0,0,0.10080462528522213,0,0
ENSG00000198829,SUCNR1,0.012207205367759431,0,0,0,0,0.10039962949498446,0,0
ENSG00000108309,RUNDC3A,0.012203239181811331,0,0,0,0,0.10036700912138538,0,0
ENSG00000090339,ICAM1,0.01220005397048748,0,0,0,0,0,0.10034081196756156,0
ENSG00000082701,GSK3B,0.012196135204595159,0,0,0,0,0,0.10030858160591748,0
ENSG00000175582,RAB6A,0.012196135204595159,0,0,0,0,0,0.10030858160591748,0
ENSG00000162630,B3GALT2,0.012161884883952633,0,0,0,0,0.10002688572229812,0,0
ENSG00000134259,NGF,0.01214747385706167,0,0,0,0,0,0.0999083604974898,0
ENSG00000178562,CD28,0.012096038914681475,0,0,0,0,0,0.09948532762448625,0
ENSG00000204287,HLA-DRA,0.012011345277252809,0,0,0,0,0,0.09878875461188842,0
ENSG00000146674,IGFBP3,0.012011345277252809,0,0,0,0,0,0.09878875461188842,0
ENSG00000226979,LTA,0.011967473615729739,0,0,0,0,0,0.09842792685241787,0
ENSG00000183762,KREMEN1,0.011857452921647912,0,0,0,0,0.09752304841465764,0,0
ENSG00000134668,SPOCD1,0.011852920626474124,0,0,0,0,0.09748577200760937,0,0
ENSG00000172037,LAMB2,0.011841954510522319,0,0,0,0,0,0.09739557986736178,0
ENSG00000184792,OSBP2,0.011837907362352879,0,0,0,0,0.09736229361023072,0,0
ENSG00000198734,F5,0.011826555349910457,0,0,0,0,0,0.09726892761785938,0
ENSG00000197561,ELANE,0.011800432517231695,0,0,0,0,0.08717520177582626,0.03951550184475537,0
ENSG00000110324,IL10RA,0.011699151215178403,0,0,0,0,0,0.09622107698064385,0
ENSG00000204010,IFIT1B,0.011625007485127712,0,0,0,0,0.09561127295079391,0,0
ENSG00000167034,NKX3-1,0.01162344746080452,0,0,0,0,0.09559844234302309,0,0
ENSG00000154451,GBP5,0.011598824313714664,0,0,0,0,0.08779679133662344,0.030396539880581056,0
ENSG00000102057,KCND1,0.011590024242912248,0,0,0,0,0.09532354906550218,0,0
ENSG00000205309,NT5M,0.011590024242912248,0,0,0,0,0.09532354906550218,0,0
ENSG00000167705,RILP,0.011590024242912248,0,0,0,0,0.09532354906550218,0,0
ENSG00000145685,LHFPL2,0.011590024242912248,0,0,0,0,0.09532354906550218,0,0
ENSG00000115641,FHL2,0.011590024242912248,0,0,0,0,0.09532354906550218,0,0
ENSG00000131979,GCH1,0.011590024242912248,0,0,0,0,0.09532354906550218,0,0
ENSG00000104903,LYL1,0.011590024242912248,0,0,0,0,0.09532354906550218,0,0
ENSG00000125462,MIR9-1HG,0.011590024242912248,0,0,0,0,0.09532354906550218,0,0
ENSG00000198785,GRIN3A,0.011590024242912248,0,0,0,0,0.09532354906550218,0,0
ENSG00000111665,CDCA3,0.011590024242912248,0,0,0,0,0.09532354906550218,0,0
ENSG00000137804,NUSAP1,0.011590024242912248,0,0,0,0,0.09532354906550218,0,0
ENSG00000188011,RTP5,0.011590024242912248,0,0,0,0,0.09532354906550218,0,0
ENSG00000196083,IL1RAP,0.011590024242912248,0,0,0,0,0.09532354906550218,0,0
ENSG00000136999,CCN3,0.011590024242912248,0,0,0,0,0.09532354906550218,0,0
ENSG00000143228,NUF2,0.011590024242912248,0,0,0,0,0.09532354906550218,0,0
ENSG00000145354,CISD2,0.011590024242912248,0,0,0,0,0.09532354906550218,0,0
ENSG00000273604,EPOP,0.011590024242912248,0,0,0,0,0.09532354906550218,0,0
ENSG00000149554,CHEK1,0.011590024242912248,0,0,0,0,0.09532354906550218,0,0
ENSG00000167414,GNG8,0.01157621311807944,0,0,0,0,0.0952099578073601,0,0
ENSG00000136448,NMT1,0.011561751627209458,0,0,0,0,0,0.09509101753548375,0
ENSG00000163606,CD200R1,0.01154937045889693,0,0,0,0,0,0.0949891871268158,0
ENSG00000090013,BLVRB,0.01152850619823736,0,0,0,0,0.09481758650433096,0,0
ENSG00000205639,MFSD2B,0.01150671282218153,0,0,0,0,0.09463834426046497,0,0
ENSG00000142627,EPHA2,0.011489902219644788,0,0,0,0,0.09450008343700622,0,0
ENSG00000113889,KNG1,0.011485309950751582,0,0,0,0,0,0.09446231376888571,0
ENSG00000120949,TNFRSF8,0.011456975495225754,0,0,0,0,0,0.09422927362980127,0
ENSG00000225366,CRIPTO3,0.011456975495225754,0,0,0,0,0,0.09422927362980127,0
ENSG00000099250,NRP1,0.011455457137691456,0,0,0,0,0.08965730473346246,0.01823792392834863,0
ENSG00000204388,HSPA1B,0.011335293800162764,0,0,0,0,0.08866900690416367,0.01823792392834863,0
ENSG00000260943,LINC02555,0.011334689238060677,0,0,0,0,0.09322351559249253,0,0
ENSG00000115155,OTOF,0.011334689238060677,0,0,0,0,0.09322351559249253,0,0
ENSG00000087088,BAX,0.011267052514346116,0,0,0,0,0,0.0926672292192714,0
ENSG00000284934,ENSG00000284934,0.011263514163133008,0,0,0,0,0.09263812762393349,0,0
ENSG00000230615,ENSG00000230615,0.011220582784812399,0,0,0,0,0.09228503333681008,0,0
ENSG00000168394,TAP1,0.011192725899126192,0,0,0,0,0.08255700231565813,0.037995674850726316,0
ENSG00000171552,BCL2L1,0.011126972805984684,0,0,0,0,0.09151512680143237,0,0
ENSG00000105220,GPI,0.011102794801152914,0,0,0,0,0,0.09131627189124557,0
ENSG00000107282,APBA1,0.01109125717702423,0,0,0,0,0.09122137931322506,0,0
ENSG00000107593,PKD2L1,0.01108988683018336,0,0,0,0,0,0.09121010873073235,0
ENSG00000130023,ERMARD,0.011087395640541052,0,0,0,0,0,0.09118961964174316,0
ENSG00000130024,PHF10,0.011087395640541052,0,0,0,0,0,0.09118961964174316,0
ENSG00000008018,PSMB1,0.011087395640541052,0,0,0,0,0,0.09118961964174316,0
ENSG00000112592,TBP,0.011087395640541052,0,0,0,0,0,0.09118961964174316,0
ENSG00000138615,CILP,0.011087395640541052,0,0,0,0,0,0.09118961964174316,0
ENSG00000079308,TNS1,0.011009549105541526,0,0,0,0,0.09054936144701635,0,0
ENSG00000275395,FCGBP,0.010928612468395084,0,0,0,0,0.08228455336519114,0.030396539880581056,0
ENSG00000260979,USP7-AS1,0.010924961627397992,0,0,0,0,0.08985366155423372,0,0
ENSG00000099377,HSD3B7,0.01088794676301369,0,0,0,0,0.08954922834794016,0,0
ENSG00000237505,PKN2-AS1,0.01088615032786274,0,0,0,0,0.08953445335086806,0,0
ENSG00000112290,WASF1,0.010865647727730233,0,0,0,0,0.08936582724890829,0,0
ENSG00000130830,MPP1,0.010865647727730233,0,0,0,0,0.08936582724890829,0,0
ENSG00000103876,FAH,0.010865647727730233,0,0,0,0,0.08936582724890829,0,0
ENSG00000107796,ACTA2,0.010865647727730233,0,0,0,0,0.08936582724890829,0,0
ENSG00000111181,SLC6A12,0.010865647727730233,0,0,0,0,0.08936582724890829,0,0
ENSG00000260231,KDM7A-DT,0.010865647727730233,0,0,0,0,0.08936582724890829,0,0
ENSG00000180089,TMEM86B,0.010865647727730233,0,0,0,0,0.08936582724890829,0,0
ENSG00000145365,TIFA,0.010865647727730233,0,0,0,0,0.08936582724890829,0,0
ENSG00000087586,AURKA,0.010865647727730233,0,0,0,0,0.08936582724890829,0,0
ENSG00000272669,ENSG00000272669,0.010865647727730233,0,0,0,0,0.08936582724890829,0,0
ENSG00000162367,TAL1,0.010865647727730233,0,0,0,0,0.08936582724890829,0,0
ENSG00000148175,STOM,0.010865647727730233,0,0,0,0,0.08936582724890829,0,0
ENSG00000274173,LINC02967,0.010809614425833997,0,0,0,0,0.08890497461472383,0,0
ENSG00000138378,STAT4,0.010785992397680593,0,0,0,0,0,0.08871069240163142,0
ENSG00000057252,SOAT1,0.010760491348090873,0,0,0,0,0,0.08850095595062495,0
ENSG00000171860,C3AR1,0.010754773771324822,0,0,0,0,0.08845393105249086,0,0
ENSG00000123473,STIL,0.010754773771324822,0,0,0,0,0.08845393105249086,0,0
ENSG00000122966,CIT,0.010754773771324822,0,0,0,0,0.08845393105249086,0,0
ENSG00000268734,ENSG00000268734,0.010754773771324822,0,0,0,0,0.08845393105249086,0,0
ENSG00000154146,NRGN,0.010754773771324822,0,0,0,0,0.08845393105249086,0,0
ENSG00000011590,ZBTB32,0.010754773771324822,0,0,0,0,0.08845393105249086,0,0
ENSG00000149564,ESAM,0.010754773771324822,0,0,0,0,0.08845393105249086,0,0
ENSG00000146648,EGFR,0.010739259378898856,0,0,0,0,0,0.08832633106506697,0
ENSG00000224177,LINC00570,0.010700805072747779,0,0,0,0,0.08801005899674808,0,0
ENSG00000135318,NT5E,0.010651613502020619,0,0,0,0,0.0653699118019907,0.07126299905336225,0
ENSG00000096006,CRISP3,0.010595383945958131,0,0,0,0,0.08714301025366898,0,0
ENSG00000227502,MROCKI,0.01056449874243998,0,0,0,0,0.08688899118077868,0,0
ENSG00000145335,SNCA,0.01055763833983006,0,0,0,0,0.08683256697397033,0,0
ENSG00000188676,IDO2,0.010533025858514003,0,0,0,0,0,0.086630138659656,0
ENSG00000258521,ENSG00000258521,0.010511837336941457,0,0,0,0,0.08645587111427264,0,0
ENSG00000170180,GYPA,0.010511837336941457,0,0,0,0,0.08645587111427264,0,0
ENSG00000087245,MMP2,0.010493790473374088,0,0,0,0,0,0.08630744251320267,0
ENSG00000162654,GBP4,0.01048108810459489,0,0,0,0,0.08316331636458696,0.012158615952232422,0
ENSG00000163827,LRRC2,0.010475938981744619,0,0,0,0,0.08616062077214595,0,0
ENSG00000250696,UGT2B11-AS1,0.010459505278794416,0,0,0,0,0.08602545980469072,0,0
ENSG00000185339,TCN2,0.010388633827636383,0,0,0,0,0.08544256902636145,0,0
ENSG00000254602,MIR130AHG,0.010375777377840116,0,0,0,0,0.08533682960793772,0,0
ENSG00000102882,MAPK3,0.010368987545761134,0,0,0,0,0,0.08528098581695315,0
ENSG00000196371,FUT4,0.010349147310065003,0,0,0,0,0,0.08511780741100565,0
ENSG00000125347,IRF1,0.010346551684353406,0,0,0,0,0,0.08509645937499732,0
ENSG00000198691,ABCA4,0.010337969824097076,0,0,0,0,0,0.08502587683262533,0
ENSG00000204710,SPDYC,0.010302855865098859,0,0,0,0,0.08473707785142412,0,0
ENSG00000156463,SH3RF2,0.010301215198197248,0,0,0,0,0.084723583989063,0,0
ENSG00000110876,SELPLG,0.010294441530100878,0,0,0,0,0,0.08466787314069849,0
ENSG00000180509,KCNE1,0.010276249900082737,0,0,0,0,0.08451825389053376,0,0
ENSG00000231256,CFAP97D1,0.010252366033164687,0,0,0,0,0.08432181815301329,0,0
ENSG00000279447,ENSG00000279447,0.010239614658223704,0,0,0,0,0.08421694293538096,0,0
ENSG00000185567,AHNAK2,0.010218714120248983,0,0,0,0,0.08404504394575225,0,0
ENSG00000235890,TSPEAR-AS1,0.01021578778389773,0,0,0,0,0.08402097594029218,0,0
ENSG00000123610,TNFAIP6,0.01021201737160587,0,0,0,0,0.07791065775457091,0.024317231904464845,0
ENSG00000172936,MYD88,0.010129555279739846,0,0,0,0,0,0.08331174633310114,0
ENSG00000104738,MCM4,0.0100377888532365,0,0,0,0,0.08255700231565813,0,0
ENSG00000100298,APOBEC3H,0.0100377888532365,0,0,0,0,0.08255700231565813,0,0
ENSG00000185340,GAS2L1,0.0100377888532365,0,0,0,0,0.08255700231565813,0,0
ENSG00000077984,CST7,0.0100377888532365,0,0,0,0,0.08255700231565813,0,0
ENSG00000165626,BEND7,0.0100377888532365,0,0,0,0,0.08255700231565813,0,0
ENSG00000087589,CASS4,0.0100377888532365,0,0,0,0,0.08255700231565813,0,0
ENSG00000128203,ASPHD2,0.0100377888532365,0,0,0,0,0.08255700231565813,0,0
ENSG00000184613,NELL2,0.0100377888532365,0,0,0,0,0.08255700231565813,0,0
ENSG00000105281,SLC1A5,0.0100377888532365,0,0,0,0,0.08255700231565813,0,0
ENSG00000154102,CLMB,0.0100377888532365,0,0,0,0,0.08255700231565813,0,0
ENSG00000125037,EMC3,0.0100377888532365,0,0,0,0,0.08255700231565813,0,0
ENSG00000105501,SIGLEC5,0.0100377888532365,0,0,0,0,0.08255700231565813,0,0
ENSG00000156127,BATF,0.0100377888532365,0,0,0,0,0.08255700231565813,0,0
ENSG00000166681,BEX3,0.0100377888532365,0,0,0,0,0.08255700231565813,0,0
ENSG00000134690,CDCA8,0.0100377888532365,0,0,0,0,0.08255700231565813,0,0
ENSG00000099194,SCD,0.0100377888532365,0,0,0,0,0.08255700231565813,0,0
ENSG00000137193,PIM1,0.0100377888532365,0,0,0,0,0.08255700231565813,0,0
ENSG00000029993,HMGB3,0.0100377888532365,0,0,0,0,0.08255700231565813,0,0
ENSG00000138031,ADCY3,0.0100377888532365,0,0,0,0,0.08255700231565813,0,0
ENSG00000152207,CYSLTR2,0.0100377888532365,0,0,0,0,0.08255700231565813,0,0
ENSG00000077152,UBE2T,0.0100377888532365,0,0,0,0,0.08255700231565813,0,0
ENSG00000156587,UBE2L6,0.0100377888532365,0,0,0,0,0.08255700231565813,0,0
ENSG00000062524,LTK,0.0100377888532365,0,0,0,0,0.08255700231565813,0,0
ENSG00000140464,PML,0.0100377888532365,0,0,0,0,0.08255700231565813,0,0
ENSG00000111452,ADGRD1,0.010007717140631329,0,0,0,0,0.08230967389667268,0,0
ENSG00000123240,OPTN,0.009996239749867823,0,0,0,0,0.08221527671521224,0,0
ENSG00000171862,PTEN,0.00997865607648695,0,0,0,0,0,0.08207065767756885,0
ENSG00000132510,KDM6B,0.00997865607648695,0,0,0,0,0,0.08207065767756885,0
ENSG00000119950,MXI1,0.009972868778645769,0,0,0,0,0.08202305935006252,0,0
ENSG00000278828,H3C10,0.009969345324938105,0,0,0,0,0.08199408028105085,0,0
ENSG00000233730,LINC01765,0.009954825889972098,0,0,0,0,0.08187466344098408,0,0
ENSG00000111796,KLRB1,0.009935127782490751,0,0,0,0,0,0.08171265398564201,0
ENSG00000169248,CXCL11,0.009929351484556736,0,0,0,0,0.0718284880835078,0.039346632178752144,0
ENSG00000136929,HEMGN,0.009929209360853933,0,0,0,0,0.08166397721469976,0,0
ENSG00000275302,CCL4,0.009918153321503068,0,0,0,0,0,0.08157304548863568,0
ENSG00000228526,MIR34AHG,0.009882907929503207,0,0,0,0,0.08128316552089651,0,0
ENSG00000280411,IGHV1-69D,0.009871041393815897,0,0,0,0,0.08118556777018271,0,0
ENSG00000101447,SACK1D,0.0098324860283621,0,0,0,0,0.08086846452746765,0,0
ENSG00000253669,GASAL1,0.00982853991362052,0,0,0,0,0.08083600923192183,0,0
ENSG00000111669,TPI1,0.00979077374627887,0,0,0,0,0,0.08052539684404789,0
ENSG00000172270,BSG,0.009742209872974554,0,0,0,0,0.08012597742414755,0,0
ENSG00000069482,GAL,0.009712043529823657,0,0,0,0,0,0.07987787070485144,0
ENSG00000170271,FAXDC2,0.009707204061195613,0,0,0,0,0.0798380679127651,0,0
ENSG00000140287,HDC,0.009692642333389288,0,0,0,0,0,0.07971830323014388,0
ENSG00000114923,SLC4A3,0.009631082888631674,0,0,0,0,0.07921200016901042,0,0
ENSG00000172269,DPAGT1,0.009624475382414108,0,0,0,0,0,0.07915765593901315,0
ENSG00000181092,ADIPOQ,0.009609076221802246,0,0,0,0,0,0.07903100368951074,0
ENSG00000164867,NOS3,0.009609076221802246,0,0,0,0,0,0.07903100368951074,0
ENSG00000091592,NLRP1,0.009609076221802246,0,0,0,0,0,0.07903100368951074,0
ENSG00000162594,IL23R,0.009609076221802246,0,0,0,0,0,0.07903100368951074,0
ENSG00000116539,ASH1L,0.009609076221802246,0,0,0,0,0,0.07903100368951074,0
ENSG00000090382,LYZ,0.009609076221802246,0,0,0,0,0,0.07903100368951074,0
ENSG00000159753,CARMIL2,0.009609076221802246,0,0,0,0,0,0.07903100368951074,0
ENSG00000105655,ISYNA1,0.009609076221802246,0,0,0,0,0,0.07903100368951074,0
ENSG00000087470,DNM1L,0.009609076221802246,0,0,0,0,0,0.07903100368951074,0
ENSG00000205809,KLRC2,0.009609076221802246,0,0,0,0,0,0.07903100368951074,0
ENSG00000164251,F2RL1,0.009609076221802246,0,0,0,0,0,0.07903100368951074,0
ENSG00000112486,CCR6,0.009557745686429371,0,0,0,0,0,0.07860882952450267,0
ENSG00000136514,RTP4,0.009547075514305977,0,0,0,0,0.07852107140988407,0,0
ENSG00000163485,ADORA1,0.009545715187612904,0,0,0,0,0.07850988323930268,0,0
ENSG00000166710,B2M,0.009485882936907346,0,0,0,0,0,0.07801778569349137,0
ENSG00000121691,CAT,0.009466916827868042,0,0,0,0,0,0.07786179664742053,0
ENSG00000189057,FAM111B,0.009462698343166157,0,0,0,0,0.07782710121236067,0,0
ENSG00000113140,SPARC,0.00942589085664488,0,0,0,0,0.07752437361025626,0,0
ENSG00000112333,NR2E1,0.009421396636477473,0,0,0,0,0.07748741035567973,0,0
ENSG00000176046,NUPR1,0.009404392913868569,0,0,0,0,0.07734756119294849,0,0
ENSG00000112394,SLC16A10,0.009334866148485674,0,0,0,0,0.07373607595653082,0.012158615952232422,0
ENSG00000073737,DHRS9,0.009333512272215981,0,0,0,0,0.07676459482629082,0,0
ENSG00000147454,SLC25A37,0.009324139086145197,0,0,0,0,0.07668750392953408,0,0
ENSG00000177602,HASPIN,0.009317421535995745,0,0,0,0,0.07663225462997693,0,0
ENSG00000158402,CDC25C,0.009306255607778065,0,0,0,0,0.07198093812761718,0.01823792392834863,0
ENSG00000003436,TFPI,0.00929517268406371,0,0,0,0,0.07644926626995763,0,0
ENSG00000168824,NSG1,0.009289115156812163,0,0,0,0,0.07639944540814782,0,0
ENSG00000279320,ENSG00000279320,0.009278287595170864,0,0,0,0,0.07631039282449985,0,0
ENSG00000172215,CXCR6,0.00926328563174783,0,0,0,0,0.07618700737107346,0,0
ENSG00000196747,H2AC13,0.009259176213488271,0,0,0,0,0.07615320896609297,0,0
ENSG00000047457,CP,0.009253137718783375,0,0,0,0,0,0.07610354463975336,0
ENSG00000150625,GPM6A,0.00924114569672865,0,0,0,0,0.0760049148113104,0,0
ENSG00000138398,PPIG,0.009239496367117545,0,0,0,0,0,0.07599134970145263,0
ENSG00000087253,LPCAT2,0.009239496367117545,0,0,0,0,0,0.07599134970145263,0
ENSG00000165841,CYP2C19,0.009239496367117545,0,0,0,0,0,0.07599134970145263,0
ENSG00000147437,GNRH1,0.009237841219242256,0,0,0,0,0,0.07597773673858095,0
ENSG00000137077,CCL21,0.009218964152968395,0,0,0,0,0,0.0758224800354494,0
ENSG00000255733,IFNG-AS1,0.009218964152968395,0,0,0,0,0,0.0758224800354494,0
ENSG00000081237,PTPRC,0.009218964152968395,0,0,0,0,0,0.0758224800354494,0
ENSG00000111339,ART4,0.009214854088078095,0,0,0,0,0.02350653834736055,0.06991204172533642,0
ENSG00000118785,SPP1,0.00921136723373321,0,0,0,0,0,0.07575999825902821,0
ENSG00000243273,ENSG00000243273,0.009208938576182565,0,0,0,0,0.07574002347275166,0,0
ENSG00000102898,NUTF2,0.00919287567025562,0,0,0,0,0,0.07560791217003389,0
ENSG00000162512,SDC3,0.009177190830385817,0,0,0,0,0.07547891031709748,0,0
ENSG00000179915,NRXN1,0.00916086861917347,0,0,0,0,0.07534466632685655,0,0
ENSG00000110848,CD69,0.009138664339530181,0,0,0,0,0,0.07516204455698963,0
ENSG00000204866,IGFL2,0.009132414479220077,0,0,0,0,0.0751106418287954,0,0
ENSG00000177606,JUN,0.00910747423013851,0,0,0,0,0,0.07490551774905188,0
ENSG00000147036,LANCL3,0.009094163520872904,0,0,0,0,0.07479604221895948,0,0
ENSG00000197721,CR1L,0.009068960453121997,0,0,0,0,0.07458875655544381,0,0
ENSG00000131981,LGALS3,0.009049573386237906,0,0,0,0,0,0.07442930529092277,0
ENSG00000177409,SAMD9L,0.00902254520367314,0,0,0,0,0.07420700875099626,0,0
ENSG00000143839,REN,0.009016311199316283,0,0,0,0,0,0.07415573643199753,0
ENSG00000073754,CD5L,0.00900881125729629,0,0,0,0,0.07409405225635242,0,0
ENSG00000078081,LAMP3,0.00899959664332998,0,0,0,0,0.04074212722292152,0.06383273374922022,0
ENSG00000091704,CPA1,0.008994989467057327,0,0,0,0,0,0.07398037327929397,0
ENSG00000005421,PON1,0.008993109797327745,0,0,0,0,0,0.0739649137094139,0
ENSG00000166963,MAP1A,0.008992460864544173,0,0,0,0,0.07395957648364641,0,0
ENSG00000246548,LINC02288,0.008960462461598288,0,0,0,0,0.07369640176810645,0,0
ENSG00000169704,GP9,0.008959461231010601,0,0,0,0,0.07368816702665545,0,0
ENSG00000170345,FOS,0.00895717842256673,0,0,0,0,0,0.07366939179390825,0
ENSG00000116031,CD207,0.008944448449794258,0,0,0,0,0,0.07356469260098625,0
ENSG00000171791,BCL2,0.008923916235645108,0,0,0,0,0,0.07339582293498302,0
ENSG00000166183,ASPG,0.00892124704780572,0,0,0,0,0,0.07337386987840261,0
ENSG00000158517,NCF1,0.008910980940731143,0,0,0,0,0,0.07328943504540099,0
ENSG00000198876,DCAF12,0.008887329731145213,0,0,0,0,0.07309491282610524,0,0
ENSG00000187474,FPR3,0.008886722413359971,0,0,0,0,0.07308991786789923,0,0
ENSG00000060491,OGFR,0.008869916512432843,0,0,0,0,0,0.07295169571339452,0
ENSG00000095752,IL11,0.008869916512432843,0,0,0,0,0,0.07295169571339452,0
ENSG00000138109,CYP2C9,0.008869916512432843,0,0,0,0,0,0.07295169571339452,0
ENSG00000134827,TCN1,0.008857470539784898,0,0,0,0,0.07284933231367172,0,0
ENSG00000124302,CHST8,0.008855426132652668,0,0,0,0,0.0728325178412,0,0
ENSG00000167600,CYP2S1,0.008854237615486477,0,0,0,0,0.07282274273874706,0,0
ENSG00000277632,CCL3,0.008846214972745264,0,0,0,0,0,0.07275675954812132,0
ENSG00000198835,GJC2,0.008838265057205719,0,0,0,0,0.07269137451111728,0,0
ENSG00000178752,ERFE,0.008832652281503163,0,0,0,0,0.07264521156194109,0,0
ENSG00000198900,TOP1,0.008830289339124985,0,0,0,0,0,0.0726257772580083,0
ENSG00000162772,ATF3,0.008828661041829841,0,0,0,0,0.06957273114290598,0.012158615952232422,0
ENSG00000186081,KRT5,0.00881895559743492,0,0,0,0,0.04695792709790488,0.06079307976116211,0
ENSG00000269720,CCDC194,0.008817846740281573,0,0,0,0,0.07252344160654685,0,0
ENSG00000198753,PLXNB3,0.008800991971162402,0,0,0,0,0.07238481752971618,0,0
ENSG00000187608,ISG15,0.008783182039822219,0,0,0,0,0.03970172340427464,0.062312906755191154,0
ENSG00000158869,FCER1G,0.008782643657132482,0,0,0,0,0.07223390961304207,0,0
ENSG00000255002,LINC02324,0.008775504304530569,0,0,0,0,0.07217519114845727,0,0
ENSG00000184371,CSF1,0.008746723227537943,0,0,0,0,0,0.07193847771737516,0
ENSG00000101003,GINS1,0.008739582387315674,0,0,0,0,0.07187974701767773,0,0
ENSG00000172232,AZU1,0.008712689755301775,0,0,0,0,0.07165856532956823,0,0
ENSG00000174944,P2RY14,0.008699633259020454,0,0,0,0,0.04303240337437424,0.06079307976116211,0
ENSG00000254647,INS,0.008654328263866766,0,0,0,0,0,0.07117856422036063,0
ENSG00000179914,ITLN1,0.008640912436367538,0,0,0,0,0.07106822413270646,0,0
ENSG00000238269,PAGE2B,0.00862669578418541,0,0,0,0,0.07095129756608093,0,0
ENSG00000004776,HSPB6,0.008607839301643636,0,0,0,0,0.020085900992294164,0.06577473490825733,0
ENSG00000169495,HTRA4,0.008590469155833775,0,0,0,0,0.07065334730189,0,0
ENSG00000223552,CCR5AS,0.008587219175920655,0,0,0,0,0.07062661745100988,0,0
ENSG00000129195,PIMREG,0.008584768590739568,0,0,0,0,0.06490711109068915,0.02279740491043579,0
ENSG00000110693,SOX6,0.0085739920412047,0,0,0,0,0.07051782928985798,0,0
ENSG00000173210,ABLIM3,0.008572217428904723,0,0,0,0,0.07050323377744976,0,0
ENSG00000223350,IGLV9-49,0.008555700151911904,0,0,0,0,0.07036738544522421,0,0
ENSG00000103342,GSPT1,0.00853938749388384,0,0,0,0,0.07023322002629698,0,0
ENSG00000257252,ENSG00000257252,0.008525576763945308,0,0,0,0,0.07011963201601036,0,0
ENSG00000204277,LINC01993,0.008523501410853658,0,0,0,0,0.07010256302477152,0,0
ENSG00000070915,SLC12A3,0.008506927023305706,0,0,0,0,0.0699662449799129,0,0
ENSG00000226004,SIMALR,0.008500513283560057,0,0,0,0,0.06991349440558071,0,0
ENSG00000125735,TNFSF14,0.008500336657748143,0,0,0,0,0,0.06991204172533642,0
ENSG00000130741,EIF2S3,0.008500336657748143,0,0,0,0,0,0.06991204172533642,0
ENSG00000136810,TXN,0.008490879268496176,0,0,0,0,0,0.06983425828938351,0
ENSG00000110448,CD5,0.008479804443598991,0,0,0,0,0,0.0697431720593332,0
ENSG00000118260,CREB1,0.008479804443598991,0,0,0,0,0,0.0697431720593332,0
ENSG00000083457,ITGAE,0.008479804443598991,0,0,0,0,0,0.0697431720593332,0
ENSG00000198793,MTOR,0.008472167129441436,0,0,0,0,0,0.06968035805001206,0
ENSG00000167658,EEF2,0.0084613128801214,0,0,0,0,0,0.06959108597033886,0
ENSG00000213373,LINC00671,0.008455907238246555,0,0,0,0,0.06954662661825403,0,0
ENSG00000172426,RSPH9,0.008443138692809486,0,0,0,0,0.06944161017981043,0,0
ENSG00000090659,CD209,0.00844078066597225,0,0,0,0,0,0.06942221630433563,0
ENSG00000103528,SYT17,0.008432581905606848,0,0,0,0,0.06935478461311674,0,0
ENSG00000144381,HSPD1,0.008431143096065507,0,0,0,0,0,0.06934295095090555,0
ENSG00000116649,SRM,0.008390078667767205,0,0,0,0,0,0.0690052116188991,0
ENSG00000154188,ANGPT1,0.008377747633435665,0,0,0,0,0.0689037935431906,0,0
ENSG00000106178,CCL24,0.008377143372853241,0,0,0,0,0,0.06889882372931705,0
ENSG00000171049,FPR2,0.008377143372853241,0,0,0,0,0,0.06889882372931705,0
ENSG00000159713,TPPP3,0.008361820211684093,0,0,0,0,0.0687727965463766,0,0
ENSG00000173535,TNFRSF10C,0.008315546730405791,0,0,0,0,0,0.06839221473130737,0
ENSG00000108342,CSF3,0.008315546730405791,0,0,0,0,0,0.06839221473130737,0
ENSG00000090376,IRAK3,0.008315546730405791,0,0,0,0,0,0.06839221473130737,0
ENSG00000159110,IFNAR2,0.008315546730405791,0,0,0,0,0,0.06839221473130737,0
ENSG00000274997,H2AC12,0.008315546730405791,0,0,0,0,0,0.06839221473130737,0
ENSG00000182749,PAQR7,0.008315546730405791,0,0,0,0,0,0.06839221473130737,0
ENSG00000113621,TXNDC15,0.008315546730405791,0,0,0,0,0,0.06839221473130737,0
ENSG00000135404,CD63,0.008295014516256641,0,0,0,0,0,0.06822334506530414,0
ENSG00000168785,TSPAN5,0.008290849532717097,0,0,0,0,0.068189089656992,0,0
ENSG00000166920,COXFA4L3,0.008288444066255016,0,0,0,0,0.06816930560861402,0,0
ENSG00000149557,FEZ1,0.00828455432395877,0,0,0,0,0.06813731395502838,0,0
ENSG00000178802,MPI,0.00827591955709793,0,0,0,0,0,0.06806629627592115,0
ENSG00000223914,LINC02471,0.008268616684899118,0,0,0,0,0.0680062329247346,0,0
ENSG00000106327,TFR2,0.008267241991406266,0,0,0,0,0.0679949265926796,0,0
ENSG00000067182,TNFRSF1A,0.008202619552585465,0,0,0,0,0,0.06746343156828963,0
ENSG00000105426,PTPRS,0.008189108193324515,0,0,0,0,0.0673523057681654,0,0
ENSG00000183813,CCR4,0.008171821231361738,0,0,0,0,0,0.06721012706928477,0
ENSG00000170581,STAT2,0.00813075680306344,0,0,0,0,0,0.06687238773727831,0
ENSG00000077498,TYR,0.00813075680306344,0,0,0,0,0,0.06687238773727831,0
ENSG00000110944,IL23A,0.00813075680306344,0,0,0,0,0,0.06687238773727831,0
ENSG00000013306,SLC25A39,0.0081152724541941,0,0,0,0,0.06674503484670119,0,0
ENSG00000234289,H2BC12L,0.00811022458891429,0,0,0,0,0,0.0667035180712751,0
ENSG00000164430,CGAS,0.00811022458891429,0,0,0,0,0,0.0667035180712751,0
ENSG00000096717,SIRT1,0.00811022458891429,0,0,0,0,0,0.0667035180712751,0
ENSG00000138449,SLC40A1,0.008091733025436698,0,0,0,0,0,0.06655143198228075,0
ENSG00000233070,ZFY-AS1,0.008080817945150299,0,0,0,0,0.06646165959100463,0,0
ENSG00000186951,PPARA,0.008070635568369998,0,0,0,0,0,0.06637791340788392,0
ENSG00000158104,HPD,0.00804583337271025,0,0,0,0,0.06617392476512073,0,0
ENSG00000171914,TLN2,0.008018700190523266,0,0,0,0,0.06595076464316621,0,0
ENSG00000176390,CRLF3,0.008017829625243115,0,0,0,0,0,0.06594360457426057,0
ENSG00000102908,NFAT5,0.008017829625243115,0,0,0,0,0,0.06594360457426056,0
ENSG00000162366,PDZK1IP1,0.008004741010454173,0,0,0,0,0.06583595568691712,0,0
ENSG00000273133,ENSG00000273133,0.008004213673688474,0,0,0,0,0.06583161854223084,0,0
ENSG00000168913,ENHO,0.008000805631157435,0,0,0,0,0.06580358868632923,0,0
ENSG00000230537,LINC02937,0.007993994988018149,0,0,0,0,0.06574757373227488,0,0
ENSG00000133106,EPSTI1,0.007978330209362306,0,0,0,0,0.06561873687520675,0,0
ENSG00000161921,CXCL16,0.00794596687572109,0,0,0,0,0,0.06535256074324927,0
ENSG00000215301,DDX3X,0.00794596687572109,0,0,0,0,0,0.06535256074324927,0
ENSG00000136271,DDX56,0.00794596687572109,0,0,0,0,0,0.06535256074324927,0
ENSG00000166986,MARS1,0.00794596687572109,0,0,0,0,0,0.06535256074324927,0
ENSG00000181409,LMTK1,0.00794596687572109,0,0,0,0,0,0.06535256074324927,0
ENSG00000100811,YY1,0.00794596687572109,0,0,0,0,0,0.06535256074324927,0
ENSG00000101347,SAMHD1,0.00794596687572109,0,0,0,0,0,0.06535256074324927,0
ENSG00000107562,CXCL12,0.007933236902948615,0,0,0,0,0,0.06524786155032726,0
ENSG00000182261,NLRP10,0.007925434661571938,0,0,0,0,0,0.06518369107724604,0
ENSG00000133112,TPT1,0.007925434661571938,0,0,0,0,0,0.06518369107724603,0
ENSG00000168439,STIP1,0.007925434661571938,0,0,0,0,0,0.06518369107724604,0
ENSG00000111057,KRT18,0.007925434661571938,0,0,0,0,0,0.06518369107724604,0
ENSG00000172071,EIF2AK3,0.007925434661571938,0,0,0,0,0,0.06518369107724604,0
ENSG00000179044,EXOC3L1,0.007885968797978463,0,0,0,0,0.06485909933301688,0,0
ENSG00000172156,CCL11,0.007822773590826188,0,0,0,0,0,0.06433934274722988,0
ENSG00000065618,COL17A1,0.007808515172873859,0,0,0,0,0.06422207267300149,0,0
ENSG00000095739,BAMBI,0.0077935713943516945,0,0,0,0,0.06409916576829397,0,0
ENSG00000198400,NTRK1,0.007761176948378739,0,0,0,0,0,0.06383273374922022,0
ENSG00000242550,SERPINB10,0.007761176948378739,0,0,0,0,0,0.06383273374922022,0
ENSG00000108405,P2RX1,0.007761176948378739,0,0,0,0,0,0.06383273374922022,0
ENSG00000113263,ITK,0.007761176948378739,0,0,0,0,0,0.06383273374922022,0
ENSG00000010671,BTK,0.007761176948378739,0,0,0,0,0,0.06383273374922022,0
ENSG00000188379,IFNA2,0.007761176948378739,0,0,0,0,0,0.06383273374922022,0
ENSG00000079950,STX7,0.007761176948378739,0,0,0,0,0,0.06383273374922022,0
ENSG00000163235,TGFA,0.007761176948378739,0,0,0,0,0,0.06383273374922022,0
ENSG00000113302,IL12B,0.007761176948378739,0,0,0,0,0,0.06383273374922022,0
ENSG00000179348,GATA2,0.007761176948378739,0,0,0,0,0,0.06383273374922022,0
ENSG00000167767,KRT80,0.007761176948378739,0,0,0,0,0,0.06383273374922022,0
ENSG00000167258,CDK12,0.007761176948378739,0,0,0,0,0,0.06383273374922022,0
ENSG00000144895,EIF2A,0.007761176948378739,0,0,0,0,0,0.06383273374922022,0
ENSG00000093072,ADA2,0.007761176948378739,0,0,0,0,0,0.06383273374922022,0
ENSG00000162433,AK4,0.0077245459577713555,0,0,0,0,0.06353145775899818,0,0
ENSG00000170458,CD14,0.007714497228958211,0,0,0,0,0,0.0634488107796658,0
ENSG00000196581,AJAP1,0.007676777047892784,0,0,0,0,0.0631385766114544,0,0
ENSG00000264066,ENSG00000264066,0.007638488620847063,0,0,0,0,0.06282366883579849,0,0
ENSG00000182759,MAFA,0.007630817562128299,0,0,0,0,0.06276057729027305,0,0
ENSG00000152760,DYNLT5,0.007608970335885751,0,0,0,0,0.06258089214906637,0,0
ENSG00000233030,ENSG00000233030,0.0075891666800611485,0,0,0,0,0.062418014598674076,0,0
ENSG00000160932,LY6E,0.007587619914948384,0,0,0,0,0.06240529304287495,0,0
ENSG00000169397,RNASE3,0.007576387021036387,0,0,0,0,0,0.062312906755191154,0
ENSG00000161055,SCGB3A1,0.007568328701574144,0,0,0,0,0.06224663013708017,0,0
ENSG00000137965,IFI44,0.007567306373664734,0,0,0,0,0.06223822187816792,0,0
ENSG00000161681,SHANK1,0.007567021093777718,0,0,0,0,0.06223587555940815,0,0
ENSG00000140443,IGF1R,0.0075558548068872375,0,0,0,0,0,0.06214403708918793,0
ENSG00000154027,AK5,0.007548410248440058,0,0,0,0,0.06208280842240196,0,0
ENSG00000054356,PTPRN,0.007531865054036613,0,0,0,0,0.06194673048007327,0,0
ENSG00000226252,ENSG00000226252,0.0075263407073428235,0,0,0,0,0.06190129482592076,0,0
ENSG00000104938,CLEC4M,0.007522592619965613,0,0,0,0,0,0.0618704682302627,0
ENSG00000164821,DEFA4,0.0074765503806453375,0,0,0,0,0.0569323073104165,0.01823792392834863,0
ENSG00000130635,COL5A1,0.007450934548874919,0,0,0,0,0.06128110780163975,0,0
ENSG00000121211,MND1,0.007443422974381233,0,0,0,0,0.061219327953314945,0,0
ENSG00000128965,CHAC1,0.007423977227425505,0,0,0,0,0.06105939406748349,0,0
ENSG00000255224,ENSG00000255224,0.007402798994533874,0,0,0,0,0.06088521114259439,0,0
ENSG00000172716,SLFN11,0.0073915970936940375,0,0,0,0,0,0.06079307976116211,0
ENSG00000078140,UBE2K,0.0073915970936940375,0,0,0,0,0,0.06079307976116211,0
ENSG00000187546,AGMO,0.0073915970936940375,0,0,0,0,0,0.06079307976116211,0
ENSG00000100242,SUN2,0.0073915970936940375,0,0,0,0,0,0.06079307976116211,0
ENSG00000088386,SLC15A1,0.0073915970936940375,0,0,0,0,0,0.06079307976116211,0
ENSG00000130303,BST2,0.0073915970936940375,0,0,0,0,0,0.06079307976116211,0
ENSG00000122025,FLT3,0.0073915970936940375,0,0,0,0,0,0.06079307976116211,0
ENSG00000118523,CCN2,0.0073915970936940375,0,0,0,0,0,0.06079307976116211,0
ENSG00000153574,RPIA,0.0073915970936940375,0,0,0,0,0,0.06079307976116211,0
ENSG00000170421,KRT8,0.0073915970936940375,0,0,0,0,0,0.06079307976116211,0
ENSG00000135222,CSN2,0.0073915970936940375,0,0,0,0,0,0.06079307976116211,0
ENSG00000106804,C5,0.0073915970936940375,0,0,0,0,0,0.06079307976116211,0
ENSG00000118972,FGF23,0.0073915970936940375,0,0,0,0,0,0.06079307976116211,0
ENSG00000128340,RAC2,0.0073915970936940375,0,0,0,0,0,0.06079307976116211,0
ENSG00000213903,LTB4R,0.0073915970936940375,0,0,0,0,0,0.06079307976116211,0
ENSG00000111142,METAP2,0.0073915970936940375,0,0,0,0,0,0.06079307976116211,0
ENSG00000115590,IL1R2,0.0073915970936940375,0,0,0,0,0,0.06079307976116211,0
ENSG00000150907,FOXO1,0.0073915970936940375,0,0,0,0,0,0.06079307976116211,0
ENSG00000101444,AHCY,0.0073915970936940375,0,0,0,0,0,0.06079307976116211,0
ENSG00000166501,PRKCB,0.0073915970936940375,0,0,0,0,0,0.06079307976116211,0
ENSG00000140285,FGF7,0.0073915970936940375,0,0,0,0,0,0.06079307976116211,0
ENSG00000090861,AARS1,0.0073915970936940375,0,0,0,0,0,0.06079307976116211,0
ENSG00000107968,MAP3K8,0.0073915970936940375,0,0,0,0,0,0.06079307976116211,0
ENSG00000110218,PANX1,0.0073915970936940375,0,0,0,0,0,0.06079307976116211,0
ENSG00000117984,CTSD,0.0073915970936940375,0,0,0,0,0,0.06079307976116211,0
ENSG00000272395,IFNL4,0.0073915970936940375,0,0,0,0,0,0.06079307976116211,0
ENSG00000145040,UCN2,0.0073915970936940375,0,0,0,0,0,0.06079307976116211,0
ENSG00000164176,EDIL3,0.0073915970936940375,0,0,0,0,0,0.06079307976116211,0
ENSG00000121578,B4GALT4,0.0073915970936940375,0,0,0,0,0,0.06079307976116211,0
ENSG00000080618,CPB2,0.0073915970936940375,0,0,0,0,0,0.06079307976116211,0
ENSG00000151726,ACSL1,0.0073915970936940375,0,0,0,0,0,0.06079307976116211,0
ENSG00000165030,NFIL3,0.0073915970936940375,0,0,0,0,0,0.06079307976116211,0
ENSG00000161638,ITGA5,0.0073915970936940375,0,0,0,0,0,0.06079307976116211,0
ENSG00000153234,NR4A2,0.0073915970936940375,0,0,0,0,0,0.06079307976116211,0
ENSG00000164171,ITGA2,0.0073915970936940375,0,0,0,0,0,0.06079307976116211,0
ENSG00000085377,PREP,0.0073915970936940375,0,0,0,0,0,0.06079307976116211,0
ENSG00000105509,HAS1,0.0073915970936940375,0,0,0,0,0,0.06079307976116211,0
ENSG00000100393,EP300,0.0073915970936940375,0,0,0,0,0,0.06079307976116211,0
ENSG00000173744,AGFG1,0.0073915970936940375,0,0,0,0,0,0.06079307976116211,0
ENSG00000078549,ADCYAP1R1,0.0073915970936940375,0,0,0,0,0,0.06079307976116211,0
ENSG00000102879,CORO1A,0.0073915970936940375,0,0,0,0,0,0.06079307976116211,0
ENSG00000163600,ICOS,0.0073915970936940375,0,0,0,0,0,0.06079307976116211,0
ENSG00000081059,TCF7,0.0073915970936940375,0,0,0,0,0,0.06079307976116211,0
ENSG00000235106,BRD3OS,0.0073915970936940375,0,0,0,0,0,0.06079307976116211,0
ENSG00000120802,TMPO,0.0073915970936940375,0,0,0,0,0,0.06079307976116211,0
ENSG00000172458,IL17D,0.0073915970936940375,0,0,0,0,0,0.06079307976116211,0
ENSG00000163131,CTSS,0.0073915970936940375,0,0,0,0,0,0.06079307976116211,0
ENSG00000133116,KL,0.0073915970936940375,0,0,0,0,0,0.06079307976116211,0
ENSG00000204267,TAP2,0.0073915970936940375,0,0,0,0,0,0.06079307976116211,0
ENSG00000205221,VIT,0.0073915970936940375,0,0,0,0,0,0.06079307976116211,0
ENSG00000187244,BCAM,0.007391597093694037,0,0,0,0,0,0.060793079761162105,0
ENSG00000171246,NPTX1,0.007382535863036226,0,0,0,0,0.06071855457923836,0,0
ENSG00000154917,RAB6B,0.007373582482578061,0,0,0,0,0.060644916424259704,0,0
ENSG00000204525,HLA-C,0.007357841022847309,0,0,0,0,0,0.060515448894463586,0
ENSG00000277075,H2AC8,0.007351487643682453,0,0,0,0,0.06046319476299158,0,0
ENSG00000089127,OAS1,0.007300592452585999,0,0,0,0,0.060044601139371864,0,0
ENSG00000259268,ENSG00000259268,0.00727359724779813,0,0,0,0,0.05982257582913981,0,0
ENSG00000276747,PADI6,0.007240160883871786,0,0,0,0,0.05954757443047975,0,0
ENSG00000106714,CNTNAP3,0.007221306783921628,0,0,0,0,0.05939250661664115,0,0
ENSG00000124780,KCNK17,0.0072017965008612786,0,0,0,0,0.05923204194585131,0,0
ENSG00000138685,FGF2,0.007186274952202535,0,0,0,0,0,0.05910438310112983,0
ENSG00000146250,PRSS35,0.0071855585086126085,0,0,0,0,0.0590984906246116,0,0
ENSG00000282024,ENSG00000282024,0.00717270266394835,0,0,0,0,0.05899275618316888,0,0
ENSG00000229719,MIR194-2HG,0.007126877132843407,0,0,0,0,0.0586158585882043,0,0
ENSG00000184838,PRR16,0.007120822010106451,0,0,0,0,0.0585660575026141,0,0
ENSG00000139734,DIAPH3,0.0071200661091244824,0,0,0,0,0.05855984050402694,0,0
ENSG00000211968,IGHV1-58,0.007109035126017132,0,0,0,0,0.058469114856052794,0,0
ENSG00000237927,ENSG00000237927,0.007077267099218036,0,0,0,0,0.05820783489685428,0,0
ENSG00000181458,TMEM45A,0.007065076685215242,0,0,0,0,0.058107573369961044,0,0
ENSG00000234745,HLA-B,0.0070613238583616,0,0,0,0,0,0.058076707793908756,0
ENSG00000144485,HES6,0.007052671886439018,0,0,0,0,0.058005548609700835,0,0
ENSG00000139505,MTMR6,0.007022017239009335,0,0,0,0,0,0.057753425773104,0
ENSG00000224652,LINC00885,0.007001265499034153,0,0,0,0,0.05758275059052806,0,0
ENSG00000140479,PCSK6,0.0069770481853318415,0,0,0,0,0.05738357237980526,0,0
ENSG00000274641,H2BC17,0.006976780702184509,0,0,0,0,0.057381372432472585,0,0
ENSG00000175894,TSPEAR,0.006938563903035074,0,0,0,0,0.057067053769068975,0,0
ENSG00000166794,PPIB,0.006899632671937045,0,0,0,0,0,0.05674685917413334,0
ENSG00000137869,CYP19A1,0.006878717155902431,0,0,0,0,0.05657483699564869,0,0
ENSG00000063854,HAGH,0.006871342880561308,0,0,0,0,0.051954705398638786,0.01823792392834863,0
ENSG00000177807,KCNJ10,0.006868314452898858,0,0,0,0,0.05648927871299183,0,0
ENSG00000136997,MYC,0.0068372273116669826,0,0,0,0,0,0.056233598779074946,0
ENSG00000087842,PIR,0.0068366956477142644,0,0,0,0,0.0562292260449183,0,0
ENSG00000090104,RGS1,0.006809492706894808,0,0,0,0,0.052965838196638526,0.012158615952232422,0
ENSG00000164305,CASP3,0.006809098178282647,0,0,0,0,0,0.05600224733665053,0
ENSG00000146072,TNFRSF21,0.006808506476745639,0,0,0,0,0.055997380816157294,0,0
ENSG00000156298,TSPAN7,0.006802736676117162,0,0,0,0,0.05594992639658236,0,0
ENSG00000132170,PPARG,0.0067696700253089236,0,0,0,0,0.04652314482714927,0.036619283683208576,0
ENSG00000246130,TNFRSF10B-AS1,0.006759934868783603,0,0,0,0,0.05559789778163379,0,0
ENSG00000230825,LINC03016,0.0067563998453597845,0,0,0,0,0.055568823556099364,0,0
ENSG00000225964,NRIR,0.006729457823090747,0,0,0,0,0.055347235651893124,0,0
ENSG00000135116,HRK,0.006711067210057895,0,0,0,0,0.05519597984197937,0,0
ENSG00000160183,TMPRSS3,0.006665256937902518,0,0,0,0,0.05481920774608168,0,0
ENSG00000224091,ENSG00000224091,0.006660758193630964,0,0,0,0,0.054782207282466175,0,0
ENSG00000211935,IGHV1-3,0.006652614649789517,0,0,0,0,0.05471522972619298,0,0
ENSG00000151623,NR3C2,0.006652437384324632,0,0,0,0,0,0.0547137717850459,0
ENSG00000276070,CCL4L2,0.006652437384324632,0,0,0,0,0,0.0547137717850459,0
ENSG00000276775,IGHV4-4,0.0066161004100668075,0,0,0,0,0.054414913967671105,0,0
ENSG00000121236,TRIM6,0.006608902025019321,0,0,0,0,0.054355709983634044,0,0
ENSG00000147852,VLDLR,0.006601606925707428,0,0,0,0,0.054295710561491316,0,0
ENSG00000255477,ENSG00000255477,0.006601487900516719,0,0,0,0,0.054294731624487495,0,0
ENSG00000117322,CR2,0.006495981912508109,0,0,0,0,0,0.05342698493010129,0
ENSG00000277224,H2BC7,0.006491892174896901,0,0,0,0,0.05339334839098142,0,0
ENSG00000167992,VWCE,0.006489135262128712,0,0,0,0,0.05337067383016777,0,0
ENSG00000107165,TYRP1,0.0064830466175941435,0,0,0,0,0,0.053320597040519266,0
ENSG00000239839,DEFA3,0.006481220894735494,0,0,0,0,0.05330558116317087,0,0
ENSG00000130202,NECTIN2,0.006476946308649923,0,0,0,0,0.05327042431552995,0,0
ENSG00000140943,MBTPS1,0.00646764745698228,0,0,0,0,0,0.05319394479101684,0
ENSG00000079156,OSBPL6,0.006445300281263589,0,0,0,0,0.05301014775518244,0,0
ENSG00000184524,CEND1,0.006432174737670247,0,0,0,0,0.05290219514244339,0,0
ENSG00000101158,NELFCD,0.006356422657289291,0,0,0,0,0,0.05227916304176216,0
ENSG00000187017,ESPN,0.006348639736187115,0,0,0,0,0.05221515147060347,0,0
ENSG00000102967,DHODH,0.006325359212928672,0,0,0,0,0,0.05202367800561448,0
ENSG00000253250,C8orf88,0.006324878559934742,0,0,0,0,0.05201972481722676,0,0
ENSG00000105707,HPN,0.006312580918264232,0,0,0,0,0.05191858138347721,0,0
ENSG00000173039,RELA,0.006282857529639931,0,0,0,0,0,0.051674117796987794,0
ENSG00000164695,CHMP4C,0.006217030976755679,0,0,0,0,0.05113271939158651,0,0
ENSG00000129226,CD68,0.00618036011134936,0,0,0,0,0,0.050831115446282306,0
ENSG00000196141,SPATS2L,0.006167034744283325,0,0,0,0,0.05072151936134643,0,0
ENSG00000172264,MACROD2,0.00616050476480154,0,0,0,0,0.05066781275931674,0,0
ENSG00000162390,ACOT11,0.006147503317354636,0,0,0,0,0.050560880790267104,0,0
ENSG00000170801,HTRA3,0.006124058050354017,0,0,0,0,0.05036805237054624,0,0
ENSG00000196890,H2BC26,0.00612215923046136,0,0,0,0,0.050352435297845576,0,0
ENSG00000168329,CX3CR1,0.006098067602297579,0,0,0,0,0,0.05015429080295874,0
ENSG00000125144,MT1G,0.006080369474270685,0,0,0,0,0.05000873041930631,0,0
ENSG00000188257,PLA2G2A,0.006077535388148429,0,0,0,0,0,0.04998542113695551,0
ENSG00000239900,ADSL,0.0060661094666501,0,0,0,0,0,0.04989144727066005,0
ENSG00000074527,NTN4,0.006038605706907968,0,0,0,0,0.04966523928900995,0,0
ENSG00000178947,SMIM10L2A,0.006036851330038475,0,0,0,0,0.04965081020533475,0,0
ENSG00000150630,VEGFC,0.006025177725896434,0,0,0,0,0.04955479924333132,0,0
ENSG00000230910,ADGRB3-DT,0.006025177725896434,0,0,0,0,0.04955479924333132,0,0
ENSG00000236333,TRHDE-AS1,0.006023797570617895,0,0,0,0,0.04954344799016269,0,0
ENSG00000231528,FAM225A,0.006004684504905501,0,0,0,0,0.04938625028125008,0,0
ENSG00000145423,SFRP2,0.006001878374738178,0,0,0,0,0.04936317092601469,0,0
ENSG00000160181,TFF2,0.005987809612316644,0,0,0,0,0,0.049247460696521396,0
ENSG00000285486,ENSG00000285486,0.0059872961737463945,0,0,0,0,0.04924323785921603,0,0
ENSG00000138311,ZNF365,0.005973825312657222,0,0,0,0,0.0491324451411789,0,0
ENSG00000137491,SLCO2B1,0.005959788773711033,0,0,0,0,0.04901699993753621,0,0
ENSG00000111012,CYP27B1,0.005954342103253529,0,0,0,0,0,0.04897220314093614,0
ENSG00000204628,RACK1,0.005952206584438388,0,0,0,0,0,0.048954639309464455,0
ENSG00000221955,SLC12A8,0.005922818298223371,0,0,0,0,0.04871293181306457,0,0
ENSG00000074590,NUAK1,0.005914938486236313,0,0,0,0,0.04864812335116384,0,0
ENSG00000102032,RENBP,0.005914854416068762,0,0,0,0,0,0.04864743190595428,0
ENSG00000088827,SIGLEC1,0.005913277674955229,0,0,0,0,0,0.04863446380892969,0
ENSG00000185155,MIXL1,0.005913277674955229,0,0,0,0,0,0.04863446380892969,0
ENSG00000131196,NFATC1,0.005913277674955229,0,0,0,0,0,0.04863446380892969,0
ENSG00000145777,TSLP,0.005913277674955229,0,0,0,0,0,0.04863446380892969,0
ENSG00000106785,TRIM14,0.005913277674955229,0,0,0,0,0,0.04863446380892969,0
ENSG00000105976,MET,0.005913277674955229,0,0,0,0,0,0.04863446380892969,0
ENSG00000137959,IFI44L,0.005898454508465048,0,0,0,0,0.0454728949043349,0.012158615952232422,0
ENSG00000105971,CAV2,0.005891847027081951,0,0,0,0,0.048458204866649805,0,0
ENSG00000196188,CTSE,0.005883372193678871,0,0,0,0,0.0483885025795114,0,0
ENSG00000154556,SORBS2,0.005876973196686058,0,0,0,0,0.04833587325872396,0,0
ENSG00000111249,CUX2,0.0058759502327968335,0,0,0,0,0.0483274597691192,0,0
ENSG00000128052,KDR,0.005874253897328487,0,0,0,0,0,0.04831350805393212,0
ENSG00000105246,EBI3,0.0058727808911894375,0,0,0,0,0.04298199865858637,0.021277577916406734,0
ENSG00000125571,IL37,0.005800350497134903,0,0,0,0,0,0.04770568064591193,0
ENSG00000091831,ESR1,0.005797886631437005,0,0,0,0,0,0.04768541628599154,0
ENSG00000138385,SSB,0.005790084390060328,0,0,0,0,0,0.047621245812910315,0
ENSG00000223609,HBD,0.005789180723977283,0,0,0,0,0.04761381350246811,0,0
ENSG00000076864,RAP1GAP,0.0057877810397254205,0,0,0,0,0.04760230163090838,0,0
ENSG00000206199,ANKUB1,0.005775270439915063,0,0,0,0,0.04749940669731143,0,0
ENSG00000159714,ZDHHC1,0.005766436161315527,0,0,0,0,0.04742674810990112,0,0
ENSG00000126259,KIRREL2,0.005750166491223736,0,0,0,0,0.04729293625042872,0,0
ENSG00000175746,LINC02915,0.005711700700725406,0,0,0,0,0.04697656972771387,0,0
ENSG00000166349,RAG1,0.005697689426389152,0,0,0,0,0,0.04686133231589579,0
ENSG00000132259,CNGA4,0.005643954967803401,0,0,0,0,0.046419386795148544,0,0
ENSG00000172179,PRL,0.005640196316877236,0,0,0,0,0,0.046388473318310953,0
ENSG00000272666,KLHDC7B-DT,0.005637407551707973,0,0,0,0,0.04636553678359172,0,0
ENSG00000107485,GATA3,0.005605294462717976,0,0,0,0,0,0.04610141881888126,0
ENSG00000101200,AVP,0.005572032275796352,0,0,0,0,0,0.04582784995995602,0
ENSG00000211966,IGHV5-51,0.005558895531840107,0,0,0,0,0.04571980522848448,0,0
ENSG00000131095,GFAP,0.005543697820270528,0,0,0,0,0,0.045594809820871586,0
ENSG00000173432,SAA1,0.005543697820270528,0,0,0,0,0,0.045594809820871586,0
ENSG00000112584,FAM120B,0.005543697820270526,0,0,0,0,0,0.04559480982087158,0
ENSG00000197385,ZNF860,0.005530863335609967,0,0,0,0,0.04548925105734963,0,0
ENSG00000121594,CD80,0.005526313989763805,0,0,0,0,0,0.045451834414994646,0
ENSG00000034239,CLXN,0.005514966620225478,0,0,0,0,0.04535850660874673,0,0
ENSG00000184709,LRRC26,0.0055038869438429035,0,0,0,0,0.04526738047707103,0,0
ENSG00000211933,IGHV6-1,0.005495835870555591,0,0,0,0,0.04520116345599773,0,0
ENSG00000279970,ENSG00000279970,0.005476386168200012,0,0,0,0,0.04504119703850422,0,0
ENSG00000259986,ENSG00000259986,0.005456294859699257,0,0,0,0,0.04487595365406238,0,0
ENSG00000184207,PGP,0.005433439830289591,0,0,0,0,0,0.044687979714434244,0
ENSG00000136160,EDNRB,0.005429750313531469,0,0,0,0,0.04465763483988095,0,0
ENSG00000048052,HDAC9,0.005428306776752304,0,0,0,0,0,0.04464576229793344,0
ENSG00000119227,PIGZ,0.005420504535375625,0,0,0,0,0,0.044581591824852204,0
ENSG00000148344,PTGES,0.005416163957893261,0,0,0,0,0.04454589222302732,0,0
ENSG00000283632,EXOC3L2,0.005398108013536048,0,0,0,0,0.044397388935908534,0,0
ENSG00000258405,ZNF578,0.005396032125656461,0,0,0,0,0.044380315546241965,0,0
ENSG00000109684,CLNK,0.005373584955259797,0,0,0,0,0.04419569609214578,0,0
ENSG00000136542,GALNT5,0.0053611929254235,0,0,0,0,0.04409377635156854,0,0
ENSG00000088888,MAVS,0.005358907892928176,0,0,0,0,0,0.044074982826842524,0
ENSG00000249502,MED28-DT,0.005351621168724187,0,0,0,0,0.044015052286782576,0,0
ENSG00000062485,CS,0.005328109571704451,0,0,0,0,0,0.04382167832783768,0
ENSG00000175206,NPPA,0.005328109571704451,0,0,0,0,0,0.04382167832783768,0
ENSG00000005844,ITGAL,0.005328109571704451,0,0,0,0,0,0.04382167832783768,0
ENSG00000166598,HSP90B1,0.005328109571704451,0,0,0,0,0,0.04382167832783768,0
ENSG00000100433,KCNK10,0.005325019846745628,0,0,0,0,0.043796266513113365,0,0
ENSG00000176697,BDNF,0.005261379875719712,0,0,0,0,0,0.04327285191332719,0
ENSG00000152266,PTH,0.005261379875719712,0,0,0,0,0,0.04327285191332719,0
ENSG00000165168,CYBB,0.005261379875719712,0,0,0,0,0,0.04327285191332719,0
ENSG00000101405,OXT,0.005261379875719712,0,0,0,0,0,0.04327285191332719,0
ENSG00000157152,SYN2,0.005240130814944892,0,0,0,0,0.04309808645598976,0,0
ENSG00000274588,DGKK,0.005238682910892168,0,0,0,0,0.043086177994875324,0,0
ENSG00000160211,G6PD,0.0052357146080332755,0,0,0,0,0,0.043061764830823156,0
ENSG00000129932,DOHH,0.0052357146080332755,0,0,0,0,0,0.043061764830823156,0
ENSG00000121741,ZMYM2,0.0052357146080332755,0,0,0,0,0,0.043061764830823156,0
ENSG00000115523,GNLY,0.005191557776869247,0,0,0,0,0,0.04269859165932479,0
ENSG00000177455,CD19,0.005187759317251654,0,0,0,0,0,0.04266735077111419,0
ENSG00000107105,ELAVL2,0.0051741179655858255,0,0,0,0,0,0.04255515583281348,0
ENSG00000182718,ANXA2,0.0051741179655858255,0,0,0,0,0,0.04255515583281348,0
ENSG00000152217,SETBP1,0.0051741179655858255,0,0,0,0,0,0.04255515583281348,0
ENSG00000164924,YWHAZ,0.0051741179655858255,0,0,0,0,0,0.04255515583281348,0
ENSG00000140093,SERPINA10,0.0051741179655858255,0,0,0,0,0,0.04255515583281348,0
ENSG00000171388,APLN,0.0051741179655858255,0,0,0,0,0,0.04255515583281348,0
ENSG00000230438,SERPINB9P1,0.0051741179655858255,0,0,0,0,0,0.04255515583281348,0
ENSG00000175806,MSRA,0.0051741179655858255,0,0,0,0,0,0.04255515583281348,0
ENSG00000125726,CD70,0.0051741179655858255,0,0,0,0,0,0.04255515583281348,0
ENSG00000106952,TNFSF8,0.0051741179655858255,0,0,0,0,0,0.04255515583281348,0
ENSG00000132507,EIF5A,0.0051741179655858255,0,0,0,0,0,0.04255515583281348,0
ENSG00000162892,IL24,0.005174117965585825,0,0,0,0,0,0.04255515583281347,0
ENSG00000171533,MAP6,0.005171930418967433,0,0,0,0,0.042537164092413204,0,0
ENSG00000158488,CD1E,0.005162706941328803,0,0,0,0,0.0424613044906718,0,0
ENSG00000115457,IGFBP2,0.005154468319153386,0,0,0,0,0.042393544951199666,0,0
ENSG00000143365,RORC,0.0051535857514366755,0,0,0,0,0,0.04238628616681025,0
ENSG00000102786,INTS6,0.0051535857514366755,0,0,0,0,0,0.04238628616681025,0
ENSG00000058668,ATP2B4,0.0051535857514366755,0,0,0,0,0,0.04238628616681025,0
ENSG00000107643,MAPK8,0.0051535857514366755,0,0,0,0,0,0.04238628616681025,0
ENSG00000152952,PLOD2,0.005152058227352229,0,0,0,0,0.042373722861163886,0,0
ENSG00000173114,LRRN3,0.005143144344612125,0,0,0,0,0.04230040955992036,0,0
ENSG00000279296,PRAL,0.005131137489569239,0,0,0,0,0.04220165773578135,0,0
ENSG00000057663,ATG5,0.00512278743021295,0,0,0,0,0,0.0421329816678054,0
ENSG00000258810,LINC03058,0.0051123728061290615,0,0,0,0,0.04204732533878897,0,0
ENSG00000082293,COL19A1,0.0050917985226484,0,0,0,0,0.041878109668506344,0,0
ENSG00000259384,GH1,0.005030392466541775,0,0,0,0,0,0.04137306817079087,0
ENSG00000115604,IL18R1,0.005030392466541775,0,0,0,0,0,0.04137306817079087,0
ENSG00000114013,CD86,0.00502122024693077,0,0,0,0,0,0.04129763014686579,0
ENSG00000124469,CEACAM8,0.005020351223650301,0,0,0,0,0.0412904827603221,0,0
ENSG00000100030,MAPK1,0.005017662493769301,0,0,0,0,0,0.04126836897786887,0
ENSG00000251322,SHANK3,0.004994807306373572,0,0,0,0,0.04108039373886535,0,0
ENSG00000131142,CCL25,0.004991483276438481,0,0,0,0,0.04105305485466875,0,0
ENSG00000148702,HABP2,0.004989328038243475,0,0,0,0,0,0.04103532883878443,0
ENSG00000125835,SNRPB,0.004989328038243475,0,0,0,0,0,0.04103532883878443,0
ENSG00000124767,GLO1,0.004989328038243475,0,0,0,0,0,0.04103532883878443,0
ENSG00000185946,RNPC3,0.004989328038243475,0,0,0,0,0,0.04103532883878443,0
ENSG00000095059,DHPS,0.004989328038243475,0,0,0,0,0,0.04103532883878443,0
ENSG00000108576,SLC6A4,0.004989328038243475,0,0,0,0,0,0.04103532883878443,0
ENSG00000114200,BCHE,0.004989328038243475,0,0,0,0,0,0.04103532883878443,0
ENSG00000145826,LECT2,0.004989328038243475,0,0,0,0,0,0.04103532883878443,0
ENSG00000211970,IGHV4-61,0.004976198374182866,0,0,0,0,0.04092734233676651,0,0
ENSG00000115138,POMC,0.004968795824094324,0,0,0,0,0,0.04086645917278119,0
ENSG00000072274,TFRC,0.004968795824094324,0,0,0,0,0,0.04086645917278119,0
ENSG00000131473,ACLY,0.004958529717019749,0,0,0,0,0,0.04078202433977958,0
ENSG00000115594,IL1R1,0.004958529717019749,0,0,0,0,0,0.04078202433977958,0
ENSG00000268555,ENSG00000268555,0.004943061981922066,0,0,0,0,0.04065480809116665,0,0
ENSG00000179165,PXT1,0.004939849262246442,0,0,0,0,0.040628384691593494,0,0
ENSG00000077063,CTTNBP2,0.004938844217913185,0,0,0,0,0.04062011858353312,0,0
ENSG00000197467,COL13A1,0.004932028504078771,0,0,0,0,0.04056406192493653,0,0
ENSG00000154319,FAM167A,0.004925119711621045,0,0,0,0,0.040507239730001934,0,0
ENSG00000178531,CTXN1,0.004886308153638803,0,0,0,0,0.014848726177242587,0.03647584785669726,0
ENSG00000118503,TNFAIP3,0.004866134753348573,0,0,0,0,0,0.04002211084276505,0
ENSG00000112149,CD83,0.004866134753348573,0,0,0,0,0,0.04002211084276505,0
ENSG00000102837,OLFM4,0.00486106269318661,0,0,0,0,0.03998039507361921,0,0
ENSG00000113361,CDH6,0.0048423494680481655,0,0,0,0,0.03982648590162164,0,0
ENSG00000064270,ATP2C2,0.00483350506806333,0,0,0,0,0.039753744069659994,0,0
ENSG00000259706,HSP90B2P,0.004832872566426951,0,0,0,0,0,0.03974854198383983,0
ENSG00000143603,KCNN3,0.004825432967243115,0,0,0,0,0.03968735410511199,0,0
ENSG00000172216,CEBPB,0.004804538110901123,0,0,0,0,0,0.03951550184475537,0
ENSG00000115232,ITGA4,0.004804538110901123,0,0,0,0,0,0.03951550184475537,0
ENSG00000074370,ATP2A3,0.004804538110901123,0,0,0,0,0,0.03951550184475537,0
ENSG00000113249,HAVCR1,0.004804538110901123,0,0,0,0,0,0.03951550184475537,0
ENSG00000175097,RAG2,0.004804538110901123,0,0,0,0,0,0.03951550184475537,0
ENSG00000188610,RUMY2,0.004802761815084322,0,0,0,0,0.03950089248606043,0,0
ENSG00000134201,GSTM5,0.0047937297871746476,0,0,0,0,0.03942660748565283,0,0
ENSG00000186716,BCR,0.004784005896751974,0,0,0,0,0,0.039346632178752144,0
ENSG00000233276,GPX1,0.004784005896751974,0,0,0,0,0,0.039346632178752144,0
ENSG00000156508,EEF1A1,0.004784005896751974,0,0,0,0,0,0.039346632178752144,0
ENSG00000183960,KCNH8,0.00475071308689188,0,0,0,0,0.03907281145778446,0,0
ENSG00000248385,TARM1,0.004733670852648708,0,0,0,0,0.03893264555148292,0,0
ENSG00000159450,TCHH,0.004723846509294965,0,0,0,0,0,0.03885184405736269,0
ENSG00000101230,ISM1,0.004721781889314246,0,0,0,0,0.038834863341886273,0,0
ENSG00000270933,ENSG00000270933,0.004697552425686116,0,0,0,0,0.038635585202636546,0,0
ENSG00000164070,HSPA4L,0.004692133684448191,0,0,0,0,0.03859101811326376,0,0
ENSG00000270240,CCL5-AS1,0.004691325379894054,0,0,0,0,0.03858437011519134,0,0
ENSG00000250850,ENSG00000250850,0.004663420128834644,0,0,0,0,0.038354860019889046,0,0
ENSG00000240005,STIM2-AS1,0.004661298530931219,0,0,0,0,0.03833741068263091,0,0
ENSG00000185267,CDNF,0.004655748206189824,0,0,0,0,0.03829176136889981,0,0
ENSG00000180210,F2,0.004635147344170636,0,0,0,0,0,0.03812232710022874,0
ENSG00000279537,ENSG00000279537,0.004630452732675133,0,0,0,0,0.038083715703060295,0,0
ENSG00000128602,SMO,0.004619748183558772,0,0,0,0,0,0.037995674850726316,0
ENSG00000109424,UCP1,0.004619748183558772,0,0,0,0,0,0.037995674850726316,0
ENSG00000103490,PYCARD,0.004619748183558772,0,0,0,0,0,0.037995674850726316,0
ENSG00000204305,AGER,0.004619748183558772,0,0,0,0,0,0.037995674850726316,0
ENSG00000185745,IFIT1,0.004619748183558772,0,0,0,0,0,0.037995674850726316,0
ENSG00000211951,IGHV2-26,0.0046041242035697585,0,0,0,0,0.037867173547202995,0,0
ENSG00000172348,RCAN2,0.004568492496986252,0,0,0,0,0.03757411628868366,0,0
ENSG00000256020,ENSG00000256020,0.004565789024885768,0,0,0,0,0.03755188125707228,0,0
ENSG00000160180,TFF3,0.004504428969067553,0,0,0,0,0.03400756410620617,0.012158615952232422,0
ENSG00000168961,LGALS9,0.004496554898663872,0,0,0,0,0,0.03698245685470695,0
ENSG00000165238,WNK2,0.004496554898663872,0,0,0,0,0,0.03698245685470695,0
ENSG00000167851,CD300A,0.004496554898663872,0,0,0,0,0,0.03698245685470695,0
ENSG00000011201,ANOS1,0.004444347145309753,0,0,0,0,0.03655306790485256,0,0
ENSG00000135114,OASL,0.004438523862095134,0,0,0,0,0.0365051736113121,0,0
ENSG00000163513,TGFBR2,0.004434958256216422,0,0,0,0,0,0.03647584785669727,0
ENSG00000091140,DLD,0.004434958256216422,0,0,0,0,0,0.03647584785669727,0
ENSG00000168081,PNOC,0.0044349582562164215,0,0,0,0,0,0.03647584785669726,0
ENSG00000138823,MTTP,0.0044349582562164215,0,0,0,0,0,0.03647584785669726,0
ENSG00000116001,TIA1,0.0044349582562164215,0,0,0,0,0,0.03647584785669726,0
ENSG00000176928,GCNT4,0.0044349582562164215,0,0,0,0,0,0.03647584785669726,0
ENSG00000116701,NCF2,0.0044349582562164215,0,0,0,0,0,0.03647584785669726,0
ENSG00000166402,TUB,0.0044349582562164215,0,0,0,0,0,0.03647584785669726,0
ENSG00000134539,KLRD1,0.0044349582562164215,0,0,0,0,0,0.03647584785669726,0
ENSG00000183735,TBK1,0.0044349582562164215,0,0,0,0,0,0.03647584785669726,0
ENSG00000103642,LACTB,0.0044349582562164215,0,0,0,0,0,0.03647584785669726,0
ENSG00000076356,PLXNA2,0.0044349582562164215,0,0,0,0,0,0.03647584785669726,0
ENSG00000102393,GLA,0.0044349582562164215,0,0,0,0,0,0.03647584785669726,0
ENSG00000111450,STX2,0.0044349582562164215,0,0,0,0,0,0.03647584785669726,0
ENSG00000132002,DNAJB1,0.0044349582562164215,0,0,0,0,0,0.03647584785669726,0
ENSG00000101188,NTSR1,0.0044349582562164215,0,0,0,0,0,0.03647584785669726,0
ENSG00000157884,CIB4,0.0044349582562164215,0,0,0,0,0,0.03647584785669726,0
ENSG00000114942,EEF1B2,0.0044349582562164215,0,0,0,0,0,0.03647584785669726,0
ENSG00000182511,FES,0.0044349582562164215,0,0,0,0,0,0.03647584785669726,0
ENSG00000137331,IER3,0.0044349582562164215,0,0,0,0,0,0.03647584785669726,0
ENSG00000120708,TGFBI,0.0044349582562164215,0,0,0,0,0,0.03647584785669726,0
ENSG00000210196,MT-TP,0.0044349582562164215,0,0,0,0,0,0.03647584785669726,0
ENSG00000198931,APRT,0.0044349582562164215,0,0,0,0,0,0.03647584785669726,0
ENSG00000104142,VPS18,0.0044349582562164215,0,0,0,0,0,0.03647584785669726,0
ENSG00000006128,TAC1,0.0044349582562164215,0,0,0,0,0,0.03647584785669726,0
ENSG00000111704,NANOG,0.0044349582562164215,0,0,0,0,0,0.03647584785669726,0
ENSG00000146070,PLA2G7,0.0044349582562164215,0,0,0,0,0,0.03647584785669726,0
ENSG00000245532,NEAT1,0.0044349582562164215,0,0,0,0,0,0.03647584785669726,0
ENSG00000243063,IGKV3-7,0.004426292793837304,0,0,0,0,0.03640457771860621,0,0
ENSG00000171051,FPR1,0.0044144260420672715,0,0,0,0,0,0.03630697819069404,0
ENSG00000073861,TBX21,0.0044144260420672715,0,0,0,0,0,0.03630697819069404,0
ENSG00000111640,GAPDH,0.0044144260420672715,0,0,0,0,0,0.03630697819069404,0
ENSG00000186393,KRT26,0.0044144260420672715,0,0,0,0,0,0.03630697819069404,0
ENSG00000100206,DMC1,0.004402589941832215,0,0,0,0,0.03620963076001971,0,0
ENSG00000270972,ENSG00000270972,0.004393289948623889,0,0,0,0,0.036133141846767886,0,0
ENSG00000263293,EFCAB13-DT,0.004390083749256166,0,0,0,0,0.036106772074251677,0,0
ENSG00000156113,KCNMA1,0.004383048291564995,0,0,0,0,0.03604890810586242,0,0
ENSG00000197153,H3C12,0.004365966640369967,0,0,0,0,0.03590841801009711,0,0
ENSG00000173391,OLR1,0.004345959564487436,0,0,0,0,0.03574386740695994,0,0
ENSG00000156234,CXCL13,0.004322031078396096,0,0,0,0,0,0.03554706469367951,0
ENSG00000102970,CCL17,0.004322031078396096,0,0,0,0,0,0.03554706469367951,0
ENSG00000280721,LINC01943,0.004318762629350853,0,0,0,0,0.035520182941199754,0,0
ENSG00000213512,GBP7,0.004294722627171725,0,0,0,0,0.035322463050436084,0,0
ENSG00000283361,CFAP97D2,0.0042921740224489665,0,0,0,0,0.035301501744208715,0,0
ENSG00000159871,LYPD5,0.00427622131067434,0,0,0,0,0.035170296746556834,0,0
ENSG00000107201,RIGI,0.0042501683288740716,0,0,0,0,0,0.03495602086266821,0
ENSG00000064300,NGFR,0.0042501683288740716,0,0,0,0,0,0.03495602086266821,0
ENSG00000171403,KRT9,0.0042501683288740716,0,0,0,0,0,0.03495602086266821,0
ENSG00000204389,HSPA1A,0.0042501683288740716,0,0,0,0,0,0.03495602086266821,0
ENSG00000135587,SMPD2,0.0042501683288740716,0,0,0,0,0,0.03495602086266821,0
ENSG00000160752,FDPS,0.0042501683288740716,0,0,0,0,0,0.03495602086266821,0
ENSG00000065882,TBC1D1,0.0042501683288740716,0,0,0,0,0,0.03495602086266821,0
ENSG00000105851,PIK3CG,0.0042501683288740716,0,0,0,0,0,0.03495602086266821,0
ENSG00000134852,CLOCK,0.0042501683288740716,0,0,0,0,0,0.03495602086266821,0
ENSG00000129988,LBP,0.0042501683288740716,0,0,0,0,0,0.03495602086266821,0
ENSG00000226026,RWDD3-DT,0.004244750378981716,0,0,0,0,0.034911460281812294,0,0
ENSG00000256948,IQSEC3-AS2,0.004244750378981716,0,0,0,0,0.034911460281812294,0,0
ENSG00000164458,TBXT,0.004229636114724921,0,0,0,0,0,0.034787151196664985,0
ENSG00000123416,TUBA1B,0.004229636114724921,0,0,0,0,0,0.034787151196664985,0
ENSG00000157470,FAM81A,0.004182972776959451,0,0,0,0,0.034403362960003875,0,0
ENSG00000167768,KRT1,0.004174187985852848,0,0,0,0,0.03433111138843425,0,0
ENSG00000205436,EXOC3L4,0.0041291889465000925,0,0,0,0,0.033961011374341,0,0
ENSG00000270882,H4C14,0.004120088181461148,0,0,0,0,0.03388616103714227,0,0
ENSG00000261618,LINC02605,0.004098112066109992,0,0,0,0,0.03370541583195203,0,0
ENSG00000227060,LINC00629,0.004086391897462192,0,0,0,0,0.03360902189456767,0,0
ENSG00000105855,ITGB8,0.004083898964943441,0,0,0,0,0.033588518471081436,0,0
ENSG00000168404,MLKL,0.00406537840153172,0,0,0,0,0,0.03343619386863916,0
ENSG00000122223,CD244,0.00406537840153172,0,0,0,0,0,0.03343619386863916,0
ENSG00000131724,IL13RA1,0.00406537840153172,0,0,0,0,0,0.03343619386863916,0
ENSG00000117281,CD160,0.00406537840153172,0,0,0,0,0,0.03343619386863916,0
ENSG00000231389,HLA-DPA1,0.00406537840153172,0,0,0,0,0,0.03343619386863916,0
ENSG00000150093,ITGB1,0.00406537840153172,0,0,0,0,0,0.03343619386863916,0
ENSG00000197249,SERPINA1,0.00406537840153172,0,0,0,0,0,0.03343619386863916,0
ENSG00000223865,HLA-DPB1,0.00406537840153172,0,0,0,0,0,0.03343619386863916,0
ENSG00000081189,MEF2C,0.00406537840153172,0,0,0,0,0,0.03343619386863916,0
ENSG00000085117,CD82,0.00406537840153172,0,0,0,0,0,0.03343619386863916,0
ENSG00000147206,NXF3,0.004055479703781058,0,0,0,0,0.03335478083783408,0,0
ENSG00000182379,NXPH4,0.004053415820098565,0,0,0,0,0.03333780617813102,0,0
ENSG00000266998,ENSG00000266998,0.004053415820098565,0,0,0,0,0.03333780617813102,0,0
ENSG00000103316,CRYM,0.004050885577655508,0,0,0,0,0.03331699589468267,0,0
ENSG00000269403,ENSG00000269403,0.004041162697164321,0,0,0,0,0.03323702889408502,0,0
ENSG00000233236,LINC02573,0.004025981198670378,0,0,0,0,0.03311216683286369,0,0
ENSG00000245080,MIR3150BHG,0.004021506961589052,0,0,0,0,0.03307536793158328,0,0
ENSG00000130037,KCNA5,0.003985691833242482,0,0,0,0,0.03278080209870168,0,0
ENSG00000211713,TRBV6-4,0.003977547612910193,0,0,0,0,0.032713818978548144,0,0
ENSG00000172738,TMEM217,0.003965365450021944,0,0,0,0,0.032613625313939375,0,0
ENSG00000119147,ECRG4,0.003947107290299136,0,0,0,0,0.03246345888221278,0,0
ENSG00000183347,GBP6,0.00394568175434431,0,0,0,0,0.032451734390211165,0,0
ENSG00000178965,ERICH3,0.003944552217008728,0,0,0,0,0.03244244437447238,0,0
ENSG00000259120,ERLN,0.003913871495992066,0,0,0,0,0.03219010709252188,0,0
ENSG00000177294,FBXO39,0.0038959991004705718,0,0,0,0,0.03204311342488973,0,0
ENSG00000254718,ENSG00000254718,0.0038940859750297013,0,0,0,0,0.03202737869448632,0,0
ENSG00000261211,ENSG00000261211,0.003887530428472686,0,0,0,0,0.03197346181296978,0,0
ENSG00000163898,LIPH,0.0038501416149155387,0,0,0,0,0.03166595301670517,0,0
ENSG00000277481,PKD1L3,0.003845401899929305,0,0,0,0,0.0316269706604497,0,0
ENSG00000111331,OAS3,0.0038412748218343653,0,0,0,0,0.03159302701002802,0,0
ENSG00000158485,CD1B,0.0038286799806292364,0,0,0,0,0.026170044743840947,0.021277577916406734,0
ENSG00000157927,RADIL,0.003821001161818274,0,0,0,0,0.03142628385360512,0,0
ENSG00000226321,CROCC2,0.0038075080939952628,0,0,0,0,0.03131530849361331,0,0
ENSG00000122733,PHF24,0.0037915574501428614,0,0,0,0,0.031184120503836624,0,0
ENSG00000114698,PLSCR4,0.003786367678957407,0,0,0,0,0.03114143660621338,0,0
ENSG00000176641,RNF152,0.003782860109829031,0,0,0,0,0.03111258818183551,0,0
ENSG00000255363,LINC02757,0.003768675109263277,0,0,0,0,0.030995921937737633,0,0
ENSG00000116016,EPAS1,0.0037573951892944687,0,0,0,0,0,0.03090314887859074,0
ENSG00000100823,APEX1,0.0037573951892944687,0,0,0,0,0,0.03090314887859074,0
ENSG00000144035,NAT8,0.0037048009523143527,0,0,0,0,0.03047058124764703,0,0
ENSG00000185818,ASPNAT,0.0037043153169732564,0,0,0,0,0.0304665870813455,0,0
ENSG00000197353,LYPD2,0.0037016153504906084,0,0,0,0,0.03044438088210987,0,0
ENSG00000169174,PCSK9,0.0037012290379653456,0,0,0,0,0.030441203608259124,0,0
ENSG00000130707,ASS1,0.0036992703995024825,0,0,0,0,0.02662552706545691,0.015198269940290528,0
ENSG00000115009,CCL20,0.0036957985468470188,0,0,0,0,0,0.030396539880581056,0
ENSG00000160703,NLRX1,0.0036957985468470188,0,0,0,0,0,0.030396539880581056,0
ENSG00000132256,TRIM5,0.0036957985468470188,0,0,0,0,0,0.030396539880581056,0
ENSG00000244734,HBB,0.0036957985468470188,0,0,0,0,0,0.030396539880581056,0
ENSG00000204520,MICA,0.0036957985468470188,0,0,0,0,0,0.030396539880581056,0
ENSG00000068366,ACSL4,0.0036957985468470188,0,0,0,0,0,0.030396539880581056,0
ENSG00000157601,MX1,0.0036957985468470188,0,0,0,0,0,0.030396539880581056,0
ENSG00000211445,GPX3,0.0036957985468470188,0,0,0,0,0,0.030396539880581056,0
ENSG00000182077,PTCHD3,0.0036957985468470188,0,0,0,0,0,0.030396539880581056,0
ENSG00000099985,OSM,0.0036957985468470188,0,0,0,0,0,0.030396539880581056,0
ENSG00000239713,APOBEC3G,0.0036957985468470188,0,0,0,0,0,0.030396539880581056,0
ENSG00000198846,TOX,0.0036957985468470188,0,0,0,0,0,0.030396539880581056,0
ENSG00000167244,IGF2,0.0036957985468470188,0,0,0,0,0,0.030396539880581056,0
ENSG00000163421,PROK2,0.0036957985468470188,0,0,0,0,0,0.030396539880581056,0
ENSG00000105221,AKT2,0.0036957985468470188,0,0,0,0,0,0.030396539880581056,0
ENSG00000164985,PSIP1,0.0036957985468470188,0,0,0,0,0,0.030396539880581056,0
ENSG00000185591,SP1,0.0036957985468470188,0,0,0,0,0,0.030396539880581056,0
ENSG00000055208,TAB2,0.0036957985468470188,0,0,0,0,0,0.030396539880581056,0
ENSG00000104825,NFKBIB,0.0036957985468470188,0,0,0,0,0,0.030396539880581056,0
ENSG00000160097,FNDC5,0.0036957985468470188,0,0,0,0,0,0.030396539880581056,0
ENSG00000159763,PIP,0.0036957985468470188,0,0,0,0,0,0.030396539880581056,0
ENSG00000184216,IRAK1,0.0036957985468470188,0,0,0,0,0,0.030396539880581056,0
ENSG00000139644,TMBIM6,0.0036957985468470188,0,0,0,0,0,0.030396539880581056,0
ENSG00000164362,TERT,0.0036957985468470188,0,0,0,0,0,0.030396539880581056,0
ENSG00000163462,TRIM46,0.0036957985468470188,0,0,0,0,0,0.030396539880581056,0
ENSG00000113161,HMGCR,0.0036957985468470188,0,0,0,0,0,0.030396539880581056,0
ENSG00000168481,LGI3,0.0036957985468470188,0,0,0,0,0,0.030396539880581056,0
ENSG00000135677,GNS,0.0036957985468470188,0,0,0,0,0,0.030396539880581056,0
ENSG00000115525,ST3GAL5,0.0036957985468470188,0,0,0,0,0,0.030396539880581056,0
ENSG00000109654,TRIM2,0.0036957985468470188,0,0,0,0,0,0.030396539880581056,0
ENSG00000162722,TRIM58,0.0036957985468470188,0,0,0,0,0,0.030396539880581056,0
ENSG00000135823,STX6,0.0036957985468470188,0,0,0,0,0,0.030396539880581056,0
ENSG00000117020,AKT3,0.0036957985468470188,0,0,0,0,0,0.030396539880581056,0
ENSG00000178776,C5orf46,0.0036957985468470188,0,0,0,0,0,0.030396539880581056,0
ENSG00000240065,PSMB9,0.0036957985468470188,0,0,0,0,0,0.030396539880581056,0
ENSG00000136603,SKIL,0.0036957985468470188,0,0,0,0,0,0.030396539880581056,0
ENSG00000178597,PSAPL1,0.0036957985468470188,0,0,0,0,0,0.030396539880581056,0
ENSG00000125384,PTGER2,0.0036957985468470188,0,0,0,0,0,0.030396539880581056,0
ENSG00000151414,NEK7,0.0036957985468470188,0,0,0,0,0,0.030396539880581056,0
ENSG00000005243,COPZ2,0.0036957985468470188,0,0,0,0,0,0.030396539880581056,0
ENSG00000128714,HOXD13,0.0036957985468470188,0,0,0,0,0,0.030396539880581056,0
ENSG00000100726,TELO2,0.0036957985468470188,0,0,0,0,0,0.030396539880581056,0
ENSG00000163673,DCLK3,0.0036957985468470188,0,0,0,0,0,0.030396539880581056,0
ENSG00000051523,CYBA,0.0036957985468470188,0,0,0,0,0,0.030396539880581056,0
ENSG00000064012,CASP8,0.0036957985468470188,0,0,0,0,0,0.030396539880581056,0
ENSG00000186847,KRT14,0.0036957985468470188,0,0,0,0,0,0.030396539880581056,0
ENSG00000159128,IFNGR2,0.0036957985468470188,0,0,0,0,0,0.030396539880581056,0
ENSG00000051382,PIK3CB,0.0036957985468470188,0,0,0,0,0,0.030396539880581056,0
ENSG00000163519,TRAT1,0.0036957985468470188,0,0,0,0,0,0.030396539880581056,0
ENSG00000108179,PPIF,0.0036957985468470188,0,0,0,0,0,0.030396539880581056,0
ENSG00000131051,RBM39,0.0036957985468470188,0,0,0,0,0,0.030396539880581056,0
ENSG00000163823,CCR1,0.0036957985468470188,0,0,0,0,0,0.030396539880581056,0
ENSG00000137273,FOXF2,0.0036957985468470188,0,0,0,0,0,0.030396539880581056,0
ENSG00000170571,EMB,0.0036957985468470188,0,0,0,0,0,0.030396539880581056,0
ENSG00000196914,ARHGEF12,0.0036957985468470188,0,0,0,0,0,0.030396539880581056,0
ENSG00000179218,CALR,0.0036957985468470188,0,0,0,0,0,0.030396539880581056,0
ENSG00000112062,MAPK14,0.0036957985468470188,0,0,0,0,0,0.030396539880581056,0
ENSG00000121318,TAS2R10,0.0036957985468470188,0,0,0,0,0,0.030396539880581056,0
ENSG00000117461,PIK3R3,0.0036957985468470188,0,0,0,0,0,0.030396539880581056,0
ENSG00000105649,RAB3A,0.0036957985468470188,0,0,0,0,0,0.030396539880581056,0
ENSG00000023445,BIRC3,0.0036957985468470188,0,0,0,0,0,0.030396539880581056,0
ENSG00000006712,PAF1,0.0036957985468470188,0,0,0,0,0,0.030396539880581056,0
ENSG00000103569,AQP9,0.0036957985468470188,0,0,0,0,0,0.030396539880581056,0
ENSG00000204713,TRIM27,0.0036957985468470188,0,0,0,0,0,0.030396539880581056,0
ENSG00000103375,AQP8,0.0036957985468470188,0,0,0,0,0,0.030396539880581056,0
ENSG00000163520,FBLN2,0.0036957985468470188,0,0,0,0,0,0.030396539880581056,0
ENSG00000204941,PSG5,0.0036957985468470188,0,0,0,0,0,0.030396539880581056,0
ENSG00000269821,KCNQ1OT1,0.0036957985468470188,0,0,0,0,0,0.030396539880581056,0
ENSG00000005884,ITGA3,0.0036957985468470188,0,0,0,0,0,0.030396539880581056,0
ENSG00000196954,CASP4,0.0036957985468470188,0,0,0,0,0,0.030396539880581056,0
ENSG00000103723,AP3B2,0.0036957985468470188,0,0,0,0,0,0.030396539880581056,0
ENSG00000204264,PSMB8,0.0036957985468470188,0,0,0,0,0,0.030396539880581056,0
ENSG00000116525,TRIM62,0.0036957985468470188,0,0,0,0,0,0.030396539880581056,0
ENSG00000109472,CPE,0.0036957985468470188,0,0,0,0,0,0.030396539880581056,0
ENSG00000167468,GPX4,0.0036957985468470188,0,0,0,0,0,0.030396539880581056,0
ENSG00000108984,MAP2K6,0.0036957985468470188,0,0,0,0,0,0.030396539880581056,0
ENSG00000181555,SETD2,0.0036957985468470188,0,0,0,0,0,0.030396539880581056,0
ENSG00000168906,MAT2A,0.0036957985468470188,0,0,0,0,0,0.030396539880581056,0
ENSG00000159399,HK2,0.0036957985468470188,0,0,0,0,0,0.030396539880581056,0
ENSG00000100365,NCF4,0.0036957985468470188,0,0,0,0,0,0.030396539880581056,0
ENSG00000125740,FOSB,0.0036957985468470188,0,0,0,0,0,0.030396539880581056,0
ENSG00000134443,GRP,0.0036957985468470188,0,0,0,0,0,0.030396539880581056,0
ENSG00000119899,SLC17A5,0.0036957985468470188,0,0,0,0,0,0.030396539880581056,0
ENSG00000142657,PGD,0.0036957985468470188,0,0,0,0,0,0.030396539880581056,0
ENSG00000115263,GCG,0.0036957985468470188,0,0,0,0,0,0.030396539880581056,0
ENSG00000183486,MX2,0.0036957985468470188,0,0,0,0,0,0.030396539880581056,0
ENSG00000175592,FOSL1,0.0036957985468470188,0,0,0,0,0,0.030396539880581056,0
ENSG00000188827,SLX4,0.0036957985468470188,0,0,0,0,0,0.030396539880581056,0
ENSG00000154589,LY96,0.0036957985468470188,0,0,0,0,0,0.030396539880581056,0
ENSG00000112246,SIM1,0.0036957985468470188,0,0,0,0,0,0.030396539880581056,0
ENSG00000134545,KLRC1,0.0036957985468470188,0,0,0,0,0,0.030396539880581056,0
ENSG00000164434,FABP7,0.0036957985468470188,0,0,0,0,0,0.030396539880581056,0
ENSG00000079689,SCGN,0.0036957985468470188,0,0,0,0,0,0.030396539880581056,0
ENSG00000164692,COL1A2,0.0036957985468470188,0,0,0,0,0,0.030396539880581056,0
ENSG00000007237,GAS7,0.0036957985468470188,0,0,0,0,0,0.030396539880581056,0
ENSG00000242950,ERVW-1,0.0036957985468470188,0,0,0,0,0,0.030396539880581056,0
ENSG00000126883,NUP214,0.0036957985468470188,0,0,0,0,0,0.030396539880581056,0
ENSG00000139112,GABARAPL1,0.0036957985468470188,0,0,0,0,0,0.030396539880581056,0
ENSG00000105835,NAMPT,0.0036957985468470188,0,0,0,0,0,0.030396539880581056,0
ENSG00000135423,GLS2,0.0036957985468470188,0,0,0,0,0,0.030396539880581056,0
ENSG00000163331,DAPL1,0.0036957985468470188,0,0,0,0,0,0.030396539880581056,0
ENSG00000197992,CLEC9A,0.0036957985468470188,0,0,0,0,0,0.030396539880581056,0
ENSG00000198001,IRAK4,0.0036957985468470188,0,0,0,0,0,0.030396539880581056,0
ENSG00000215182,MUC5AC,0.0036957985468470188,0,0,0,0,0,0.030396539880581056,0
ENSG00000081181,ARG2,0.0036957985468470188,0,0,0,0,0,0.030396539880581056,0
ENSG00000162645,GBP2,0.0036957985468470188,0,0,0,0,0,0.030396539880581056,0
ENSG00000100284,TOM1,0.0036957985468470188,0,0,0,0,0,0.030396539880581056,0
ENSG00000159640,ACE,0.0036957985468470188,0,0,0,0,0,0.030396539880581056,0
ENSG00000100300,TSPO,0.0036957985468470188,0,0,0,0,0,0.030396539880581056,0
ENSG00000105402,NAPA,0.0036957985468470188,0,0,0,0,0,0.030396539880581056,0
ENSG00000189430,NCR1,0.0036957985468470188,0,0,0,0,0,0.030396539880581056,0
ENSG00000173786,CNP,0.0036957985468470188,0,0,0,0,0,0.030396539880581056,0
ENSG00000204673,AKT1S1,0.0036957985468470188,0,0,0,0,0,0.030396539880581056,0
ENSG00000105829,BET1,0.0036957985468470188,0,0,0,0,0,0.030396539880581056,0
ENSG00000154358,OBSCN,0.0036957985468470188,0,0,0,0,0,0.030396539880581056,0
ENSG00000185201,IFITM2,0.0036957985468470188,0,0,0,0,0,0.030396539880581056,0
ENSG00000142227,EMP3,0.0036957985468470188,0,0,0,0,0,0.030396539880581056,0
ENSG00000198502,HLA-DRB5,0.0036957985468470188,0,0,0,0,0,0.030396539880581056,0
ENSG00000166736,HTR3A,0.0036755908681675485,0,0,0,0,0.030230339395601023,0,0
ENSG00000142611,PRDM16,0.0036748446139798826,0,0,0,0,0.03022420173823445,0,0
ENSG00000100012,SEC14L3,0.003657923864864504,0,0,0,0,0.03008503500098528,0,0
ENSG00000116147,TNR,0.0036536709304562315,0,0,0,0,0.030050056230169746,0,0
ENSG00000127325,BEST3,0.0036326658650228127,0,0,0,0,0.02987729754187873,0,0
ENSG00000106571,GLI3,0.0036218115714905766,0,0,0,0,0.029788025098576965,0,0
ENSG00000187753,C9orf153,0.0036059567691665148,0,0,0,0,0.02965762536898315,0,0
ENSG00000130513,GDF15,0.003566339842252006,0,0,0,0,0.029331791186292026,0,0
ENSG00000131711,MAP1B,0.003558666997996716,0,0,0,0,0.029268684955406583,0,0
ENSG00000232117,LINC00384,0.0035464613575757324,0,0,0,0,0.029168298197004672,0,0
ENSG00000128274,A4GALT,0.0035289230044549622,0,0,0,0,0.0290240519012941,0,0
ENSG00000105366,SIGLEC8,0.003520493067265593,0,0,0,0,0.028954718868467927,0,0
ENSG00000124882,EREG,0.003514921929066664,0,0,0,0,0.028908898371950757,0,0
ENSG00000154229,PRKCA,0.0035110086195046675,0,0,0,0,0,0.028876712886552,0
ENSG00000182568,SATB1,0.0035110086195046675,0,0,0,0,0,0.028876712886552,0
ENSG00000172724,CCL19,0.003490476405355517,0,0,0,0,0,0.02870784322054877,0
ENSG00000161905,ALOX15,0.0034790714118238435,0,0,0,0,0.02861404147883343,0,0
ENSG00000168131,OR2B2,0.0034599381466045185,0,0,0,0,0.028456677636645354,0,0
ENSG00000118160,SLC8A2,0.0034572655913326124,0,0,0,0,0.028434696884210988,0,0
ENSG00000224389,C4B,0.003416416511697419,0,0,0,0,0.025059074725140015,0.012158615952232422,0
ENSG00000222335,Y_RNA,0.003413691406622856,0,0,0,0,0.02807631575858825,0,0
ENSG00000235641,LINC00484,0.003410780434301451,0,0,0,0,0.02805237411644048,0,0
ENSG00000285509,TBCEL-TECTA,0.0034023003070947377,0,0,0,0,0.027982628289777073,0,0
ENSG00000211669,IGLV3-10,0.0034000160446521367,0,0,0,0,0.027963841098442337,0,0
ENSG00000215475,SIAH3,0.0033810588279810615,0,0,0,0,0.027807925188724065,0,0
ENSG00000198626,RYR2,0.003338626793132882,0,0,0,0,0.027458937812077887,0,0
ENSG00000081041,CXCL2,0.003326218692162316,0,0,0,0,0,0.02735688589252295,0
ENSG00000116688,MFN2,0.003326218692162316,0,0,0,0,0,0.02735688589252295,0
ENSG00000154889,MPPE1,0.003326218692162316,0,0,0,0,0,0.02735688589252295,0
ENSG00000162975,KCNF1,0.003326218692162316,0,0,0,0,0,0.02735688589252295,0
ENSG00000169006,NTSR2,0.003326218692162316,0,0,0,0,0,0.02735688589252295,0
ENSG00000100219,XBP1,0.003326218692162316,0,0,0,0,0,0.02735688589252295,0
ENSG00000100450,GZMH,0.003326218692162316,0,0,0,0,0,0.02735688589252295,0
ENSG00000282828,ENSG00000282828,0.003323245935228489,0,0,0,0,0.027332436095395495,0,0
ENSG00000223695,MYH9-DT,0.003314887072627,0,0,0,0,0.027263687624070068,0,0
ENSG00000254006,ENSG00000254006,0.0033109883867160354,0,0,0,0,0.027231622412648954,0,0
ENSG00000104044,OCA2,0.0033071237330036065,0,0,0,0,0,0.027199837103139946,0
ENSG00000255007,LINC02489,0.0033000792605895764,0,0,0,0,0.027141898992077754,0,0
ENSG00000062370,ZNF112,0.003294733043761326,0,0,0,0,0.027097928388439524,0,0
ENSG00000226571,ENSG00000226571,0.0032866708291233466,0,0,0,0,0.027031619733986965,0,0
ENSG00000211664,IGLV2-18,0.0032823827664801727,0,0,0,0,0.026996352046776348,0,0
ENSG00000284543,LINC01226,0.0032729170767316455,0,0,0,0,0.026918500342390628,0,0
ENSG00000248455,LINC02217,0.003272024535119585,0,0,0,0,0.026911159526498692,0,0
ENSG00000132688,NES,0.003254998865796865,0,0,0,0,0.026771129860378728,0,0
ENSG00000159708,LRRC36,0.003185605962944518,0,0,0,0,0.026200399580509945,0,0
ENSG00000273143,DUSP5-DT,0.0031783571799123816,0,0,0,0,0.026140781092183513,0,0
ENSG00000122420,PTGFR,0.003169742651232245,0,0,0,0,0.02606992986442881,0,0
ENSG00000227507,LTB,0.0031568279254318285,0,0,0,0,0,0.025963711147996317,0
ENSG00000086548,CEACAM6,0.003154206607525901,0,0,0,0,0.02594215180344406,0,0
ENSG00000160963,COL26A1,0.003153931173589437,0,0,0,0,0.02593988646388942,0,0
ENSG00000102678,FGF9,0.003141422479472266,0,0,0,0,0.025837007203895403,0,0
ENSG00000007908,SELE,0.0031106304435962405,0,0,0,0,0,0.025583754399489053,0
ENSG00000102683,SGCG,0.0030876343637491924,0,0,0,0,0,0.02539462037356544,0
ENSG00000271130,IGHV3OR16-8,0.0030291387421546314,0,0,0,0,0.02491351609472011,0,0
ENSG00000131269,ABCB7,0.0030182354799250647,0,0,0,0,0,0.024823840902474525,0
ENSG00000038427,VCAN,0.0030182354799250647,0,0,0,0,0,0.024823840902474525,0
ENSG00000130561,SAG,0.0030182354799250647,0,0,0,0,0,0.024823840902474525,0
ENSG00000146701,MDH2,0.0030182354799250647,0,0,0,0,0,0.024823840902474525,0
ENSG00000108846,ABCC3,0.0030182354799250647,0,0,0,0,0,0.024823840902474525,0
ENSG00000237686,SCIRT,0.0030157938381003115,0,0,0,0,0.02480375932547312,0,0
ENSG00000164199,ADGRV1,0.0030098340803712633,0,0,0,0,0.02475474258086615,0,0
ENSG00000150510,FAM124A,0.0029956177361730478,0,0,0,0,0.024637818547291374,0,0
ENSG00000268833,ENSG00000268833,0.0029813451360361683,0,0,0,0,0.024520431829979532,0,0
ENSG00000081479,LRP2,0.0029566388374776143,0,0,0,0,0,0.024317231904464845,0
ENSG00000109072,VTN,0.0029566388374776143,0,0,0,0,0,0.024317231904464845,0
ENSG00000142798,HSPG2,0.0029566388374776143,0,0,0,0,0,0.024317231904464845,0
ENSG00000136560,TANK,0.0029566388374776143,0,0,0,0,0,0.024317231904464845,0
ENSG00000027075,PRKCH,0.0029566388374776143,0,0,0,0,0,0.024317231904464845,0
ENSG00000177302,TOP3A,0.0029566388374776143,0,0,0,0,0,0.024317231904464845,0
ENSG00000179344,HLA-DQB1,0.0029566388374776143,0,0,0,0,0,0.024317231904464845,0
ENSG00000079999,KEAP1,0.0029566388374776143,0,0,0,0,0,0.024317231904464845,0
ENSG00000188786,MTF1,0.0029566388374776143,0,0,0,0,0,0.024317231904464845,0
ENSG00000168028,RPSA,0.0029566388374776143,0,0,0,0,0,0.024317231904464845,0
ENSG00000137265,IRF4,0.0029566388374776143,0,0,0,0,0,0.024317231904464845,0
ENSG00000198804,MT-CO1,0.0029566388374776143,0,0,0,0,0,0.024317231904464845,0
ENSG00000185774,KCNIP4,0.0029566388374776143,0,0,0,0,0,0.024317231904464845,0
ENSG00000163931,TKT,0.0029566388374776143,0,0,0,0,0,0.024317231904464845,0
ENSG00000156515,HK1,0.0029566388374776143,0,0,0,0,0,0.024317231904464845,0
ENSG00000157557,ETS2,0.0029566388374776143,0,0,0,0,0,0.024317231904464845,0
ENSG00000251576,LINC01267,0.0029445702658595493,0,0,0,0,0.024217972484926638,0,0
ENSG00000091972,CD200,0.0029361066233284643,0,0,0,0,0,0.024148362238461615,0
ENSG00000116478,HDAC1,0.0029361066233284643,0,0,0,0,0,0.024148362238461615,0
ENSG00000103222,ABCC1,0.0029361066233284643,0,0,0,0,0,0.024148362238461615,0
ENSG00000100294,MCAT,0.0029361066233284643,0,0,0,0,0,0.024148362238461615,0
ENSG00000068903,SIRT2,0.0029361066233284643,0,0,0,0,0,0.024148362238461615,0
ENSG00000168779,SHOX2,0.002929103715367892,0,0,0,0,0.02409076597924852,0,0
ENSG00000254396,ENSG00000254396,0.0029209535551199114,0,0,0,0,0.02402373400554362,0,0
ENSG00000166741,NNMT,0.002910775808060445,0,0,0,0,0.023940025900119018,0,0
ENSG00000130656,HBZ,0.0028745253678731726,0,0,0,0,0.023641879792620526,0,0
ENSG00000251562,MALAT1,0.002843711659657289,0,0,0,0,0,0.023388448741447087,0
ENSG00000275613,ENSG00000275613,0.0027892073644453707,0,0,0,0,0.022940171606730033,0,0
ENSG00000156509,FBXO43,0.0027800168945458286,0,0,0,0,0.022864583481110732,0,0
ENSG00000197487,GALP,0.002771848910135263,0,0,0,0,0,0.02279740491043579,0
ENSG00000185728,YTHDF3,0.002771848910135263,0,0,0,0,0,0.02279740491043579,0
ENSG00000076248,UNG,0.002771848910135263,0,0,0,0,0,0.02279740491043579,0
ENSG00000131143,COX4I1,0.002771848910135263,0,0,0,0,0,0.02279740491043579,0
ENSG00000165819,METTL3,0.002771848910135263,0,0,0,0,0,0.02279740491043579,0
ENSG00000198242,RPL23A,0.002771848910135263,0,0,0,0,0,0.02279740491043579,0
ENSG00000091542,ALKBH5,0.002771848910135263,0,0,0,0,0,0.02279740491043579,0
ENSG00000175164,ABO,0.002771848910135263,0,0,0,0,0,0.02279740491043579,0
ENSG00000172062,SMN1,0.002771848910135263,0,0,0,0,0,0.02279740491043579,0
ENSG00000262406,MMP12,0.002771848910135263,0,0,0,0,0,0.02279740491043579,0
ENSG00000244731,C4A,0.002771848910135263,0,0,0,0,0,0.02279740491043579,0
ENSG00000123505,AMD1,0.002771848910135263,0,0,0,0,0,0.02279740491043579,0
ENSG00000172115,CYCS,0.002771848910135263,0,0,0,0,0,0.02279740491043579,0
ENSG00000187242,KRT12,0.002771848910135263,0,0,0,0,0,0.02279740491043579,0
ENSG00000160613,PCSK7,0.002771848910135263,0,0,0,0,0,0.02279740491043579,0
ENSG00000126522,ASL,0.002771848910135263,0,0,0,0,0,0.02279740491043579,0
ENSG00000177663,IL17RA,0.002771848910135263,0,0,0,0,0,0.02279740491043579,0
ENSG00000145284,SCD5,0.002771848910135263,0,0,0,0,0,0.02279740491043579,0
ENSG00000132646,PCNA,0.002771848910135263,0,0,0,0,0,0.02279740491043579,0
ENSG00000001626,CFTR,0.002771848910135263,0,0,0,0,0,0.02279740491043579,0
ENSG00000104687,GSR,0.002771848910135263,0,0,0,0,0,0.02279740491043579,0
ENSG00000168509,HJV,0.002771848910135263,0,0,0,0,0,0.02279740491043579,0
ENSG00000261609,GAN,0.002771848910135263,0,0,0,0,0,0.02279740491043579,0
ENSG00000005001,PRSS22,0.0027673801943693863,0,0,0,0,0.022760651419878694,0,0
ENSG00000213759,UGT2B11,0.0027599703451905823,0,0,0,0,0.022699708223647194,0,0
ENSG00000174125,TLR1,0.002751316695986113,0,0,0,0,0,0.02262853524443256,0
ENSG00000100889,PCK2,0.002751316695986113,0,0,0,0,0,0.02262853524443256,0
ENSG00000092820,EZR,0.002751316695986113,0,0,0,0,0,0.02262853524443256,0
ENSG00000132383,RPA1,0.002751316695986113,0,0,0,0,0,0.02262853524443256,0
ENSG00000197956,S100A6,0.002751316695986113,0,0,0,0,0,0.02262853524443256,0
ENSG00000165023,DIRAS2,0.0027381551309079172,0,0,0,0,0.0225202863686567,0,0
ENSG00000224666,ETV7-AS1,0.0027381551309079172,0,0,0,0,0.0225202863686567,0,0
ENSG00000235321,ENSG00000235321,0.0027315296771265657,0,0,0,0,0.022465794526761368,0,0
ENSG00000226650,KIF4B,0.002728961298006533,0,0,0,0,0.02244467058362406,0,0
ENSG00000135447,PPP1R1A,0.002683598003716712,0,0,0,0,0.022071574710968492,0,0
ENSG00000134321,RSAD2,0.0026817161436681917,0,0,0,0,0.022056097126546763,0,0
ENSG00000122870,BICC1,0.002660366145868411,0,0,0,0,0.021880501500501345,0,0
ENSG00000168079,SCARA5,0.002637015461305807,0,0,0,0,0.02168845098542346,0,0
ENSG00000214797,ENSG00000214797,0.0026015539986456566,0,0,0,0,0.021396793918537986,0,0
ENSG00000052802,MSMO1,0.0025870589827929123,0,0,0,0,0,0.021277577916406734,0
ENSG00000213927,CCL27,0.0025870589827929123,0,0,0,0,0,0.021277577916406734,0
ENSG00000179295,PTPN11,0.0025870589827929123,0,0,0,0,0,0.021277577916406734,0
ENSG00000134333,LDHA,0.0025870589827929123,0,0,0,0,0,0.021277577916406734,0
ENSG00000164111,ANXA5,0.0025870589827929123,0,0,0,0,0,0.021277577916406734,0
ENSG00000196230,TUBB,0.0025870589827929123,0,0,0,0,0,0.021277577916406734,0
ENSG00000073282,TP63,0.0025870589827929123,0,0,0,0,0,0.021277577916406734,0
ENSG00000196396,PTPN1,0.0025870589827929123,0,0,0,0,0,0.021277577916406734,0
ENSG00000096384,HSP90AB1,0.0025870589827929123,0,0,0,0,0,0.021277577916406734,0
ENSG00000100697,DICER1,0.0025870589827929123,0,0,0,0,0,0.021277577916406734,0
ENSG00000204256,BRD2,0.0025870589827929123,0,0,0,0,0,0.021277577916406734,0
ENSG00000180176,TH,0.0025870589827929123,0,0,0,0,0,0.021277577916406734,0
ENSG00000089009,RPL6,0.0025870589827929123,0,0,0,0,0,0.021277577916406734,0
ENSG00000106633,GCK,0.0025870589827929123,0,0,0,0,0,0.021277577916406734,0
ENSG00000122862,SRGN,0.0025870589827929123,0,0,0,0,0,0.021277577916406734,0
ENSG00000187840,EIF4EBP1,0.0025870589827929123,0,0,0,0,0,0.021277577916406734,0
ENSG00000278627,ENSG00000278627,0.002542704796418197,0,0,0,0,0.020912781573229438,0,0
ENSG00000261033,SPECC1-DT,0.0025049607781728557,0,0,0,0,0.020602351353263396,0,0
ENSG00000158164,TMSB15A,0.002483008402810517,0,0,0,0,0.02042180140046792,0,0
ENSG00000006042,TMEM98,0.0024413613012391313,0,0,0,0,0.020079269802011284,0,0
ENSG00000223725,MYOSLID-AS1,0.0024409877627480053,0,0,0,0,0.020076197589741454,0,0
ENSG00000172995,ARPP21,0.002407804764328036,0,0,0,0,0.019803280026177185,0,0
ENSG00000151364,KCTD14,0.0024032983312231825,0,0,0,0,0.019766216324826984,0,0
ENSG00000068985,PAGE1,0.002385944738745782,0,0,0,0,0.019623489615260878,0,0
ENSG00000228742,LINC02577,0.002382255204039179,0,0,0,0,0.019593144593088144,0,0
ENSG00000149256,TENM4,0.0023727285304771806,0,0,0,0,0.01951479131999007,0,0
ENSG00000251381,LINC00958,0.002362815376225756,0,0,0,0,0.019433259389954858,0,0
ENSG00000130176,CNN1,0.0023293412792518456,0,0,0,0,0.019157947651304498,0,0
ENSG00000216588,IGSF23,0.002289287098543998,0,0,0,0,0.018828517222173352,0,0
ENSG00000163518,FCRL4,0.0022402408352225024,0,0,0,0,0.018425130327528568,0,0
ENSG00000280017,ENSG00000280017,0.002225907157489044,0,0,0,0,0.01830724127017392,0,0
ENSG00000085511,MAP3K4,0.0022174791281082107,0,0,0,0,0,0.01823792392834863,0
ENSG00000119383,PTPA,0.0022174791281082107,0,0,0,0,0,0.01823792392834863,0
ENSG00000104324,CPQ,0.0022174791281082107,0,0,0,0,0,0.01823792392834863,0
ENSG00000072506,HSD17B10,0.0022174791281082107,0,0,0,0,0,0.01823792392834863,0
ENSG00000204217,BMPR2,0.0022174791281082107,0,0,0,0,0,0.01823792392834863,0
ENSG00000285648,ENSG00000285648,0.0022174791281082107,0,0,0,0,0,0.01823792392834863,0
ENSG00000143627,PKLR,0.0022174791281082107,0,0,0,0,0,0.01823792392834863,0
ENSG00000114867,EIF4G1,0.0022174791281082107,0,0,0,0,0,0.01823792392834863,0
ENSG00000165923,AGBL2,0.0022174791281082107,0,0,0,0,0,0.01823792392834863,0
ENSG00000012124,CD22,0.0022174791281082107,0,0,0,0,0,0.01823792392834863,0
ENSG00000103152,MPG,0.0022174791281082107,0,0,0,0,0,0.01823792392834863,0
ENSG00000197548,ATG7,0.0022174791281082107,0,0,0,0,0,0.01823792392834863,0
ENSG00000149418,ST14,0.0022174791281082107,0,0,0,0,0,0.01823792392834863,0
ENSG00000113600,C9,0.0022174791281082107,0,0,0,0,0,0.01823792392834863,0
ENSG00000265203,RBP3,0.0022174791281082107,0,0,0,0,0,0.01823792392834863,0
ENSG00000115718,PROC,0.0022174791281082107,0,0,0,0,0,0.01823792392834863,0
ENSG00000070501,POLB,0.0022174791281082107,0,0,0,0,0,0.01823792392834863,0
ENSG00000196419,XRCC6,0.0022174791281082107,0,0,0,0,0,0.01823792392834863,0
ENSG00000012779,ALOX5,0.0022174791281082107,0,0,0,0,0,0.01823792392834863,0
ENSG00000141639,MAPK4,0.0022174791281082107,0,0,0,0,0,0.01823792392834863,0
ENSG00000115657,ABCB6,0.0022174791281082107,0,0,0,0,0,0.01823792392834863,0
ENSG00000158055,GRHL3,0.0022174791281082107,0,0,0,0,0,0.01823792392834863,0
ENSG00000169442,CD52,0.0022174791281082107,0,0,0,0,0,0.01823792392834863,0
ENSG00000163106,HPGDS,0.0022174791281082107,0,0,0,0,0,0.01823792392834863,0
ENSG00000198886,MT-ND4,0.0022174791281082107,0,0,0,0,0,0.01823792392834863,0
ENSG00000014216,CAPN1,0.0022174791281082107,0,0,0,0,0,0.01823792392834863,0
ENSG00000143632,ACTA1,0.0022174791281082107,0,0,0,0,0,0.01823792392834863,0
ENSG00000142655,PEX14,0.0022174791281082107,0,0,0,0,0,0.01823792392834863,0
ENSG00000108561,C1QBP,0.0022174791281082107,0,0,0,0,0,0.01823792392834863,0
ENSG00000169919,GUSB,0.0022174791281082107,0,0,0,0,0,0.01823792392834863,0
ENSG00000108700,CCL8,0.0022174791281082107,0,0,0,0,0,0.01823792392834863,0
ENSG00000176170,SPHK1,0.0022174791281082107,0,0,0,0,0,0.01823792392834863,0
ENSG00000275152,CCL16,0.0022174791281082107,0,0,0,0,0,0.01823792392834863,0
ENSG00000144635,DYNC1LI1,0.0022174791281082107,0,0,0,0,0,0.01823792392834863,0
ENSG00000065559,MAP2K4,0.0022174791281082107,0,0,0,0,0,0.01823792392834863,0
ENSG00000143815,LBR,0.0022174791281082107,0,0,0,0,0,0.01823792392834863,0
ENSG00000026025,VIM,0.0022174791281082107,0,0,0,0,0,0.01823792392834863,0
ENSG00000163964,PIGX,0.0022174791281082107,0,0,0,0,0,0.01823792392834863,0
ENSG00000146469,VIP,0.0022174791281082107,0,0,0,0,0,0.01823792392834863,0
ENSG00000233975,LINC02574,0.0022174791281082107,0,0,0,0,0,0.01823792392834863,0
ENSG00000106100,NOD1,0.0022174791281082107,0,0,0,0,0,0.01823792392834863,0
ENSG00000253079,NRON,0.0022174791281082107,0,0,0,0,0,0.01823792392834863,0
ENSG00000120693,SMAD9,0.0022174791281082107,0,0,0,0,0,0.01823792392834863,0
ENSG00000174405,LIG4,0.0022174791281082107,0,0,0,0,0,0.01823792392834863,0
ENSG00000103064,SLC7A6,0.0022174791281082107,0,0,0,0,0,0.01823792392834863,0
ENSG00000139187,KLRG1,0.0022174791281082107,0,0,0,0,0,0.01823792392834863,0
ENSG00000234741,GAS5,0.0022174791281082107,0,0,0,0,0,0.01823792392834863,0
ENSG00000156802,ATAD2,0.0022174791281082107,0,0,0,0,0,0.01823792392834863,0
ENSG00000132356,PRKAA1,0.0022174791281082107,0,0,0,0,0,0.01823792392834863,0
ENSG00000120686,UFM1,0.0022174791281082107,0,0,0,0,0,0.01823792392834863,0
ENSG00000117450,PRDX1,0.0022174791281082107,0,0,0,0,0,0.01823792392834863,0
ENSG00000147649,MTDH,0.0022174791281082107,0,0,0,0,0,0.01823792392834863,0
ENSG00000198431,TXNRD1,0.0022174791281082107,0,0,0,0,0,0.01823792392834863,0
ENSG00000196668,LINC00173,0.0022174791281082107,0,0,0,0,0,0.01823792392834863,0
ENSG00000234380,LINC01426,0.0022174791281082107,0,0,0,0,0,0.01823792392834863,0
ENSG00000116906,GNPAT,0.0022174791281082107,0,0,0,0,0,0.01823792392834863,0
ENSG00000114737,CISH,0.0022174791281082107,0,0,0,0,0,0.01823792392834863,0
ENSG00000112293,GPLD1,0.0022174791281082107,0,0,0,0,0,0.01823792392834863,0
ENSG00000108702,CCL1,0.0022174791281082107,0,0,0,0,0,0.01823792392834863,0
ENSG00000241794,SPRR2A,0.0022174791281082107,0,0,0,0,0,0.01823792392834863,0
ENSG00000070061,ELP1,0.0022174791281082107,0,0,0,0,0,0.01823792392834863,0
ENSG00000164266,SPINK1,0.0022174791281082107,0,0,0,0,0,0.01823792392834863,0
ENSG00000095585,BLNK,0.0022174791281082107,0,0,0,0,0,0.01823792392834863,0
ENSG00000114999,TTL,0.0022174791281082107,0,0,0,0,0,0.01823792392834863,0
ENSG00000240520,UOX,0.0022174791281082107,0,0,0,0,0,0.01823792392834863,0
ENSG00000163735,CXCL5,0.0022174791281082107,0,0,0,0,0,0.01823792392834863,0
ENSG00000091483,FH,0.0022174791281082107,0,0,0,0,0,0.01823792392834863,0
ENSG00000081985,IL12RB2,0.0022174791281082107,0,0,0,0,0,0.01823792392834863,0
ENSG00000165682,CLEC1B,0.0022174791281082107,0,0,0,0,0,0.01823792392834863,0
ENSG00000148120,AOPEP,0.0022174791281082107,0,0,0,0,0,0.01823792392834863,0
ENSG00000196189,SEMA4A,0.0022174791281082107,0,0,0,0,0,0.01823792392834863,0
ENSG00000049239,H6PD,0.0022174791281082107,0,0,0,0,0,0.01823792392834863,0
ENSG00000133706,LARS1,0.0022174791281082107,0,0,0,0,0,0.01823792392834863,0
ENSG00000136824,SMC2,0.0022174791281082107,0,0,0,0,0,0.01823792392834863,0
ENSG00000079739,PGM1,0.0022174791281082107,0,0,0,0,0,0.01823792392834863,0
ENSG00000198408,OGA,0.0022174791281082107,0,0,0,0,0,0.01823792392834863,0
ENSG00000079246,XRCC5,0.0022174791281082107,0,0,0,0,0,0.01823792392834863,0
ENSG00000167182,SP2,0.0022174791281082107,0,0,0,0,0,0.01823792392834863,0
ENSG00000111335,OAS2,0.0022174791281082107,0,0,0,0,0,0.01823792392834863,0
ENSG00000185885,IFITM1,0.0022174791281082107,0,0,0,0,0,0.01823792392834863,0
ENSG00000169223,LMAN2,0.0022174791281082107,0,0,0,0,0,0.01823792392834863,0
ENSG00000111732,AICDA,0.0022174791281082107,0,0,0,0,0,0.01823792392834863,0
ENSG00000135821,GLUL,0.0022174791281082107,0,0,0,0,0,0.01823792392834863,0
ENSG00000143119,CD53,0.0022174791281082107,0,0,0,0,0,0.01823792392834863,0
ENSG00000106991,ENG,0.0022174791281082107,0,0,0,0,0,0.01823792392834863,0
ENSG00000104951,IL4I1,0.0022174791281082107,0,0,0,0,0,0.01823792392834863,0
ENSG00000128311,TST,0.0022174791281082107,0,0,0,0,0,0.01823792392834863,0
ENSG00000122390,NAA60,0.0022174791281082107,0,0,0,0,0,0.01823792392834863,0
ENSG00000181104,F2R,0.0022174791281082107,0,0,0,0,0,0.01823792392834863,0
ENSG00000120694,HSPH1,0.0022174791281082107,0,0,0,0,0,0.01823792392834863,0
ENSG00000132600,PRMT7,0.0022174791281082107,0,0,0,0,0,0.01823792392834863,0
ENSG00000125971,DYNLRB1,0.0022174791281082107,0,0,0,0,0,0.01823792392834863,0
ENSG00000122194,PLG,0.0022174791281082107,0,0,0,0,0,0.01823792392834863,0
ENSG00000143384,MCL1,0.0022174791281082107,0,0,0,0,0,0.01823792392834863,0
ENSG00000101210,EEF1A2,0.0022174791281082107,0,0,0,0,0,0.01823792392834863,0
ENSG00000086061,DNAJA1,0.0022174791281082107,0,0,0,0,0,0.01823792392834863,0
ENSG00000197408,CYP2B6,0.0022174791281082107,0,0,0,0,0,0.01823792392834863,0
ENSG00000178573,MAF,0.0022174791281082107,0,0,0,0,0,0.01823792392834863,0
ENSG00000071054,MAP4K4,0.0022174791281082107,0,0,0,0,0,0.01823792392834863,0
ENSG00000005194,CIAPIN1,0.0022174791281082107,0,0,0,0,0,0.01823792392834863,0
ENSG00000149435,GGTLC1,0.0022174791281082107,0,0,0,0,0,0.01823792392834863,0
ENSG00000151247,EIF4E,0.0022174791281082107,0,0,0,0,0,0.01823792392834863,0
ENSG00000085662,AKR1B1,0.0022174791281082107,0,0,0,0,0,0.01823792392834863,0
ENSG00000004779,NDUFAB1,0.0022174791281082107,0,0,0,0,0,0.01823792392834863,0
ENSG00000074695,LMAN1,0.0022174791281082107,0,0,0,0,0,0.01823792392834863,0
ENSG00000127191,TRAF2,0.0022174791281082107,0,0,0,0,0,0.01823792392834863,0
ENSG00000106128,GHRHR,0.0022174791281082107,0,0,0,0,0,0.01823792392834863,0
ENSG00000174951,FUT1,0.0022174791281082107,0,0,0,0,0,0.01823792392834863,0
ENSG00000009950,MLXIPL,0.0022074885971754953,0,0,0,0,0.018155755604487057,0,0
ENSG00000184828,ZBTB7C,0.0021821402113219607,0,0,0,0,0.017947274754749543,0,0
ENSG00000027644,INSRR,0.0021776092879557214,0,0,0,0,0.017910009630297555,0,0
ENSG00000162878,PKDCC,0.0021705830670789316,0,0,0,0,0.01785222163119968,0,0
ENSG00000110680,CALCA,0.0021636847270374376,0,0,0,0,0,0.017795485403420176,0
ENSG00000168542,COL3A1,0.0021220625021262083,0,0,0,0,0.017453158406048514,0,0
ENSG00000240350,SOCAR,0.0020692703723790323,0,0,0,0,0.01701896318222879,0,0
ENSG00000108688,CCL7,0.00201215698661671,0,0,0,0,0,0.01654922726831635,0
ENSG00000143669,LYST,0.00201215698661671,0,0,0,0,0,0.01654922726831635,0
ENSG00000260314,MRC1,0.00201215698661671,0,0,0,0,0,0.01654922726831635,0
ENSG00000131910,NR0B2,0.00201215698661671,0,0,0,0,0,0.01654922726831635,0
ENSG00000171433,GLOD5,0.0020075577706473,0,0,0,0,0.016511400463131626,0,0
ENSG00000182263,FIGN,0.0019660086672786243,0,0,0,0,0.016169674862685737,0,0
ENSG00000229613,LINC01501,0.0019581537587135905,0,0,0,0,0.016105071221976193,0,0
ENSG00000106078,COBL,0.0019376403655735398,0,0,0,0,0.01593635635162712,0,0
ENSG00000121900,TMEM54,0.0018931838394787035,0,0,0,0,0.01557071830310669,0,0
ENSG00000145321,GC,0.0018478992734235094,0,0,0,0,0,0.015198269940290528,0
ENSG00000078061,ARAF,0.0018478992734235094,0,0,0,0,0,0.015198269940290528,0
ENSG00000171522,PTGER4,0.0018478992734235094,0,0,0,0,0,0.015198269940290528,0
ENSG00000204386,NEU1,0.0018478992734235094,0,0,0,0,0,0.015198269940290528,0
ENSG00000140968,IRF8,0.0018478992734235094,0,0,0,0,0,0.015198269940290528,0
ENSG00000174130,TLR6,0.0018478992734235094,0,0,0,0,0,0.015198269940290528,0
ENSG00000102172,SMS,0.0018478992734235094,0,0,0,0,0,0.015198269940290528,0
ENSG00000177143,CETN1,0.0018478992734235094,0,0,0,0,0,0.015198269940290528,0
ENSG00000160951,PTGER1,0.0018478992734235094,0,0,0,0,0,0.015198269940290528,0
ENSG00000103522,IL21R,0.0018478992734235094,0,0,0,0,0,0.015198269940290528,0
ENSG00000173915,ATP5MK,0.0018478992734235094,0,0,0,0,0,0.015198269940290528,0
ENSG00000050628,PTGER3,0.0018478992734235094,0,0,0,0,0,0.015198269940290528,0
ENSG00000125952,MAX,0.0018478992734235094,0,0,0,0,0,0.015198269940290528,0
ENSG00000254287,ENSG00000254287,0.001825027016636843,0,0,0,0,0.015010154312027207,0,0
ENSG00000285647,ENSG00000285647,0.0017396917887663845,0,0,0,0,0.014308304461635394,0,0
ENSG00000003989,SLC7A2,0.0014783194187388072,0,0,0,0,0,0.012158615952232422,0
ENSG00000160868,CYP3A4,0.0014783194187388072,0,0,0,0,0,0.012158615952232422,0
ENSG00000092847,AGO1,0.0014783194187388072,0,0,0,0,0,0.012158615952232422,0
ENSG00000148053,NTRK2,0.0014783194187388072,0,0,0,0,0,0.012158615952232422,0
ENSG00000036448,MYOM2,0.0014783194187388072,0,0,0,0,0,0.012158615952232422,0
ENSG00000164930,FZD6,0.0014783194187388072,0,0,0,0,0,0.012158615952232422,0
ENSG00000112294,ALDH5A1,0.0014783194187388072,0,0,0,0,0,0.012158615952232422,0
ENSG00000111540,RAB5B,0.0014783194187388072,0,0,0,0,0,0.012158615952232422,0
ENSG00000100079,LGALS2,0.0014783194187388072,0,0,0,0,0,0.012158615952232422,0
ENSG00000124491,F13A1,0.0014783194187388072,0,0,0,0,0,0.012158615952232422,0
ENSG00000099246,RAB18,0.0014783194187388072,0,0,0,0,0,0.012158615952232422,0
ENSG00000150787,PTS,0.0014783194187388072,0,0,0,0,0,0.012158615952232422,0
ENSG00000131069,ACSS2,0.0014783194187388072,0,0,0,0,0,0.012158615952232422,0
ENSG00000143437,ARNT,0.0014783194187388072,0,0,0,0,0,0.012158615952232422,0
ENSG00000107798,LIPA,0.0014783194187388072,0,0,0,0,0,0.012158615952232422,0
ENSG00000105849,POLR1F,0.0014783194187388072,0,0,0,0,0,0.012158615952232422,0
ENSG00000174059,CD34,0.0014783194187388072,0,0,0,0,0,0.012158615952232422,0
ENSG00000101868,POLA1,0.0014783194187388072,0,0,0,0,0,0.012158615952232422,0
ENSG00000165915,SLC39A13,0.0014783194187388072,0,0,0,0,0,0.012158615952232422,0
ENSG00000197763,TXNRD3,0.0014783194187388072,0,0,0,0,0,0.012158615952232422,0
ENSG00000224397,PELATON,0.0014783194187388072,0,0,0,0,0,0.012158615952232422,0
ENSG00000267534,S1PR2,0.0014783194187388072,0,0,0,0,0,0.012158615952232422,0
ENSG00000169083,AR,0.0014783194187388072,0,0,0,0,0,0.012158615952232422,0
ENSG00000110911,SLC11A2,0.0014783194187388072,0,0,0,0,0,0.012158615952232422,0
ENSG00000196689,TRPV1,0.0014783194187388072,0,0,0,0,0,0.012158615952232422,0
ENSG00000104312,RIPK2,0.0014783194187388072,0,0,0,0,0,0.012158615952232422,0
ENSG00000142677,IL22RA1,0.0014783194187388072,0,0,0,0,0,0.012158615952232422,0
ENSG00000074181,NOTCH3,0.0014783194187388072,0,0,0,0,0,0.012158615952232422,0
ENSG00000125817,CENPB,0.0014783194187388072,0,0,0,0,0,0.012158615952232422,0
ENSG00000141200,KIF2B,0.0014783194187388072,0,0,0,0,0,0.012158615952232422,0
ENSG00000167749,KLK4,0.0014783194187388072,0,0,0,0,0,0.012158615952232422,0
ENSG00000169860,P2RY1,0.0014783194187388072,0,0,0,0,0,0.012158615952232422,0
ENSG00000175061,SNHG29,0.0014783194187388072,0,0,0,0,0,0.012158615952232422,0
ENSG00000119203,CPSF3,0.0014783194187388072,0,0,0,0,0,0.012158615952232422,0
ENSG00000185559,DLK1,0.0014783194187388072,0,0,0,0,0,0.012158615952232422,0
ENSG00000085788,DDHD2,0.0014783194187388072,0,0,0,0,0,0.012158615952232422,0
ENSG00000115705,TPO,0.0014783194187388072,0,0,0,0,0,0.012158615952232422,0
ENSG00000176171,BNIP3,0.0014783194187388072,0,0,0,0,0,0.012158615952232422,0
ENSG00000116984,MTR,0.0014783194187388072,0,0,0,0,0,0.012158615952232422,0
ENSG00000139193,CD27,0.0014783194187388072,0,0,0,0,0,0.012158615952232422,0
ENSG00000133048,CHI3L1,0.0014783194187388072,0,0,0,0,0,0.012158615952232422,0
ENSG00000162896,PIGR,0.0014783194187388072,0,0,0,0,0,0.012158615952232422,0
ENSG00000242265,PEG10,0.0014783194187388072,0,0,0,0,0,0.012158615952232422,0
ENSG00000051180,RAD51,0.0014783194187388072,0,0,0,0,0,0.012158615952232422,0
ENSG00000179583,CIITA,0.0014783194187388072,0,0,0,0,0,0.012158615952232422,0
ENSG00000138061,CYP1B1,0.0014783194187388072,0,0,0,0,0,0.012158615952232422,0
ENSG00000139618,BRCA2,0.0014783194187388072,0,0,0,0,0,0.012158615952232422,0
ENSG00000108771,DHX58,0.0014783194187388072,0,0,0,0,0,0.012158615952232422,0
ENSG00000251230,MIR3945HG,0.0014783194187388072,0,0,0,0,0,0.012158615952232422,0
ENSG00000198315,ZKSCAN8,0.0014783194187388072,0,0,0,0,0,0.012158615952232422,0
ENSG00000138796,HADH,0.0014783194187388072,0,0,0,0,0,0.012158615952232422,0
ENSG00000185010,F8,0.0014783194187388072,0,0,0,0,0,0.012158615952232422,0
ENSG00000026508,CD44,0.0014783194187388072,0,0,0,0,0,0.012158615952232422,0
ENSG00000275385,CCL18,0.0014783194187388072,0,0,0,0,0,0.012158615952232422,0
ENSG00000164024,METAP1,0.0014783194187388072,0,0,0,0,0,0.012158615952232422,0
ENSG00000138166,DUSP5,0.0014783194187388072,0,0,0,0,0,0.012158615952232422,0
ENSG00000092009,CMA1,0.0014783194187388072,0,0,0,0,0,0.012158615952232422,0
ENSG00000118985,ELL2,0.0014783194187388072,0,0,0,0,0,0.012158615952232422,0
ENSG00000167632,TRAPPC9,0.0014783194187388072,0,0,0,0,0,0.012158615952232422,0
ENSG00000173083,HPSE,0.0014783194187388072,0,0,0,0,0,0.012158615952232422,0
ENSG00000102265,TIMP1,0.0014783194187388072,0,0,0,0,0,0.012158615952232422,0
ENSG00000163531,NFASC,0.0014783194187388072,0,0,0,0,0,0.012158615952232422,0
ENSG00000087250,MT3,0.0014783194187388072,0,0,0,0,0,0.012158615952232422,0
ENSG00000177047,IFNW1,0.0014783194187388072,0,0,0,0,0,0.012158615952232422,0
ENSG00000196502,SULT1A1,0.0014783194187388072,0,0,0,0,0,0.012158615952232422,0
ENSG00000072518,MARK2,0.0014783194187388072,0,0,0,0,0,0.012158615952232422,0
ENSG00000119004,CYP20A1,0.0014783194187388072,0,0,0,0,0,0.012158615952232422,0
ENSG00000167674,HDGFL2,0.0014783194187388072,0,0,0,0,0,0.012158615952232422,0
ENSG00000157326,DHRS4,0.0014783194187388072,0,0,0,0,0,0.012158615952232422,0
ENSG00000163739,CXCL1,0.0014783194187388072,0,0,0,0,0,0.012158615952232422,0
ENSG00000120937,NPPB,0.0014783194187388072,0,0,0,0,0,0.012158615952232422,0
ENSG00000188004,SNHG28,0.0014783194187388072,0,0,0,0,0,0.012158615952232422,0
ENSG00000006740,ARHGAP44,0.0014783194187388072,0,0,0,0,0,0.012158615952232422,0
ENSG00000196776,CD47,0.0014783194187388072,0,0,0,0,0,0.012158615952232422,0
ENSG00000152672,CLEC4F,0.0014783194187388072,0,0,0,0,0,0.012158615952232422,0
ENSG00000120833,SOCS2,0.0014783194187388072,0,0,0,0,0,0.012158615952232422,0
ENSG00000126581,BECN1,0.0014783194187388072,0,0,0,0,0,0.012158615952232422,0
ENSG00000136807,CDK9,0.0014783194187388072,0,0,0,0,0,0.012158615952232422,0
ENSG00000175197,DDIT3,0.0014783194187388072,0,0,0,0,0,0.012158615952232422,0
ENSG00000176386,CDC26,0.0014783194187388072,0,0,0,0,0,0.012158615952232422,0
ENSG00000164715,LMTK2,0.0014783194187388072,0,0,0,0,0,0.012158615952232422,0
ENSG00000080824,HSP90AA1,0.0014783194187388072,0,0,0,0,0,0.012158615952232422,0
ENSG00000101916,TLR8,0.0014783194187388072,0,0,0,0,0,0.012158615952232422,0
ENSG00000130165,ELOF1,0.0014783194187388072,0,0,0,0,0,0.012158615952232422,0
ENSG00000104972,LILRB1,0.0014783194187388072,0,0,0,0,0,0.012158615952232422,0
ENSG00000178188,SH2B1,0.0014783194187388072,0,0,0,0,0,0.012158615952232422,0
ENSG00000142192,APP,0.0014783194187388072,0,0,0,0,0,0.012158615952232422,0
ENSG00000016082,ISL1,0.0014783194187388072,0,0,0,0,0,0.012158615952232422,0
ENSG00000101413,RPRD1B,0.0014783194187388072,0,0,0,0,0,0.012158615952232422,0
ENSG00000094841,UPRT,0.0014783194187388072,0,0,0,0,0,0.012158615952232422,0
ENSG00000114491,UMPS,0.0014783194187388072,0,0,0,0,0,0.012158615952232422,0
ENSG00000065485,PDIA5,0.0014783194187388072,0,0,0,0,0,0.012158615952232422,0
ENSG00000254986,DPP3,0.0014783194187388072,0,0,0,0,0,0.012158615952232422,0
ENSG00000188906,LRRK2,0.0014783194187388072,0,0,0,0,0,0.012158615952232422,0
ENSG00000185664,PMEL,0.0014783194187388072,0,0,0,0,0,0.012158615952232422,0
ENSG00000147889,CDKN2A,0.0014783194187388072,0,0,0,0,0,0.012158615952232422,0
ENSG00000055955,ITIH4,0.0014783194187388072,0,0,0,0,0,0.012158615952232422,0
ENSG00000182866,LCK,0.0014783194187388072,0,0,0,0,0,0.012158615952232422,0
ENSG00000135517,MIP,0.0014783194187388072,0,0,0,0,0,0.012158615952232422,0
ENSG00000155657,TTN,0.0014783194187388072,0,0,0,0,0,0.012158615952232422,0
ENSG00000131871,SELENOS,0.0014783194187388072,0,0,0,0,0,0.012158615952232422,0
ENSG00000104356,POP1,0.0014783194187388072,0,0,0,0,0,0.012158615952232422,0
ENSG00000149311,ATM,0.0014783194187388072,0,0,0,0,0,0.012158615952232422,0
ENSG00000107438,PDLIM1,0.0014783194187388072,0,0,0,0,0,0.012158615952232422,0
ENSG00000179148,ALOXE3,0.0014783194187388072,0,0,0,0,0,0.012158615952232422,0
ENSG00000133027,PEMT,0.0014783194187388072,0,0,0,0,0,0.012158615952232422,0
ENSG00000163104,SMARCAD1,0.0014783194187388072,0,0,0,0,0,0.012158615952232422,0
ENSG00000042088,TDP1,0.0014783194187388072,0,0,0,0,0,0.012158615952232422,0
ENSG00000116703,PDC,0.0014783194187388072,0,0,0,0,0,0.012158615952232422,0
ENSG00000164904,ALDH7A1,0.0014783194187388072,0,0,0,0,0,0.012158615952232422,0
ENSG00000139218,SCAF11,0.0014783194187388072,0,0,0,0,0,0.012158615952232422,0
ENSG00000175489,LRRC25,0.0014783194187388072,0,0,0,0,0,0.012158615952232422,0
ENSG00000137747,TMPRSS13,0.0014783194187388072,0,0,0,0,0,0.012158615952232422,0
