ensembl,symbol,score,genetic_association,somatic_mutation,known_drug,affected_pathway,rna_expression,literature,animal_model
ENSG00000082175,PGR,0.7000723479954489,0.6889367327584763,0,0,0,0,0.6421425377479397,0
ENSG00000091831,ESR1,0.6809497808039727,0.7430836496891213,0,0,0,0,0.8998450565977666,0
ENSG00000109163,GNRHR,0.5889605856478206,0,0,0,0,0,0.2196777980026775,0
ENSG00000128052,KDR,0.574806645961597,0.9009006930789416,0,0,0,0,0.6389473545220894,0
ENSG00000131808,FSHB,0.5601990942468495,0.882929717295689,0,0,0,0,0.771105101711009,0
ENSG00000196208,GREB1,0.5436475498657743,0.8681263449667626,0,0,0,0,0.5226518743542387,0
ENSG00000152219,ARL14EP,0.5429620909320547,0.8885997358616703,0,0,0,0,0.09063349851717063,0
ENSG00000146374,RSPO3,0.5427670089597746,0.8718388452398652,0,0,0,0,0.41943341032883785,0
ENSG00000169083,AR,0.5348879609137082,0,0,0,0,0,0.7066782842971135,0
ENSG00000028203,VEZT,0.5231317258749827,0.845362249871922,0,0,0,0,0.3029943235570192,0
ENSG00000151623,NR3C2,0.5093161653016698,0,0,0,0,0,0.07160800178107485,0
ENSG00000175164,ABO,0.49743170933675995,0.8094788766914364,0,0,0,0,0.17517027269862415,0
ENSG00000120262,CCDC170,0.49552273558809956,0.8111194363802913,0,0,0,0,0.07955674167655714,0
ENSG00000154240,CEP112,0.48301519472615045,0.792699526089751,0,0,0,0,0.03647584785669726,0
ENSG00000104381,GDAP1,0.4828205505566241,0.7881269597163554,0,0,0,0,0.121523677745903,0
ENSG00000115008,IL1A,0.480176891750581,0.7494412059850346,0,0,0,0,0.8082663924777629,0
ENSG00000070831,CDC42,0.4793297077238606,0.7801517282349049,0,0,0,0,0.16618487958747444,0
ENSG00000145819,ARHGAP26,0.47415619106898155,0.7799509301581692,0,0,0,0,0,0
ENSG00000172201,ID4,0.47352245209978416,0.7749558331410236,0,0,0,0,0.07905289069162998,0
ENSG00000050344,NFE2L3,0.4658177902675381,0.762367446079105,0,0,0,0,0.07734895842652716,0
ENSG00000162552,WNT4,0.46337436227679657,0.7419948600017383,0,0,0,0,0.4044156098197885,0
ENSG00000131018,SYNE1,0.4514279678710438,0.7298446498083861,0,0,0,0,0.2544015802732052,0
ENSG00000133392,MYH11,0.44904420757551033,0.733674634220062,0,0,0,0,0.09937979844289972,0
ENSG00000166949,SMAD3,0.44759424803401926,0.7000359560595782,0,0,0,0,0.7244518947360266,0
ENSG00000078403,MLLT10,0.4429885027212507,0.723033513607315,0,0,0,0,0.11297871756175254,0
ENSG00000173531,MST1,0.43564246498579234,0.69071296975458,0,0,0,0,0.5177161092684929,0
ENSG00000134259,NGF,0.4336207995465814,0.6622289730363644,0,0,0,0,0.7506948553041504,0
ENSG00000114861,FOXP1,0.4335851166776255,0.6929751892141528,0,0,0,0,0.4047880851551165,0
ENSG00000186047,DLEU7,0.4332513013381441,0.7126654925860959,0,0,0,0,0,0
ENSG00000135111,TBX3,0.42368627567220785,0.6950319679251616,0,0,0,0,0.037995674850726316,0
ENSG00000139083,ETV6,0.41628274783435154,0.6795860987675582,0,0,0,0,0.10334823559397559,0
ENSG00000198553,KCNRG,0.41502299865055214,0.68268131879657,0,0,0,0,0,0
ENSG00000180263,FGD6,0.41367327454175434,0.6712750374699251,0,0,0,0,0.18372175312821204,0
ENSG00000116183,PAPPA2,0.41102845513685093,0.6761105980346106,0,0,0,0,0,0
ENSG00000152422,XRCC4,0.4038414030671512,0.6464341066330884,0,0,0,0,0.357086729640446,0
ENSG00000140319,SRP14,0.40300293863879194,0.6592700914952949,0,0,0,0,0.0727828260473913,0
ENSG00000159216,RUNX1,0.3986171667124442,0.6531170066828831,0,0,0,0,0.0515592864241056,0
ENSG00000134533,RERG,0.3900244274421587,0.6338737890510131,0,0,0,0,0.15373556653601878,0
ENSG00000115414,FN1,0.3871354095609925,0.5961190756889697,0,0,0,0,0.8137855329282954,0
ENSG00000168036,CTNNB1,0.3856518177479098,0,0.607930797611621,0,0,0,0.5287431768994078,0
ENSG00000197959,DNM3,0.3835953527669733,0.6242979889429879,0,0,0,0,0.13374477547455663,0
ENSG00000268480,NFILZ,0.3749336959863134,0.6167374600189958,0,0,0,0,0,0
ENSG00000165061,ZMAT4,0.37309264158620625,0.6137090653277907,0,0,0,0,0,0
ENSG00000138039,LHCGR,0.36958682673323595,0,0,0,0,0,0.3343052639586891,0
ENSG00000108953,YWHAE,0.3695798546847018,0,0.607930797611621,0,0,0,0,0
ENSG00000188199,NUTM2B,0.3695798546847018,0,0.607930797611621,0,0,0,0,0
ENSG00000151490,PTPRO,0.36871768165138835,0.6048407787458612,0,0,0,0,0.03343619386863916,0
ENSG00000135547,HEY2,0.3660105676548328,0.5998558423331797,0,0,0,0,0.044074982826842524,0
ENSG00000136235,GPNMB,0.36420825104901805,0.5975750905194177,0,0,0,0,0.030396539880581056,0
ENSG00000184719,RNLS,0.36396267649330827,0.5986909660165419,0,0,0,0,0,0
ENSG00000172260,NEGR1,0.3537499015208432,0.5802199169810861,0,0,0,0,0.03343619386863916,0
ENSG00000184937,WT1,0.3494281780826894,0.5624833025735733,0,0,0,0,0.24599034414094867,0
ENSG00000143971,ETAA1,0.34805957053984743,0.5635724374699592,0,0,0,0,0.1791825365060452,0
ENSG00000165694,FRMD7,0.34330172380232404,0.5631854406960669,0,0,0,0,0.030396539880581056,0
ENSG00000120860,WASHC3,0.3337756893368836,0.535129247340425,0,0,0,0,0.27812833990731667,0
ENSG00000043143,JADE2,0.3316528457363873,0.544935817009462,0,0,0,0,0.012158615952232422,0
ENSG00000151090,THRB,0.32463723126421634,0.5276203213427979,0,0,0,0,0.12766546749844043,0
ENSG00000147324,MFHAS1,0.3234548556520163,0.5288670399296376,0,0,0,0,0.06383273374922022,0
ENSG00000139734,DIAPH3,0.31410660380965405,0.5160012273341045,0,0,0,0.013605696881331932,0,0
ENSG00000180999,C1orf105,0.3137116768765834,0.5160318873612969,0,0,0,0,0,0
ENSG00000171862,PTEN,0.3109934811746698,0.16041330490477,0.4559480982087158,0,0,0,0.6979156828997188,0
ENSG00000147883,CDKN2B,0.3109498880227303,0.5036597182578155,0,0,0,0,0.15658472300174298,0
ENSG00000113580,NR3C1,0.3102646150197789,0,0,0,0,0,0.1763764864672974,0
ENSG00000132549,VPS13B,0.30864654906408423,0.5058763443277665,0,0,0,0,0.03647584785669726,0
ENSG00000003436,TFPI,0.3071719597402399,0.5052745492530186,0,0,0,0,0,0
ENSG00000133703,KRAS,0.3050712125307364,0,0.4559480982087158,0,0,0,0.9174176280184229,0
ENSG00000117713,ARID1A,0.3049299644592125,0,0.4559480982087158,0,0,0,0.91277078097337,0
ENSG00000148400,NOTCH1,0.2994087527831232,0,0.4559480982087158,0,0,0,0.7311313016845934,0
ENSG00000118432,CNR1,0.2988009066850696,0,0,0,0,0,0.2889599231633519,0
ENSG00000170820,FSHR,0.2985908719575712,0,0,0,0,0,0.8302348093801035,0
ENSG00000100599,RIN3,0.29813346945755087,0.4904069190585975,0,0,0,0,0,0
ENSG00000115598,IL36R,0.29570496388005807,0.48458841939474806,0,0,0,0,0.03647584785669726,0
ENSG00000123096,SSPN,0.2954249761484308,0.485951653229393,0,0,0,0,0,0
ENSG00000162733,DDR2,0.2944627492200361,0,0.4559480982087158,0,0,0,0.5684152957668657,0
ENSG00000204977,TRIM13,0.2937560198361391,0.48320634682470265,0,0,0,0,0,0
ENSG00000134853,PDGFRA,0.2927979288561092,0,0.4559480982087158,0,0,0,0.12981855573998155,0
ENSG00000121879,PIK3CA,0.2927571945582138,0,0.4559480982087158,0,0,0,0.5123051375540256,0
ENSG00000104447,TRPS1,0.29132514304729723,0.4776879120970433,0,0,0,0,0.030396539880581056,0
ENSG00000142208,AKT1,0.28923377943143264,0,0.4559480982087158,0,0,0,0.3963901307597111,0
ENSG00000176399,DMRTA1,0.2891113734416504,0.47556625618817605,0,0,0,0,0,0
ENSG00000017427,IGF1,0.28773705410976347,0.431163734791105,0,0,0,0,0.842837409048934,0
ENSG00000076242,MLH1,0.2866424463214211,0,0.4559480982087158,0,0,0,0.3111392067995469,0
ENSG00000182704,TSKU,0.28641510449659663,0.47113109850962676,0,0,0,0,0,0
ENSG00000160867,FGFR4,0.28597462922970673,0,0.4559480982087158,0,0,0,0.2891690386706077,0
ENSG00000091583,APOH,0.28556451819808,0.46684427734756767,0,0,0,0,0.057753425773104,0
ENSG00000213047,DENND1B,0.28530419836820503,0.46930374228297067,0,0,0,0,0,0
ENSG00000147437,GNRH1,0.2849906023319494,0.4294709766107132,0,0,0,0,0.7863384800987334,0
ENSG00000162946,DISC1,0.28477828575846437,0.468438655974123,0,0,0,0,0,0
ENSG00000196712,NF1,0.2829441770823629,0,0.4559480982087158,0,0,0,0.18947176525562193,0
ENSG00000005339,CREBBP,0.28265836866140676,0,0.4559480982087158,0,0,0,0.18006910225256212,0
ENSG00000102974,CTCF,0.28213608046398775,0,0.4559480982087158,0,0,0,0.16288661373673366,0
ENSG00000134250,NOTCH2,0.2804777448576963,0,0.4559480982087158,0,0,0,0.10832989074107081,0
ENSG00000168685,IL7R,0.2801075490365871,0,0.4559480982087158,0,0,0,0.09615101042891798,0
ENSG00000135100,HNF1A,0.2791713827324566,0,0.4559480982087158,0,0,0,0.06535256074324927,0
ENSG00000198286,CARD11,0.27838602554125164,0,0.4559480982087158,0,0,0,0.03951550184475537,0
ENSG00000138696,BMPR1B,0.2782644291180543,0.4325977561626564,0,0,0,0.010037676577552536,0.49806081551660086,0
ENSG00000120498,TEX11,0.2775994849695744,0.4548062813921749,0,0,0,0,0.03647584785669726,0
ENSG00000184675,AMER1,0.27718489101352634,0,0.4559480982087158,0,0,0,0,0
ENSG00000196090,PTPRT,0.27718489101352634,0,0.4559480982087158,0,0,0,0,0
ENSG00000189079,ARID2,0.27718489101352634,0,0.4559480982087158,0,0,0,0,0
ENSG00000148219,ASTN2,0.26889118426143693,0.4413936841719901,0,0,0,0,0.01823792392834863,0
ENSG00000158321,AUTS2,0.2684981690236085,0.4416591001450458,0,0,0,0,0,0
ENSG00000156535,CD109,0.2675783706682908,0.4217561950659388,0,0,0,0,0.36779813255503074,0
ENSG00000139053,PDE6H,0.2674902701867617,0.05779849905273207,0,0,0,0,0,0
ENSG00000163110,PDLIM5,0.2668042497575938,0.43887273157699563,0,0,0,0,0,0
ENSG00000156973,PDE6D,0.26588370553083834,0.04722779158250628,0,0,0,0,0,0
ENSG00000184588,PDE4B,0.26351428618034534,0,0,0,0,0,0.15818865962852394,0
ENSG00000112038,OPRM1,0.263352757104132,0,0,0,0,0,0.15287459832918018,0
ENSG00000136104,RNASEH2B,0.2621304764267691,0.4311847293418949,0,0,0,0,0,0
ENSG00000082556,OPRK1,0.26166253711676885,0,0,0,0,0,0.09726892761785938,0
ENSG00000154678,PDE1C,0.25962984791600296,0,0,0,0,0,0.030396539880581056,0
ENSG00000161509,GRIN2C,0.25870589827929125,0,0,0,0,0,0,0
ENSG00000176884,GRIN1,0.25870589827929125,0,0,0,0,0,0,0
ENSG00000133256,PDE6B,0.25870589827929125,0,0,0,0,0,0,0
ENSG00000205268,PDE7A,0.25870589827929125,0,0,0,0,0,0,0
ENSG00000105464,GRIN2D,0.25870589827929125,0,0,0,0,0,0,0
ENSG00000116329,OPRD1,0.25870589827929125,0,0,0,0,0,0,0
ENSG00000123360,PDE1B,0.25870589827929125,0,0,0,0,0,0,0
ENSG00000128271,ADORA2A,0.25870589827929125,0,0,0,0,0,0,0
ENSG00000116032,GRIN3B,0.25870589827929125,0,0,0,0,0,0,0
ENSG00000065989,PDE4A,0.25870589827929125,0,0,0,0,0,0,0
ENSG00000160191,PDE9A,0.25870589827929125,0,0,0,0,0,0,0
ENSG00000171408,PDE7B,0.25870589827929125,0,0,0,0,0,0,0
ENSG00000115252,PDE1A,0.25870589827929125,0,0,0,0,0,0,0
ENSG00000113448,PDE4D,0.25870589827929125,0,0,0,0,0,0,0
ENSG00000112541,PDE10A,0.25870589827929125,0,0,0,0,0,0,0
ENSG00000186642,PDE2A,0.25870589827929125,0,0,0,0,0,0,0
ENSG00000198785,GRIN3A,0.25870589827929125,0,0,0,0,0,0,0
ENSG00000172572,PDE3A,0.25870589827929125,0,0,0,0,0,0,0
ENSG00000113231,PDE8B,0.25870589827929125,0,0,0,0,0,0,0
ENSG00000185527,PDE6G,0.25870589827929125,0,0,0,0,0,0,0
ENSG00000138735,PDE5A,0.25870589827929125,0,0,0,0,0,0,0
ENSG00000183454,GRIN2A,0.25870589827929125,0,0,0,0,0,0,0
ENSG00000170425,ADORA2B,0.25870589827929125,0,0,0,0,0,0,0
ENSG00000095464,PDE6C,0.25870589827929125,0,0,0,0,0,0,0
ENSG00000273079,GRIN2B,0.25870589827929125,0,0,0,0,0,0,0
ENSG00000073417,PDE8A,0.25870589827929125,0,0,0,0,0,0,0
ENSG00000132915,PDE6A,0.25870589827929125,0,0,0,0,0,0,0
ENSG00000105650,PDE4C,0.25870589827929125,0,0,0,0,0,0,0
ENSG00000152270,PDE3B,0.25870589827929125,0,0,0,0,0,0,0
ENSG00000144218,AFF3,0.2572458820468296,0.42254201169168487,0,0,0,0,0.012158615952232422,0
ENSG00000132394,EEFSEC,0.25717245639885117,0.41778575974440896,0,0,0,0,0.10486806258800463,0
ENSG00000197183,NOL4L,0.25264689003073026,0.41558494983854183,0,0,0,0,0,0
ENSG00000122565,CBX3,0.25235864653362816,0.41511081117303167,0,0,0,0,0,0
ENSG00000055208,TAB2,0.252262070341504,0.4143440198727056,0,0,0,0,0.012158615952232422,0
ENSG00000156650,KAT6B,0.25207645195971634,0.414646622526856,0,0,0,0,0,0
ENSG00000066827,ZFAT,0.250493079547644,0.4114341643417639,0,0,0,0,0.012158615952232422,0
ENSG00000171044,XKR6,0.24900707253954188,0.40784992540503545,0,0,0,0,0.03495602086266821,0
ENSG00000253293,HOXA10,0.2441477175459465,0.36070215342537376,0,0,0,0,0.818046060884559,0
ENSG00000118922,KLF12,0.23998066324292538,0.38745159046349686,0,0,0,0,0.14596756189987029,0
ENSG00000078114,NEBL,0.2393919786089953,0.3921432179630511,0,0,0,0.01901463651230305,0.024317231904464845,0
ENSG00000205835,GMNC,0.23934420768808407,0.3937030474988208,0,0,0,0,0,0
ENSG00000164330,EBF1,0.23320101167028073,0.3817741641286278,0,0,0,0,0.03647584785669726,0
ENSG00000254093,PINX1,0.22966134277593309,0.37777546996829914,0,0,0,0,0,0
ENSG00000169836,TACR3,0.2280996469609948,0.3732308238448951,0,0,0,0,0.03951550184475537,0
ENSG00000115616,SLC9A2,0.22775705804992497,0.3746430661922616,0,0,0,0,0,0
ENSG00000204022,LIPJ,0.2268586021458401,0.3731651744525856,0,0,0,0,0,0
ENSG00000137309,HMGA1,0.22521240836479728,0.3598390393895861,0,0,0,0,0.21236542587567953,0
ENSG00000064989,CALCRL,0.22468200418478715,0.36548130319860955,0,0,0,0,0.08207065767756885,0
ENSG00000104689,TNFRSF10A,0.2219915011513333,0.36196752620323597,0,0,0,0,0.06383273374922022,0
ENSG00000147697,GSDMC,0.22116021857649806,0.3637917661769574,0,0,0,0,0,0
ENSG00000121297,TSHZ3,0.21963052528953317,0.3612755368742562,0,0,0,0,0,0
ENSG00000293569,ENSG00000293569,0.21940312665303274,0.3609014833842968,0,0,0,0,0,0
ENSG00000145241,CENPC,0.21833777244113617,0.3591490566013767,0,0,0,0,0,0
ENSG00000122566,HNRNPA2B1,0.2151223797171804,0.341750477179498,0,0,0,0,0.242190050914286,0
ENSG00000232810,TNF,0.21458005298133417,0,0.3039653988058105,0,0,0,0.7098584267845538,0
ENSG00000125538,IL1B,0.2139386292484042,0.04776994712213008,0.3039653988058105,0,0,0,0.8527925876330178,0
ENSG00000138439,FAM117B,0.20979440205999303,0.34509586104900875,0,0,0,0,0,0
ENSG00000139687,RB1,0.20834502972515342,0,0.3039653988058105,0,0,0,0.7749270961544806,0
ENSG00000123095,BHLHE41,0.20815690318649072,0.342402299742466,0,0,0,0,0,0
ENSG00000136842,TMOD1,0.2053242924693264,0.3301437352315033,0,0,0,0,0.15198269940290526,0
ENSG00000119401,TRIM32,0.20380550696029034,0.3290639535896607,0,0,0,0,0.12361259551436293,0
ENSG00000077498,TYR,0.20320345525738404,0.3342542540297512,0,0,0,0,0,0
ENSG00000163697,APBB2,0.2012416254342173,0.3310271929384655,0,0,0,0,0,0
ENSG00000164919,COX6C,0.1992177533909031,0.3270901463084838,0,0,0,0,0.012158615952232422,0
ENSG00000124181,PLCG1,0.1991362994390899,0.09439477093841359,0.3039653988058105,0,0,0,0,0
ENSG00000020633,RUNX3,0.19640780431918745,0.3092221913870058,0,0,0,0,0.2770746572853237,0
ENSG00000180592,SKIDA1,0.19615061830047587,0.32204494198181194,0,0,0,0,0.012158615952232422,0
ENSG00000170298,LGALS9B,0.19288717022447652,0.3172847484981395,0,0,0,0,0,0
ENSG00000156110,ADK,0.1915058391448616,0.3109090308770479,0,0,0,0,0.08207065767756885,0
ENSG00000174695,TMEM167A,0.18867710770935212,0.3103595153438652,0,0,0,0,0,0
ENSG00000175792,RUVBL1,0.1881740265907743,0.30953198510431446,0,0,0,0,0,0
ENSG00000105568,PPP2R1A,0.18782477454899282,0,0.3039653988058105,0,0,0,0.09984186419128502,0
ENSG00000198719,DLL1,0.18742163458045089,0.3082943573787915,0,0,0,0,0,0
ENSG00000126785,RHOJ,0.18618571051105526,0.3024617886471112,0,0,0,0,0.07599134970145263,0
ENSG00000051382,PIK3CB,0.18614762000296342,0,0.3039653988058105,0,0,0,0.044666026657853825,0
ENSG00000147889,CDKN2A,0.18526648405323648,0.2923569905549659,0,0,0,0,0.247846157076445,0
ENSG00000107882,SUFU,0.1847899273423509,0,0.3039653988058105,0,0,0,0,0
ENSG00000171517,LPAR3,0.17923107447921946,0.2875425284274161,0,0,0,0.012235571925540156,0.1401415584227589,0
ENSG00000184661,CDCA2,0.1786328689372667,0.29383750525398944,0,0,0,0,0,0
ENSG00000066382,MPPED2,0.1778147352262124,0.29097191042870646,0,0,0,0,0.030396539880581056,0
ENSG00000128487,SPECC1,0.17684822894114086,0.29090190797361287,0,0,0,0,0,0
ENSG00000185551,NR2F2,0.17682299177962177,0.2779866112744306,0,0,0,0,0.25747566969638697,0
ENSG00000116147,TNR,0.1741722156756028,0.28650006934979033,0,0,0,0,0,0
ENSG00000147789,ZNF7,0.17138944318563515,0.2819226199083402,0,0,0,0,0,0
ENSG00000187514,PTMA,0.17007573331231135,0.2779378745279532,0,0,0,0,0.03647584785669726,0
ENSG00000227268,KLLN,0.16984948453567536,0.27938950486299324,0,0,0,0,0,0
ENSG00000143156,NME7,0.16788374316943333,0.2761560095803643,0,0,0,0,0,0
ENSG00000178573,MAF,0.16463408930561943,0.2662215425570502,0,0,0,0,0.09178066347275446,0
ENSG00000104081,BMF,0.1597649907407242,0.26188938212077467,0,0,0,0,0.01823792392834863,0
ENSG00000185009,AP3M1,0.15974348799701518,0.2627659079365608,0,0,0,0,0,0
ENSG00000108468,CBX1,0.15942356485818865,0.26071983167191837,0,0,0,0,0.030396539880581056,0
ENSG00000035720,STAP1,0.15695204722305942,0.25817419982615986,0,0,0,0,0,0
ENSG00000104756,KCTD9,0.15662336192372006,0.2576335374668409,0,0,0,0,0,0
ENSG00000152104,PTPN14,0.15521769652213807,0.2553213246177725,0,0,0,0,0,0
ENSG00000147457,CHMP7,0.1544796037056025,0.25410721798024843,0,0,0,0,0,0
ENSG00000125821,DTD1,0.14862463496663741,0.24447623899058793,0,0,0,0,0,0
ENSG00000143994,ABHD1,0.14860420425083654,0.24292280502043406,0,0,0,0,0.030396539880581056,0
ENSG00000289051,MLDHR,0.14583103538243805,0.2398809798012615,0,0,0,0,0,0
ENSG00000002919,SNX11,0.1438578096817543,0.23511534636275555,0,0,0,0,0.030396539880581056,0
ENSG00000183395,PMCH,0.14300207745774807,0.2352275588266964,0,0,0,0,0,0
ENSG00000140009,ESR2,0.13764334605895484,0,0,0,0,0,0.9157000033372548,0
ENSG00000111907,TPD52L1,0.13608395030952083,0.22384776498271533,0,0,0,0,0,0
ENSG00000010810,FYN,0.135849258547486,0.22346171485504146,0,0,0,0,0,0
ENSG00000184465,WDR27,0.1352466261893053,0.2224704303855784,0,0,0,0,0,0
ENSG00000197548,ATG7,0.13415680623588983,0.21557679774949284,0,0,0,0,0.10201923132253017,0
ENSG00000153310,CYRIB,0.1334172739536638,0.2176374924735027,0,0,0,0,0.03647584785669726,0
ENSG00000112584,FAM120B,0.13333365870413366,0.21932374413002578,0,0,0,0,0,0
ENSG00000196639,HRH1,0.1314749986141021,0.18785406811070648,0,0,0,0,0.5682464261008625,0
ENSG00000137869,CYP19A1,0.13127617331801208,0,0,0,0,0,0.8520951385749905,0
ENSG00000143603,KCNN3,0.13032890539627162,0.21438115309883138,0,0,0,0,0,0
ENSG00000086300,SNX10,0.12807390478169947,0.21067184831705132,0,0,0,0,0,0
ENSG00000140443,IGF1R,0.12715810818455817,0.1921406189642606,0,0,0,0,0.34049626979539027,0
ENSG00000141293,SKAP1,0.12658039265741136,0.20091464531378697,0,0,0,0,0.1460097793163711,0
ENSG00000185480,PARPBP,0.12555791974864378,0.20562134778780483,0,0,0,0,0.01823792392834863,0
ENSG00000143153,ATP1B1,0.12408397728146386,0.20228492815389978,0,0,0,0,0.03647584785669726,0
ENSG00000058262,SEC61A1,0.12340103036514079,0.20298532472766087,0,0,0,0,0,0
ENSG00000165704,HPRT1,0.11929829217607023,0.19441283954744135,0,0,0,0,0.03647584785669726,0
ENSG00000154978,VOPP1,0.11717038421624144,0.1927363849250095,0,0,0,0,0,0
ENSG00000120279,MYCT1,0.11665863051492237,0.1918945889453855,0,0,0,0,0,0
ENSG00000112715,VEGFA,0.11606902197693911,0,0,0,0,0,0.9546236383560406,0
ENSG00000104899,AMH,0.11569318064563491,0,0,0,0,0,0.9515324861000539,0
ENSG00000119899,SLC17A5,0.114173363207567,0.18780651293884126,0,0,0,0,0,0
ENSG00000117475,BLZF1,0.11410438113452112,0.18769304266670356,0,0,0,0,0,0
ENSG00000105329,TGFB1,0.11374454001498573,0,0,0,0,0,0.9355056567446008,0
ENSG00000136244,IL6,0.11288067346597483,0,0,0,0,0,0.928400682359319,0
ENSG00000176697,BDNF,0.11116640934328935,0,0,0,0,0,0.9143015107971912,0
ENSG00000137033,IL33,0.11113744573456362,0,0,0,0,0,0.9140632961119055,0
ENSG00000174697,LEP,0.11097931605983435,0,0,0,0,0,0.9127627395736406,0
ENSG00000175329,ISX,0.11049523279979588,0.1817562677099083,0,0,0,0,0,0
ENSG00000198734,F5,0.11043815895781864,0.17737098518634256,0,0,0,0,0.08582800774614067,0
ENSG00000151491,EPS8,0.11038062760000941,0.18156775085858787,0,0,0,0,0,0
ENSG00000118785,SPP1,0.11029184504378166,0,0,0,0,0.021040631969187866,0.9018483934833433,0
ENSG00000172179,PRL,0.11000004370431939,0,0,0,0,0,0.9047085962454671,0
ENSG00000102755,FLT1,0.10951151801254054,0,0,0,0,0,0.7582068772167178,0
ENSG00000181143,MUC16,0.10933211844744381,0,0,0,0,0,0.8992151645958479,0
ENSG00000132170,PPARG,0.10892426290977192,0,0,0,0,0,0.8198693579457242,0
ENSG00000113916,BCL6,0.10831363708909457,0,0,0,0,0,0.8908385421056688,0
ENSG00000096717,SIRT1,0.10802976959641901,0,0,0,0,0,0.8885038397531082,0
ENSG00000149295,DRD2,0.10770696337744756,0,0,0,0,0,0.23355007097855188,0
ENSG00000112115,IL17A,0.10744725333160522,0,0,0,0,0,0.8837128646363488,0
ENSG00000164548,TRA2A,0.10691936188943399,0.17587423158933269,0,0,0,0,0,0
ENSG00000186577,SMIM29,0.10679183237716368,0.17566445522535948,0,0,0,0,0,0
ENSG00000106462,EZH2,0.10602981659762553,0,0,0,0,0,0.8720549856512047,0
ENSG00000183955,KMT5A,0.10587221776359304,0.1741517590152258,0,0,0,0,0,0
ENSG00000153563,CD8A,0.10459516999100121,0,0,0,0,0,0.8602555619975534,0
ENSG00000168772,CXXC4,0.1034053254724767,0.1700939085151228,0,0,0,0,0,0
ENSG00000170965,PLAC1,0.10334724136115335,0.1699983645625026,0,0,0,0,0,0
ENSG00000168610,STAT3,0.10327391594674824,0,0,0,0,0,0.8493887491181618,0
ENSG00000145354,CISD2,0.10288034908146412,0.16923036221499282,0,0,0,0,0,0
ENSG00000134184,GSTM1,0.10231142344352656,0,0,0,0,0,0.8414726137043694,0
ENSG00000039068,CDH1,0.10205029345056828,0,0,0,0,0,0.8393249186543392,0
ENSG00000136634,IL10,0.10202070902936106,0,0,0,0,0,0.8390815980220939,0
ENSG00000073756,PTGS2,0.10196100215785446,0,0,0,0,0,0.8005948568218656,0
ENSG00000188389,PDCD1,0.10191744500945338,0,0,0,0,0,0.8382322906641402,0
ENSG00000019991,HGF,0.10121792334403906,0,0,0,0,0,0.8324789905503566,0
ENSG00000119772,DNMT3A,0.10079192505816406,0,0,0,0,0,0.8289753163858904,0
ENSG00000141510,TP53,0.10077621087238102,0,0,0,0,0,0.8288460731739593,0
ENSG00000198793,MTOR,0.10046259740310207,0,0,0,0,0,0.8262667214573572,0
ENSG00000113520,IL4,0.1001746120412724,0,0,0,0,0,0.823898151194417,0
ENSG00000120217,CD274,0.09842613864574953,0,0,0,0,0,0.8095176213512829,0
ENSG00000132693,CRP,0.09820128487655518,0,0,0,0,0,0.80766828446888,0
ENSG00000168961,LGALS9,0.09819749650630441,0,0,0,0,0,0.8076371265618809,0
ENSG00000007171,NOS2,0.0972700551610417,0,0,0,0,0,0.8000092736145855,0
ENSG00000169607,CKAP2L,0.09687222969184019,0.15934746203420241,0,0,0,0,0,0
ENSG00000104332,SFRP1,0.09660653520077916,0.1545915730633813,0,0,0,0,0.08637683416065116,0
ENSG00000130600,H19,0.09647564491040476,0,0,0,0,0,0.7934755509132686,0
ENSG00000106004,HOXA5,0.09639933311127682,0.15218630969275784,0,0,0,0,0.12766546749844043,0
ENSG00000108691,CCL2,0.09619519798598292,0,0,0,0,0,0.7911689814359231,0
ENSG00000196371,FUT4,0.0959151908913802,0,0,0,0,0,0.7888660293918519,0
ENSG00000120708,TGFBI,0.09550816388525925,0,0,0,0,0.01815359580877382,0.7809799878484289,0
ENSG00000111912,NCOA7,0.09520258403339145,0.15660102170742793,0,0,0,0,0,0
ENSG00000087245,MMP2,0.09504302359051768,0,0,0,0,0,0.7816927844740996,0
ENSG00000140853,NLRC5,0.09491206673364849,0,0,0,0,0,0.7806157140461522,0
ENSG00000145321,GC,0.09478393668188219,0,0,0,0,0,0.7795618930169356,0
ENSG00000185122,HSF1,0.09468162379022295,0,0,0,0,0,0.7787204083277145,0
ENSG00000100462,PRMT5,0.09462927921488597,0,0,0,0,0,0.7782898940689976,0
ENSG00000100292,HMOX1,0.09462470222702607,0.03077398967607342,0,0,0,0,0.7397847629864827,0
ENSG00000228630,HOTAIR,0.09456053415978032,0,0,0,0,0,0.7777244920908801,0
ENSG00000089685,BIRC5,0.09447714046088997,0,0,0,0,0,0.7770386105792181,0
ENSG00000083444,PLOD1,0.09402125772918492,0,0,0,0,0,0.7732891481938933,0
ENSG00000179299,NSUN7,0.093497157458227,0.15379572448961207,0,0,0,0,0,0
ENSG00000107485,GATA3,0.09341879802135616,0.14126520802741832,0,0,0,0,0.24803242277232665,0
ENSG00000132554,RGS22,0.09317175589961352,0.15326046363444257,0,0,0,0,0,0
ENSG00000163599,CTLA4,0.09295496547765256,0,0,0,0,0,0.7645192992594297,0
ENSG00000130024,PHF10,0.0928823981960474,0.15278449218390427,0,0,0,0,0,0
ENSG00000109320,NFKB1,0.0927914069448247,0,0,0,0,0,0.7631740924244543,0
ENSG00000171759,PAH,0.09277686347531354,0.15261089558187574,0,0,0,0,0,0
ENSG00000141646,SMAD4,0.09267510597962761,0,0,0,0,0,0.7622175611411731,0
ENSG00000101144,BMP7,0.09255922138436863,0,0,0,0,0,0.7612644543425521,0
ENSG00000100985,MMP9,0.0920415141686494,0,0,0,0,0,0.7570065090488348,0
ENSG00000165819,METTL3,0.09198049213153234,0,0,0,0,0,0.7565046259615098,0
ENSG00000026103,FAS,0.09192019278407605,0,0,0,0,0,0.7560086867222642,0
ENSG00000146648,EGFR,0.09187556870545495,0.03314214714056922,0,0,0,0,0.6232423420986674,0
ENSG00000164107,HAND2,0.09169567859252481,0,0,0,0,0,0.75416214273705,0
ENSG00000100097,LGALS1,0.09109916887967828,0,0,0,0,0,0.7492560768230508,0
ENSG00000154764,WNT7A,0.09104028243581401,0.14119899218199525,0,0,0,0,0.17110718907777084,0
ENSG00000180914,OXTR,0.09088813219432364,0,0,0,0,0,0.5583583303909535,0
ENSG00000107562,CXCL12,0.0903745884125892,0,0,0,0,0,0.743296677579455,0
ENSG00000149968,MMP3,0.0899400028063535,0,0,0,0,0,0.7397223759653317,0
ENSG00000128342,LIF,0.0896148718607865,0,0,0,0,0,0.7370482973790488,0
ENSG00000005073,HOXA11,0.08959578445383197,0,0,0,0,0,0.7368913107036779,0
ENSG00000154229,PRKCA,0.08954673465564938,0.1457777519531995,0,0,0,0,0.030396539880581056,0
ENSG00000163104,SMARCAD1,0.08916784159903426,0.1466743286396217,0,0,0,0,0,0
ENSG00000170458,CD14,0.08913119915705559,0,0,0,0,0,0.7330702730247054,0
ENSG00000135077,HAVCR2,0.08882461523492179,0,0,0,0,0,0.7305487366644955,0
ENSG00000177000,MTHFR,0.08878417815175497,0,0,0,0,0,0.7302161570080142,0
ENSG00000182718,ANXA2,0.08854800598985703,0,0,0,0,0,0.7282737306428277,0
ENSG00000103599,IQCH,0.08843647393457323,0.1454712843665986,0,0,0,0,0,0
ENSG00000109991,P2RX3,0.08805367983462224,0,0,0,0,0,0.7242080856946128,0
ENSG00000164867,NOS3,0.08758452637723599,0,0,0,0,0,0.7203494766289968,0
ENSG00000066468,FGFR2,0.08755932976512601,0,0,0,0,0,0.7201422440606768,0
ENSG00000099810,MTAP,0.08692244926849162,0.14298082875548337,0,0,0,0,0,0
ENSG00000135845,PIGC,0.0864838018872164,0.1422592871211419,0,0,0,0,0,0
ENSG00000037965,HOXC8,0.0864488208089279,0.13619842927716433,0,0,0,0,0.12006633252829517,0
ENSG00000172349,IL16,0.08632532130464618,0,0,0,0,0,0.7099929929836803,0
ENSG00000026508,CD44,0.08616917570354805,0,0,0,0,0,0.7087087546977473,0
ENSG00000121966,CXCR4,0.08604982775432089,0,0,0,0,0,0.7077271631276538,0
ENSG00000129226,CD68,0.08602601293072121,0,0,0,0,0,0.7075312952452134,0
ENSG00000162711,NLRP3,0.08598349820848958,0,0,0,0,0,0.707181627796232,0
ENSG00000130816,DNMT1,0.08593224776462174,0,0,0,0,0,0.7067601123534449,0
ENSG00000185127,C6orf120,0.08580652421036439,0.1411452167705151,0,0,0,0,0,0
ENSG00000251562,MALAT1,0.08573303247206733,0,0,0,0,0,0.7051216422073602,0
ENSG00000164850,GPER1,0.08573001532723928,0,0,0,0,0,0.7050968273366555,0
ENSG00000080007,DDX43,0.08566165324481474,0.14090691503268768,0,0,0,0,0,0
ENSG00000154162,CDH12,0.08552960722612413,0,0,0,0,0,0.7034485467930269,0
ENSG00000166866,MYO1A,0.08544097740487303,0.14054392003258456,0,0,0,0,0,0
ENSG00000157404,KIT,0.08528326238547648,0.04529150446225311,0,0,0,0,0.6448080734295228,0
ENSG00000157227,MMP14,0.08522663919217552,0,0,0,0,0,0.7009567497403123,0
ENSG00000125845,BMP2,0.08508806021491006,0,0,0,0,0,0.699816990265962,0
ENSG00000214049,UCA1,0.08464077100202543,0,0,0,0,0,0.6961382063102723,0
ENSG00000185909,KLHDC8B,0.08460268302538111,0.1391649894326128,0,0,0,0,0,0
ENSG00000184752,NDUFA12,0.08454392566392308,0.06992871404927514,0,0,0,0,0,0
ENSG00000148053,NTRK2,0.08425931637861649,0,0,0,0,0,0.6930008868578975,0
ENSG00000240972,MIF,0.08378124962629231,0,0,0,0,0,0.6890689693254879,0
ENSG00000187605,TET3,0.0837285122056947,0,0,0,0,0,0.6886352240636522,0
ENSG00000163297,ANTXR2,0.08370737322038706,0,0,0,0,0,0.6884613639352404,0
ENSG00000182979,MTA1,0.08365481075216524,0,0,0,0,0,0.6880290575902722,0
ENSG00000087088,BAX,0.08360449151647638,0,0,0,0,0,0.6876152009812097,0
ENSG00000166333,ILK,0.08337340418650778,0,0,0,0,0,0.6857145954281066,0
ENSG00000129214,SHBG,0.08322935892562851,0,0,0,0,0,0.6845298778463917,0
ENSG00000102245,CD40LG,0.08308803905143146,0,0,0,0,0,0.6833675755354031,0
ENSG00000067560,RHOA,0.08288504753797492,0,0,0,0,0,0.6816980474060991,0
ENSG00000136231,IGF2BP3,0.08285474521336038,0.13218623157429998,0,0,0,0,0.08207065767756885,0
ENSG00000198900,TOP1,0.08259893245564331,0.1323733698101232,0,0,0,0,0.06991204172533642,0
ENSG00000196411,EPHB4,0.08255490004019526,0,0,0,0,0,0.6789827095824793,0
ENSG00000137462,TLR2,0.08255451437404991,0,0,0,0,0,0.6789795376248579,0
ENSG00000163735,CXCL5,0.08236602426437908,0,0,0,0,0,0.6774292780360087,0
ENSG00000145113,MUC4,0.08236421495816848,0,0,0,0,0,0.6774143971793577,0
ENSG00000107643,MAPK8,0.08227080632335336,0,0,0,0,0,0.2748613960416766,0
ENSG00000136689,IL1RN,0.08226201851464528,0,0,0,0,0,0.6765738702318441,0
ENSG00000142627,EPHA2,0.08186193781266143,0,0,0,0,0,0.6732833583548703,0
ENSG00000170498,KISS1,0.08160182897556247,0,0,0,0,0,0.6711440619240852,0
ENSG00000100644,HIF1A,0.0815193347715091,0,0,0,0,0,0.6704655784159502,0
ENSG00000189403,HMGB1,0.08139639571790186,0,0,0,0,0,0.6694544513757489,0
ENSG00000139292,LGR5,0.08133247928651098,0,0,0,0,0,0.6689287629944236,0
ENSG00000177885,GRB2,0.08132810024478355,0,0,0,0,0,0.6688927470387865,0
ENSG00000172059,KLF11,0.08132440874449591,0,0,0,0,0,0.668862385850456,0
ENSG00000182752,PAPPA,0.08126759080746936,0.11226946641765645,0,0,0,0,0.42819099120776527,0
ENSG00000065320,NTN1,0.08115047703231418,0,0,0,0,0,0.6674318635536332,0
ENSG00000168439,STIP1,0.08098253050990999,0,0,0,0,0,0.6660505671703606,0
ENSG00000064205,CCN5,0.08093716688738374,0,0,0,0,0,0.665677468598085,0
ENSG00000111275,ALDH2,0.08091745596180054,0,0,0,0,0,0.6655153537187218,0
ENSG00000123178,SPRYD7,0.08060848006277203,0.13259482885134086,0,0,0,0,0,0
ENSG00000130303,BST2,0.07997026325341391,0,0,0,0,0,0.6577250533086434,0
ENSG00000125498,KIR2DL1,0.07984132559669255,0,0,0,0,0,0.6566645900352911,0
ENSG00000160856,FCRL3,0.07979141082445612,0,0,0,0,0,0.656254059984564,0
ENSG00000204525,HLA-C,0.07959721483839717,0,0,0,0,0,0.654656871728747,0
ENSG00000114268,PFKFB4,0.0795701320693333,0,0,0,0,0,0.65443412623559,0
ENSG00000179348,GATA2,0.07951067402476825,0,0,0,0,0,0.653945106393211,0
ENSG00000160712,IL6R,0.07948370110861443,0,0,0,0,0,0.6537232643985319,0
ENSG00000091879,ANGPT2,0.07946881047554015,0,0,0,0,0,0.6536007945949556,0
ENSG00000117155,SSX2IP,0.07946449986613449,0.13071306829383678,0,0,0,0,0,0
ENSG00000156006,NAT2,0.0793582394363361,0,0,0,0,0,0.6526913897775123,0
ENSG00000105171,POP4,0.07913407098244968,0.12895367627544208,0,0,0,0,0.024317231904464845,0
ENSG00000169432,SCN9A,0.0790438914206906,0,0,0,0,0,0.16870079633722487,0
ENSG00000167633,KIR3DL1,0.07900211174037447,0,0,0,0,0,0.6497623746876307,0
ENSG00000166483,WEE1,0.07872252834833868,0,0,0,0,0,0.6474629074363071,0
ENSG00000163131,CTSS,0.07865275274114929,0,0,0,0,0,0.6468890295585658,0
ENSG00000101076,HNF4A,0.0785878482416729,0,0,0,0,0,0.6463552146923723,0
ENSG00000240498,CDKN2B-AS1,0.07842689898241996,0,0,0,0,0,0.6450314681418993,0
ENSG00000183695,MRGPRX2,0.07835092919315678,0,0,0,0,0,0.6444066454683184,0
ENSG00000177575,CD163,0.07814513095750628,0,0,0,0,0,0.6427140331145847,0
ENSG00000117650,NEK2,0.0781311091858714,0,0,0,0,0.014917200985594172,0.6388694091200725,0
ENSG00000168356,SCN11A,0.07809042672613944,0,0,0,0,0,0.13733325587712522,0
ENSG00000001617,SEMA3F,0.07793849869114407,0.1237647641079162,0,0,0,0,0.08876296254127675,0
ENSG00000162892,IL24,0.07774276501005895,0,0,0,0,0,0.6394047259613026,0
ENSG00000196591,HDAC2,0.07762501101597698,0,0,0,0,0,0.6384362440671086,0
ENSG00000164733,CTSB,0.07759123726963824,0,0,0,0,0,0.6381584678261989,0
ENSG00000023228,NDUFS1,0.07751937452011622,0,0,0,0,0,0.11854650553426611,0
ENSG00000138207,RBP4,0.07751691065441832,0,0,0,0,0,0.6375471596352672,0
ENSG00000167468,GPX4,0.07740839273702478,0,0,0,0,0,0.6366546409652158,0
ENSG00000184786,DYNLT2,0.07739437580610647,0.1273078714060316,0,0,0,0,0,0
ENSG00000110848,CD69,0.07736602285025544,0,0,0,0,0,0.6363061647329227,0
ENSG00000160323,ADAMTS13,0.07726025797755393,0,0,0,0,0,0.6354362888102268,0
ENSG00000124216,SNAI1,0.07718961598059425,0,0,0,0,0,0.6348552852055632,0
ENSG00000074181,NOTCH3,0.07687527896225736,0,0,0,0,0,0.6322699825726662,0
ENSG00000128016,ZFP36,0.07674181957028789,0,0,0,0,0,0.6311723297436453,0
ENSG00000155090,KLF10,0.07672375122183663,0,0,0,0,0,0.6310237244375625,0
ENSG00000163737,PF4,0.07648967140979296,0,0,0,0,0,0.6290985068555341,0
ENSG00000124391,IL17C,0.0764876307591214,0,0,0,0,0,0.6290817232785253,0
ENSG00000205189,ZBTB10,0.07618478060042144,0,0,0,0,0,0.6265908957049777,0
ENSG00000182168,UNC5C,0.07615198559985621,0.11987729150978889,0,0,0,0,0.10773884691005951,0
ENSG00000117472,TSPAN1,0.07610265174382484,0,0,0,0,0,0.6259154170409649,0
ENSG00000120899,PTK2B,0.07594352708416893,0,0,0,0,0,0.6246066771294398,0
ENSG00000101336,HCK,0.07592812792355706,0,0,0,0,0,0.6244800248799373,0
ENSG00000130921,MTRFR,0.07591311933626514,0.12487131698954085,0,0,0,0,0,0
ENSG00000157368,IL34,0.07576387021036386,0,0,0,0,0,0.6231290675519116,0
ENSG00000167770,OTUB1,0.07576387021036386,0,0,0,0,0,0.6231290675519116,0
ENSG00000143995,MEIS1,0.07574333799621472,0,0,0,0,0,0.6229601978859083,0
ENSG00000130948,HSD17B3,0.07571253967499099,0,0,0,0,0,0.6227068933869035,0
ENSG00000198788,MUC2,0.07567831815411802,0,0,0,0,0,0.6224254343704545,0
ENSG00000066044,ELAVL1,0.07557908028302153,0,0,0,0,0,0.6216092405578825,0
ENSG00000044524,EPHA3,0.07537375814153001,0,0,0,0,0,0.6199205438978502,0
ENSG00000081237,PTPRC,0.07520144703418757,0,0,0,0,0,0.6185033504605429,0
ENSG00000115159,GPD2,0.07502471050099448,0,0,0,0,0,0.03647584785669726,0
ENSG00000144476,ACKR3,0.0750157310327816,0,0,0,0,0,0.616975906858939,0
ENSG00000131788,PIAS3,0.07491178332317414,0,0,0,0,0,0.6161209764127775,0
ENSG00000198786,MT-ND5,0.07483992057365212,0,0,0,0,0,0.030396539880581056,0
ENSG00000185238,PRMT3,0.07483992057365212,0,0,0,0,0,0.6155299325817664,0
ENSG00000148795,CYP17A1,0.07480739802441873,0,0,0,0,0,0.6152624469620119,0
ENSG00000119535,CSF3R,0.07479372309181653,0,0,0,0,0,0.028876712886552,0
ENSG00000131142,CCL25,0.07467400771258363,0,0,0,0,0,0.6141653622908689,0
ENSG00000254647,INS,0.07458913205564931,0,0,0,0,0,0.6134672922369435,0
ENSG00000103196,CRISPLD2,0.07454220346848942,0,0,0,0,0,0.6130813224247194,0
ENSG00000106538,RARRES2,0.07452160560712498,0,0,0,0,0,0.6129119128352944,0
ENSG00000162645,GBP2,0.07449379807188737,0,0,0,0,0.019009635215623887,0.607930797611621,0
ENSG00000050748,MAPK9,0.07447034071896741,0,0,0,0,0,0.01823792392834863,0
ENSG00000106819,ASPN,0.07447034071896741,0,0,0,0,0,0.6124902785937083,0
ENSG00000134640,MTNR1B,0.07447034071896741,0,0,0,0,0,0.01823792392834863,0
ENSG00000198888,MT-ND1,0.07447034071896741,0,0,0,0,0,0.01823792392834863,0
ENSG00000168412,MTNR1A,0.07447034071896741,0,0,0,0,0,0.01823792392834863,0
ENSG00000184983,NDUFA6,0.07428555079162506,0,0,0,0,0,0.012158615952232422,0
ENSG00000183873,SCN5A,0.07391597093694036,0,0,0,0,0,0,0
ENSG00000099795,NDUFB7,0.07391597093694036,0,0,0,0,0,0,0
ENSG00000168653,NDUFS5,0.07391597093694036,0,0,0,0,0,0,0
ENSG00000198695,MT-ND6,0.07391597093694036,0,0,0,0,0,0,0
ENSG00000136531,SCN2A,0.07391597093694036,0,0,0,0,0,0,0
ENSG00000145494,NDUFS6,0.07391597093694036,0,0,0,0,0,0,0
ENSG00000185313,SCN10A,0.07391597093694036,0,0,0,0,0,0,0
ENSG00000196876,SCN8A,0.07391597093694036,0,0,0,0,0,0,0
ENSG00000213190,MLLT11,0.07391597093694036,0,0,0,0,0,0.607930797611621,0
ENSG00000185633,COXFA4L2,0.07391597093694036,0,0,0,0,0,0,0
ENSG00000109339,MAPK10,0.07391597093694036,0,0,0,0,0,0,0
ENSG00000198840,MT-ND3,0.07391597093694036,0,0,0,0,0,0,0
ENSG00000267855,NDUFA7,0.07391597093694036,0,0,0,0,0,0,0
ENSG00000198763,MT-ND2,0.07391597093694036,0,0,0,0,0,0,0
ENSG00000147123,NDUFB11,0.07391597093694036,0,0,0,0,0,0,0
ENSG00000007314,SCN4A,0.07391597093694036,0,0,0,0,0,0,0
ENSG00000198886,MT-ND4,0.07391597093694036,0,0,0,0,0,0,0
ENSG00000174886,NDUFA11,0.07391597093694036,0,0,0,0,0,0,0
ENSG00000151366,NDUFC2,0.07391597093694036,0,0,0,0,0,0,0
ENSG00000198742,SMURF1,0.07391597093694036,0,0,0,0,0,0.607930797611621,0
ENSG00000158864,NDUFS2,0.07391597093694036,0,0,0,0,0,0,0
ENSG00000178127,NDUFV2,0.07391597093694036,0,0,0,0,0,0,0
ENSG00000131495,NDUFA2,0.07391597093694036,0,0,0,0,0,0,0
ENSG00000119421,NDUFA8,0.07391597093694036,0,0,0,0,0,0,0
ENSG00000165264,NDUFB6,0.07391597093694036,0,0,0,0,0,0,0
ENSG00000109390,NDUFC1,0.07391597093694036,0,0,0,0,0,0,0
ENSG00000136546,SCN7A,0.07391597093694036,0,0,0,0,0,0,0
ENSG00000125356,NDUFA1,0.07391597093694036,0,0,0,0,0,0,0
ENSG00000178057,NDUFAF3,0.07391597093694036,0,0,0,0,0,0,0
ENSG00000128609,NDUFA5,0.07391597093694036,0,0,0,0,0,0,0
ENSG00000137806,NDUFAF1,0.07391597093694036,0,0,0,0,0,0,0
ENSG00000166136,NDUFB8,0.07391597093694036,0,0,0,0,0,0,0
ENSG00000065518,NDUFB4,0.07391597093694036,0,0,0,0,0,0,0
ENSG00000110717,NDUFS8,0.07391597093694036,0,0,0,0,0,0,0
ENSG00000119013,NDUFB3,0.07391597093694036,0,0,0,0,0,0,0
ENSG00000170906,NDUFA3,0.07391597093694036,0,0,0,0,0,0,0
ENSG00000164258,NDUFS4,0.07391597093694036,0,0,0,0,0,0,0
ENSG00000189043,COXFA4,0.07391597093694036,0,0,0,0,0,0,0
ENSG00000153253,SCN3A,0.07391597093694036,0,0,0,0,0,0,0
ENSG00000139180,NDUFA9,0.07391597093694036,0,0,0,0,0,0,0
ENSG00000140990,NDUFB10,0.07391597093694036,0,0,0,0,0,0,0
ENSG00000160194,NDUFV3,0.07391597093694036,0,0,0,0,0,0,0
ENSG00000144285,SCN1A,0.07391597093694036,0,0,0,0,0,0,0
ENSG00000213619,NDUFS3,0.07391597093694036,0,0,0,0,0,0,0
ENSG00000167792,NDUFV1,0.07391597093694036,0,0,0,0,0,0,0
ENSG00000212907,MT-ND4L,0.07391597093694036,0,0,0,0,0,0,0
ENSG00000136521,NDUFB5,0.07391597093694036,0,0,0,0,0,0,0
ENSG00000147684,NDUFB9,0.07391597093694036,0,0,0,0,0,0,0
ENSG00000004779,NDUFAB1,0.07391597093694036,0,0,0,0,0,0,0
ENSG00000123545,NDUFAF4,0.07391597093694036,0,0,0,0,0,0,0
ENSG00000183648,NDUFB1,0.07391597093694036,0,0,0,0,0,0,0
ENSG00000115286,NDUFS7,0.07391597093694036,0,0,0,0,0,0,0
ENSG00000090266,NDUFB2,0.07391597093694036,0,0,0,0,0,0,0
ENSG00000130414,NDUFA10,0.07391597093694036,0,0,0,0,0,0,0
ENSG00000186010,NDUFA13,0.07391597093694036,0,0,0,0,0,0,0
ENSG00000164182,NDUFAF2,0.07391597093694036,0,0,0,0,0,0,0
ENSG00000049130,KITLG,0.07375675938800962,0,0,0,0,0,0.6066213430687993,0
ENSG00000169554,ZEB2,0.07344176961589186,0,0,0,0,0,0.6040306717838829,0
ENSG00000153162,BMP6,0.0730819523982019,0,0,0,0,0,0.60107131177857,0
ENSG00000131203,IDO1,0.07295373818927842,0,0,0,0,0,0.6000167985886874,0
ENSG00000142082,SIRT3,0.07283657986837618,0,0,0,0,0,0.59905321588024,0
ENSG00000197223,C1D,0.07271629742588699,0.11961278769157221,0,0,0,0,0,0
ENSG00000150782,IL18,0.07213505257622088,0,0,0,0,0,0.5932834202479789,0
ENSG00000146476,DCPH1,0.07209601122868267,0.11859246399742605,0,0,0,0,0,0
ENSG00000164404,GDF9,0.07209348671396205,0,0,0,0,0,0.5929415568120244,0
ENSG00000155906,RMND1,0.071680484802492,0.11608516218571793,0,0,0,0,0.03647584785669726,0
ENSG00000103811,CTSH,0.0713905085965949,0,0,0,0,0,0.587159828693224,0
ENSG00000183087,GAS6,0.07088191308137709,0,0,0,0,0,0.5829768236767326,0
ENSG00000130203,APOE,0.07081829246652165,0,0,0,0,0,0.5824535682740997,0
ENSG00000110195,FOLR1,0.07043739006069925,0,0,0,0,0.013176769765966318,0.5760265981602247,0
ENSG00000037280,FLT4,0.07031256735376451,0,0,0,0,0,0.03343619386863916,0
ENSG00000162670,BRINP3,0.07025141918578794,0.11555825015245949,0,0,0,0,0,0
ENSG00000168646,AXIN2,0.06961705187326908,0.11299493709881463,0,0,0,0,0.030396539880581056,0
ENSG00000184371,CSF1,0.06926306168957792,0,0,0,0,0,0.5696623856012217,0
ENSG00000010610,CD4,0.06922645326610553,0,0,0,0,0,0.5693612952171171,0
ENSG00000165841,CYP2C19,0.06915294564451879,0,0,0,0,0,0.5687567229378747,0
ENSG00000196689,TRPV1,0.0691374627636465,0,0,0,0,0,0.568629382121016,0
ENSG00000135297,MTO1,0.06902939616975037,0.11354811508307573,0,0,0,0,0,0
ENSG00000175387,SMAD2,0.06900474660652596,0,0,0,0,0,0.5675378421164469,0
ENSG00000090339,ICAM1,0.06884535033363628,0,0,0,0,0,0.5662268682891962,0
ENSG00000275385,CCL18,0.06874185297135454,0,0,0,0,0,0.5653756417788076,0
ENSG00000152092,ASTN1,0.06870217407212105,0.11300985957946433,0,0,0,0,0,0
ENSG00000010165,METTL13,0.06853618796897247,0.11273682504362458,0,0,0,0,0,0
ENSG00000143799,PARP1,0.06820401208730063,0,0,0,0,0,0.5609521047070971,0
ENSG00000126581,BECN1,0.06791133779575778,0,0,0,0,0,0.5585449697774909,0
ENSG00000204217,BMPR2,0.06747265654878037,0.09216265059693829,0,0,0,0,0.3764949203541969,0
ENSG00000154832,CXXC1,0.06726353355261573,0,0,0,0,0,0.5532170258265752,0
ENSG00000211584,SLC48A1,0.06726353355261573,0,0,0,0,0,0.5532170258265752,0
ENSG00000153071,DAB2,0.06701757100546649,0.11023881545195366,0,0,0,0,0,0
ENSG00000111424,VDR,0.06697183467768943,0,0,0,0,0,0.5508179133283081,0
ENSG00000141736,ERBB2,0.06696113829765919,0,0,0,0,0,0.37912736581956086,0
ENSG00000164761,TNFRSF11B,0.0665750695560797,0,0,0,0,0,0.5475546708410999,0
ENSG00000139352,ASCL1,0.0662951958786899,0.10905056322059019,0,0,0,0,0,0
ENSG00000110799,VWF,0.06614866163976454,0,0,0,0,0,0.5440476276217862,0
ENSG00000138685,FGF2,0.06608132876981089,0,0,0,0,0,0.5434938403303857,0
ENSG00000214274,ANG,0.06581957570694205,0,0,0,0,0,0.5413410207668993,0
ENSG00000148346,LCN2,0.06565662263818094,0,0,0,0,0,0.5400007936439989,0
ENSG00000012223,LTF,0.06532015023907332,0,0,0,0,0,0.5372334359083035,0
ENSG00000075188,NUP37,0.06518755086439582,0.10722857127899799,0,0,0,0,0,0
ENSG00000180530,NRIP1,0.06518731605785366,0,0,0,0,0,0.5361409252003286,0
ENSG00000158683,PKD1L1,0.0650632364392933,0.10702408348928426,0,0,0,0,0,0
ENSG00000188107,EYS,0.06494118656016672,0.10682332070574692,0,0,0,0,0,0
ENSG00000137801,THBS1,0.06487359165597066,0,0,0,0,0,0.5335606611051757,0
ENSG00000204475,NCR3,0.06480110510970814,0,0,0,0,0,0.532964486782808,0
ENSG00000180900,SCRIB,0.06477400258703127,0,0,0,0,0,0.5327415788236838,0
ENSG00000145850,TIMD4,0.06467647456982281,0,0,0,0,0,0.5319394479101685,0
ENSG00000174306,ZHX3,0.06456167653082048,0.10619905552484604,0,0,0,0,0,0
ENSG00000164136,IL15,0.06449579668394627,0,0,0,0,0,0.5304534408959953,0
ENSG00000164078,MST1R,0.06432063872787469,0,0,0,0,0,0.5290128332087412,0
ENSG00000109819,PPARGC1A,0.06424731268437753,0,0,0,0,0,0.5284097543403464,0
ENSG00000070081,NUCB2,0.06400917760997545,0,0,0,0,0,0.5264511837650635,0
ENSG00000188379,IFNA2,0.06397589143714051,0,0,0,0,0,0.526177417631108,0
ENSG00000103126,AXIN1,0.06395196000925543,0,0,0,0,0,0.5259805907226909,0
ENSG00000174600,CMKLR1,0.06394758096752799,0,0,0,0,0,0.5259445747670538,0
ENSG00000099250,NRP1,0.0638708733940679,0,0,0,0,0,0.5253136840985645,0
ENSG00000145777,TSLP,0.06379462104657745,0,0,0,0,0,0.5246865374908418,0
ENSG00000197919,IFNA1,0.06361202607492585,0,0,0,0,0,0.5231847631740202,0
ENSG00000227418,PCGEM1,0.0635677350057687,0,0,0,0,0,0.5228204859459941,0
ENSG00000155760,FZD7,0.06335365524640543,0,0,0,0,0,0.5210597612039319,0
ENSG00000111328,CDK2AP1,0.0632184780144874,0.10398959595870774,0,0,0,0,0,0
ENSG00000114013,CD86,0.06319557211032392,0,0,0,0,0,0.5197595874283758,0
ENSG00000169429,CXCL8,0.06317020010365165,0,0,0,0,0,0.5195509123063722,0
ENSG00000232388,SMIM26,0.06316535586242283,0.1039022140522913,0,0,0,0,0,0
ENSG00000138798,EGF,0.06278093418783541,0,0,0,0,0,0.5163493479396256,0
ENSG00000058085,LAMC2,0.0627053820115044,0,0,0,0,0,0.5157279599738585,0
ENSG00000198400,NTRK1,0.06222435096471988,0,0,0,0,0,0.5117716622449529,0
ENSG00000149294,NCAM1,0.06216957955260591,0,0,0,0,0,0.5113211881751315,0
ENSG00000105880,DLX5,0.06213705032385593,0,0,0,0,0,0.5110536476188892,0
ENSG00000197405,C5AR1,0.06205861726580618,0,0,0,0,0,0.5104085654947569,0
ENSG00000157764,BRAF,0.06194499182416115,0,0,0,0,0,0.5094740393768875,0
ENSG00000113494,PRLR,0.06183860449843409,0,0,0,0,0,0.5085990440143806,0
ENSG00000167601,AXL,0.06180956709517403,0,0,0,0,0,0.5083602223970671,0
ENSG00000150907,FOXO1,0.061612562122543464,0,0,0,0,0.010136168975710153,0.5042058890492465,0
ENSG00000182578,CSF1R,0.06160818396119459,0,0,0,0,0,0.2030232974784024,0
ENSG00000170558,CDH2,0.06149588140775394,0,0,0,0,0,0.505780276713673,0
ENSG00000175344,CHRNA7,0.061424787815021906,0,0,0,0,0,0.5051955589052372,0
ENSG00000101558,VAPA,0.06135523753055558,0.10092470684426916,0,0,0,0,0,0
ENSG00000077782,FGFR1,0.061168943855980144,0,0,0,0,0,0.5030913394772455,0
ENSG00000064012,CASP8,0.06112790165927426,0,0,0,0,0,0.5027537829916462,0
ENSG00000121858,TNFSF10,0.06104962259283062,0,0,0,0,0,0.5021099673900088,0
ENSG00000091513,TF,0.06089750236855576,0,0,0,0,0,0.5008588363001504,0
ENSG00000132793,LPIN3,0.060157510883057826,0.09895453745623475,0,0,0,0,0,0
ENSG00000131016,AKAP12,0.060123162469216895,0.09707424453081316,0,0,0,0,0.03647584785669726,0
ENSG00000100234,TIMP3,0.059944291263184776,0,0,0,0,0,0.4930190368598533,0
ENSG00000130826,DKC1,0.0598719364589217,0,0,0,0,0,0.4924239460654131,0
ENSG00000137693,YAP1,0.05961556546633771,0,0,0,0,0,0.49031539198663304,0
ENSG00000120088,CRHR1,0.05928857880917401,0,0,0,0,0,0.4876260508770172,0
ENSG00000117533,VAMP4,0.05924506802276156,0.09745363823566396,0,0,0,0,0,0
ENSG00000163739,CXCL1,0.05923450464896404,0,0,0,0,0,0.4871813114393838,0
ENSG00000204531,POU5F1,0.05922076517914032,0,0,0,0,0,0.48706830951648655,0
ENSG00000109471,IL2,0.059211090874701014,0,0,0,0,0,0.48698874203547293,0
ENSG00000141448,GATA6,0.059087715303960626,0,0,0,0,0,0.4859740248075822,0
ENSG00000094975,SUCO,0.058958451775274014,0.09698217627220762,0,0,0,0,0,0
ENSG00000102096,PIM2,0.05865888067624655,0,0,0,0,0,0.482447022808351,0
ENSG00000145423,SFRP2,0.0586065235301662,0,0,0,0,0,0.4820164051600426,0
ENSG00000234741,GAS5,0.05853734253922694,0,0,0,0,0,0.4814474177752032,0
ENSG00000106366,SERPINE1,0.05848276827571346,0,0,0,0,0,0.4809985651777704,0
ENSG00000162869,PPP1R21,0.058465479789704906,0,0,0,0,0,0.48085637394419195,0
ENSG00000160791,CCR5,0.05839907122406508,0,0,0,0,0,0.4803101887048462,0
ENSG00000170500,LONRF2,0.05825982856427095,0.09583299413873496,0,0,0,0,0,0
ENSG00000130385,BMP15,0.058237161568366363,0,0,0,0,0,0.478978543258236,0
ENSG00000075891,PAX2,0.058189937475823315,0,0,0,0,0,0.47859014302642866,0
ENSG00000138376,BARD1,0.058188294898691394,0,0,0,0,0,0.4785766334531484,0
ENSG00000008018,PSMB1,0.05807138124207822,0.08488422364491424,0,0,0,0,0.21277577916406737,0
ENSG00000109255,NMU,0.057974513723098704,0.09475574209223586,0,0,0,0,0.012158615952232422,0
ENSG00000182871,COL18A1,0.057921258297233456,0,0,0,0,0,0.4763803587907441,0
ENSG00000113721,PDGFRB,0.05784621779354496,0,0,0,0,0,0.07926032371792577,0
ENSG00000125787,GNRH2,0.05771476461034314,0,0,0,0,0,0.4746820266146019,0
ENSG00000069275,NUCKS1,0.05767252567926473,0,0,0,0,0,0.47433462744314725,0
ENSG00000123728,RAP2C,0.057389188672156755,0.09136120363853652,0,0,0,0,0.06079307976116211,0
ENSG00000130726,TRIM28,0.05726434526197962,0,0,0,0,0,0.4709774984830031,0
ENSG00000281398,SNHG4,0.057215055377278314,0,0,0,0,0,0.470572107895004,0
ENSG00000136869,TLR4,0.057049455553850374,0,0,0,0,0,0.4692101122198503,0
ENSG00000178568,ERBB4,0.05690092659473731,0,0,0,0,0.012614676799941832,0.04255515583281347,0
ENSG00000049449,RCN1,0.05672697500520936,0.09331156642840392,0,0,0,0,0,0
ENSG00000160255,ITGB2,0.056708948869245115,0,0,0,0,0,0.46640957401761574,0
ENSG00000186468,RPS23,0.05665666201327367,0.09319590689575329,0,0,0,0,0,0
ENSG00000181092,ADIPOQ,0.05650071394671658,0,0,0,0,0,0.46469692083943637,0
ENSG00000146469,VIP,0.05631247732755481,0.07727582175550406,0,0,0,0,0.30707854934504936,0
ENSG00000125968,ID1,0.056308499924707434,0,0,0,0,0,0.46311603348544556,0
ENSG00000133639,BTG1,0.05617613791207468,0,0,0,0,0,0.462027406184832,0
ENSG00000171345,KRT19,0.055864290462646765,0,0,0,0,0.010724059068590395,0.45678156454386043,0
ENSG00000204632,HLA-G,0.055743718524894986,0,0,0,0,0,0.4584709209000057,0
ENSG00000134352,IL6ST,0.05566426981333636,0,0,0,0,0,0.4578174854113715,0
ENSG00000122025,FLT3,0.05543697820270527,0,0,0,0,0,0,0
ENSG00000111537,IFNG,0.05543378574272373,0,0,0,0,0,0.4559218414374346,0
ENSG00000011028,MRC2,0.05532405102488494,0,0,0,0,0,0.45501931504569804,0
ENSG00000147571,CRH,0.05517812689328165,0,0,0,0,0,0.4538191444656206,0
ENSG00000141295,SCRN2,0.05512999651886609,0.09068465808189916,0,0,0,0,0,0
ENSG00000012048,BRCA1,0.05507320365643522,0,0,0,0,0,0.45295619067829285,0
ENSG00000135046,ANXA1,0.05492381589938009,0,0,0,0,0,0.4517275330938932,0
ENSG00000011465,DCN,0.05483752763987748,0,0,0,0,0,0.45101784492016017,0
ENSG00000188013,MEIS3P2,0.0547910342289516,0.09012709085344787,0,0,0,0,0,0
ENSG00000089225,TBX5,0.05472997641847341,0.09002665539152017,0,0,0,0,0,0
ENSG00000137672,TRPC6,0.05460367183382908,0.07512301125654822,0,0,0,0,0.29391765367861844,0
ENSG00000001626,CFTR,0.05452666991765935,0,0,0,0,0,0.44846115817687127,0
ENSG00000122786,CALD1,0.05435164536278118,0,0,0,0,0,0.44702164766378505,0
ENSG00000115602,IL33R,0.05434300297672351,0,0,0,0,0,0.44695056731967664,0
ENSG00000164430,CGAS,0.054284503266966676,0.0748217555069731,0,0,0,0,0.28944260752953294,0
ENSG00000137077,CCL21,0.054176444770542724,0,0,0,0,0,0.44558068931024575,0
ENSG00000204256,BRD2,0.054144899720501814,0,0,0,0,0,0.44532124325022676,0
ENSG00000101439,CST3,0.053958658783966454,0,0,0,0,0,0.44378948225648335,0
ENSG00000056972,TRAF3IP2,0.053786008243139775,0.08847389942152786,0,0,0,0,0,0
ENSG00000140465,CYP1A1,0.05377104881409673,0,0,0,0,0,0.44224646148333946,0
ENSG00000163794,UCN,0.05358983936491693,0,0,0,0,0,0.4407560825628134,0
ENSG00000134709,HOOK1,0.053589078929281754,0,0,0,0,0,0.44074982826842524,0
ENSG00000104369,JPH1,0.053433684771862916,0.08789435406429143,0,0,0,0,0,0
ENSG00000006210,CX3CL1,0.053372084090590396,0,0,0,0,0,0.43896512810564464,0
ENSG00000177954,RPS27,0.053219499074597054,0,0,0,0,0,0.4377101742803672,0
ENSG00000196586,MYO6,0.053219499074597054,0,0,0,0,0,0.4377101742803672,0
ENSG00000140945,CDH13,0.05319013800836378,0,0,0,0,0,0.43746869065798266,0
ENSG00000012232,EXTL3,0.0530347091472547,0,0,0,0,0,0.43619034728633804,0
ENSG00000165471,MBL2,0.05295662620768659,0,0,0,0,0,0.43554814475378933,0
ENSG00000133048,CHI3L1,0.052678998148910375,0,0,0,0,0,0.43326475937615316,0
ENSG00000170365,SMAD1,0.052604969905112986,0,0,0,0,0,0.4326559051768905,0
ENSG00000275152,CCL16,0.05248033936522765,0,0,0,0,0,0.43163086630425096,0
ENSG00000134242,PTPN22,0.05245586553311136,0,0,0,0,0,0.43142957832696427,0
ENSG00000121022,COPS5,0.052275017223736155,0,0,0,0,0,0.42994216964421866,0
ENSG00000133110,POSTN,0.0522271868256177,0,0,0,0,0,0.4295487827792468,0
ENSG00000115590,IL1R2,0.052175125362594804,0,0,0,0,0,0.42912059701182537,0
ENSG00000125798,FOXA2,0.0521431056739849,0,0,0,0,0,0.42885724722978025,0
ENSG00000152766,ANKRD22,0.05211220389274781,0.08572061836228914,0,0,0,0,0,0
ENSG00000119888,EPCAM,0.052031497221829474,0,0,0,0,0,0.4279393100846817,0
ENSG00000135679,MDM2,0.05179130983530453,0,0,0,0,0,0.4259638600213803,0
ENSG00000127951,FGL2,0.051769514111384085,0,0,0,0,0,0.4257845984672192,0
ENSG00000224259,LINC01133,0.05174117965585824,0,0,0,0,0,0.42555155832813474,0
ENSG00000137076,TLN1,0.05172721775023682,0,0,0,0,0,0.42543672695525253,0
ENSG00000104375,STK3,0.051650538009577994,0.08435328224258566,0,0,0,0,0.012158615952232422,0
ENSG00000136273,HUS1,0.05152233048770483,0.08475032140191073,0,0,0,0,0,0
ENSG00000116478,HDAC1,0.05142837068616588,0,0,0,0,0,0.42297882331519165,0
ENSG00000172197,MBOAT1,0.05140338255548602,0.07695552611535098,0,0,0,0,0.15198269940290526,0
ENSG00000125618,PAX8,0.05121096767065071,0,0,0,0,0,0.4211907660530058,0
ENSG00000101200,AVP,0.05119707598090577,0,0,0,0,0,0.4210765121790492,0
ENSG00000134873,CLDN10,0.051061152723238405,0,0,0,0,0,0.4199585949901078,0
ENSG00000101460,MAP1LC3A,0.05095697016861318,0,0,0,0,0,0.41910173303283804,0
ENSG00000147465,STAR,0.05086916459593095,0,0,0,0,0,0.41837956553427413,0
ENSG00000125398,SOX9,0.05083086890704107,0,0,0,0,0,0.418064598032707,0
ENSG00000115009,CCL20,0.050659655784839434,0,0,0,0,0,0.4166564351063157,0
ENSG00000164283,ESM1,0.05059917790488253,0,0,0,0,0,0.41615902750503525,0
ENSG00000140718,FTO,0.0505920871081314,0,0,0,0,0,0.41610070839388824,0
ENSG00000204520,MICA,0.050451128070123794,0,0,0,0,0,0.4149413738235605,0
ENSG00000198910,L1CAM,0.05042792666813525,0,0,0,0,0,0.41475055110097686,0
ENSG00000179750,APOBEC3B,0.050336160241631914,0,0,0,0,0,0.41399580708353384,0
ENSG00000102871,TRADD,0.05022179580882115,0,0,0,0,0,0.4130552030438959,0
ENSG00000135318,NT5E,0.04996435258311912,0,0,0,0,0,0.41093783025480995,0
ENSG00000092820,EZR,0.04984425750193839,0,0,0,0,0,0.40995009380805864,0
ENSG00000134121,CHL1,0.04979370000839535,0,0,0,0,0,0.40953427761860356,0
ENSG00000100075,SLC25A1,0.04952370052775004,0,0,0,0,0,0.40731363439978613,0
ENSG00000137558,PI15,0.04951083613784202,0.0805427037643813,0,0,0,0.01797724342020516,0,0
ENSG00000111911,HINT3,0.04927106898879989,0.0789194093898399,0,0,0,0,0.04255515583281348,0
ENSG00000145839,IL9,0.049270211487963754,0,0,0,0,0,0.4052287832885892,0
ENSG00000108175,ZMIZ1,0.04915412067306534,0,0,0,0,0,0.404273980411728,0
ENSG00000113600,C9,0.04908710917646727,0.08013663646122095,0,0,0,0,0.012158615952232422,0
ENSG00000078098,FAP,0.04904119349524501,0,0,0,0,0,0.40334519724871026,0
ENSG00000122691,TWIST1,0.04887692710885049,0,0,0,0,0,0.4019941685868964,0
ENSG00000196549,MME,0.04882977868716945,0,0,0,0,0,0.40160639071919946,0
ENSG00000146674,IGFBP3,0.04863808953530774,0,0,0,0,0,0.4000298202228962,0
ENSG00000138185,ENTPD1,0.04859092203895415,0,0,0,0,0,0.39964188547325946,0
ENSG00000110092,CCND1,0.04794902579504797,0,0,0,0,0,0.39436253257299514,0
ENSG00000196923,PDLIM7,0.04786059118166888,0,0,0,0,0,0.3936351914535246,0
ENSG00000188486,H2AX,0.04774606308488968,0,0,0,0,0.01646995387762958,0.38857575287047647,0
ENSG00000007062,PROM1,0.047622006853255766,0,0,0,0,0,0.39167292593456715,0
ENSG00000197442,MAP3K5,0.04756287407650621,0,0,0,0,0,0.3911865812964778,0
ENSG00000116678,LEPR,0.04749534950051058,0,0,0,0,0,0.39063121729566624,0
ENSG00000164690,SHH,0.04742941468453673,0,0,0,0,0,0.3900889284674568,0
ENSG00000142789,CELA3A,0.04729035999648365,0.07596525889766297,0,0,0,0,0.03647584785669726,0
ENSG00000049768,FOXP3,0.04727743659787381,0,0,0,0,0,0.3888389664054919,0
ENSG00000151665,PIGF,0.04718302811474693,0,0,0,0,0,0.3880624924754181,0
ENSG00000109332,UBE2D3,0.04707325938400867,0.0774319372680994,0,0,0,0,0,0
ENSG00000166289,PLEKHF1,0.047030218793173956,0.07736113876438185,0,0,0,0,0,0
ENSG00000170345,FOS,0.04702316913848845,0,0,0,0,0,0.3867477130886317,0
ENSG00000089250,NOS1,0.04684937963482324,0,0,0,0,0,0.3853183604028657,0
ENSG00000116288,PARK7,0.04680318215298766,0,0,0,0,0,0.38493840365435844,0
ENSG00000184584,STING1,0.04664328462540685,0,0,0,0,0,0.3836233071975825,0
ENSG00000197956,S100A6,0.046578798059528095,0,0,0,0,0,0.3830929296765545,0
ENSG00000006453,BAIAP2L1,0.04656706169027242,0,0,0,0,0,0.3829964024953213,0
ENSG00000138336,TET1,0.046532969019518866,0,0,0,0,0,0.3827160032221844,0
ENSG00000148773,MKI67,0.0464355245270575,0,0,0,0,0.015497965691403142,0.37804006784515176,0
ENSG00000137673,MMP7,0.04631025739089669,0,0,0,0,0,0.38088428463269086,0
ENSG00000132329,RAMP1,0.0462515488355561,0,0,0,0,0,0.38040142905462804,0
ENSG00000106546,AHR,0.04614375197807054,0,0,0,0,0,0.37951484082855796,0
ENSG00000138061,CYP1B1,0.045969039453628825,0,0,0,0,0,0.3780778966473444,0
ENSG00000093010,COMT,0.04591213285682158,0,0,0,0,0,0.3776098614940769,0
ENSG00000180871,CXCR2,0.04590460031003775,0,0,0,0,0,0.3775479091566281,0
ENSG00000166741,NNMT,0.04586084126575882,0,0,0,0,0.01324226840034705,0.37387744053114697,0
ENSG00000122861,PLAU,0.04578275371981393,0,0,0,0,0,0.3765457672129848,0
ENSG00000154553,PDLIM3,0.04576711405627818,0,0,0,0,0,0.37641713691824413,0
ENSG00000162595,DIRAS3,0.045622579839411516,0,0,0,0,0,0.3752283978591728,0
ENSG00000103591,AAGAB,0.045573421836923506,0.07496481839046137,0,0,0,0,0,0
ENSG00000085117,CD82,0.045517454902967866,0,0,0,0,0,0.3743637851692362,0
ENSG00000117408,IPO13,0.045458322126218316,0,0,0,0,0,0.37387744053114697,0
ENSG00000104918,RETN,0.04540177488241641,0,0,0,0,0,0.37341236091991437,0
ENSG00000154582,ELOC,0.045375057170168126,0.0746385235760932,0,0,0,0,0,0
ENSG00000035403,VCL,0.04529320195734295,0.07282041626612983,0,0,0,0,0.03366923400772362,0
ENSG00000170099,SERPINA6,0.04525299998472682,0,0,0,0,0,0.3721887438711147,0
ENSG00000136997,MYC,0.04523448241372605,0,0,0,0,0,0.37203644388011636,0
ENSG00000118777,ABCG2,0.045217068609965806,0,0,0,0,0,0.371893221955609,0
ENSG00000152661,GJA1,0.04521605166010741,0,0,0,0,0,0.3718848579291245,0
ENSG00000172724,CCL19,0.04519920558365605,0,0,0,0,0,0.3717463053461863,0
ENSG00000123358,NR4A1,0.04502260626053997,0,0,0,0,0,0.3702938429622284,0
ENSG00000185019,UBOX5,0.04497006607375153,0,0,0,0,0,0.3698617198735901,0
ENSG00000102265,TIMP1,0.04484313833426543,0,0,0,0,0,0.3688177874064018,0
ENSG00000175806,MSRA,0.04477423661800453,0.07365021938995221,0,0,0,0,0,0
ENSG00000164399,IL3,0.04471916241684891,0,0,0,0,0,0.36779813255503074,0
ENSG00000148516,ZEB1,0.044554496283323405,0,0,0,0,0,0.3664438161248348,0
ENSG00000123349,PFDN5,0.04434958256216421,0,0,0,0,0,0.36475847856697263,0
ENSG00000243244,STON1,0.04434958256216421,0,0,0,0,0,0.36475847856697263,0
ENSG00000186810,CXCR3,0.04433116540925302,0,0,0,0,0,0.36460700447663574,0
ENSG00000150873,CIMIP5,0.04430003761581009,0.07287019803874345,0,0,0,0,0,0
ENSG00000185591,SP1,0.04424452798433869,0,0,0,0,0,0.36389444454995745,0
ENSG00000008517,IL32,0.04408799760677335,0,0,0,0,0,0.36260704162366797,0
ENSG00000147099,HDAC8,0.04402640551145659,0,0,0,0,0,0.3621004700240818,0
ENSG00000185896,LAMP1,0.04401080102870324,0,0,0,0,0,0.3619721290779194,0
ENSG00000172757,CFL1,0.043964174046469635,0,0,0,0,0,0.3615886398517049,0
ENSG00000130669,PAK4,0.04389931110587334,0,0,0,0,0,0.3610551667915217,0
ENSG00000175606,TMEM70,0.04386690304405561,0.07215772455745885,0,0,0,0,0,0
ENSG00000078401,EDN1,0.04384731501388766,0,0,0,0,0,0.36062751867606224,0
ENSG00000026652,AGPAT4,0.043795212780137156,0,0,0,0,0,0.36019899758488544,0
ENSG00000019582,CD74,0.04375178540127513,0,0,0,0,0,0.3598418238816231,0
ENSG00000166863,TAC3,0.04372668077432382,0.06872615022165031,0,0,0,0,0.06401838699223233,0
ENSG00000186951,PPARA,0.04366988290442416,0,0,0,0,0,0.35916820694057705,0
ENSG00000189143,CLDN4,0.043620265744843054,0,0,0,0,0,0.35876012464094664,0
ENSG00000169876,MUC17,0.043589890638645656,0,0,0,0,0,0.35851030092485314,0
ENSG00000110492,MDK,0.04349179122689775,0,0,0,0,0,0.35770347050818974,0
ENSG00000111341,MGP,0.043307515312530014,0.06485430084022276,0,0,0,0,0.12766546749844043,0
ENSG00000214819,CDRT15L2,0.0432939206081919,0.07121521195879664,0,0,0,0,0,0
ENSG00000105699,LSR,0.043271641319333844,0,0,0,0,0,0.3558928211018032,0
ENSG00000159212,CLIC6,0.04326881135958425,0.07117390915146019,0,0,0,0,0,0
ENSG00000118260,CREB1,0.043265844578115935,0,0,0,0,0,0.3558451451061086,0
ENSG00000185483,ROR1,0.0432408429981101,0,0,0,0,0,0.3556395166027983,0
ENSG00000145451,GLRA3,0.0432408429981101,0,0,0,0,0,0.3556395166027983,0
ENSG00000204516,MICB,0.043127915820289776,0,0,0,0,0,0.35471073343978055,0
ENSG00000164920,OSR2,0.04307141862847017,0.06864546395607775,0,0,0,0,0.044074982826842524,0
ENSG00000145192,AHSG,0.043063485747873324,0,0,0,0,0,0.35418082055603145,0
ENSG00000115884,SDC1,0.0430278341526791,0,0,0,0,0,0.35388759972123995,0
ENSG00000143499,SMYD2,0.04283349500052988,0.0692419852005139,0,0,0,0,0.024317231904464845,0
ENSG00000063438,AHRR,0.042719828286830595,0,0,0,0,0,0.3513543684138397,0
ENSG00000117632,STMN1,0.04250168328874071,0,0,0,0,0,0.34956020862668213,0
ENSG00000124785,NRN1,0.04250168328874071,0,0,0,0,0,0.34956020862668213,0
ENSG00000005421,PON1,0.04244154251901765,0,0,0,0,0,0.3490655736290859,0
ENSG00000113525,IL5,0.04241742731155179,0,0,0,0,0,0.34886723520339175,0
ENSG00000125571,IL37,0.042394647681998424,0,0,0,0,0,0.3486798813989549,0
ENSG00000131669,NINJ1,0.04237849000384581,0,0,0,0,0,0.34854699063066275,0
ENSG00000203724,C1orf53,0.042351448489733844,0.06966491688876442,0,0,0,0,0,0
ENSG00000143125,PROK1,0.042346007435803835,0,0,0,0,0,0.34827983384102823,0
ENSG00000164305,CASP3,0.042252315317915706,0,0,0,0,0,0.347509251743064,0
ENSG00000156508,EEF1A1,0.04223105359965135,0.06946687643653615,0,0,0,0,0,0
ENSG00000124875,CXCL6,0.04216290175527973,0,0,0,0,0,0.34677385913762887,0
ENSG00000084207,GSTP1,0.04216213511738886,0,0,0,0,0,0.34676755383204244,0
ENSG00000182993,C12orf60,0.042138360709138435,0.0693144036701011,0,0,0,0,0,0
ENSG00000135899,SP110,0.042132103434056004,0,0,0,0,0,0.34652055463862397,0
ENSG00000139567,ACVRL1,0.04194731350671365,0,0,0,0,0,0.34500072764459494,0
ENSG00000173432,SAA1,0.041926781292564504,0,0,0,0,0,0.3448318579785918,0
ENSG00000079557,AFM,0.04183192246319543,0,0,0,0,0,0.3440516801216568,0
ENSG00000112208,BAG2,0.04176252357937131,0,0,0,0,0,0.34348090065056597,0
ENSG00000185499,MUC1,0.0415904554271265,0,0,0,0,0,0.34206570542669495,0
ENSG00000113578,FGF1,0.04150857231540954,0.06411547974737124,0,0,0,0,0.08325939673664014,0
ENSG00000006128,TAC1,0.041427731526745615,0,0,0,0,0,0.34072736312671464,0
ENSG00000170312,CDK1,0.04141488854709634,0,0,0,0,0.02534618028749852,0.3342851894232611,0
ENSG00000165092,ALDH1A1,0.04140545580457423,0,0,0,0,0,0.34054415376917835,0
ENSG00000155659,VSIG4,0.041392943724686604,0,0,0,0,0,0.34044124666250786,0
ENSG00000166888,STAT6,0.04123341808159676,0,0,0,0,0,0.33912920881447833,0
ENSG00000136378,ADAMTS7,0.041187621583195104,0,0,0,0,0,0.33875255000247556,0
ENSG00000035862,TIMP2,0.04117232450159867,0,0,0,0,0,0.33862673731411913,0
ENSG00000180806,HOXC9,0.04112407571897597,0.06764598187908921,0,0,0,0,0,0
ENSG00000132182,NUP210,0.04111930174968421,0.05958304599375258,0,0,0,0,0.1611016613670796,0
ENSG00000084734,GCKR,0.041023363870001904,0,0,0,0,0,0.33740159267444975,0
ENSG00000111276,CDKN1B,0.04093775232992711,0,0,0,0,0,0.33669747026108343,0
ENSG00000101443,WFDC2,0.0409083974694654,0,0,0,0,0,0.336456037678814,0
ENSG00000118217,ATF6,0.040838573942659544,0,0,0,0,0,0.33588176568042066,0
ENSG00000100281,HMGXB4,0.04072024431038553,0.06698170987612938,0,0,0,0,0,0
ENSG00000134339,SAA2,0.040653784015317204,0,0,0,0,0,0.33436193868639164,0
ENSG00000064195,DLX3,0.040653784015317204,0,0,0,0,0,0.33436193868639164,0
ENSG00000174938,SEZ6L2,0.040653784015317204,0,0,0,0,0,0.33436193868639164,0
ENSG00000133063,CHIT1,0.040653784015317204,0,0,0,0,0,0.33436193868639164,0
ENSG00000163453,IGFBP7,0.040468994087974844,0,0,0,0,0,0.33284211169236255,0
ENSG00000120594,PLXDC2,0.040420070557489876,0.06648794684574015,0,0,0,0,0,0
ENSG00000134198,TSPAN2,0.04039962611828281,0.06250276711117868,0,0,0,0,0.07903100368951074,0
ENSG00000132386,SERPINF1,0.040341848928245556,0,0,0,0,0,0.3317963910262208,0
ENSG00000109099,PMP22,0.0402842041606325,0,0,0,0,0,0.3313222846983335,0
ENSG00000183770,FOXL2,0.04019722509222413,0,0,0,0,0,0.3306069148836269,0
ENSG00000187258,NPSR1,0.04019261791478392,0,0,0,0,0,0.3305690225983676,0
ENSG00000154269,ENPP3,0.0400879576390569,0,0,0,0,0.016253380156419066,0.3256448865273049,0
ENSG00000163517,HDAC11,0.04007155074483506,0.06591465821811338,0,0,0,0,0,0
ENSG00000112658,SRF,0.04006861591206642,0,0,0,0,0,0.32954915320529954,0
ENSG00000123384,LRP1,0.040054654006445,0,0,0,0,0,0.3294343218324174,0
ENSG00000074527,NTN4,0.03998453889938564,0.0619424106628052,0,0,0,0,0.07658239353246392,0
ENSG00000170525,PFKFB3,0.03997889013623463,0,0,0,0,0,0.32881119276486553,0
ENSG00000101846,STS,0.039965499323036176,0,0,0,0,0,0.3287010584103381,0
ENSG00000165215,CLDN3,0.039958014554558614,0,0,0,0,0,0.32863949903131856,0
ENSG00000129194,SOX15,0.0399146243059478,0,0,0,0,0,0.3282826307102754,0
ENSG00000130427,EPO,0.03980653270774017,0,0,0,0,0,0.32739361835366926,0
ENSG00000105997,HOXA3,0.039776817386504064,0.06542984422367698,0,0,0,0,0,0
ENSG00000163631,ALB,0.039712720936616513,0,0,0,0,0,0.32662205215327095,0
ENSG00000125730,C3,0.03964990202839297,0,0,0,0,0,0.3261053904833051,0
ENSG00000197122,SRC,0.03944844143121057,0,0,0,0,0,0.32444845355912005,0
ENSG00000167244,IGF2,0.039448386077507384,0,0,0,0,0,0.3244479982959272,0
ENSG00000118526,TCF21,0.03936254379596091,0,0,0,0,0,0.32374197812156097,0
ENSG00000169006,NTSR2,0.03936165138276193,0.06474692767236358,0,0,0,0,0,0
ENSG00000140006,WDR89,0.039358605038693935,0.06474191666769008,0,0,0,0,0,0
ENSG00000011422,PLAUR,0.039315494297075586,0,0,0,0,0,0.3233550138563011,0
ENSG00000136810,TXN,0.03923735665149473,0,0,0,0,0,0.32271236138756754,0
ENSG00000130023,ERMARD,0.039195828737821174,0.06447416201286381,0,0,0,0,0,0
ENSG00000166035,LIPC,0.03917546459657839,0,0,0,0,0,0.3222033227341592,0
ENSG00000116260,QSOX1,0.03917546459657839,0,0,0,0,0,0.3222033227341592,0
ENSG00000163106,HPGDS,0.03903383632600534,0.055501920224637964,0,0,0,0,0.17411553142750194,0
ENSG00000197646,PDCD1LG2,0.03897014245508689,0,0,0,0,0,0.3205146260741269,0
ENSG00000164400,CSF2,0.03887148596384416,0,0,0,0,0,0.3197032138901224,0
ENSG00000154589,LY96,0.038832842275961926,0.05779776886967708,0,0,0,0,0.12158615952232422,0
ENSG00000140015,KCNH5,0.03881432602037612,0.06384661901135136,0,0,0,0,0,0
ENSG00000101327,PDYN,0.03880588474189369,0,0,0,0,0,0.3191636687461011,0
ENSG00000111087,GLI1,0.03878153063966281,0,0,0,0,0,0.3189633655016647,0
ENSG00000004487,KDM1A,0.038757223394360205,0,0,0,0,0,0.31876344763767345,0
ENSG00000051825,MPHOSPH9,0.03873243441751481,0.06371191354292792,0,0,0,0,0,0
ENSG00000115263,GCG,0.03869612120115145,0,0,0,0,0,0.3182609052969267,0
ENSG00000117560,FASLG,0.03858513760474258,0,0,0,0,0,0.31734810735310737,0
ENSG00000134539,KLRD1,0.038571365186624074,0,0,0,0,0,0.3172348344429948,0
ENSG00000115138,POMC,0.038488283863426676,0,0,0,0,0,0.316551522102809,0
ENSG00000159640,ACE,0.03848703056356928,0,0,0,0,0,0.3165412141873167,0
ENSG00000100453,GZMB,0.03848461114491085,0,0,0,0,0,0.3165213153874208,0
ENSG00000162601,MYSM1,0.038436304887208984,0,0,0,0,0,0.31612401475804297,0
ENSG00000171631,P2RY6,0.038436304887208984,0,0,0,0,0,0.31612401475804297,0
ENSG00000104321,TRPA1,0.03841133556197997,0,0,0,0,0,0.3159186515380259,0
ENSG00000108342,CSF3,0.03839755076855498,0,0,0,0,0,0.3158052768457159,0
ENSG00000171004,HS6ST2,0.038350005588604595,0.0630828471583778,0,0,0,0,0,0
ENSG00000140941,MAP1LC3B,0.038220716638642904,0,0,0,0,0,0.314350883265009,0
ENSG00000130513,GDF15,0.0381292330538651,0,0,0,0,0,0.31359846551337334,0
ENSG00000079337,RAPGEF3,0.03805153119405392,0,0,0,0,0,0.31295939721714255,0
ENSG00000152266,PTH,0.038009808656366155,0,0,0,0,0,0.31261624518526915,0
ENSG00000090659,CD209,0.03796036816323168,0,0,0,0,0,0.31220961590008806,0
ENSG00000173083,HPSE,0.0378305919990657,0,0,0,0,0,0.3111422562213563,0
ENSG00000100284,TOM1,0.03777080285814522,0.06213010264743199,0,0,0,0,0,0
ENSG00000168329,CX3CR1,0.037665631604598016,0,0,0,0,0,0.30978551960663164,0
ENSG00000132646,PCNA,0.037630450139488195,0,0,0,0,0.01265935825947042,0.30633132584842465,0
ENSG00000196611,MMP1,0.03762534433510525,0,0,0,0,0,0.30945417211074033,0
ENSG00000104921,FCER2,0.037515380842189944,0,0,0,0,0,0.30854976413085744,0
ENSG00000146678,IGFBP1,0.037514522914620714,0,0,0,0,0,0.3085427080023261,0
ENSG00000086696,HSD17B2,0.03748973580790775,0,0,0,0,0,0.3083388434604214,0
ENSG00000005381,MPO,0.037476712976251186,0,0,0,0,0,0.3082317356143662,0
ENSG00000041982,TNC,0.03740361022880682,0,0,0,0,0.013309891530671768,0.3043030203885601,0
ENSG00000164342,TLR3,0.03739600555227969,0,0,0,0,0.018507896497933787,0.3029409735695423,0
ENSG00000106991,ENG,0.037217838939795946,0,0,0,0,0,0.30610259495006453,0
ENSG00000149100,EIF3M,0.03710655341416902,0.06103746275061176,0,0,0,0,0,0
ENSG00000168496,FEN1,0.03710636506827201,0,0,0,0,0.010960771471131387,0.3024455718117815,0
ENSG00000179256,SMCO3,0.03710398018945907,0.061033229991356824,0,0,0,0,0,0
ENSG00000108786,HSD17B1,0.03703019733386195,0,0,0,0,0,0.3045593139823033,0
ENSG00000106006,HOXA6,0.03702188845454694,0.060898195320906436,0,0,0,0,0,0
ENSG00000242441,GTF2A1L,0.03695798546847018,0,0,0,0,0,0.3039653988058105,0
ENSG00000138002,IFT172,0.03695798546847018,0,0,0,0,0,0.3039653988058105,0
ENSG00000231240,KLF2P1,0.03695798546847018,0,0,0,0,0,0.3039653988058105,0
ENSG00000196126,HLA-DRB1,0.03688391787806657,0,0,0,0,0,0.3033562209956503,0
ENSG00000091972,CD200,0.03681867233401251,0,0,0,0,0,0.30281960116728823,0
ENSG00000073050,XRCC1,0.036710540861114534,0,0,0,0,0,0.3019302608564931,0
ENSG00000260314,MRC1,0.03660952751193616,0,0,0,0,0,0.3010994644107856,0
ENSG00000162692,VCAM1,0.036317779667775135,0,0,0,0,0,0.2986999491591549,0
ENSG00000179431,FJX1,0.036273050266113875,0,0,0,0,0.009970705339867195,0.29583939047773516,0
ENSG00000135636,DYSF,0.03621882575910078,0,0,0,0,0,0.2978860908296943,0
ENSG00000134333,LDHA,0.03621107822373685,0,0,0,0,0,0.297822370292798,0
ENSG00000076984,MAP2K7,0.03620510499908726,0,0,0,0,0,0.29777324278788253,0
ENSG00000171522,PTGER4,0.036190588663544875,0,0,0,0,0,0.2976538514393983,0
ENSG00000143207,COP1,0.03615787421908576,0.05947695751085366,0,0,0,0,0,0
ENSG00000168769,TET2,0.03614466279633603,0,0,0,0,0,0.2972761286180733,0
ENSG00000105976,MET,0.03608719696456397,0,0,0,0,0,0.29680349396954236,0
ENSG00000233276,GPX1,0.03599732503557001,0.04711626324528401,0,0,0,0,0.23716900241823363,0
ENSG00000106100,NOD1,0.03598625047880366,0,0,0,0,0,0.29597324745006265,0
ENSG00000116014,KISS1R,0.03597042613657504,0,0,0,0,0,0.2958430982431892,0
ENSG00000100823,APEX1,0.035929116217456265,0,0,0,0,0,0.29550333984238875,0
ENSG00000177455,CD19,0.035909197204311724,0,0,0,0,0,0.2953395135218371,0
ENSG00000257017,HP,0.03589831414438257,0,0,0,0,0,0.2952500044858423,0
ENSG00000047457,CP,0.03586231173316338,0,0,0,0,0.017316812523530754,0.29062469519155554,0
ENSG00000067225,PKM,0.0358600456805149,0,0,0,0,0,0.29493526089974664,0
ENSG00000177688,SUMO4,0.035804140494190936,0.058895092393500596,0,0,0,0,0,0
ENSG00000072274,TFRC,0.035779526466636354,0,0,0,0,0,0.2942730209359638,0
ENSG00000028137,TNFRSF1B,0.03565874614957305,0,0,0,0,0,0.2932796486842388,0
ENSG00000076864,RAP1GAP,0.0355925932275517,0,0,0,0,0,0.29273556601659584,0
ENSG00000154277,UCHL1,0.035445374342208,0,0,0,0,0,0.29152474657857697,0
ENSG00000173540,GMPPB,0.03528118179221658,0.05803486503862911,0,0,0,0,0,0
ENSG00000134852,CLOCK,0.03512924690570489,0.049894175973351315,0,0,0,0,0.1578153542770653,0
ENSG00000142168,SOD1,0.035089107837748955,0,0,0,0,0,0.28859458984150493,0
ENSG00000151694,ADAM17,0.03505362260613651,0,0,0,0,0,0.2883027372840111,0
ENSG00000137818,RPLP1,0.03492529626770432,0,0,0,0,0,0.287247301871491,0
ENSG00000134851,TMEM165,0.0347930299177268,0.05723189227197938,0,0,0,0,0,0
ENSG00000111704,NANOG,0.034758469070894846,0,0,0,0,0,0.28587521151626555,0
ENSG00000009413,REV3L,0.034740506340361965,0,0,0,0,0,0.28572747487746186,0
ENSG00000114026,OGG1,0.034736625123350615,0,0,0,0,0,0.28569555334110774,0
ENSG00000169245,CXCL10,0.034695585515830955,0,0,0,0,0,0.28535801815058204,0
ENSG00000111057,KRT18,0.03467827487537501,0,0,0,0,0,0.285215644705085,0
ENSG00000271503,CCL5,0.03453804341556444,0,0,0,0,0,0.2840622941891916,0
ENSG00000066651,TRMT11,0.03442734411665031,0.05663036689686571,0,0,0,0,0,0
ENSG00000128039,SRD5A3,0.03441741859496104,0.055246195872736346,0,0,0,0,0.02735688589252295,0
ENSG00000110911,SLC11A2,0.034317132084606496,0,0,0,0,0,0.28224538236447533,0
ENSG00000115963,RND3,0.03426886252524096,0,0,0,0,0,0.2818483835649806,0
ENSG00000157017,GHRL,0.034159650002082514,0,0,0,0,0,0.2809501520262306,0
ENSG00000171791,BCL2,0.0341153683496664,0,0,0,0,0,0.28058595224732413,0
ENSG00000115457,IGFBP2,0.03400134663099257,0,0,0,0,0,0.2796481669013457,0
ENSG00000167193,CRK,0.03400134663099257,0,0,0,0,0,0.2796481669013457,0
ENSG00000138741,TRPC3,0.03400134663099256,0,0,0,0,0,0.2796481669013457,0
ENSG00000168454,TXNDC2,0.03399667661777621,0.055921951563136826,0,0,0,0,0,0
ENSG00000108599,AKAP10,0.033941560182141624,0.055831289211679846,0,0,0,0,0,0
ENSG00000243509,TNFRSF6B,0.03392702001577264,0,0,0,0,0,0.279036858710414,0
ENSG00000189430,NCR1,0.03389332316008571,0,0,0,0,0,0.2787597148659229,0
ENSG00000149131,SERPING1,0.03388841945317224,0,0,0,0,0,0.27871938373832794,0
ENSG00000183571,PGPEP1L,0.033841374452296125,0.05566649129349722,0,0,0,0,0,0
ENSG00000240583,AQP1,0.03380709931439825,0,0,0,0,0,0.27805055647136373,0
ENSG00000135744,AGT,0.03378913362701774,0,0,0,0,0,0.27790279551361086,0
ENSG00000171223,JUNB,0.03376419955756988,0,0,0,0,0,0.2776977222590084,0
ENSG00000154096,THY1,0.03370892550179744,0,0,0,0,0.010002017161647878,0.27474260984552057,0
ENSG00000109272,PF4V1,0.03368309731168073,0,0,0,0,0,0.2770306870782956,0
ENSG00000079308,TNS1,0.033631766776307866,0,0,0,0,0,0.2766085129132876,0
ENSG00000204472,AIF1,0.033450739924268474,0,0,0,0,0,0.2751196357849155,0
ENSG00000119630,PGF,0.033450015011401574,0,0,0,0,0,0.27511367365180966,0
ENSG00000168765,GSTM4,0.03344697684896552,0,0,0,0,0,0.27508868591925856,0
ENSG00000218510,LINC00339,0.03341086294896902,0,0,0,0,0,0.27479166280298956,0
ENSG00000078399,HOXA9,0.033383769298078424,0.05097661668621865,0,0,0,0,0.0787429775193838,0
ENSG00000094631,HDAC6,0.033354180901860424,0,0,0,0,0,0.27432547448573963,0
ENSG00000128829,EIF2AK4,0.033325965084655254,0.05481868202035995,0,0,0,0,0,0
ENSG00000118523,CCN2,0.03327851782079926,0,0,0,0,0,0.2737031743706738,0
ENSG00000100348,TXN2,0.033262186921623166,0,0,0,0,0,0.2735688589252295,0
ENSG00000157992,KRTCAP3,0.033262186921623166,0,0,0,0,0,0.2735688589252295,0
ENSG00000116984,MTR,0.033262186921623166,0,0,0,0,0,0.2735688589252295,0
ENSG00000114554,PLXNA1,0.033262186921623166,0,0,0,0,0,0.2735688589252295,0
ENSG00000079257,LXN,0.033262186921623166,0,0,0,0,0,0.2735688589252295,0
ENSG00000115226,FNDC4,0.033262186921623166,0,0,0,0,0,0.2735688589252295,0
ENSG00000106804,C5,0.03323672697607821,0,0,0,0,0,0.2733594605393855,0
ENSG00000137843,PAK6,0.0331952781879227,0.054603711998696326,0,0,0,0,0,0
ENSG00000113360,DROSHA,0.03314925974380284,0,0,0,0,0,0.2726400757622117,0
ENSG00000142871,CCN1,0.03312941542096955,0,0,0,0,0,0.2724768637411129,0
ENSG00000152348,ATG10,0.03310015945338628,0.054447248903044455,0,0,0,0,0,0
ENSG00000140459,CYP11A1,0.03309996985910152,0,0,0,0,0,0.27223468517421257,0
ENSG00000157326,DHRS4,0.03305686478013166,0,0,0,0,0,0.27188016226519723,0
ENSG00000169016,E2F6,0.033020579369975274,0.05431634570859593,0,0,0,0,0,0
ENSG00000164251,F2RL1,0.032965875644592524,0,0,0,0,0,0.2711318111708243,0
ENSG00000105894,PTN,0.032892607066938466,0,0,0,0,0,0.27052920493717136,0
ENSG00000162493,PDPN,0.032892607066938466,0,0,0,0,0,0.27052920493717136,0
ENSG00000143355,LHX9,0.032821212833087164,0.05186064510229384,0,0,0,0,0.04255515583281348,0
ENSG00000144891,AGTR1,0.03279263963838873,0,0,0,0,0,0.2697070107915345,0
ENSG00000085719,CPNE3,0.03270781713959611,0,0,0,0,0,0.26900937794314234,0
ENSG00000123609,NMI,0.03264622049714866,0,0,0,0,0,0.26850276894513264,0
ENSG00000168066,SF1,0.032644675251885906,0,0,0,0,0,0.26849005988952285,0
ENSG00000150093,ITGB1,0.03253129480392618,0,0,0,0,0,0.2675575487516995,0
ENSG00000185650,ZFP36L1,0.03252302721225376,0,0,0,0,0,0.26748955094911325,0
ENSG00000154188,ANGPT1,0.03243316339103659,0,0,0,0,0,0.2667504551377955,0
ENSG00000170323,FABP4,0.03240561471777678,0,0,0,0,0,0.2665238777595146,0
ENSG00000105825,TFPI2,0.03236657174043723,0,0,0,0,0,0.26620276409416865,0
ENSG00000184557,SOCS3,0.032338237284911406,0,0,0,0,0,0.2659697239550842,0
ENSG00000160691,SHC1,0.03231770507076226,0,0,0,0,0,0.265800854289081,0
ENSG00000004478,FKBP4,0.03229870688245995,0,0,0,0,0,0.26564460140325136,0
ENSG00000259207,ITGB3,0.03220328482355296,0,0,0,0,0,0.2648597911972059,0
ENSG00000095303,PTGS1,0.03219451178586735,0,0,0,0,0,0.2267919614423353,0
ENSG00000115594,IL1R1,0.03214136118105508,0,0,0,0,0,0.22635481789720574,0
ENSG00000143632,ACTA1,0.03212099838170922,0,0,0,0,0,0.26418301645436487,0
ENSG00000261371,PECAM1,0.032102588785970124,0,0,0,0,0,0.2640316045188994,0
ENSG00000121594,CD80,0.032090092906175566,0,0,0,0,0,0.26392883065184375,0
ENSG00000126353,CCR7,0.03202265715343897,0,0,0,0,0,0.2633741971886146,0
ENSG00000241186,CRIPTO,0.03200089300644087,0,0,0,0,0,0.2631951953426512,0
ENSG00000187135,VSTM2B,0.03198510845369037,0.052613074677825715,0,0,0,0,0,0
ENSG00000163606,CD200R1,0.03189946386854407,0,0,0,0,0,0.26236097919259527,0
ENSG00000169194,IL13,0.031834431057793475,0,0,0,0,0,0.2618261090148868,0
ENSG00000171988,JMJD1C,0.03178386750288435,0,0,0,0,0,0.26141024297299703,0
ENSG00000173599,PC,0.03178386750288435,0,0,0,0,0,0.26141024297299703,0
ENSG00000122133,PAEP,0.0317544574130351,0,0,0,0,0,0.2611683561499836,0
ENSG00000121807,CCR2,0.03173732121658882,0,0,0,0,0,0.2610274174402358,0
ENSG00000181449,SOX2,0.0315204363645378,0,0,0,0,0,0.2592436218758138,0
ENSG00000096968,JAK2,0.03150530719670342,0,0,0,0,0,0.2591191902143993,0
ENSG00000084676,NCOA1,0.03145554485317996,0,0,0,0,0,0.2587099138319643,0
ENSG00000170860,LSM3,0.031315032960343374,0.05151085137218053,0,0,0,0,0,0
ENSG00000100030,MAPK1,0.031268519863353696,0,0,0,0,0,0.2571717042975812,0
ENSG00000115738,ID2,0.031197878111067605,0,0,0,0,0,0.25659070270526485,0
ENSG00000074800,ENO1,0.031160637627471382,0,0,0,0,0,0.25628441386661316,0
ENSG00000148848,ADAM12,0.031155981516948247,0,0,0,0,0.022574139106137592,0.25060258434879046,0
ENSG00000106460,TMEM106B,0.03104470779351495,0,0,0,0,0,0.25533093499688087,0
ENSG00000137936,BCAR3,0.03102878275680601,0,0,0,0,0,0.25519995761613695,0
ENSG00000112562,SMOC2,0.031024175579365803,0,0,0,0,0,0.2551620653308776,0
ENSG00000163701,IL17RE,0.031019042525828516,0,0,0,0,0,0.2551198479143768,0
ENSG00000105664,COMP,0.03092151450862005,0,0,0,0,0,0.2543177170008615,0
ENSG00000156970,BUB1B,0.030909998404917594,0.04703631345365172,0,0,0,0.02660938618599089,0.06433934274722988,0
ENSG00000169398,PTK2,0.030891700655138785,0,0,0,0,0,0.25407250937526993,0
ENSG00000160710,ADAR,0.030875317026784466,0,0,0,0,0,0.2539377602523542,0
ENSG00000174175,SELP,0.03082992826277148,0,0,0,0,0,0.25356445490089563,0
ENSG00000008083,JARID2,0.03071619236712855,0,0,0,0,0,0.2526290203408292,0
ENSG00000163531,NFASC,0.0307124965685817,0,0,0,0,0,0.2525986238009486,0
ENSG00000148824,MTG1,0.0306876142769922,0.05047879527991457,0,0,0,0,0,0
ENSG00000181472,ZBTB2,0.03066603443531015,0.05044329807897192,0,0,0,0,0,0
ENSG00000278910,BANCR,0.030639401886210726,0,0,0,0,0,0.2519974477899771,0
ENSG00000104972,LILRB1,0.030621725325927426,0,0,0,0,0,0.25185206479282723,0
ENSG00000104343,UBE2W,0.030570427228082595,0.050286031482834385,0,0,0,0,0,0
ENSG00000182521,TBPL2,0.030546801600398066,0,0,0,0,0,0.2512358455963026,0
ENSG00000171848,RRM2,0.030535728239493364,0,0,0,0,0.027334869950992522,0.24431105391928654,0
ENSG00000125257,ABCC4,0.030522573587702058,0,0,0,0,0,0.25103657939041873,0
ENSG00000135480,KRT7,0.030511009115743396,0,0,0,0,0.014603321048473238,0.24729063573707155,0
ENSG00000138448,ITGAV,0.030495948986064284,0,0,0,0,0,0.25081760215039095,0
ENSG00000075213,SEMA3A,0.030479648689386983,0,0,0,0,0,0.2506835383988806,0
ENSG00000137275,RIPK1,0.030305548084145546,0,0,0,0,0,0.24925162702076462,0
ENSG00000178607,ERN1,0.030274749762921816,0,0,0,0,0,0.24899832252175974,0
ENSG00000196139,AKR1C3,0.030263108240679844,0,0,0,0,0,0.24890257542120398,0
ENSG00000109572,CLCN3,0.030128560398179873,0,0,0,0,0,0.2477959704998168,0
ENSG00000135953,SLC67A2,0.030055341712573645,0.049438754921863025,0,0,0,0,0,0
ENSG00000213930,GALT,0.030026176150247712,0,0,0,0,0,0.24695389893234237,0
ENSG00000223865,HLA-DPB1,0.030020766273896837,0,0,0,0,0,0.24690940475329987,0
ENSG00000163884,KLF15,0.029995101006210396,0,0,0,0,0,0.24669831767079578,0
ENSG00000135766,EGLN1,0.029939992185668802,0.038934047456786185,0,0,0,0,0.19757750922377684,0
ENSG00000139269,INHBE,0.029932030280755275,0,0,0,0,0,0.2461795848997065,0
ENSG00000198053,SIRPA,0.029918811259902946,0,0,0,0,0,0.2460708634720024,0
ENSG00000158050,DUSP2,0.029841109400091773,0,0,0,0,0,0.24543179517577163,0
ENSG00000163520,FBLN2,0.029833744246808125,0.04907424391726166,0,0,0,0,0,0
ENSG00000197971,MBP,0.029762355788086423,0,0,0,0,0,0.2447840766170578,0
ENSG00000172156,CCL11,0.029735611025828976,0,0,0,0,0,0.24456411110155407,0
ENSG00000131042,LILRB2,0.029711551128810635,0,0,0,0,0,0.24436622758329127,0
ENSG00000092199,HNRNPC,0.02966501027944817,0,0,0,0,0,0.24398344676724026,0
ENSG00000150630,VEGFC,0.029646751288798977,0,0,0,0,0,0.24383327350145959,0
ENSG00000105835,NAMPT,0.02963825112429817,0,0,0,0,0,0.2437633628756597,0
ENSG00000111674,ENO2,0.02963311807076088,0,0,0,0,0,0.2437211454591589,0
ENSG00000135378,PRRG4,0.029615255044451116,0,0,0,0,0,0.2435742288497361,0
ENSG00000107796,ACTA2,0.029604648532352316,0,0,0,0,0,0.24348699431465023,0
ENSG00000105697,HAMP,0.029594094293134147,0,0,0,0,0,0.24340018970416138,0
ENSG00000152518,ZFP36L2,0.02956638837477615,0,0,0,0,0,0.24317231904464845,0
ENSG00000164713,BRI3,0.02956638837477615,0,0,0,0,0,0.24317231904464845,0
ENSG00000084070,SMAP2,0.02956638837477615,0,0,0,0,0,0.24317231904464845,0
ENSG00000182179,UBA7,0.029455977236446804,0.048452845870238126,0,0,0,0,0,0
ENSG00000188783,PRELP,0.029361066233284647,0,0,0,0,0,0.24148362238461618,0
ENSG00000147536,GINS4,0.029253235284704256,0.048119350754446885,0,0,0,0,0,0
ENSG00000100906,NFKBIA,0.02921751043089159,0,0,0,0,0,0.24030293041311998,0
ENSG00000124762,CDKN1A,0.02918025489926133,0,0,0,0,0,0.23999651781010156,0
ENSG00000085465,OVGP1,0.029176276305942293,0,0,0,0,0,0.23996379539058713,0
ENSG00000106799,TGFBR1,0.028917865820131877,0,0,0,0,0,0.23783846725434502,0
ENSG00000139618,BRCA2,0.028909468229314814,0,0,0,0,0,0.23776940025815027,0
ENSG00000156574,NODAL,0.028883692254316907,0,0,0,0,0,0.2375574026500411,0
ENSG00000135945,REV1,0.02885186007348275,0.047459119009652266,0,0,0,0,0,0
ENSG00000289761,ENSG00000289761,0.028841005443406113,0.04744126396740193,0,0,0,0,0,0
ENSG00000163823,CCR1,0.02879134412298265,0,0,0,0,0,0.2367978743312171,0
ENSG00000115705,TPO,0.028771460649244664,0,0,0,0,0,0.23663434030879132,0
ENSG00000108511,HOXB6,0.028642438738064394,0,0,0,0,0,0.23557318407450317,0
ENSG00000112561,TFEB,0.028642438738064394,0,0,0,0,0,0.23557318407450317,0
ENSG00000113739,STC2,0.028642438738064394,0,0,0,0,0,0.23557318407450317,0
ENSG00000134376,CRB1,0.02858650815010236,0.047022635244686126,0,0,0,0,0,0
ENSG00000196526,AFAP1,0.028560906991777227,0,0,0,0,0,0.2349026164160832,0
ENSG00000106038,EVX1,0.028493640759446662,0.04686987543876653,0,0,0,0,0,0
ENSG00000134318,ROCK2,0.028475720290624222,0.038826237787673384,0,0,0,0,0.1602831968127403,0
ENSG00000213809,KLRK1,0.028473529378656607,0,0,0,0,0,0.23418396872243202,0
ENSG00000105369,CD79A,0.02846556663288426,0,0,0,0,0,0.2341184781616344,0
ENSG00000171552,BCL2L1,0.028437541319154713,0,0,0,0,0,0.23388798059645388,0
ENSG00000138028,CGREF1,0.028382985212957606,0.0466878554672109,0,0,0,0,0,0
ENSG00000100739,BDKRB1,0.028354987739976297,0,0,0,0,0,0.23320900875045802,0
ENSG00000109321,AREG,0.028313923311677987,0,0,0,0,0,0.23287126941845152,0
ENSG00000101752,MIB1,0.028313923311677987,0,0,0,0,0,0.23287126941845152,0
ENSG00000147065,MSN,0.028303657204603413,0,0,0,0,0,0.23278683458544988,0
ENSG00000057252,SOAT1,0.028226586642544585,0,0,0,0,0,0.2321529584735502,0
ENSG00000088305,DNMT3B,0.028177337225895997,0,0,0,0,0,0.23174790071992038,0
ENSG00000165953,SERPINA12,0.02808806895603734,0,0,0,0,0,0.231013703092416,0
ENSG00000067182,TNFRSF1A,0.028069893723544414,0,0,0,0,0,0.23086421870567062,0
ENSG00000185950,IRS2,0.028067536741888187,0,0,0,0,0,0.2308448334264128,0
ENSG00000145388,METTL14,0.028006537209750174,0,0,0,0,0,0.23034313543399604,0
ENSG00000182492,BGN,0.027988077073130974,0,0,0,0,0,0.23019130781898026,0
ENSG00000246705,H2AJ,0.027940132490788444,0.04595939636642345,0,0,0,0,0,0
ENSG00000206503,HLA-A,0.027939990022335652,0,0,0,0,0,0.22979581008318337,0
ENSG00000154767,XPC,0.02783049741506414,0.045779054991788325,0,0,0,0,0,0
ENSG00000197837,H4C16,0.02780282798302866,0.04573354087711576,0,0,0,0,0,0
ENSG00000239732,TLR9,0.027780085743800087,0,0,0,0,0,0.2284806581023676,0
ENSG00000182749,PAQR7,0.027775158012404287,0,0,0,0,0,0.2284401293825268,0
ENSG00000113083,LOX,0.02771286310613214,0,0,0,0,0,0.22792777742966566,0
ENSG00000118702,GHRH,0.027680805305519286,0,0,0,0,0,0.22766411419086613,0
ENSG00000084093,REST,0.027574763602308584,0,0,0,0,0,0.2267919614423353,0
ENSG00000134954,ETS1,0.027554231388159437,0,0,0,0,0,0.2266230917763321,0
ENSG00000100604,CHGA,0.027533699174010287,0,0,0,0,0,0.2264542221103289,0
ENSG00000242950,ERVW-1,0.027485743883228664,0,0,0,0,0,0.2260598080506199,0
ENSG00000119138,KLF9,0.027408838034245694,0,0,0,0,0,0.22542728664123327,0
ENSG00000187531,SIRT7,0.02734890924666793,0,0,0,0,0,0.22493439511629978,0
ENSG00000104626,ERI1,0.027307399312874757,0.04491859833414821,0,0,0,0,0,0
ENSG00000169248,CXCL11,0.027256091067970414,0,0,0,0,0,0.22417100083637373,0
ENSG00000165934,CPSF2,0.02722603964899583,0.04478476786495902,0,0,0,0,0,0
ENSG00000147649,MTDH,0.027225715961773034,0,0,0,0,0,0.22392117712028042,0
ENSG00000132155,RAF1,0.027197060952291605,0,0,0,0,0,0.22368550054661449,0
ENSG00000166033,HTRA1,0.027115663293933587,0,0,0,0,0,0.22301603571050313,0
ENSG00000171051,FPR1,0.027089792704105657,0,0,0,0,0,0.22280325993133904,0
ENSG00000121691,CAT,0.027073422320061546,0,0,0,0,0,0.2226686197378464,0
ENSG00000172936,MYD88,0.027054640948224302,0,0,0,0,0,0.2225141500851242,0
ENSG00000105397,TYK2,0.027030659927356107,0,0,0,0,0,0.22231691529324976,0
ENSG00000155966,AFF2,0.02697932939198323,0,0,0,0,0,0.22189474112824173,0
ENSG00000113302,IL12B,0.026959708556727434,0,0,0,0,0,0.22173336720761716,0
ENSG00000134057,CCNB1,0.026835406335379113,0,0,0,0,0.01797331821350552,0.21621769907691696,0
ENSG00000170915,PAQR8,0.026799877840319654,0,0,0,0,0,0.22041882024737341,0
ENSG00000105971,CAV2,0.026794539464640877,0,0,0,0,0,0.22037491413421262,0
ENSG00000161016,RPL8,0.02673176685804205,0.043059830459088747,0,0,0,0,0.01823792392834863,0
ENSG00000250317,SMIM20,0.026708371441970562,0,0,0,0,0,0.21966621486277543,0
ENSG00000188822,CNR2,0.026694734738440022,0,0,0,0,0,0.21955405815362272,0
ENSG00000091592,NLRP1,0.026661080072671404,0,0,0,0,0,0.21927726130519165,0
ENSG00000183813,CCR4,0.0266251486979104,0,0,0,0,0,0.21898173938968604,0
ENSG00000110169,HPX,0.0265764873503769,0,0,0,0,0,0.21858151828125832,0
ENSG00000170893,TRH,0.026576419095501284,0,0,0,0,0,0.21858095691082038,0
ENSG00000073282,TP63,0.026486556252403627,0,0,0,0,0,0.21784186914416423,0
ENSG00000100697,DICER1,0.02645329406548201,0,0,0,0,0,0.21756830028523902,0
ENSG00000226979,LTA,0.02644584822795865,0,0,0,0,0,0.21750706109853704,0
ENSG00000112769,LAMA4,0.02637174125866371,0.04140373679015152,0,0,0,0,0.03951550184475537,0
ENSG00000136931,NR5A1,0.026333967740743338,0,0,0,0,0,0.21658688656835323,0
ENSG00000198959,TGM2,0.02628390329875151,0,0,0,0,0,0.21617512554071233,0
ENSG00000101405,OXT,0.02625061188810685,0,0,0,0,0,0.21590131632776033,0
ENSG00000162772,ATF3,0.02624744604789342,0,0,0,0,0,0.2158752784939652,0
ENSG00000259384,GH1,0.026193765981138775,0,0,0,0,0,0.21543378032537808,0
ENSG00000147654,EBAG9,0.02614127168717104,0,0,0,0,0,0.2150020346877663,0
ENSG00000164040,PGRMC2,0.026060676461263945,0,0,0,0,0,0.2143391695539079,0
ENSG00000135124,P2RX4,0.026045113648196897,0,0,0,0,0,0.2142111713250948,0
ENSG00000171060,C8orf74,0.026032795339879868,0.042821971583204804,0,0,0,0,0,0
ENSG00000102854,MSLN,0.025882293189994143,0,0,0,0,0,0.21287203487368922,0
ENSG00000198522,GPN1,0.02587058982792912,0,0,0,0,0,0.21277577916406737,0
ENSG00000170289,CNGB3,0.02587058982792912,0,0,0,0,0,0.21277577916406737,0
ENSG00000241106,HLA-DOB,0.02587058982792912,0,0,0,0,0,0.21277577916406737,0
ENSG00000159167,STC1,0.025791103294416876,0,0,0,0,0.009307625738821447,0.20979512616951895,0
ENSG00000109193,SULT1E1,0.025762587191865423,0,0,0,0,0,0.2118874984873192,0
ENSG00000167085,PHB1,0.02565500157936305,0,0,0,0,0,0.2110026476710335,0
ENSG00000135097,MSI1,0.025608455293067517,0,0,0,0,0,0.21061982213827218,0
ENSG00000131981,LGALS3,0.025556579072061526,0,0,0,0,0,0.21019315991610976,0
ENSG00000170370,EMX2,0.025546453443270157,0,0,0,0,0,0.21010988046365275,0
ENSG00000101843,PSMD10,0.025534477482307544,0,0,0,0,0,0.21001138273159456,0
ENSG00000122585,NPY,0.02551495930812249,0,0,0,0,0,0.20985085315930002,0
ENSG00000162236,STX5,0.0255088122146211,0,0,0,0,0,0.2098002956490905,0
ENSG00000149269,PAK1,0.02549034288273593,0,0,0,0,0,0.20964839240650324,0
ENSG00000114316,USP4,0.025466217045352006,0.04128206251314214,0,0,0,0,0.012158615952232422,0
ENSG00000163440,PDCL2,0.025465822234265533,0.04188934387649575,0,0,0,0,0,0
ENSG00000106113,CRHR2,0.025359953662039764,0,0,0,0,0,0.2085759905705671,0
ENSG00000144810,COL8A1,0.025295687831752924,0,0,0,0,0,0.208047428515977,0
ENSG00000087586,AURKA,0.02528809091251774,0,0,0,0,0,0.2079849467395558,0
ENSG00000162551,ALPL,0.025223547146426377,0.04149081975369923,0,0,0,0,0,0
ENSG00000182255,KCNA4,0.025216663299923246,0.041479496348913396,0,0,0,0,0,0
ENSG00000163220,S100A9,0.025200829002383848,0,0,0,0,0,0.20726725065904208,0
ENSG00000138346,DNA2,0.025131430118559724,0,0,0,0,0,0.20669647118795118,0
ENSG00000108773,KAT2A,0.025131430118559724,0,0,0,0,0,0.20669647118795118,0
ENSG00000167772,ANGPTL4,0.025131430118559724,0,0,0,0,0,0.20669647118795118,0
ENSG00000119403,PHF19,0.025131430118559724,0,0,0,0,0,0.20669647118795118,0
ENSG00000132323,ILKAP,0.025131430118559724,0,0,0,0,0,0.20669647118795118,0
ENSG00000197323,TRIM33,0.025131430118559724,0,0,0,0,0,0.20669647118795118,0
ENSG00000135218,CD36,0.025124853477706984,0,0,0,0,0,0.2066423808138611,0
ENSG00000172216,CEBPB,0.025117762727909203,0,0,0,0,0,0.2065840620888875,0
ENSG00000105698,USF2,0.025110897904410574,0,0,0,0,0,0.20652760152194796,0
ENSG00000173267,SNCG,0.025100631797335998,0,0,0,0,0,0.20644316668894633,0
ENSG00000159399,HK2,0.02497374271389425,0,0,0,0,0,0.20539955215304637,0
ENSG00000163513,TGFBR2,0.024946640191217367,0,0,0,0,0,0.2051766441939221,0
ENSG00000133961,NUMB,0.024944176325519474,0,0,0,0,0,0.2051563798340017,0
ENSG00000160180,TFF3,0.024931241030605508,0,0,0,0,0,0.2050499919444197,0
ENSG00000161011,SQSTM1,0.024885043548769924,0,0,0,0,0,0.20467003519591243,0
ENSG00000084463,WBP11,0.02486936183367448,0.040908211808611754,0,0,0,0,0,0
ENSG00000007908,SELE,0.024813385223891413,0,0,0,0,0,0.20408067267998106,0
ENSG00000138131,LOXL4,0.024790184719400848,0,0,0,0,0,0.20388985733897752,0
ENSG00000197272,IL27,0.024766845272026928,0,0,0,0,0,0.20369789924551016,0
ENSG00000101180,HRH3,0.02476185026387502,0,0,0,0,0,0.20365681719989306,0
ENSG00000113749,HRH2,0.02476185026387502,0,0,0,0,0,0.20365681719989306,0
ENSG00000168297,PXK,0.02476185026387502,0,0,0,0,0,0.20365681719989306,0
ENSG00000101210,EEF1A2,0.024686291715806146,0,0,0,0,0,0.20303537682900116,0
ENSG00000164362,TERT,0.024653196756694626,0,0,0,0,0,0.20276318335532337,0
ENSG00000138138,ATAD1,0.024639500860841483,0.04053010796235811,0,0,0,0,0,0
ENSG00000171388,APLN,0.024638656978980124,0,0,0,0,0,0.2026435992038737,0
ENSG00000079112,CDH17,0.024604084652495438,0,0,0,0,0,0.20235925494445708,0
ENSG00000137745,MMP13,0.02457407059473768,0,0,0,0,0,0.20211240071470205,0
ENSG00000081051,AFP,0.02452830424284092,0,0,0,0,0,0.2017359898462565,0
ENSG00000159217,IGF2BP1,0.024500269855614848,0,0,0,0,0,0.20150541765501193,0
ENSG00000033178,UBA6,0.024481238592029993,0.04026977854750818,0,0,0,0,0,0
ENSG00000004799,PDK4,0.024467455630934696,0,0,0,0,0.020711403542796804,0.19605768222974782,0
ENSG00000113889,KNG1,0.024441137078865298,0,0,0,0,0,0.20101907301692265,0
ENSG00000136048,DRAM1,0.024413942991598134,0.03955115159714982,0,0,0,0,0.012158615952232422,0
ENSG00000162510,MATN1,0.024392270409190318,0,0,0,0,0,0.20061716321183495,0
ENSG00000166833,NAV2,0.024392270409190318,0,0,0,0,0,0.20061716321183495,0
ENSG00000146072,TNFRSF21,0.02437173819504117,0,0,0,0,0,0.20044829354583174,0
ENSG00000197635,DPP4,0.024269282446436908,0,0,0,0,0,0.19960563391247563,0
ENSG00000213694,S1PR3,0.02426907712429542,0,0,0,0,0,0.1996039452158156,0
ENSG00000123388,HOXC11,0.024223024648055022,0.039845036216655035,0,0,0,0,0,0
ENSG00000248099,INSL3,0.024207480481847968,0,0,0,0,0,0.1990973362178059,0
ENSG00000204305,AGER,0.024148129812213568,0,0,0,0,0,0.19860919949346512,0
ENSG00000135226,UGT2B28,0.02407402108987849,0,0,0,0,0,0.1979996833887849,0
ENSG00000157613,CREB3L1,0.024022690554505618,0,0,0,0,0,0.19757750922377684,0
ENSG00000184363,PKP3,0.024022690554505618,0,0,0,0,0,0.19757750922377684,0
ENSG00000131015,ULBP2,0.02392783172513654,0,0,0,0,0,0.19679733136684194,0
ENSG00000163464,CXCR1,0.023924865063372578,0,0,0,0,0,0.1967729317001725,0
ENSG00000161798,AQP5,0.023896404866744984,0,0,0,0,0,0.19653885738826554,0
ENSG00000204287,HLA-DRA,0.023868698948386988,0,0,0,0,0,0.1963109867287526,0
ENSG00000103266,STUB1,0.023683909021044638,0,0,0,0,0,0.19479115973472355,0
ENSG00000169562,GJB1,0.023653110699820915,0,0,0,0,0,0.19453785523571876,0
ENSG00000129484,PARP2,0.023653110699820915,0,0,0,0,0,0.19453785523571876,0
ENSG00000127528,KLF2,0.023653110699820915,0,0,0,0,0,0.19453785523571876,0
ENSG00000088827,SIGLEC1,0.023653110699820915,0,0,0,0,0,0.19453785523571876,0
ENSG00000101557,USP14,0.023653110699820915,0,0,0,0,0,0.19453785523571876,0
ENSG00000198431,TXNRD1,0.023653110699820915,0,0,0,0,0,0.19453785523571876,0
ENSG00000120725,SIL1,0.023653110699820915,0,0,0,0,0,0.19453785523571876,0
ENSG00000130368,MAS1,0.023653110699820915,0,0,0,0,0,0.19453785523571876,0
ENSG00000117122,MFAP2,0.023653110699820915,0,0,0,0,0,0.19453785523571876,0
ENSG00000131095,GFAP,0.023558251870451845,0,0,0,0,0,0.19375767737878385,0
ENSG00000101349,PAK5,0.023468320772478565,0,0,0,0,0,0.1930180282416897,0
ENSG00000166923,GREM1,0.023455590799706088,0,0,0,0,0,0.19291332904876768,0
ENSG00000181374,CCL13,0.023447788558329418,0,0,0,0,0,0.19284915857568646,0
ENSG00000162009,SSTR5,0.023406724130031115,0,0,0,0,0,0.19251141924368004,0
ENSG00000117318,ID3,0.023387629170872403,0,0,0,0,0,0.192354370454297,0
ENSG00000188404,SELL,0.02338639723802345,0,0,0,0,0,0.19234423827433678,0
ENSG00000112164,GLP1R,0.023377363063797823,0,0,0,0,0,0.19226993562129535,0
ENSG00000275410,HNF1B,0.02335795992342758,0,0,0,0,0,0.19211035215845323,0
ENSG00000165457,FOLR2,0.02331699835419933,0,0,0,0,0,0.19177345880324592,0
ENSG00000253438,PCAT1,0.02328353084513621,0,0,0,0,0,0.19149820124766065,0
ENSG00000168487,BMP1,0.02328353084513621,0,0,0,0,0,0.19149820124766065,0
ENSG00000068366,ACSL4,0.023259608930925983,0,0,0,0,0.009345185311979946,0.18896515625761223,0
ENSG00000196502,SULT1A1,0.02324246641683791,0,0,0,0,0,0.19116046191565417,0
ENSG00000135503,ACVR1B,0.02322193420268876,0,0,0,0,0,0.19099159224965098,0
ENSG00000116918,TSNAX,0.023193164083688853,0.038150993788779716,0,0,0,0,0,0
ENSG00000179600,GPHB5,0.023098074550346234,0.03799457872687432,0,0,0,0,0,0
ENSG00000124107,SLPI,0.02307820870364471,0,0,0,0,0,0.18980950458762835,0
ENSG00000196735,HLA-DQA1,0.02304638377171353,0,0,0,0,0,0.18954775660532336,0
ENSG00000167749,KLK4,0.02303714427534641,0,0,0,0,0,0.1894717652556219,0
ENSG00000178795,GDPD4,0.02302350610544759,0.03787191929722936,0,0,0,0,0,0
ENSG00000108700,CCL8,0.02301661206119727,0,0,0,0,0,0.1893028955896187,0
ENSG00000186340,THBS2,0.02295501541874981,0,0,0,0,0,0.18879628659160896,0
ENSG00000171793,CTPS1,0.022913950990451508,0,0,0,0,0,0.18845854725960254,0
ENSG00000244476,ERVFRD-1,0.022913950990451508,0,0,0,0,0,0.18845854725960254,0
ENSG00000154134,ROBO3,0.022913950990451508,0,0,0,0,0,0.18845854725960254,0
ENSG00000097007,ABL1,0.022913950990451508,0,0,0,0,0,0.18845854725960254,0
ENSG00000100302,RASD2,0.022913950990451508,0,0,0,0,0,0.18845854725960254,0
ENSG00000141027,NCOR1,0.022913950990451508,0,0,0,0,0,0.18845854725960254,0
ENSG00000204427,ABHD16A,0.022913950990451508,0,0,0,0,0,0.18845854725960254,0
ENSG00000132356,PRKAA1,0.022893418776302365,0,0,0,0,0,0.18828967759359935,0
ENSG00000134363,FST,0.02285725461443982,0,0,0,0,0,0.18799224109256485,0
ENSG00000164111,ANXA5,0.022846166751334312,0,0,0,0,0,0.18790104762820123,0
ENSG00000122779,TRIM24,0.022843525495919927,0,0,0,0,0,0.18787932430521145,0
ENSG00000151012,SLC7A11,0.02281335721941952,0,0,0,0,0,0.18763120168484965,0
ENSG00000086991,NOX4,0.022811289919705758,0,0,0,0,0,0.1876141989295864,0
ENSG00000178562,CD28,0.02273510283446905,0,0,0,0,0,0.18698758907912294,0
ENSG00000051180,RAD51,0.022729161063109158,0,0,0,0,0,0.18693872026557348,0
ENSG00000135454,B4GALNT1,0.022729161063109158,0,0,0,0,0,0.18693872026557348,0
ENSG00000026025,VIM,0.02262237428203354,0,0,0,0,0,0.18606043953448406,0
ENSG00000165025,SYK,0.02260617310035575,0,0,0,0,0,0.18592719096621416,0
ENSG00000160097,FNDC5,0.022605967778214265,0,0,0,0,0,0.18592550226955415,0
ENSG00000111348,ARHGDIB,0.02260233984987117,0.03717913278726629,0,0,0,0,0,0
ENSG00000110711,AIP,0.022544371135766808,0,0,0,0,0,0.18541889327154443,0
ENSG00000156738,MS4A1,0.022544371135766808,0,0,0,0,0,0.18541889327154443,0
ENSG00000135409,AMHR2,0.02250801654597946,0,0,0,0,0,0.18511989057312728,0
ENSG00000114251,WNT5A,0.022482774493319358,0,0,0,0,0,0.18491228427353473,0
ENSG00000124496,TRERF1,0.02241358093163673,0,0,0,0,0,0.1843431934991039,0
ENSG00000189221,MAOA,0.022411373016870247,0,0,0,0,0.019009635215623887,0.17957262543451272,0
ENSG00000170959,DCDC1,0.022383153147330432,0.03681858730511297,0,0,0,0,0,0
ENSG00000143437,ARNT,0.022251239669237005,0,0,0,0,0,0.18300799825124414,0
ENSG00000204021,LIPK,0.02224702419068435,0.03659466550812408,0,0,0,0,0,0
ENSG00000136205,TNS3,0.02221522304335936,0.03654235503553423,0,0,0,0,0,0
ENSG00000183696,UPP1,0.02221522304335936,0.03654235503553423,0,0,0,0,0,0
ENSG00000148180,GSN,0.02217479128108211,0,0,0,0,0,0.18237923928348634,0
ENSG00000087250,MT3,0.02217479128108211,0,0,0,0,0,0.18237923928348634,0
ENSG00000155849,ELMO1,0.022174791281082105,0,0,0,0,0,0.18237923928348632,0
ENSG00000088926,F11,0.022174791281082105,0,0,0,0,0,0.18237923928348632,0
ENSG00000105327,BBC3,0.022174791281082105,0,0,0,0,0,0.18237923928348632,0
ENSG00000261221,ZNF865,0.022174791281082105,0,0,0,0,0,0.18237923928348632,0
ENSG00000130164,LDLR,0.022143992959858385,0,0,0,0,0,0.1821259347844815,0
ENSG00000184489,PTP4A3,0.022051597996187212,0,0,0,0,0,0.18136602128746698,0
ENSG00000184292,TACSTD2,0.022051597996187212,0,0,0,0,0,0.18136602128746698,0
ENSG00000164736,SOX17,0.02199533972941853,0,0,0,0,0,0.18090331840261809,0
ENSG00000166527,CLEC4D,0.021990001353739755,0,0,0,0,0,0.18085941228945726,0
ENSG00000204463,BAG6,0.021990001353739755,0,0,0,0,0,0.18085941228945726,0
ENSG00000198492,YTHDF2,0.02194049764231002,0,0,0,0,0,0.18045226305779946,0
ENSG00000291237,SOD2,0.021925942486379767,0,0,0,0,0,0.1803325524263638,0
ENSG00000119681,LTBP2,0.021877074175919435,0,0,0,0,0,0.17993062912643953,0
ENSG00000178952,TUFM,0.021805211426397412,0,0,0,0,0,0.17933958529542823,0
ENSG00000172137,CALB2,0.02178647530770763,0,0,0,0,0,0.17918548783266286,0
ENSG00000239672,NME1,0.02177502907159816,0,0,0,0,0,0.1790913468864035,0
ENSG00000196975,ANXA4,0.02176928005163639,0,0,0,0,0,0.17904406337992254,0
ENSG00000102837,OLFM4,0.021678322342955657,0,0,0,0,0,0.17829597075952824,0
ENSG00000188257,PLA2G2A,0.021673632408121694,0,0,0,0,0,0.1782573978261254,0
ENSG00000117984,CTSD,0.021656352873816072,0,0,0,0,0,0.17811528021690484,0
ENSG00000089692,LAG3,0.02162042149905506,0,0,0,0,0,0.17781975830139918,0
ENSG00000102452,NALCN,0.02162042149905505,0,0,0,0,0,0.17781975830139915,0
ENSG00000214548,MEG3,0.02158715931213343,0,0,0,0,0,0.1775461894424739,0
ENSG00000073792,IGF2BP2,0.021514064629762453,0,0,0,0,0,0.17694501343150243,0
ENSG00000079805,DNM2,0.021505030455536832,0,0,0,0,0,0.17687071077846103,0
ENSG00000114573,ATP6V1A,0.021435631571712705,0,0,0,0,0,0.1762999313073701,0
ENSG00000178295,GEN1,0.021353502715116105,0,0,0,0,0,0.17562445264335722,0
ENSG00000118520,ARG1,0.021349178379401423,0,0,0,0,0,0.17558888662390507,0
ENSG00000171560,FGA,0.021276712234198282,0,0,0,0,0,0.17499288009250513,0
ENSG00000203859,HSD3B2,0.021251935531833924,0,0,0,0,0,0.17478910112241755,0
ENSG00000185559,DLK1,0.021250841644370355,0,0,0,0,0,0.17478010431334107,0
ENSG00000175161,CADM2,0.021250841644370355,0,0,0,0,0,0.17478010431334107,0
ENSG00000166851,PLK1,0.021250841644370355,0,0,0,0,0,0.17478010431334107,0
ENSG00000149948,HMGA2,0.021250841644370355,0,0,0,0,0,0.17478010431334107,0
ENSG00000181856,SLC2A4,0.02125084164437035,0,0,0,0,0,0.17478010431334104,0
ENSG00000259974,LINC00261,0.021248377778672452,0,0,0,0,0,0.17475983995342065,0
ENSG00000142089,IFITM3,0.02120977721607205,0,0,0,0,0,0.1744423649813346,0
ENSG00000145147,SLIT2,0.021181648082687722,0,0,0,0,0,0.17421101353891022,0
ENSG00000143839,REN,0.02109477796072178,0,0,0,0,0,0.1734965397673294,0
ENSG00000171189,GRIK1,0.021066051717028005,0,0,0,0,0,0.173260277319312,0
ENSG00000106153,CHCHD2,0.021066051717028005,0,0,0,0,0,0.173260277319312,0
ENSG00000157103,SLC6A1,0.021032127567072224,0.034596252813151075,0,0,0,0,0,0
ENSG00000196776,CD47,0.020988472688424298,0,0,0,0,0,0.17262221926312793,0
ENSG00000104432,IL7,0.02095003213634195,0,0,0,0,0,0.17230606031680235,0
ENSG00000105639,JAK3,0.02093526151289792,0,0,0,0,0,0.17218457754687147,0
ENSG00000172270,BSG,0.020914315697618154,0,0,0,0,0,0.172012306168599,0
ENSG00000069702,TGFBR3,0.020881261789685652,0,0,0,0,0,0.17174045032528293,0
ENSG00000164061,BSN,0.020872607793741497,0.03312643678693013,0,0,0,0,0.024148362238461615,0
ENSG00000117595,IRF6,0.020870995682611075,0,0,0,0,0,0.17165601549228135,0
ENSG00000145604,SKP2,0.020778600718939905,0,0,0,0,0,0.17089610199526684,0
ENSG00000107159,CA9,0.020778600718939905,0,0,0,0,0,0.17089610199526684,0
ENSG00000168959,GRM5,0.020776418696590967,0.03417563113797709,0,0,0,0,0,0
ENSG00000165376,CLDN2,0.02077100379970472,0,0,0,0,0,0.17083362021884563,0
ENSG00000197757,HOXC6,0.02074168510660868,0.031053512581926866,0,0,0,0,0.06129968875917179,0
ENSG00000149311,ATM,0.020708904361191202,0,0,0,0,0,0.1703228759140869,0
ENSG00000088002,SULT2B1,0.020696471862343302,0,0,0,0,0,0.17022062333125393,0
ENSG00000104824,HNRNPL,0.020696471862343302,0,0,0,0,0,0.17022062333125393,0
ENSG00000165312,OTUD1,0.020696471862343302,0,0,0,0,0,0.17022062333125393,0
ENSG00000197363,ZNF517,0.020643028179724493,0.033956213866487436,0,0,0,0,0,0
ENSG00000076706,MCAM,0.020540180042981956,0,0,0,0,0,0.16893518245561995,0
ENSG00000067900,ROCK1,0.020507357599286274,0,0,0,0,0,0.16866523031777275,0
ENSG00000122194,PLG,0.020489391864952432,0,0,0,0,0,0.16851746897384656,0
ENSG00000163661,PTX3,0.0204810472662324,0,0,0,0,0,0.16844883781753064,0
ENSG00000105851,PIK3CG,0.020436405657923297,0,0,0,0,0,0.16808167753806721,0
ENSG00000040275,SPDL1,0.020430361796226957,0,0,0,0,0,0.1680319690702606,0
ENSG00000198169,ZNF251,0.0203936263945275,0.033545966867689514,0,0,0,0,0,0
ENSG00000113070,HBEGF,0.020339827302572562,0,0,0,0,0,0.16728735723277782,0
ENSG00000143578,CREB3L4,0.020326892007658602,0,0,0,0,0,0.16718096934319582,0
ENSG00000101665,SMAD7,0.020321964276262806,0,0,0,0,0,0.16714044062335504,0
ENSG00000165349,SLC7A3,0.020320307206856583,0.03160156997848933,0,0,0,0,0.03647584785669726,0
ENSG00000145824,CXCL14,0.020252770714580166,0,0,0,0,0,0.16657134984892413,0
ENSG00000167701,GPT,0.020155126568059626,0,0,0,0,0,0.16576826381590729,0
ENSG00000044574,HSPA5,0.020137953967800104,0,0,0,0,0,0.1656270256986167,0
ENSG00000091409,ITGA6,0.020136969026778962,0,0,0,0,0,0.16561892493266595,0
ENSG00000145022,TCTA,0.02008496334063583,0.033038239581780794,0,0,0,0,0,0
ENSG00000240694,PNMA2,0.0199573121529739,0,0,0,0,0,0.1641413153551377,0
ENSG00000172243,CLEC7A,0.0199573121529739,0,0,0,0,0,0.1641413153551377,0
ENSG00000189283,FHIT,0.0199573121529739,0,0,0,0,0,0.1641413153551377,0
ENSG00000116106,EPHA4,0.0199573121529739,0,0,0,0,0,0.1641413153551377,0
ENSG00000145016,RUBCN,0.0199573121529739,0,0,0,0,0,0.1641413153551377,0
ENSG00000132631,SCP2D1,0.01988708249811995,0.032712740621548324,0,0,0,0,0,0
ENSG00000185345,PRKN,0.01981059691213486,0,0,0,0,0,0.1629346382019532,0
ENSG00000188672,RHCE,0.019704802088556687,0.032412903188933646,0,0,0,0,0,0
ENSG00000107984,DKK1,0.01968279644979976,0,0,0,0,0,0.16188352792067454,0
ENSG00000103194,USP10,0.019677663396262472,0,0,0,0,0,0.16184131050417372,0
ENSG00000168032,ENTPD3,0.019639734004749537,0,0,0,0,0.013869393121760188,0.15806200737902149,0
ENSG00000158477,CD1A,0.019575002325516722,0,0,0,0,0,0.16099696217415757,0
ENSG00000118689,FOXO3,0.019507040696683034,0,0,0,0,0,0.1604380035796869,0
ENSG00000186153,WWOX,0.019445424066736744,0.031986246038417564,0,0,0,0,0,0
ENSG00000120885,CLU,0.01935941407695065,0,0,0,0,0,0.15922383068112372,0
ENSG00000123838,C4BPA,0.019290015193126515,0,0,0,0,0,0.15865305121003279,0
ENSG00000111906,HDDC2,0.019219787092518044,0.03161509034914312,0,0,0,0,0,0
ENSG00000154342,WNT3A,0.019213019390067206,0,0,0,0,0,0.15801978996252067,0
ENSG00000110330,BIRC2,0.019197620229455346,0,0,0,0,0,0.15789313771301827,0
ENSG00000108443,RPS6KB1,0.019187354122380765,0,0,0,0,0,0.15780870288001664,0
ENSG00000131910,NR0B2,0.019187354122380765,0,0,0,0,0,0.15780870288001664,0
ENSG00000196378,ZNF34,0.01918365455678347,0.03155565507151527,0,0,0,0,0,0
ENSG00000149591,TAGLN,0.01918272719132756,0,0,0,0,0,0.15777064812879013,0
ENSG00000115353,TACR1,0.01917901971953533,0,0,0,0,0,0.1577401555808982,0
ENSG00000179869,ABCA13,0.019178126735911113,0.03154656222592482,0,0,0,0,0,0
ENSG00000175197,DDIT3,0.019177088015306192,0,0,0,0,0,0.157724268047015,0
ENSG00000148926,ADM,0.019085364222722483,0,0,0,0,0.013869393121760188,0.15350252639693432,0
ENSG00000164744,SUN3,0.0190557519338142,0.0313452649687737,0,0,0,0,0,0
ENSG00000249915,PDCD6,0.019033362516262142,0,0,0,0,0,0.15654218038499243,0
ENSG00000124212,PTGIS,0.01900727403354937,0,0,0,0,0,0.15632761251957691,0
ENSG00000099953,MMP11,0.019007062426036194,0,0,0,0,0,0.15632587212812116,0
ENSG00000104679,R3HCC1,0.018948481919460917,0.031168813940507464,0,0,0,0,0,0
ENSG00000215182,MUC5AC,0.01893496029164818,0,0,0,0,0,0.15573285944747323,0
ENSG00000095752,IL11,0.01891494804561755,0,0,0,0,0,0.15556826632183088,0
ENSG00000118518,RNF146,0.018907710970645652,0.03110174882557096,0,0,0,0,0,0
ENSG00000004848,ARX,0.018848572588919792,0,0,0,0,0,0.15502235339096337,0
ENSG00000116996,ZP4,0.018848572588919792,0,0,0,0,0,0.15502235339096337,0
ENSG00000147459,DOCK5,0.01883596770343819,0.030983736598703494,0,0,0,0,0,0
ENSG00000179934,CCR8,0.018828040374770642,0,0,0,0,0,0.15485348372496016,0
ENSG00000132164,SLC6A11,0.018827719341085434,0.030970168668956945,0,0,0,0,0,0
ENSG00000023734,STRAP,0.018818129983083937,0.03095439490319418,0,0,0,0,0,0
ENSG00000143549,TPM3,0.01881773973182003,0,0,0,0,0,0.15476876484749022,0
ENSG00000163914,RHO,0.018782524323596856,0,0,0,0,0,0.15447913148493048,0
ENSG00000169252,ADRB2,0.018688925148899305,0,0,0,0,0,0.1537093138094214,0
ENSG00000197249,SERPINA1,0.018643249549930314,0,0,0,0,0,0.15333364934935098,0
ENSG00000113368,LMNB1,0.018633023484823263,0,0,0,0,0.012240961185514805,0.150189303549951,0
ENSG00000213523,SRA1,0.0186210339864609,0,0,0,0,0,0.15315093477429825,0
ENSG00000164746,C7orf57,0.018539293756434823,0.030495730483255958,0,0,0,0,0,0
ENSG00000082701,GSK3B,0.018513660749288764,0,0,0,0,0,0.15226783066447216,0
ENSG00000221843,SPATA31H1,0.01847899273423509,0,0,0,0,0,0.15198269940290526,0
ENSG00000185745,IFIT1,0.01847899273423509,0,0,0,0,0,0.15198269940290526,0
ENSG00000083067,TRPM3,0.01847899273423509,0,0,0,0,0,0.15198269940290526,0
ENSG00000108064,TFAM,0.01847899273423509,0,0,0,0,0,0.15198269940290526,0
ENSG00000125910,S1PR4,0.01847899273423509,0,0,0,0,0,0.15198269940290526,0
ENSG00000171124,FUT3,0.01847899273423509,0,0,0,0,0,0.15198269940290526,0
ENSG00000197977,ELOVL2,0.01847899273423509,0,0,0,0,0,0.15198269940290526,0
ENSG00000243943,ZNF512,0.01847899273423509,0,0,0,0,0,0.15198269940290526,0
ENSG00000077463,SIRT6,0.01847899273423509,0,0,0,0,0,0.15198269940290526,0
ENSG00000117983,MUC5B,0.018448194413011362,0,0,0,0,0,0.15172939490390042,0
ENSG00000162434,JAK1,0.01841739609178764,0,0,0,0,0,0.15147609040489557,0
ENSG00000138755,CXCL9,0.01837821230364284,0,0,0,0,0,0.1511538186241375,0
ENSG00000168906,MAT2A,0.01833013418165375,0,0,0,0,0,0.15075839432438184,0
ENSG00000151617,EDNRA,0.0182909296099745,0,0,0,0,0.012050932744502172,0.1474232184208181,0
ENSG00000135373,EHF,0.018273670592743586,0,0,0,0,0,0.15029400274287297,0
ENSG00000119699,TGFB3,0.018246978714349694,0,0,0,0,0,0.1500744721770688,0
ENSG00000100311,PDGFB,0.01822377731236115,0,0,0,0,0,0.14988364945448512,0
ENSG00000134545,KLRC1,0.018202719222114916,0,0,0,0,0,0.1497104546572404,0
ENSG00000145715,RASA1,0.01810941287955039,0,0,0,0,0,0.14894304541484715,0
ENSG00000074266,EED,0.01810941287955039,0,0,0,0,0,0.14894304541484715,0
ENSG00000142182,DNMT3L,0.01810941287955039,0,0,0,0,0,0.14894304541484715,0
ENSG00000140285,FGF7,0.018088880665401236,0,0,0,0,0,0.1487741757488439,0
ENSG00000135446,CDK4,0.01799729441955267,0,0,0,0,0,0.1480209136488781,0
ENSG00000000971,CFH,0.017978622675420303,0,0,0,0,0,0.14786734564240658,0
ENSG00000102003,SYP,0.017924622952208036,0,0,0,0,0,0.1474232184208181,0
ENSG00000102882,MAPK3,0.01790503564888215,0,0,0,0,0,0.14726212028758617,0
ENSG00000124145,SDC4,0.01779383274807795,0,0,0,0,0,0.14634751864837756,0
ENSG00000138378,STAT4,0.017776961796599614,0,0,0,0,0,0.1462087614777866,0
ENSG00000165238,WNK2,0.017776697416310164,0,0,0,0,0,0.14620658705028194,0
ENSG00000173614,NMNAT1,0.017739833024865686,0,0,0,0,0,0.14590339142678904,0
ENSG00000224397,PELATON,0.017739833024865686,0,0,0,0,0,0.14590339142678904,0
ENSG00000159556,ISL2,0.017739833024865686,0,0,0,0,0,0.14590339142678904,0
ENSG00000162747,FCGR3B,0.017739833024865686,0,0,0,0,0,0.14590339142678904,0
ENSG00000083307,GRHL2,0.01770903470364196,0,0,0,0,0,0.1456500869277842,0
ENSG00000107742,SPOCK2,0.017698768596567386,0,0,0,0,0,0.1455656520947826,0
ENSG00000136574,GATA4,0.017652571114731796,0,0,0,0,0,0.14518569534627535,0
ENSG00000262406,MMP12,0.01762690584704536,0,0,0,0,0,0.1449746082637713,0
ENSG00000221869,CEBPD,0.0175704422581352,0,0,0,0,0,0.1445102166822624,0
ENSG00000160868,CYP3A4,0.0175704422581352,0,0,0,0,0,0.1445102166822624,0
ENSG00000138594,TMOD3,0.017530471717300468,0,0,0,0,0,0.14418147415933247,0
ENSG00000181847,TIGIT,0.01752424477629961,0,0,0,0,0,0.14413025993375517,0
ENSG00000137752,CASP1,0.017429146088913012,0,0,0,0,0,0.14334810933569192,0
ENSG00000148344,PTGES,0.017383494702370612,0,0,0,0,0,0.14297264401363757,0
ENSG00000124523,SIRT5,0.017370253170180986,0,0,0,0,0,0.14286373743873096,0
ENSG00000161955,TNFSF13,0.017370253170180983,0,0,0,0,0,0.14286373743873093,0
ENSG00000142515,KLK3,0.017370253170180983,0,0,0,0,0,0.14286373743873093,0
ENSG00000113657,DPYSL3,0.017185463242838636,0,0,0,0,0,0.1413439104447019,0
ENSG00000178691,SUZ12,0.017180330189301346,0,0,0,0,0,0.1413016930282011,0
ENSG00000177606,JUN,0.017144827364312137,0,0,0,0,0,0.14100969577186298,0
ENSG00000077942,FBLN1,0.0170752052528577,0,0,0,0,0,0.14043708033826455,0
ENSG00000187688,TRPV2,0.01707253606501831,0,0,0,0,0,0.14041512728168415,0
ENSG00000187555,USP7,0.017062269957943733,0,0,0,0,0,0.14033069244868254,0
ENSG00000153944,MSI2,0.017000673315496286,0,0,0,0,0,0.13982408345067285,0
ENSG00000145384,FABP2,0.017000673315496286,0,0,0,0,0,0.13982408345067285,0
ENSG00000211445,GPX3,0.01699325084964396,0,0,0,0,0.013177573199612286,0.1364686431871887,0
ENSG00000197408,CYP2B6,0.016959772539653164,0,0,0,0,0,0.13948769009797707,0
ENSG00000180644,PRF1,0.016955290789901652,0,0,0,0,0,0.13945082940783668,0
ENSG00000128710,HOXD10,0.016931479753813646,0,0,0,0,0,0.13925499267624195,0
ENSG00000131473,ACLY,0.016842985910830808,0,0,0,0,0,0.13852716441576804,0
ENSG00000135047,CTSL,0.016815883388153933,0,0,0,0,0,0.1383042564566438,0
ENSG00000170961,HAS2,0.016815883388153933,0,0,0,0,0,0.1383042564566438,0
ENSG00000175087,PDIK1L,0.016769685906318343,0,0,0,0,0,0.13792429970813652,0
ENSG00000155366,RHOC,0.01675962512138526,0,0,0,0,0,0.13784155357179495,0
ENSG00000171049,FPR2,0.016741556772934006,0,0,0,0,0,0.1376929482657121,0
ENSG00000105398,SULT2A1,0.016705625398172996,0,0,0,0,0,0.13739742635020644,0
ENSG00000213186,TRIM59,0.016682423996184456,0,0,0,0,0,0.13720660362762283,0
ENSG00000143727,ACP1,0.016644028755725543,0,0,0,0,0,0.13689081735219677,0
ENSG00000105928,GSDME,0.016631093460811583,0,0,0,0,0,0.13678442946261474,0
ENSG00000138650,PCDH10,0.016631093460811583,0,0,0,0,0,0.13678442946261474,0
ENSG00000117450,PRDX1,0.016631093460811583,0,0,0,0,0,0.13678442946261474,0
ENSG00000099139,PCSK5,0.016625960407274293,0,0,0,0,0,0.13674221204611392,0
ENSG00000145386,CCNA2,0.016496670220907193,0,0,0,0,0.015517491885015298,0.1317994763790151,0
ENSG00000100385,IL2RB,0.01645410577484591,0,0,0,0,0,0.13532877294166692,0
ENSG00000163364,LINC01116,0.016446303533469233,0,0,0,0,0,0.13526460246858568,0
ENSG00000164924,YWHAZ,0.01640604782299354,0,0,0,0,0,0.13493351453362792,0
ENSG00000184207,PGP,0.016333376355648903,0,0,0,0,0,0.13433581930556793,0
ENSG00000112062,MAPK14,0.016331228266090413,0,0,0,0,0,0.13431815208450484,0
ENSG00000106624,AEBP1,0.01630257803442518,0,0,0,0,0,0.1340825148065631,0
ENSG00000168621,GDNF,0.016284920330256913,0,0,0,0,0,0.13393728689380033,0
ENSG00000164120,HPGD,0.016271144890661948,0,0,0,0,0,0.13382398913319105,0
ENSG00000119402,FBXW2,0.01626151360612688,0,0,0,0,0,0.13374477547455663,0
ENSG00000163754,GYG1,0.01626151360612688,0,0,0,0,0,0.13374477547455663,0
ENSG00000163864,NMNAT3,0.01626151360612688,0,0,0,0,0,0.13374477547455663,0
ENSG00000310469,HLA-H,0.01626151360612688,0,0,0,0,0,0.13374477547455663,0
ENSG00000184999,SLC22A10,0.01626151360612688,0,0,0,0,0,0.13374477547455663,0
ENSG00000141837,CACNA1A,0.01626151360612688,0,0,0,0,0,0.13374477547455663,0
ENSG00000078018,MAP2,0.01626151360612688,0,0,0,0,0,0.13374477547455663,0
ENSG00000276644,DACH1,0.01626151360612688,0,0,0,0,0,0.13374477547455663,0
ENSG00000125629,INSIG2,0.01626151360612688,0,0,0,0,0,0.13374477547455663,0
ENSG00000108375,RNF43,0.01626151360612688,0,0,0,0,0,0.13374477547455663,0
ENSG00000196664,TLR7,0.01626151360612688,0,0,0,0,0,0.13374477547455663,0
ENSG00000158055,GRHL3,0.01626151360612688,0,0,0,0,0,0.13374477547455663,0
ENSG00000144867,SRPRB,0.01626151360612688,0,0,0,0,0,0.13374477547455663,0
ENSG00000206341,HLA-H,0.01626151360612688,0,0,0,0,0,0.13374477547455663,0
ENSG00000206341,HLA-H,0.01626151360612688,0,0,0,0,0,0.13374477547455663,0
ENSG00000108375,RNF43,0.01626151360612688,0,0,0,0,0,0.13374477547455663,0
ENSG00000019549,SNAI2,0.016251855251030678,0,0,0,0,0,0.13366533917083467,0
ENSG00000197766,CFD,0.016184042674844246,0,0,0,0,0.028523342557557417,0.12597677083840814,0
ENSG00000104267,CA2,0.01615371948184384,0,0,0,0,0,0.13285820972803966,0
ENSG00000156234,CXCL13,0.016131625632121175,0,0,0,0,0.033215948763863926,0.12437250901137747,0
ENSG00000104826,LHB,0.016130723401996793,0,0,0,0,0,0.13266907570211606,0
ENSG00000116044,NFE2L2,0.016087032769567102,0,0,0,0,0,0.13230973683820807,0
ENSG00000085511,MAP3K4,0.01605619146463538,0,0,0,0,0,0.13205607881452436,0
ENSG00000112936,C7,0.01603565925048623,0,0,0,0,0,0.13188720914852115,0
ENSG00000115415,STAT1,0.015985765970103795,0,0,0,0,0,0.13147685586013327,0
ENSG00000077009,NMRK2,0.015975499863029218,0,0,0,0,0,0.13139242102713167,0
ENSG00000120659,TNFSF11,0.01589193375144218,0,0,0,0,0,0.13070512148649854,0
ENSG00000274736,CCL23,0.015891933751442176,0,0,0,0,0,0.13070512148649852,0
ENSG00000124813,RUNX2,0.015891933751442176,0,0,0,0,0,0.13070512148649852,0
ENSG00000133020,MYH8,0.015871401537293026,0,0,0,0,0,0.1305362518204953,0
ENSG00000086205,FOLH1,0.015871401537293026,0,0,0,0,0,0.1305362518204953,0
ENSG00000120738,EGR1,0.01579921306544812,0,0,0,0,0,0.12994252904704381,0
ENSG00000124469,CEACAM8,0.01570714382409983,0,0,0,0,0,0.1291852944924695,0
ENSG00000136099,PCDH8,0.015707143824099826,0,0,0,0,0,0.1291852944924695,0
ENSG00000253548,PYDC2,0.015707143824099826,0,0,0,0,0,0.1291852944924695,0
ENSG00000101856,PGRMC1,0.015680155322326,0,0,0,0,0,0.128963324311983,0
ENSG00000166090,IL25,0.01563795026241719,0,0,0,0,0,0.12861620371803859,0
ENSG00000196154,S100A4,0.01562645222249367,0,0,0,0,0,0.1285216367050768,0
ENSG00000179583,CIITA,0.01561988191396594,0,0,0,0,0,0.12846759841195576,0
ENSG00000117594,HSD11B1,0.015583950539204926,0,0,0,0,0,0.12817207649645013,0
ENSG00000113088,GZMK,0.015522353896757475,0,0,0,0,0,0.12766546749844043,0
ENSG00000156127,BATF,0.015522353896757475,0,0,0,0,0,0.12766546749844043,0
ENSG00000149474,KAT14,0.015522353896757475,0,0,0,0,0,0.12766546749844043,0
ENSG00000134489,HRH4,0.015522353896757475,0,0,0,0,0,0.12766546749844043,0
ENSG00000163931,TKT,0.015522353896757475,0,0,0,0,0,0.12766546749844043,0
ENSG00000095794,CREM,0.015522353896757475,0,0,0,0,0,0.12766546749844043,0
ENSG00000116001,TIA1,0.015522353896757475,0,0,0,0,0,0.12766546749844043,0
ENSG00000105707,HPN,0.015522353896757475,0,0,0,0,0,0.12766546749844043,0
ENSG00000110400,NECTIN1,0.015522353896757475,0,0,0,0,0,0.12766546749844043,0
ENSG00000066336,SPI1,0.015522353896757475,0,0,0,0,0,0.12766546749844043,0
ENSG00000101966,XIAP,0.015501821682608326,0,0,0,0,0,0.1274965978324372,0
ENSG00000140943,MBTPS1,0.01549536539498365,0,0,0,0,0,0.12744349731795396,0
ENSG00000185885,IFITM1,0.015492364293356362,0,0,0,0,0,0.12741881439648428,0
ENSG00000168283,BMI1,0.015399160611862575,0,0,0,0,0,0.12665224950242107,0
ENSG00000050628,PTGER3,0.015338657856878695,0,0,0,0,0,0.1261546373134879,0
ENSG00000230590,FTX,0.015337563969415128,0,0,0,0,0,0.12614564050441138,0
ENSG00000111199,TRPV4,0.015317031755265977,0,0,0,0,0,0.12597677083840814,0
ENSG00000116016,EPAS1,0.015288902621881638,0,0,0,0,0,0.12574541939598372,0
ENSG00000172061,LRRC15,0.015152774042072777,0,0,0,0,0,0.12462581351038234,0
ENSG00000152939,MARVELD2,0.015152774042072777,0,0,0,0,0,0.12462581351038234,0
ENSG00000116299,ELAPOR1,0.015152774042072773,0,0,0,0,0,0.12462581351038231,0
ENSG00000174804,FZD4,0.015152774042072773,0,0,0,0,0,0.12462581351038231,0
ENSG00000071539,TRIP13,0.015136205432078482,0,0,0,0,0.011613533845539127,0.12158615952232422,0
ENSG00000105810,CDK6,0.015135767217470978,0,0,0,0,0,0.12448593883493728,0
ENSG00000170989,S1PR1,0.015052987481307904,0,0,0,0,0,0.12380510693360663,0
ENSG00000117394,SLC2A1,0.015045782350240667,0,0,0,0,0,0.12374584746611834,0
ENSG00000173153,ESRRA,0.014998782435954146,0,0,0,0,0,0.1233592910153581,0
ENSG00000065978,YBX1,0.014973925886090322,0,0,0,0,0,0.12315485532990278,0
ENSG00000086730,LAT2,0.014967984114730421,0,0,0,0,0,0.12310598651635325,0
ENSG00000118137,APOA1,0.014966249385815408,0,0,0,0,0,0.12309171902964401,0
ENSG00000057657,PRDM1,0.014939854981346087,0,0,0,0,0,0.12287463507392885,0
ENSG00000160307,S100B,0.014928356941422563,0,0,0,0,0,0.12278006806096703,0
ENSG00000167580,AQP2,0.014857726124749485,0,0,0,0,0,0.12219915640991592,0
ENSG00000163736,PPBP,0.014832060857063048,0,0,0,0,0,0.1219880693274119,0
ENSG00000160113,NR2F6,0.014783194187388075,0,0,0,0,0,0.12158615952232422,0
ENSG00000115234,SNX17,0.014783194187388075,0,0,0,0,0,0.12158615952232422,0
ENSG00000183625,CCR3,0.014783194187388075,0,0,0,0,0,0.12158615952232422,0
ENSG00000110693,SOX6,0.014783194187388075,0,0,0,0,0,0.12158615952232422,0
ENSG00000187140,FOXD3,0.014783194187388075,0,0,0,0,0,0.12158615952232422,0
ENSG00000129245,FXR2,0.014783194187388075,0,0,0,0,0,0.12158615952232422,0
ENSG00000163344,PMVK,0.014783194187388075,0,0,0,0,0,0.12158615952232422,0
ENSG00000117281,CD160,0.014783194187388075,0,0,0,0,0,0.12158615952232422,0
ENSG00000205542,TMSB4X,0.014783194187388075,0,0,0,0,0,0.12158615952232422,0
ENSG00000163848,ZNF148,0.014783194187388075,0,0,0,0,0,0.12158615952232422,0
ENSG00000111725,PRKAB1,0.014783194187388075,0,0,0,0,0,0.12158615952232422,0
ENSG00000142632,ARHGEF19,0.014783194187388075,0,0,0,0,0,0.12158615952232422,0
ENSG00000150637,CD226,0.014762661973238922,0,0,0,0,0,0.12141728985632098,0
ENSG00000149506,ZP1,0.014762661973238922,0,0,0,0,0,0.12141728985632098,0
ENSG00000223443,USP17L2,0.014649734795418597,0,0,0,0,0,0.12048850669330323,0
ENSG00000112486,CCR6,0.014634813555845826,0,0,0,0,0,0.12036578516289723,0
ENSG00000102524,TNFSF13B,0.01460375229657356,0,0,0,0,0,0.12011031809827162,0
ENSG00000152670,DDX4,0.014598404260045723,0,0,0,0,0,0.12006633252829517,0
ENSG00000137714,FDX1,0.014577872045896572,0,0,0,0,0,0.11989746286229193,0
ENSG00000079999,KEAP1,0.014574176247349723,0,0,0,0,0,0.11986706632241136,0
ENSG00000173585,CCR9,0.014567605938821997,0,0,0,0,0,0.11981302802929032,0
ENSG00000065361,ERBB3,0.01455733983174742,0,0,0,0,0,0.11972859319628872,0
ENSG00000103569,AQP9,0.014529210698363085,0,0,0,0,0,0.11949724175386427,0
ENSG00000105388,CEACAM5,0.014518327727366057,0,0,0,0,0,0.11940773344930246,0
ENSG00000118058,KMT2A,0.014503545430676647,0,0,0,0,0,0.11928615467136024,0
ENSG00000064300,NGFR,0.014476122354044172,0,0,0,0,0,0.11906061027765448,0
ENSG00000169896,ITGAM,0.014469871701974066,0,0,0,0,0,0.11900920103753485,0
ENSG00000154736,ADAMTS5,0.014454678761001673,0,0,0,0,0,0.11888424486627257,0
ENSG00000069869,NEDD4,0.014413614332703372,0,0,0,0,0,0.11854650553426611,0
ENSG00000100614,PPM1A,0.014413614332703372,0,0,0,0,0,0.11854650553426611,0
ENSG00000143387,CTSK,0.014413614332703372,0,0,0,0,0,0.11854650553426611,0
ENSG00000154639,CXADR,0.014413614332703372,0,0,0,0,0,0.11854650553426611,0
ENSG00000131019,ULBP3,0.014413614332703372,0,0,0,0,0,0.11854650553426611,0
ENSG00000138379,MSTN,0.014413614332703372,0,0,0,0,0,0.11854650553426611,0
ENSG00000084674,APOB,0.014377888280083847,0,0,0,0,0,0.11825267231542048,0
ENSG00000157005,SST,0.014347806840418765,0,0,0,0,0,0.11800526389506029,0
ENSG00000048052,HDAC9,0.014332018045129567,0,0,0,0,0,0.11787540704826761,0
ENSG00000173039,RELA,0.014317726831171152,0,0,0,0,0,0.11775786723934066,0
ENSG00000240403,KIR3DL2,0.014236626646737699,0,0,0,0,0,0.11709084901331829,0
ENSG00000030582,GRN,0.01422882440536102,0,0,0,0,0,0.11702667854023706,0
ENSG00000104419,NDRG1,0.01422882440536102,0,0,0,0,0,0.11702667854023706,0
ENSG00000186529,CYP4F3,0.014189197232053159,0,0,0,0,0,0.11670076008485082,0
ENSG00000189171,S100A13,0.014177493869988147,0,0,0,0,0,0.11660450437522898,0
ENSG00000148154,UGCG,0.014167227762913568,0,0,0,0,0,0.11652006954222736,0
ENSG00000172071,EIF2AK3,0.014153760306530844,0,0,0,0,0,0.11640930482660813,0
ENSG00000131747,TOP2A,0.014145322698933819,0,0,0,0,0.03170233253407514,0.10841432557407242,0
ENSG00000165409,TSHR,0.01411856641538008,0,0,0,0,0,0.1161198484337997,0
ENSG00000077092,RARB,0.014105631120466118,0,0,0,0,0,0.11601346054421768,0
ENSG00000067082,KLF6,0.01404403447801867,0,0,0,0,0,0.115506851546208,0
ENSG00000087237,CETP,0.01404403447801867,0,0,0,0,0,0.115506851546208,0
ENSG00000135929,CYP27A1,0.01404403447801867,0,0,0,0,0,0.115506851546208,0
ENSG00000198963,RORB,0.01404403447801867,0,0,0,0,0,0.115506851546208,0
ENSG00000141564,RPTOR,0.01404403447801867,0,0,0,0,0,0.115506851546208,0
ENSG00000102699,PARP4,0.01404403447801867,0,0,0,0,0,0.115506851546208,0
ENSG00000117090,SLAMF1,0.01404403447801867,0,0,0,0,0,0.115506851546208,0
ENSG00000173068,BNC2,0.01404403447801867,0,0,0,0,0,0.115506851546208,0
ENSG00000182742,HOXB4,0.01404403447801867,0,0,0,0,0,0.115506851546208,0
ENSG00000170633,RNF34,0.01404403447801867,0,0,0,0,0,0.115506851546208,0
ENSG00000160181,TFF2,0.013966121224025827,0,0,0,0,0,0.11486604461309209,0
ENSG00000182985,CADM1,0.013920841193123767,0,0,0,0,0,0.11449363355018863,0
ENSG00000198890,PRMT6,0.013859244550676319,0,0,0,0,0,0.11398702455217895,0
ENSG00000113594,LIFR,0.013790357226269343,0,0,0,0,0,0.11342045246307265,0
ENSG00000106483,SFRP4,0.0137672954726832,0,0,0,0,0.019265810886026486,0.10841432557407242,0
ENSG00000213927,CCL27,0.013762525251290464,0,0,0,0,0,0.11319154503571231,0
ENSG00000108821,COL1A1,0.013749692617447243,0,0,0,0,0,0.11308600149446028,0
ENSG00000136826,KLF4,0.01369066250176844,0,0,0,0,0,0.11260050120470103,0
ENSG00000266412,NCOA4,0.013682256864710642,0,0,0,0,0,0.11253136803123112,0
ENSG00000133116,KL,0.013674454623333965,0,0,0,0,0,0.11246719755814989,0
ENSG00000259224,SLC35G6,0.013674454623333965,0,0,0,0,0,0.11246719755814989,0
ENSG00000161610,HCRT,0.013674454623333965,0,0,0,0,0,0.11246719755814989,0
ENSG00000126215,XRCC3,0.013648994677789019,0,0,0,0,0,0.11225779917230588,0
ENSG00000180176,TH,0.013530729124289917,0,0,0,0,0,0.1112851098961273,0
ENSG00000101384,JAG1,0.01339993892015983,0,0,0,0,0,0.11020941012368675,0
ENSG00000105173,CCNE1,0.013398744849604922,0,0,0,0,0,0.11019958934672003,0
ENSG00000091542,ALKBH5,0.01337445383312817,0,0,0,0,0,0.10999980495865987,0
ENSG00000114315,HES1,0.013304874768649265,0,0,0,0,0,0.10942754357009181,0
ENSG00000104327,CALB1,0.013304874768649264,0,0,0,0,0,0.1094275435700918,0
ENSG00000167759,KLK13,0.013304874768649264,0,0,0,0,0,0.1094275435700918,0
ENSG00000168264,IRF2BP2,0.013304874768649264,0,0,0,0,0,0.1094275435700918,0
ENSG00000157168,NRG1,0.013304874768649264,0,0,0,0,0,0.1094275435700918,0
ENSG00000141252,VPS53,0.013304874768649264,0,0,0,0,0,0.1094275435700918,0
ENSG00000204628,RACK1,0.013304874768649264,0,0,0,0,0,0.1094275435700918,0
ENSG00000153094,BCL2L11,0.01327215451485169,0,0,0,0,0,0.10915843190535855,0
ENSG00000160951,PTGER1,0.013265247595341407,0,0,0,0,0,0.10910162511470557,0
ENSG00000168209,DDIT4,0.013263810340350964,0,0,0,0,0,0.10908980423808533,0
ENSG00000169926,KLF13,0.013217612858515379,0,0,0,0,0,0.10870984748957807,0
ENSG00000107014,RLN2,0.013191947590828937,0,0,0,0,0,0.10849876040707403,0
ENSG00000122707,RECK,0.013191947590828937,0,0,0,0,0,0.10849876040707403,0
ENSG00000116761,CTH,0.013120084841306914,0,0,0,0,0,0.10790771657606275,0
ENSG00000185652,NTF3,0.013112248064054208,0,0,0,0,0,0.10784326205851325,0
ENSG00000054219,LY75,0.013054025684303985,0,0,0,0,0.01606467798448603,0.10334823559397559,0
ENSG00000105989,WNT2,0.013009826851325977,0,0,0,0,0,0.1070008864696254,0
ENSG00000106683,LIMK1,0.013007157663486585,0,0,0,0,0,0.10697893341304497,0
ENSG00000196839,ADA,0.01298416158363954,0,0,0,0,0,0.10678979938712137,0
ENSG00000155792,DEPTOR,0.012935294913964564,0,0,0,0,0,0.1063878895820337,0
ENSG00000161905,ALOX15,0.01293529491396456,0,0,0,0,0,0.10638788958203368,0
ENSG00000105383,CD33,0.01293529491396456,0,0,0,0,0,0.10638788958203368,0
ENSG00000145040,UCN2,0.01293529491396456,0,0,0,0,0,0.10638788958203368,0
ENSG00000185338,SOCS1,0.01291476269981541,0,0,0,0,0,0.10621901991603044,0
ENSG00000114115,RBP1,0.012886633566431075,0,0,0,0,0,0.10598766847360601,0
ENSG00000160211,G6PD,0.012881500512893789,0,0,0,0,0,0.10594545105710523,0
ENSG00000179344,HLA-DQB1,0.012850702191670062,0,0,0,0,0,0.10569214655810037,0
ENSG00000135404,CD63,0.012750504986622214,0,0,0,0,0,0.10486806258800464,0
ENSG00000102038,SMARCA1,0.01273457994991326,0,0,0,0,0,0.10473708520726067,0
ENSG00000172115,CYCS,0.012712109746163302,0,0,0,0,0,0.1045522763125786,0
ENSG00000105516,DBP,0.012712109746163302,0,0,0,0,0,0.1045522763125786,0
ENSG00000143369,ECM1,0.012679096268883154,0,0,0,0,0.00887721702798827,0.10206144873903099,0
ENSG00000110680,CALCA,0.012663243076488322,0,0,0,0,0,0.10415036650749089,0
ENSG00000116584,ARHGEF2,0.012565715059279862,0,0,0,0,0,0.10334823559397559,0
ENSG00000167755,KLK6,0.012565715059279862,0,0,0,0,0,0.10334823559397559,0
ENSG00000134802,SLC43A3,0.012565715059279862,0,0,0,0,0,0.10334823559397559,0
ENSG00000075945,KIFAP3,0.012565715059279862,0,0,0,0,0,0.10334823559397559,0
ENSG00000135372,NAT10,0.012565715059279862,0,0,0,0,0,0.10334823559397559,0
ENSG00000180008,SOCS4,0.012565715059279862,0,0,0,0,0,0.10334823559397559,0
ENSG00000242689,CNTF,0.012565715059279862,0,0,0,0,0,0.10334823559397559,0
ENSG00000185304,RGPD2,0.012565715059279862,0,0,0,0,0,0.10334823559397559,0
ENSG00000107731,UNC5B,0.012565715059279862,0,0,0,0,0,0.10334823559397559,0
ENSG00000168913,ENHO,0.012565715059279862,0,0,0,0,0,0.10334823559397559,0
ENSG00000169967,MAP3K2,0.01256571505927986,0,0,0,0,0,0.10334823559397557,0
ENSG00000164256,PRDM9,0.012560582005742572,0,0,0,0,0,0.10330601817747477,0
ENSG00000188372,ZP3,0.01254518284513071,0,0,0,0,0,0.10317936592797235,0
ENSG00000114737,CISH,0.01254518284513071,0,0,0,0,0,0.10317936592797235,0
ENSG00000103310,ZP2,0.01254518284513071,0,0,0,0,0,0.10317936592797235,0
ENSG00000234745,HLA-B,0.012537585925895524,0,0,0,0,0,0.10311688415155115,0
ENSG00000130348,QRSL1,0.012537585925895524,0,0,0,0,0,0.10311688415155115,0
ENSG00000196616,ADH1B,0.012524650630981559,0,0,0,0,0,0.10301049626196912,0
ENSG00000184916,JAG2,0.012524650630981559,0,0,0,0,0,0.10301049626196912,0
ENSG00000245532,NEAT1,0.012517053711746372,0,0,0,0,0,0.10294801448554791,0
ENSG00000225950,NTF4,0.012463531909573208,0,0,0,0,0,0.10250781798305589,0
ENSG00000103335,PIEZO1,0.012457920934996824,0,0,0,0,0,0.10246166984745862,0
ENSG00000114166,KAT2B,0.01244252177438496,0,0,0,0,0,0.1023350175979562,0
ENSG00000111206,FOXM1,0.012394589545112697,0,0,0,0,0.01893738947587162,0.09720644584143816,0
ENSG00000170430,MGMT,0.01238092513193751,0,0,0,0,0,0.10182840859994653,0
ENSG00000111732,AICDA,0.01238092513193751,0,0,0,0,0,0.10182840859994653,0
ENSG00000169174,PCSK9,0.012380925131937509,0,0,0,0,0,0.10182840859994652,0
ENSG00000163235,TGFA,0.012360392917788359,0,0,0,0,0,0.10165953893394329,0
ENSG00000135346,CGA,0.012360392917788357,0,0,0,0,0,0.10165953893394328,0
ENSG00000171720,HDAC3,0.012356716318954315,0,0,0,0,0,0.10162930030441106,0
ENSG00000062038,CDH3,0.012350126810713785,0,0,0,0,0,0.10157510410094168,0
ENSG00000110934,BIN2,0.01233986070363921,0,0,0,0,0,0.10149066926794008,0
ENSG00000187840,EIF4EBP1,0.012288530168266336,0,0,0,0,0,0.101068495102932,0
ENSG00000092969,TGFB2,0.01227282038100768,0,0,0,0,0,0.10093928806719395,0
ENSG00000142173,COL6A2,0.01225773184704261,0,0,0,0,0,0.10081519060392716,0
ENSG00000113161,HMGCR,0.012244658506743266,0,0,0,0,0,0.09120874863077988,0
ENSG00000138778,CENPE,0.012240121457766961,0,0,0,0,0.013605696881331932,0.09726892761785938,0
ENSG00000101204,CHRNA4,0.012196135204595159,0,0,0,0,0,0.10030858160591748,0
ENSG00000101916,TLR8,0.012196135204595159,0,0,0,0,0,0.10030858160591748,0
ENSG00000179914,ITLN1,0.012196135204595159,0,0,0,0,0,0.10030858160591748,0
ENSG00000178175,ZNF366,0.012196135204595159,0,0,0,0,0,0.10030858160591748,0
ENSG00000171557,FGG,0.012196135204595159,0,0,0,0,0,0.10030858160591748,0
ENSG00000112116,IL17F,0.012196135204595159,0,0,0,0,0,0.10030858160591748,0
ENSG00000012124,CD22,0.012196135204595157,0,0,0,0,0,0.10030858160591746,0
ENSG00000185010,F8,0.012196135204595157,0,0,0,0,0,0.10030858160591746,0
ENSG00000196730,DAPK1,0.012185445882494242,0,0,0,0,0,0.10022066599000436,0
ENSG00000102970,CCL17,0.012175602990446007,0,0,0,0,0,0.10013971193991425,0
ENSG00000179295,PTPN11,0.012160065784448766,0,0,0,0,0,0.10001192431952814,0
ENSG00000184500,PROS1,0.012128532416230405,0,0,0,0,0,0.0997525743380644,0
ENSG00000133067,LGR6,0.012072941919700259,0,0,0,0,0,0.0992953636098981,0
ENSG00000187554,TLR5,0.012031877491401957,0,0,0,0,0,0.09895762427789165,0
ENSG00000142798,HSPG2,0.012011345277252809,0,0,0,0,0,0.09878875461188842,0
ENSG00000131620,ANO1,0.01199529009902616,0,0,0,0,0.011630424970965355,0.09574910062383032,0
ENSG00000277632,CCL3,0.011922808762827615,0,0,0,0,0,0.09806057539500201,0
ENSG00000085662,AKR1B1,0.011913817260044346,0,0,0,0,0,0.09798662369837309,0
ENSG00000139318,DUSP6,0.011854889805436282,0,0,0,0,0,0.09750196775694382,0
ENSG00000136026,CKAP4,0.011826555349910457,0,0,0,0,0,0.09726892761785938,0
ENSG00000058091,CDK14,0.011826555349910457,0,0,0,0,0,0.09726892761785938,0
ENSG00000152583,SPARCL1,0.011826555349910457,0,0,0,0,0,0.09726892761785938,0
ENSG00000152137,HSPB8,0.011826555349910457,0,0,0,0,0,0.09726892761785938,0
ENSG00000143669,LYST,0.011826555349910457,0,0,0,0,0,0.09726892761785938,0
ENSG00000110324,IL10RA,0.011826555349910457,0,0,0,0,0,0.09726892761785938,0
ENSG00000101997,CCDC22,0.011826555349910457,0,0,0,0,0,0.09726892761785938,0
ENSG00000143217,NECTIN4,0.011826555349910457,0,0,0,0,0,0.09726892761785938,0
ENSG00000163528,CHCHD4,0.011826555349910457,0,0,0,0,0,0.09726892761785938,0
ENSG00000176046,NUPR1,0.011826555349910457,0,0,0,0,0,0.09726892761785938,0
ENSG00000047617,ANO2,0.011826555349910457,0,0,0,0,0,0.09726892761785938,0
ENSG00000173801,JUP,0.011826555349910457,0,0,0,0,0,0.09726892761785938,0
ENSG00000183576,SETD3,0.011826555349910457,0,0,0,0,0,0.09726892761785938,0
ENSG00000160888,IER2,0.011826555349910457,0,0,0,0,0,0.09726892761785938,0
ENSG00000107864,CPEB3,0.011826555349910457,0,0,0,0,0,0.09726892761785938,0
ENSG00000110881,ASIC1,0.011826555349910457,0,0,0,0,0,0.09726892761785938,0
ENSG00000133794,BMAL1,0.011826555349910457,0,0,0,0,0,0.09726892761785938,0
ENSG00000072310,SREBF1,0.011826555349910457,0,0,0,0,0,0.09726892761785938,0
ENSG00000100429,HDAC10,0.011826555349910457,0,0,0,0,0,0.09726892761785938,0
ENSG00000188706,ZDHHC9,0.011826555349910457,0,0,0,0,0,0.09726892761785938,0
ENSG00000182667,NTM,0.011826555349910457,0,0,0,0,0,0.09726892761785938,0
ENSG00000124225,PMEPA1,0.011826555349910457,0,0,0,0,0,0.09726892761785938,0
ENSG00000073754,CD5L,0.011826555349910457,0,0,0,0,0,0.09726892761785938,0
ENSG00000102144,PGK1,0.011826555349910457,0,0,0,0,0,0.09726892761785938,0
ENSG00000164379,FOXQ1,0.011826555349910457,0,0,0,0,0,0.09726892761785938,0
ENSG00000130766,SESN2,0.011826555349910457,0,0,0,0,0,0.09726892761785938,0
ENSG00000175097,RAG2,0.011806023135761307,0,0,0,0,0,0.09710005795185614,0
ENSG00000144820,ADGRG7,0.011785490921612157,0,0,0,0,0,0.09693118828585291,0
ENSG00000196632,WNK3,0.01173984377023029,0,0,0,0,0,0.09655575779638602,0
ENSG00000144935,TRPC1,0.01171362817209013,0,0,0,0,0,0.09634014445484161,0
ENSG00000095002,MSH2,0.011699666266468711,0,0,0,0,0,0.09622531308195942,0
ENSG00000136160,EDNRB,0.011641765422568106,0,0,0,0,0,0.09574910062383032,0
ENSG00000181333,HEPHL1,0.011621233208418956,0,0,0,0,0,0.09558023095782708,0
ENSG00000169032,MAP2K1,0.011621233208418956,0,0,0,0,0,0.09558023095782708,0
ENSG00000164932,CTHRC1,0.011621233208418956,0,0,0,0,0,0.09558023095782708,0
ENSG00000081041,CXCL2,0.01160161237316316,0,0,0,0,0,0.09541885703720257,0
ENSG00000132906,CASP9,0.011521241325512594,0,0,0,0,0,0.09475783568439136,0
ENSG00000213918,DNASE1,0.011456975495225754,0,0,0,0,0,0.09422927362980127,0
ENSG00000157388,CACNA1D,0.011456975495225754,0,0,0,0,0,0.09422927362980127,0
ENSG00000038427,VCAN,0.011456975495225754,0,0,0,0,0,0.09422927362980127,0
ENSG00000130402,ACTN4,0.011456975495225754,0,0,0,0,0,0.09422927362980127,0
ENSG00000080824,HSP90AA1,0.01142617717400203,0,0,0,0,0,0.09397596913079642,0
ENSG00000150337,FCGR1A,0.011333782210330857,0,0,0,0,0,0.09321605563378191,0
ENSG00000153707,PTPRD,0.01131529064685326,0,0,0,0,0,0.09306396954478754,0
ENSG00000137819,PAQR5,0.011300520023409233,0,0,0,0,0,0.09294248677485667,0
ENSG00000096060,FKBP5,0.011269878230947343,0,0,0,0,0.018162016047217233,0.08814996565368505,0
ENSG00000134323,MYCN,0.011261919460808829,0,0,0,0,0,0.09262501180277061,0
ENSG00000171860,C3AR1,0.011200322818361379,0,0,0,0,0,0.0921184028047609,0
ENSG00000143546,S100A8,0.011147234474042469,0,0,0,0,0,0.09168177132855114,0
ENSG00000104365,IKBKB,0.011129897323829796,0,0,0,0,0,0.09153917985036986,0
ENSG00000175104,TRAF6,0.011115730096066881,0,0,0,0,0,0.09142265978082761,0
ENSG00000113296,THBS4,0.011087395640541052,0,0,0,0,0,0.09118961964174316,0
ENSG00000149658,YTHDF1,0.011087395640541052,0,0,0,0,0,0.09118961964174316,0
ENSG00000143184,XCL1,0.011087395640541052,0,0,0,0,0,0.09118961964174316,0
ENSG00000149554,CHEK1,0.011087395640541052,0,0,0,0,0,0.09118961964174316,0
ENSG00000119508,NR4A3,0.011087395640541052,0,0,0,0,0,0.09118961964174316,0
ENSG00000198523,PLN,0.011087395640541052,0,0,0,0,0,0.09118961964174316,0
ENSG00000162298,SYVN1,0.011087395640541052,0,0,0,0,0,0.09118961964174316,0
ENSG00000130383,FUT5,0.011087395640541052,0,0,0,0,0,0.09118961964174316,0
ENSG00000115216,NRBP1,0.011087395640541052,0,0,0,0,0,0.09118961964174316,0
ENSG00000105550,FGF21,0.011087395640541052,0,0,0,0,0,0.09118961964174316,0
ENSG00000198625,MDM4,0.011087395640541052,0,0,0,0,0,0.09118961964174316,0
ENSG00000124102,PI3,0.011087395640541052,0,0,0,0,0,0.09118961964174316,0
ENSG00000160200,CBS,0.011087395640541052,0,0,0,0,0,0.09118961964174316,0
ENSG00000117400,MPL,0.011087395640541052,0,0,0,0,0,0.09118961964174316,0
ENSG00000132855,ANGPTL3,0.011087395640541052,0,0,0,0,0,0.09118961964174316,0
ENSG00000117009,KMO,0.011087395640541052,0,0,0,0,0,0.09118961964174316,0
ENSG00000141504,SAT2,0.011087395640541052,0,0,0,0,0,0.09118961964174316,0
ENSG00000110395,CBL,0.011087395640541052,0,0,0,0,0,0.09118961964174316,0
ENSG00000134538,SLCO1B1,0.011087395640541052,0,0,0,0,0,0.09118961964174316,0
ENSG00000258839,MC1R,0.011087395640541052,0,0,0,0,0,0.09118961964174316,0
ENSG00000136267,DGKB,0.011087395640541052,0,0,0,0,0,0.09118961964174316,0
ENSG00000196482,ESRRG,0.011087395640541052,0,0,0,0,0,0.09118961964174316,0
ENSG00000184194,GPR173,0.011079798721305866,0,0,0,0,0,0.09112713786532194,0
ENSG00000100600,LGMN,0.010974468462720726,0,0,0,0,0,0.09026083647872539,0
ENSG00000198353,HOXC4,0.010964202355646152,0,0,0,0,0,0.09017640164572378,0
ENSG00000096264,NCR2,0.010902605713198706,0,0,0,0,0,0.08966979264771412,0
ENSG00000152256,PDK1,0.010873517245863022,0,0,0,0,0,0.08943055104776587,0
ENSG00000171428,NAT1,0.01087180739197498,0,0,0,0,0,0.08941648814870927,0
ENSG00000164611,PTTG1,0.01087142588655464,0,0,0,0,0.01721215498337789,0.08511031166562696,0
ENSG00000214285,NPS,0.010839353922875966,0,0,0,0,0,0.08914957068683274,0
ENSG00000002330,BAD,0.010815343803064812,0,0,0,0,0,0.08895209656720038,0
ENSG00000160877,NACC1,0.010779412428303803,0,0,0,0,0,0.08865657465169474,0
ENSG00000100219,XBP1,0.010717815785856354,0,0,0,0,0,0.08814996565368506,0
ENSG00000196652,ZKSCAN5,0.010717815785856354,0,0,0,0,0,0.08814996565368506,0
ENSG00000096006,CRISP3,0.010717815785856354,0,0,0,0,0,0.08814996565368506,0
ENSG00000250056,LINC01018,0.010717815785856354,0,0,0,0,0,0.08814996565368506,0
ENSG00000260676,LINC01541,0.010717815785856354,0,0,0,0,0,0.08814996565368506,0
ENSG00000033327,GAB2,0.010717815785856353,0,0,0,0,0,0.08814996565368505,0
ENSG00000198829,SUCNR1,0.010717815785856353,0,0,0,0,0,0.08814996565368505,0
ENSG00000171867,PRNP,0.010717815785856353,0,0,0,0,0,0.08814996565368505,0
ENSG00000143878,RHOB,0.0106972835717072,0,0,0,0,0,0.08798109598768183,0
ENSG00000184347,SLIT3,0.010697283571707199,0,0,0,0,0,0.0879810959876818,0
ENSG00000172020,GAP43,0.010628090010024566,0,0,0,0,0,0.08741200521325095,0
ENSG00000120129,DUSP1,0.01062439421147772,0,0,0,0,0,0.08738160867337037,0
ENSG00000112242,E2F3,0.010604888608036026,0,0,0,0,0,0.0872211824906673,0
ENSG00000068028,RASSF1,0.010594622500961453,0,0,0,0,0,0.08713674765766569,0
ENSG00000161921,CXCL16,0.010587025581726266,0,0,0,0,0,0.08707426588124449,0
ENSG00000131471,AOC3,0.010584356393886878,0,0,0,0,0,0.08705231282466408,0
ENSG00000134460,IL2RA,0.010534463113504443,0,0,0,0,0,0.08664195953627624,0
ENSG00000148840,PPRC1,0.010533025858514001,0,0,0,0,0,0.08663013865965599,0
ENSG00000139874,SSTR1,0.010533025858514001,0,0,0,0,0,0.08663013865965599,0
ENSG00000214269,LGMNP1,0.010512493644364851,0,0,0,0,0,0.08646126899365278,0
ENSG00000117020,AKT3,0.01047923145744323,0,0,0,0,0,0.08618770013472754,0
ENSG00000133027,PEMT,0.010399566466544526,0,0,0,0,0,0.08553248583063502,0
ENSG00000008438,PGLYRP1,0.010348235931171651,0,0,0,0,0,0.08511031166562696,0
ENSG00000215256,DHRS4-AS1,0.010348235931171651,0,0,0,0,0,0.08511031166562696,0
ENSG00000090554,FLT3LG,0.0103277037170225,0,0,0,0,0,0.08494144199962372,0
ENSG00000138449,SLC40A1,0.010257550821388522,0,0,0,0,0,0.08436446106766905,0
ENSG00000137868,STRA6,0.010235308753351326,0,0,0,0,0,0.0841815285026092,0
ENSG00000158125,XDH,0.010235308753351326,0,0,0,0,0,0.0841815285026092,0
ENSG00000154864,PIEZO2,0.01022504264627675,0,0,0,0,0,0.08409709366960759,0
ENSG00000172037,LAMB2,0.0101819061404485,0,0,0,0,0,0.08374231228661363,0
ENSG00000171855,IFNB1,0.010176381298743264,0,0,0,0,0,0.08369687256117993,0
ENSG00000143514,TP53BP2,0.010163446003829301,0,0,0,0,0,0.08359048467159791,0
ENSG00000129038,LOXL1,0.010163446003829301,0,0,0,0,0,0.08359048467159791,0
ENSG00000135829,DHX9,0.010163446003829301,0,0,0,0,0,0.08359048467159791,0
ENSG00000158874,APOA2,0.01014291378968015,0,0,0,0,0,0.08342161500559467,0
ENSG00000137331,IER3,0.010138874623606433,0,0,0,0,0,0.08338839439817038,0
ENSG00000101266,CSNK2A1,0.010132647682605574,0,0,0,0,0,0.08333718017259306,0
ENSG00000166278,C2,0.010122381575531,0,0,0,0,0,0.08325274533959144,0
ENSG00000002834,LASP1,0.010122381575531,0,0,0,0,0,0.08325274533959144,0
ENSG00000127318,IL22,0.010114646610910435,0,0,0,0,0,0.08318912819228658,0
ENSG00000244731,C4A,0.01003971635883353,0,0,0,0,0,0.08257285531738631,0
ENSG00000139329,LUM,0.01002432768222545,0,0,0,0,0,0.08244628929483458,0
ENSG00000167207,NOD2,0.010006990532012774,0,0,0,0,0,0.0823036978166533,0
ENSG00000126759,CFP,0.00997865607648695,0,0,0,0,0,0.08207065767756885,0
ENSG00000198176,TFDP1,0.00997865607648695,0,0,0,0,0,0.08207065767756885,0
ENSG00000154727,GABPA,0.00997865607648695,0,0,0,0,0,0.08207065767756885,0
ENSG00000177971,IMP3,0.00997865607648695,0,0,0,0,0,0.08207065767756885,0
ENSG00000118972,FGF23,0.00997865607648695,0,0,0,0,0,0.08207065767756885,0
ENSG00000070193,FGF10,0.00997865607648695,0,0,0,0,0,0.08207065767756885,0
ENSG00000206172,HBA1,0.00997865607648695,0,0,0,0,0,0.08207065767756885,0
ENSG00000160223,ICOSLG,0.00997865607648695,0,0,0,0,0,0.08207065767756885,0
ENSG00000114354,TFG,0.00997865607648695,0,0,0,0,0,0.08207065767756885,0
ENSG00000158402,CDC25C,0.00997533822759412,0,0,0,0,0.012049463762349522,0.07903100368951074,0
ENSG00000111796,KLRB1,0.0099581238623378,0,0,0,0,0,0.08190178801156561,0
ENSG00000196352,CD55,0.00994015266455015,0,0,0,0,0.011567390837194564,0.0788621340235075,0
ENSG00000115523,GNLY,0.009931431983943905,0,0,0,0,0,0.08168225744576144,0
ENSG00000158710,TAGLN2,0.009865728898666623,0,0,0,0,0,0.08114187451455109,0
ENSG00000016391,CHDH,0.00985546279159205,0,0,0,0,0,0.08105743968154948,0
ENSG00000163501,IHH,0.009841157518443758,0,0,0,0,0,0.0809397842411236,0
ENSG00000114200,BCHE,0.009788733095607311,0,0,0,0,0,0.08050861326703898,0
ENSG00000126456,IRF3,0.009788733095607311,0,0,0,0,0,0.08050861326703898,0
ENSG00000189013,KIR2DL4,0.009786975286661276,0,0,0,0,0,0.08049415595583728,0
ENSG00000171509,RXFP1,0.009785778090717836,0,0,0,0,0.01189253111301923,0.07751117669548169,0
ENSG00000110944,IL23A,0.009763067827920873,0,0,0,0,0,0.08029752618453495,0
ENSG00000158828,PINK1,0.009760603962222975,0,0,0,0,0,0.08027726182461456,0
ENSG00000196083,IL1RAP,0.009732269506697146,0,0,0,0,0,0.0800442216855301,0
ENSG00000108702,CCL1,0.0097092734268501,0,0,0,0,0,0.0798550876596065,0
ENSG00000130827,PLXNA3,0.009695262375781659,0,0,0,0,0,0.07973985208408141,0
ENSG00000174059,CD34,0.009691368730854025,0,0,0,0,0,0.07970782833283431,0
ENSG00000203857,HSD3B1,0.009670672864249698,0,0,0,0,0,0.07953761268752042,0
ENSG00000160781,PAQR6,0.009670672864249698,0,0,0,0,0,0.07953761268752042,0
ENSG00000115461,IGFBP5,0.009670672864249698,0,0,0,0,0,0.07953761268752042,0
ENSG00000176171,BNIP3,0.009637410677328071,0,0,0,0,0,0.07926404382859518,0
ENSG00000113013,HSPA9,0.009609076221802246,0,0,0,0,0,0.07903100368951074,0
ENSG00000106211,HSPB1,0.009609076221802246,0,0,0,0,0,0.07903100368951074,0
ENSG00000126545,CSN1S1,0.009609076221802246,0,0,0,0,0,0.07903100368951074,0
ENSG00000138668,HNRNPD,0.009609076221802246,0,0,0,0,0,0.07903100368951074,0
ENSG00000075043,KCNQ2,0.009609076221802246,0,0,0,0,0,0.07903100368951074,0
ENSG00000157445,CACNA2D3,0.009609076221802246,0,0,0,0,0,0.07903100368951074,0
ENSG00000233521,LINC01638,0.009609076221802246,0,0,0,0,0,0.07903100368951074,0
ENSG00000134138,MEIS2,0.009609076221802246,0,0,0,0,0,0.07903100368951074,0
ENSG00000223802,CERS1,0.009609076221802246,0,0,0,0,0,0.07903100368951074,0
ENSG00000010438,PRSS3,0.009609076221802246,0,0,0,0,0,0.07903100368951074,0
ENSG00000090861,AARS1,0.009609076221802246,0,0,0,0,0,0.07903100368951074,0
ENSG00000207994,MIR100,0.009609076221802246,0,0,0,0,0,0.07903100368951074,0
ENSG00000197594,ENPP1,0.009609076221802246,0,0,0,0,0,0.07903100368951074,0
ENSG00000166825,ANPEP,0.009609076221802246,0,0,0,0,0,0.07903100368951074,0
ENSG00000176393,RNPEP,0.009609076221802246,0,0,0,0,0,0.07903100368951074,0
ENSG00000183160,TMEM119,0.009609076221802246,0,0,0,0,0,0.07903100368951074,0
ENSG00000077254,USP33,0.009609076221802246,0,0,0,0,0,0.07903100368951074,0
ENSG00000111540,RAB5B,0.009588544007653096,0,0,0,0,0,0.0788621340235075,0
ENSG00000072110,ACTN1,0.009588544007653096,0,0,0,0,0,0.0788621340235075,0
ENSG00000109072,VTN,0.009518560927860655,0,0,0,0,0,0.07828654976237627,0
ENSG00000104067,TJP1,0.009515654647423615,0,0,0,0,0,0.07826264670919605,0
ENSG00000166670,MMP10,0.009480224007272971,0,0,0,0,0,0.07797124314574905,0
ENSG00000245848,CEBPA,0.009463501925986797,0,0,0,0,0,0.07783371037596776,0
ENSG00000042832,TG,0.009450174529491808,0,0,0,0,0,0.07772409759974924,0
ENSG00000165197,VEGFD,0.009446859159280604,0,0,0,0,0,0.0776968299384938,0
ENSG00000172062,SMN1,0.009433525790827013,0,0,0,0,0,0.07758716804518313,0
ENSG00000265972,TXNIP,0.009403754080310744,0,0,0,0,0,0.07734230702947845,0
ENSG00000154640,BTG3,0.009396863217827423,0,0,0,0,0,0.07728563230177593,0
ENSG00000187134,AKR1C1,0.009359003514314661,0,0,0,0,0,0.07697425061440706,0
ENSG00000163221,S100A12,0.009329427465090823,0,0,0,0,0,0.07673099883854678,0
ENSG00000186104,CYP2R1,0.009329427465090823,0,0,0,0,0,0.07673099883854678,0
ENSG00000132326,PER2,0.009307903283295914,0,0,0,0,0.014409099607514209,0.07295169571339452,0
ENSG00000115419,GLS,0.009283229983255236,0,0,0,0,0,0.07635104209003953,0
ENSG00000075624,ACTB,0.009244793073110012,0,0,0,0,0,0.0760349130972641,0
ENSG00000272398,CD24,0.009239496367117545,0,0,0,0,0,0.07599134970145263,0
ENSG00000055955,ITIH4,0.009239496367117545,0,0,0,0,0,0.07599134970145263,0
ENSG00000198467,TPM2,0.009239496367117545,0,0,0,0,0,0.07599134970145263,0
ENSG00000244734,HBB,0.009239496367117545,0,0,0,0,0,0.07599134970145263,0
ENSG00000109906,ZBTB16,0.009239496367117545,0,0,0,0,0,0.07599134970145263,0
ENSG00000168081,PNOC,0.009239496367117545,0,0,0,0,0,0.07599134970145263,0
ENSG00000178473,UCN3,0.009239496367117545,0,0,0,0,0,0.07599134970145263,0
ENSG00000133107,TRPC4,0.009239496367117545,0,0,0,0,0,0.07599134970145263,0
ENSG00000158769,F11R,0.009239496367117545,0,0,0,0,0,0.07599134970145263,0
ENSG00000145284,SCD5,0.009239496367117545,0,0,0,0,0,0.07599134970145263,0
ENSG00000115641,FHL2,0.009239496367117545,0,0,0,0,0,0.07599134970145263,0
ENSG00000215021,PHB2,0.009218964152968395,0,0,0,0,0,0.0758224800354494,0
ENSG00000108688,CCL7,0.00914667818842003,0,0,0,0,0,0.07522795542152662,0
ENSG00000125740,FOSB,0.009144111661651386,0,0,0,0,0,0.07520684671327621,0
ENSG00000110148,CCKBR,0.009131702242834508,0,0,0,0,0,0.0751047839549357,0
ENSG00000006377,DLX6,0.009108706162987458,0,0,0,0,0,0.07491564992901206,0
ENSG00000033170,FUT8,0.009095770868073495,0,0,0,0,0,0.07480926203943004,0
ENSG00000102032,RENBP,0.009035611480616485,0,0,0,0,0,0.07431447391804058,0
ENSG00000102547,CAB39L,0.009034174225626043,0,0,0,0,0,0.07430265304142035,0
ENSG00000128714,HOXD13,0.009003375904402318,0,0,0,0,0,0.07404934854241552,0
ENSG00000112149,CD83,0.008995150447999301,0,0,0,0,0,0.07398169728642279,0
ENSG00000143556,S100A7,0.00892124704780572,0,0,0,0,0,0.07337386987840261,0
ENSG00000103415,HMOX2,0.008910980940731143,0,0,0,0,0,0.07328943504540099,0
ENSG00000105879,CBLL1,0.008910980940731143,0,0,0,0,0,0.07328943504540099,0
ENSG00000101017,CD40,0.008906603528544514,0,0,0,0,0,0.07325343249211838,0
ENSG00000181104,F2R,0.00889825096795867,0,0,0,0,0,0.07318473585247898,0
ENSG00000151632,AKR1C2,0.008887356323716265,0,0,0,0,0,0.07309513153990585,0
ENSG00000119715,ESRRB,0.008885315673044706,0,0,0,0,0,0.07307834796289694,0
ENSG00000182541,LIMK2,0.008869916512432843,0,0,0,0,0,0.07295169571339452,0
ENSG00000153029,MR1,0.008869916512432843,0,0,0,0,0,0.07295169571339452,0
ENSG00000211891,IGHE,0.008869916512432843,0,0,0,0,0,0.07295169571339452,0
ENSG00000080618,CPB2,0.008869916512432843,0,0,0,0,0,0.07295169571339452,0
ENSG00000188536,HBA2,0.008869916512432843,0,0,0,0,0,0.07295169571339452,0
ENSG00000187266,EPOR,0.008869916512432843,0,0,0,0,0,0.07295169571339452,0
ENSG00000130529,TRPM4,0.008869916512432843,0,0,0,0,0,0.07295169571339452,0
ENSG00000174775,HRAS,0.008869916512432843,0,0,0,0,0,0.07295169571339452,0
ENSG00000137501,SYTL2,0.008869916512432843,0,0,0,0,0,0.07295169571339452,0
ENSG00000119922,IFIT2,0.008869916512432843,0,0,0,0,0,0.07295169571339452,0
ENSG00000133706,LARS1,0.008869916512432843,0,0,0,0,0,0.07295169571339452,0
ENSG00000102359,SRPX2,0.008869916512432843,0,0,0,0,0,0.07295169571339452,0
ENSG00000092439,TRPM7,0.008869916512432843,0,0,0,0,0,0.07295169571339452,0
ENSG00000154175,ABI3BP,0.008869916512432843,0,0,0,0,0,0.07295169571339452,0
ENSG00000116254,CHD5,0.008869916512432843,0,0,0,0,0,0.07295169571339452,0
ENSG00000140287,HDC,0.008869916512432843,0,0,0,0,0,0.07295169571339452,0
ENSG00000181562,EDDM3A,0.008869916512432843,0,0,0,0,0,0.07295169571339452,0
ENSG00000118495,PLAGL1,0.008869916512432843,0,0,0,0,0,0.07295169571339452,0
ENSG00000189067,LITAF,0.008869916512432843,0,0,0,0,0,0.07295169571339452,0
ENSG00000116473,RAP1A,0.008869916512432843,0,0,0,0,0,0.07295169571339452,0
ENSG00000054179,ENTPD2,0.008869916512432843,0,0,0,0,0,0.07295169571339452,0
ENSG00000108576,SLC6A4,0.008850821553274133,0,0,0,0,0,0.07279464692401154,0
ENSG00000171564,FGB,0.008849384298283695,0,0,0,0,0,0.07278282604739131,0
ENSG00000054598,FOXC1,0.008849384298283695,0,0,0,0,0,0.07278282604739131,0
ENSG00000198160,MIER1,0.008839118191209118,0,0,0,0,0,0.07269839121438969,0
ENSG00000057663,ATG5,0.00881612211136207,0,0,0,0,0,0.07250925718846607,0
ENSG00000120889,TNFRSF10B,0.008808319869985391,0,0,0,0,0,0.07244508671538484,0
ENSG00000168229,PTGDR,0.00879558989721292,0,0,0,0,0,0.07234038752246284,0
ENSG00000109670,FBXW7,0.008782654602298955,0,0,0,0,0,0.07223399963288081,0
ENSG00000025708,TYMP,0.008759658522451906,0,0,0,0,0,0.07204486560695719,0
ENSG00000139193,CD27,0.008759658522451906,0,0,0,0,0,0.07204486560695719,0
ENSG00000066279,ASPM,0.008746723701902432,0,0,0,0,0.026343683502374836,0.06535256074324927,0
ENSG00000122641,INHBA,0.008746723227537943,0,0,0,0,0,0.07193847771737516,0
ENSG00000150991,UBC,0.008736457120463368,0,0,0,0,0,0.07185404288437355,0
ENSG00000039537,C6,0.008735006428367324,0,0,0,0,0.01379958704541586,0.06839221473130737,0
ENSG00000157554,ERG,0.008726191013388791,0,0,0,0,0,0.07176960805137193,0
ENSG00000136630,HLX,0.008726191013388791,0,0,0,0,0,0.07176960805137193,0
ENSG00000279284,ENSG00000279284,0.008719300150905471,0,0,0,0,0,0.07171293332366942,0
ENSG00000280371,ENSG00000280371,0.008719300150905471,0,0,0,0,0,0.07171293332366942,0
ENSG00000126262,FFAR2,0.008685126585090493,0,0,0,0,0,0.07143186871936548,0
ENSG00000169900,PYDC1,0.008685126585090491,0,0,0,0,0,0.07143186871936547,0
ENSG00000106031,HOXA13,0.008664594370941343,0,0,0,0,0,0.07126299905336225,0
ENSG00000197921,HES5,0.008664594370941343,0,0,0,0,0,0.07126299905336225,0
ENSG00000113140,SPARC,0.008654328263866766,0,0,0,0,0,0.07117856422036063,0
ENSG00000104368,PLAT,0.008635233304708058,0,0,0,0,0,0.07102151543097764,0
ENSG00000050555,LAMC3,0.008561933300195591,0,0,0,0,0,0.0704186507233461,0
ENSG00000065534,MYLK,0.008561933300195591,0,0,0,0,0,0.0704186507233461,0
ENSG00000116062,MSH6,0.00856193330019559,0,0,0,0,0,0.07041865072334609,0
ENSG00000099985,OSM,0.008551667193121016,0,0,0,0,0,0.0703342158903445,0
ENSG00000125148,MT2A,0.00854110962128817,0,0,0,0,0.01957929250846373,0.06535256074324927,0
ENSG00000173511,VEGFB,0.008515735818360005,0,0,0,0,0,0.07003869397483885,0
ENSG00000151892,GFRA1,0.008500336657748143,0,0,0,0,0,0.06991204172533642,0
ENSG00000156076,WIF1,0.008500336657748143,0,0,0,0,0,0.06991204172533642,0
ENSG00000005844,ITGAL,0.008500336657748143,0,0,0,0,0,0.06991204172533642,0
ENSG00000123610,TNFAIP6,0.008479804443598991,0,0,0,0,0,0.0697431720593332,0
ENSG00000128272,ATF4,0.008469538336524416,0,0,0,0,0,0.06965873722633158,0
ENSG00000168918,INPP5D,0.008460709484440282,0,0,0,0,0,0.0695861232699502,0
ENSG00000125966,MMP24,0.008459272229449841,0,0,0,0,0,0.06957430239332997,0
ENSG00000143365,RORC,0.008449006122375266,0,0,0,0,0,0.06948986756032835,0
ENSG00000213341,CHUK,0.008369546453618053,0,0,0,0,0,0.06883634195289585,0
ENSG00000006062,MAP3K14,0.008330945891017653,0,0,0,0,0,0.06851886698080979,0
ENSG00000104884,ERCC2,0.008323348971782467,0,0,0,0,0,0.06845638520438858,0
ENSG00000163638,ADAMTS9,0.008315546730405791,0,0,0,0,0,0.06839221473130737,0
ENSG00000196628,TCF4,0.008315546730405791,0,0,0,0,0,0.06839221473130737,0
ENSG00000166147,FBN1,0.008315546730405791,0,0,0,0,0,0.06839221473130737,0
ENSG00000278540,ACACA,0.008315546730405791,0,0,0,0,0,0.06839221473130737,0
ENSG00000082641,NFE2L1,0.008315546730405791,0,0,0,0,0,0.06839221473130737,0
ENSG00000165507,DEPP1,0.008315546730405791,0,0,0,0,0,0.06839221473130737,0
ENSG00000172236,TPSAB1,0.008315546730405791,0,0,0,0,0,0.06839221473130737,0
ENSG00000140675,SLC5A2,0.008315546730405791,0,0,0,0,0,0.06839221473130737,0
ENSG00000113712,CSNK1A1,0.00831554673040579,0,0,0,0,0,0.06839221473130737,0
ENSG00000072694,FCGR2B,0.008295014516256641,0,0,0,0,0,0.06822334506530414,0
ENSG00000134086,VHL,0.008295014516256641,0,0,0,0,0,0.06822334506530414,0
ENSG00000119139,TJP2,0.008295014516256641,0,0,0,0,0,0.06822334506530414,0
ENSG00000100079,LGALS2,0.008295014516256641,0,0,0,0,0,0.06822334506530414,0
ENSG00000018408,WWTR1,0.008202619552585465,0,0,0,0,0,0.06746343156828963,0
ENSG00000153814,JAZF1,0.008202619552585465,0,0,0,0,0,0.06746343156828963,0
ENSG00000164045,CDC25A,0.00819235344551089,0,0,0,0,0,0.06737899673528801,0
ENSG00000175899,A2M,0.00819235344551089,0,0,0,0,0,0.06737899673528801,0
ENSG00000188042,ARL4C,0.008140328835187394,0,0,0,0,0.012473521272428678,0.06383273374922022,0
ENSG00000091129,NRCAM,0.00813075680306344,0,0,0,0,0,0.06687238773727831,0
ENSG00000185053,SGCZ,0.00813075680306344,0,0,0,0,0,0.06687238773727831,0
ENSG00000162409,PRKAA2,0.00813075680306344,0,0,0,0,0,0.06687238773727831,0
ENSG00000070019,GUCY2C,0.00813075680306344,0,0,0,0,0,0.06687238773727831,0
ENSG00000065457,ADAT1,0.00813075680306344,0,0,0,0,0,0.06687238773727831,0
ENSG00000131375,CAPN7,0.00811022458891429,0,0,0,0,0,0.0667035180712751,0
ENSG00000092445,TYRO3,0.00811022458891429,0,0,0,0,0,0.0667035180712751,0
ENSG00000101412,E2F1,0.00811022458891429,0,0,0,0,0,0.0667035180712751,0
ENSG00000123999,INHA,0.00811022458891429,0,0,0,0,0,0.0667035180712751,0
ENSG00000160870,CYP3A7,0.00811022458891429,0,0,0,0,0,0.0667035180712751,0
ENSG00000145545,SRD5A1,0.00811022458891429,0,0,0,0,0,0.0667035180712751,0
ENSG00000185920,PTCH1,0.008053851316167388,0,0,0,0,0.009628542226795527,0.06383273374922022,0
ENSG00000138160,KIF11,0.008010012855910518,0,0,0,0,0.026424247388498398,0.05927325276713306,0
ENSG00000118515,SGK1,0.007997297411093963,0,0,0,0,0,0.06577473490825733,0
ENSG00000041353,RAB27B,0.007980257533358188,0,0,0,0,0.019366034488689267,0.06079307976116211,0
ENSG00000023445,BIRC3,0.007961366036332952,0,0,0,0,0,0.06547921299275168,0
ENSG00000107738,VSIR,0.00794596687572109,0,0,0,0,0,0.06535256074324927,0
ENSG00000128283,CDC42EP1,0.00794596687572109,0,0,0,0,0,0.06535256074324927,0
ENSG00000143196,DPT,0.00794596687572109,0,0,0,0,0,0.06535256074324927,0
ENSG00000101158,NELFCD,0.00794596687572109,0,0,0,0,0,0.06535256074324927,0
ENSG00000118849,RARRES1,0.00794596687572109,0,0,0,0,0,0.06535256074324927,0
ENSG00000143119,CD53,0.00794596687572109,0,0,0,0,0,0.06535256074324927,0
ENSG00000106809,OGN,0.00794596687572109,0,0,0,0,0,0.06535256074324927,0
ENSG00000165731,RET,0.00794596687572109,0,0,0,0,0,0.06535256074324927,0
ENSG00000087303,NID2,0.00794596687572109,0,0,0,0,0,0.06535256074324927,0
ENSG00000243772,KIR2DL3,0.007945966875721088,0,0,0,0,0,0.06535256074324926,0
ENSG00000174437,ATP2A2,0.007925434661571938,0,0,0,0,0,0.06518369107724604,0
ENSG00000087086,FTL,0.007925434661571938,0,0,0,0,0,0.06518369107724603,0
ENSG00000196363,WDR5,0.007925434661571938,0,0,0,0,0,0.06518369107724604,0
ENSG00000116128,BCL9,0.007925434661571938,0,0,0,0,0,0.06518369107724604,0
ENSG00000126787,DLGAP5,0.007916366906600008,0,0,0,0,0.023343437872730608,0.05927325276713306,0
ENSG00000169919,GUSB,0.007915168554497363,0,0,0,0,0,0.06509925624424441,0
ENSG00000135678,CPM,0.007909155635966843,0,0,0,0,0.017026890044266153,0.06079307976116211,0
ENSG00000173698,ADGRG2,0.007851435842841823,0,0,0,0,0.015127996507311515,0.06079307976116211,0
ENSG00000102805,CLN5,0.007822773590826188,0,0,0,0,0,0.06433934274722988,0
ENSG00000172215,CXCR6,0.007822773590826188,0,0,0,0,0,0.06433934274722988,0
ENSG00000151923,TIAL1,0.007793412524592904,0,0,0,0,0,0.06409785912484528,0
ENSG00000258609,LINC-ROR,0.007761176948378739,0,0,0,0,0,0.06383273374922022,0
ENSG00000173334,TRIB1,0.007761176948378739,0,0,0,0,0,0.06383273374922022,0
ENSG00000078747,ITCH,0.007761176948378739,0,0,0,0,0,0.06383273374922022,0
ENSG00000186395,KRT10,0.007761176948378739,0,0,0,0,0,0.06383273374922022,0
ENSG00000167182,SP2,0.007761176948378739,0,0,0,0,0,0.06383273374922022,0
ENSG00000132478,UNK,0.007761176948378739,0,0,0,0,0,0.06383273374922022,0
ENSG00000149925,ALDOA,0.007761176948378739,0,0,0,0,0,0.06383273374922022,0
ENSG00000184012,TMPRSS2,0.007761176948378739,0,0,0,0,0,0.06383273374922022,0
ENSG00000163347,CLDN1,0.007761176948378739,0,0,0,0,0,0.06383273374922022,0
ENSG00000019186,CYP24A1,0.007761176948378739,0,0,0,0,0,0.06383273374922022,0
ENSG00000105281,SLC1A5,0.007761176948378739,0,0,0,0,0,0.06383273374922022,0
ENSG00000197461,PDGFA,0.007761176948378737,0,0,0,0,0,0.06383273374922022,0
ENSG00000146904,EPHA1,0.007761176948378737,0,0,0,0,0,0.06383273374922022,0
ENSG00000158481,CD1C,0.007740644734229588,0,0,0,0,0,0.06366386408321698,0
ENSG00000141753,IGFBP4,0.0077201125200804365,0,0,0,0,0,0.06349499441721375,0
ENSG00000203747,FCGR3A,0.007648249770558412,0,0,0,0,0,0.06290395058620246,0
ENSG00000134899,ERCC5,0.007576387021036387,0,0,0,0,0,0.062312906755191154,0
ENSG00000183765,CHEK2,0.007576387021036387,0,0,0,0,0,0.062312906755191154,0
ENSG00000138136,LBX1,0.007545588699812661,0,0,0,0,0,0.062059602256186314,0
ENSG00000174125,TLR1,0.007545588699812661,0,0,0,0,0,0.062059602256186314,0
ENSG00000109805,NCAPG,0.007545263505263588,0,0,0,0,0.011134699549409086,0.05927325276713306,0
ENSG00000159899,NPR2,0.0073915970936940375,0,0,0,0,0,0.06079307976116211,0
ENSG00000108106,UBE2S,0.0073915970936940375,0,0,0,0,0,0.06079307976116211,0
ENSG00000085563,ABCB1,0.0073915970936940375,0,0,0,0,0,0.06079307976116211,0
ENSG00000138095,LRPPRC,0.0073915970936940375,0,0,0,0,0,0.06079307976116211,0
ENSG00000123200,ZC3H13,0.0073915970936940375,0,0,0,0,0,0.06079307976116211,0
ENSG00000089902,RCOR1,0.0073915970936940375,0,0,0,0,0,0.06079307976116211,0
ENSG00000171105,INSR,0.0073915970936940375,0,0,0,0,0,0.06079307976116211,0
ENSG00000079277,MKNK1,0.0073915970936940375,0,0,0,0,0,0.06079307976116211,0
ENSG00000196588,MRTFA,0.0073915970936940375,0,0,0,0,0,0.06079307976116211,0
ENSG00000118513,MYB,0.0073915970936940375,0,0,0,0,0,0.06079307976116211,0
ENSG00000143198,MGST3,0.0073915970936940375,0,0,0,0,0,0.06079307976116211,0
ENSG00000138375,SMARCAL1,0.0073915970936940375,0,0,0,0,0,0.06079307976116211,0
ENSG00000246223,LINC01550,0.0073915970936940375,0,0,0,0,0,0.06079307976116211,0
ENSG00000163930,BAP1,0.0073915970936940375,0,0,0,0,0,0.06079307976116211,0
ENSG00000170248,PDCD6IP,0.0073915970936940375,0,0,0,0,0,0.06079307976116211,0
ENSG00000005884,ITGA3,0.0073915970936940375,0,0,0,0,0,0.06079307976116211,0
ENSG00000135486,HNRNPA1,0.0073915970936940375,0,0,0,0,0,0.06079307976116211,0
ENSG00000062524,LTK,0.0073915970936940375,0,0,0,0,0,0.06079307976116211,0
ENSG00000135577,NMBR,0.0073915970936940375,0,0,0,0,0,0.06079307976116211,0
ENSG00000141543,EIF4A3,0.0073915970936940375,0,0,0,0,0,0.06079307976116211,0
ENSG00000179921,GPBAR1,0.0073915970936940375,0,0,0,0,0,0.06079307976116211,0
ENSG00000011600,TYROBP,0.0073915970936940375,0,0,0,0,0,0.06079307976116211,0
ENSG00000108515,ENO3,0.0073915970936940375,0,0,0,0,0,0.06079307976116211,0
ENSG00000138100,TRIM54,0.0073915970936940375,0,0,0,0,0,0.06079307976116211,0
ENSG00000224189,HAGLR,0.0073915970936940375,0,0,0,0,0,0.06079307976116211,0
ENSG00000127666,TICAM1,0.0073915970936940375,0,0,0,0,0,0.06079307976116211,0
ENSG00000162618,ADGRL4,0.0073915970936940375,0,0,0,0,0,0.06079307976116211,0
ENSG00000105429,MEGF8,0.0073915970936940375,0,0,0,0,0,0.06079307976116211,0
ENSG00000104960,PTOV1,0.0073915970936940375,0,0,0,0,0,0.06079307976116211,0
ENSG00000134470,IL15RA,0.0073915970936940375,0,0,0,0,0,0.06079307976116211,0
ENSG00000184678,H2BC21,0.0073915970936940375,0,0,0,0,0,0.06079307976116211,0
ENSG00000104408,EIF3E,0.0073915970936940375,0,0,0,0,0,0.06079307976116211,0
ENSG00000171951,SCG2,0.0073915970936940375,0,0,0,0,0,0.06079307976116211,0
ENSG00000122862,SRGN,0.0073915970936940375,0,0,0,0,0,0.06079307976116211,0
ENSG00000166311,SMPD1,0.0073915970936940375,0,0,0,0,0,0.06079307976116211,0
ENSG00000127314,RAP1B,0.0073915970936940375,0,0,0,0,0,0.06079307976116211,0
ENSG00000011304,PTBP1,0.0073915970936940375,0,0,0,0,0,0.06079307976116211,0
ENSG00000141456,PELP1,0.0073915970936940375,0,0,0,0,0,0.06079307976116211,0
ENSG00000180549,FUT7,0.0073915970936940375,0,0,0,0,0,0.06079307976116211,0
ENSG00000171495,MROH2B,0.0073915970936940375,0,0,0,0,0,0.06079307976116211,0
ENSG00000072071,ADGRL1,0.0073915970936940375,0,0,0,0,0,0.06079307976116211,0
ENSG00000141279,NPEPPS,0.0073915970936940375,0,0,0,0,0,0.06079307976116211,0
ENSG00000203883,SOX18,0.0073915970936940375,0,0,0,0,0,0.06079307976116211,0
ENSG00000235958,UBOX5-AS1,0.0073915970936940375,0,0,0,0,0,0.06079307976116211,0
ENSG00000092201,SUPT16H,0.0073915970936940375,0,0,0,0,0,0.06079307976116211,0
ENSG00000233927,RPS28,0.0073915970936940375,0,0,0,0,0,0.06079307976116211,0
ENSG00000102393,GLA,0.0073915970936940375,0,0,0,0,0,0.06079307976116211,0
ENSG00000083896,YTHDC1,0.0073915970936940375,0,0,0,0,0,0.06079307976116211,0
ENSG00000146592,CREB5,0.0073915970936940375,0,0,0,0,0,0.06079307976116211,0
ENSG00000125831,CST11,0.0073915970936940375,0,0,0,0,0,0.06079307976116211,0
ENSG00000123560,PLP1,0.0073915970936940375,0,0,0,0,0,0.06079307976116211,0
ENSG00000151882,CCL28,0.0073915970936940375,0,0,0,0,0,0.06079307976116211,0
ENSG00000123131,PRDX4,0.0073915970936940375,0,0,0,0,0,0.06079307976116211,0
ENSG00000183134,PTGDR2,0.0073915970936940375,0,0,0,0,0,0.06079307976116211,0
ENSG00000115380,EFEMP1,0.0073915970936940375,0,0,0,0,0,0.06079307976116211,0
ENSG00000004468,CD38,0.0073915970936940375,0,0,0,0,0,0.06079307976116211,0
ENSG00000155066,PROM2,0.0073915970936940375,0,0,0,0,0,0.06079307976116211,0
ENSG00000123416,TUBA1B,0.0073915970936940375,0,0,0,0,0,0.06079307976116211,0
ENSG00000108947,EFNB3,0.0073915970936940375,0,0,0,0,0,0.06079307976116211,0
ENSG00000167635,ZNF146,0.0073915970936940375,0,0,0,0,0,0.06079307976116211,0
ENSG00000089220,PEBP1,0.0073915970936940375,0,0,0,0,0,0.06079307976116211,0
ENSG00000170802,FOXN2,0.0073915970936940375,0,0,0,0,0,0.06079307976116211,0
ENSG00000199075,MIR26A1,0.0073915970936940375,0,0,0,0,0,0.06079307976116211,0
ENSG00000188133,TMEM215,0.0073915970936940375,0,0,0,0,0,0.06079307976116211,0
ENSG00000171680,PLEKHG5,0.0073915970936940375,0,0,0,0,0,0.06079307976116211,0
ENSG00000290741,SAA3P,0.0073915970936940375,0,0,0,0,0,0.06079307976116211,0
ENSG00000267272,LINC01140,0.0073915970936940375,0,0,0,0,0,0.06079307976116211,0
ENSG00000110107,PRPF19,0.0073915970936940375,0,0,0,0,0,0.06079307976116211,0
ENSG00000153294,ADGRF4,0.0073915970936940375,0,0,0,0,0,0.06079307976116211,0
ENSG00000167889,MGAT5B,0.0073915970936940375,0,0,0,0,0,0.06079307976116211,0
ENSG00000115904,SOS1,0.0073915970936940375,0,0,0,0,0,0.06079307976116211,0
ENSG00000126233,SLURP1,0.0073915970936940375,0,0,0,0,0,0.06079307976116211,0
ENSG00000100902,PSMA6,0.0073915970936940375,0,0,0,0,0,0.06079307976116211,0
ENSG00000137124,ALDH1B1,0.0073915970936940375,0,0,0,0,0,0.06079307976116211,0
ENSG00000196843,ARID5A,0.0073915970936940375,0,0,0,0,0,0.06079307976116211,0
ENSG00000127124,HIVEP3,0.0073915970936940375,0,0,0,0,0,0.06079307976116211,0
ENSG00000108854,SMURF2,0.0073915970936940375,0,0,0,0,0,0.06079307976116211,0
ENSG00000114473,DRC9,0.0073915970936940375,0,0,0,0,0,0.06079307976116211,0
ENSG00000131069,ACSS2,0.0073915970936940375,0,0,0,0,0,0.06079307976116211,0
ENSG00000165476,REEP3,0.0073915970936940375,0,0,0,0,0,0.06079307976116211,0
ENSG00000177302,TOP3A,0.0073915970936940375,0,0,0,0,0,0.06079307976116211,0
ENSG00000101197,BIRC7,0.0073915970936940375,0,0,0,0,0,0.06079307976116211,0
ENSG00000126218,F10,0.0073915970936940375,0,0,0,0,0,0.06079307976116211,0
ENSG00000139044,B4GALNT3,0.0073915970936940375,0,0,0,0,0,0.06079307976116211,0
ENSG00000127241,MASP1,0.0073915970936940375,0,0,0,0,0,0.06079307976116211,0
ENSG00000156413,FUT6,0.0073915970936940375,0,0,0,0,0,0.06079307976116211,0
ENSG00000196230,TUBB,0.0073915970936940375,0,0,0,0,0,0.06079307976116211,0
ENSG00000197747,S100A10,0.0073915970936940375,0,0,0,0,0,0.06079307976116211,0
ENSG00000168306,ACOX2,0.0073915970936940375,0,0,0,0,0,0.06079307976116211,0
ENSG00000142794,NBPF3,0.0073915970936940375,0,0,0,0,0,0.06079307976116211,0
ENSG00000110047,EHD1,0.0073915970936940375,0,0,0,0,0,0.06079307976116211,0
ENSG00000104976,SNAPC2,0.0073915970936940375,0,0,0,0,0,0.06079307976116211,0
ENSG00000156273,BACH1,0.0073915970936940375,0,0,0,0,0,0.06079307976116211,0
ENSG00000142185,TRPM2,0.0073915970936940375,0,0,0,0,0,0.06079307976116211,0
ENSG00000254726,MEX3A,0.0073915970936940375,0,0,0,0,0,0.06079307976116211,0
ENSG00000137834,SMAD6,0.0073915970936940375,0,0,0,0,0,0.06079307976116211,0
ENSG00000140992,PDPK1,0.0073915970936940375,0,0,0,0,0,0.06079307976116211,0
ENSG00000065548,ZC3H15,0.0073915970936940375,0,0,0,0,0,0.06079307976116211,0
ENSG00000150471,ADGRL3,0.0073915970936940375,0,0,0,0,0,0.06079307976116211,0
ENSG00000108932,SLC16A6,0.0073915970936940375,0,0,0,0,0,0.06079307976116211,0
ENSG00000171302,CANT1,0.0073915970936940375,0,0,0,0,0,0.06079307976116211,0
ENSG00000069812,HES2,0.0073915970936940375,0,0,0,0,0,0.06079307976116211,0
ENSG00000137507,LRRC32,0.0073915970936940375,0,0,0,0,0,0.06079307976116211,0
ENSG00000111344,RASAL1,0.0073915970936940375,0,0,0,0,0,0.06079307976116211,0
ENSG00000176920,FUT2,0.0073915970936940375,0,0,0,0,0,0.06079307976116211,0
ENSG00000105855,ITGB8,0.0073915970936940375,0,0,0,0,0,0.06079307976116211,0
ENSG00000232445,EMSLR,0.0073915970936940375,0,0,0,0,0,0.06079307976116211,0
ENSG00000055332,EIF2AK2,0.0073915970936940375,0,0,0,0,0,0.06079307976116211,0
ENSG00000069535,MAOB,0.0073915970936940375,0,0,0,0,0,0.06079307976116211,0
ENSG00000168916,ZNF608,0.0073915970936940375,0,0,0,0,0,0.06079307976116211,0
ENSG00000170522,ELOVL6,0.007371064879544886,0,0,0,0,0,0.06062421009515888,0
ENSG00000143819,EPHX1,0.007371064879544886,0,0,0,0,0,0.06062421009515888,0
ENSG00000167419,LPO,0.007371064879544886,0,0,0,0,0,0.06062421009515888,0
ENSG00000169710,FASN,0.00725813770172456,0,0,0,0,0,0.059695426932141124,0
ENSG00000198001,IRAK4,0.007206807166351686,0,0,0,0,0,0.05927325276713306,0
ENSG00000229314,ORM1,0.007206807166351686,0,0,0,0,0,0.05927325276713306,0
ENSG00000243709,LEFTY1,0.007206807166351686,0,0,0,0,0,0.05927325276713306,0
ENSG00000122512,PMS2,0.007206807166351686,0,0,0,0,0,0.05927325276713306,0
ENSG00000172183,ISG20,0.007186274952202535,0,0,0,0,0,0.05910438310112983,0
ENSG00000204671,IL31,0.007186274952202535,0,0,0,0,0,0.05910438310112983,0
ENSG00000135862,LAMC1,0.007186274952202535,0,0,0,0,0,0.05910438310112983,0
ENSG00000196305,IARS1,0.007083613881456784,0,0,0,0,0,0.05826003477111368,0
ENSG00000090889,KIF4A,0.007066003492181134,0,0,0,0,0.013605696881331932,0.0547137717850459,0
ENSG00000204592,HLA-E,0.007023454493999776,0,0,0,0,0,0.05776524664972424,0
ENSG00000134871,COL4A2,0.007022017239009335,0,0,0,0,0,0.057753425773104,0
ENSG00000151790,TDO2,0.007022017239009335,0,0,0,0,0,0.057753425773104,0
ENSG00000054654,SYNE2,0.007022017239009335,0,0,0,0,0,0.057753425773104,0
ENSG00000074803,SLC12A1,0.007022017239009335,0,0,0,0,0,0.057753425773104,0
ENSG00000128604,IRF5,0.007022017239009335,0,0,0,0,0,0.057753425773104,0
ENSG00000184260,H2AC20,0.007022017239009335,0,0,0,0,0,0.057753425773104,0
ENSG00000064651,SLC12A2,0.007022017239009335,0,0,0,0,0,0.057753425773104,0
ENSG00000140678,ITGAX,0.006904434928690818,0,0,0,0,0,0.05678635591268187,0
ENSG00000107611,CUBN,0.006891227034879248,0,0,0,0,0,0.05667772600066344,0
ENSG00000137266,SLC22A23,0.006878291739965283,0,0,0,0,0,0.05657133811108141,0
ENSG00000005961,ITGA2B,0.0068372273116669826,0,0,0,0,0,0.056233598779074946,0
ENSG00000143106,PSMA5,0.0068372273116669826,0,0,0,0,0,0.056233598779074946,0
ENSG00000166426,CRABP1,0.006816695097517833,0,0,0,0,0,0.05606472911307172,0
ENSG00000225851,HLA-S,0.006652437384324632,0,0,0,0,0,0.0547137717850459,0
ENSG00000157557,ETS2,0.006652437384324632,0,0,0,0,0,0.0547137717850459,0
ENSG00000067445,TRO,0.006652437384324632,0,0,0,0,0,0.0547137717850459,0
ENSG00000142227,EMP3,0.006652437384324632,0,0,0,0,0,0.0547137717850459,0
ENSG00000134824,FADS2,0.006652437384324632,0,0,0,0,0,0.0547137717850459,0
ENSG00000250742,LINC02381,0.006652437384324632,0,0,0,0,0,0.0547137717850459,0
ENSG00000206075,SERPINB5,0.006652437384324632,0,0,0,0,0,0.0547137717850459,0
ENSG00000115053,NUCLEOLIN,0.006652437384324632,0,0,0,0,0,0.0547137717850459,0
ENSG00000160741,CRTC2,0.006652437384324632,0,0,0,0,0,0.0547137717850459,0
ENSG00000112029,FBXO5,0.006652437384324632,0,0,0,0,0,0.0547137717850459,0
ENSG00000158747,NBL1,0.006652437384324632,0,0,0,0,0,0.0547137717850459,0
ENSG00000100811,YY1,0.006652437384324632,0,0,0,0,0,0.0547137717850459,0
ENSG00000241635,UGT1A1,0.006652437384324632,0,0,0,0,0,0.0547137717850459,0
ENSG00000068078,FGFR3,0.006652437384324632,0,0,0,0,0,0.0547137717850459,0
ENSG00000123500,COL10A1,0.006652437384324632,0,0,0,0,0,0.0547137717850459,0
ENSG00000004776,HSPB6,0.006652437384324632,0,0,0,0,0,0.0547137717850459,0
ENSG00000167996,FTH1,0.006652437384324632,0,0,0,0,0,0.0547137717850459,0
ENSG00000001167,NFYA,0.006652437384324632,0,0,0,0,0,0.0547137717850459,0
ENSG00000166478,ZNF143,0.006652437384324632,0,0,0,0,0,0.0547137717850459,0
ENSG00000115484,CCT4,0.006652437384324632,0,0,0,0,0,0.0547137717850459,0
ENSG00000100362,PVALB,0.006652437384324632,0,0,0,0,0,0.0547137717850459,0
ENSG00000170175,CHRNB1,0.006652437384324632,0,0,0,0,0,0.0547137717850459,0
ENSG00000292363,CRLF2,0.006652437384324632,0,0,0,0,0,0.0547137717850459,0
ENSG00000092964,DPYSL2,0.006652437384324632,0,0,0,0,0,0.0547137717850459,0
ENSG00000082781,ITGB5,0.006652437384324632,0,0,0,0,0,0.0547137717850459,0
ENSG00000130770,ATP5IF1,0.006652437384324632,0,0,0,0,0,0.0547137717850459,0
ENSG00000100226,GTPBP1,0.006652437384324632,0,0,0,0,0,0.0547137717850459,0
ENSG00000124641,MED20,0.006652437384324632,0,0,0,0,0,0.0547137717850459,0
ENSG00000164093,PITX2,0.006652437384324632,0,0,0,0,0,0.0547137717850459,0
ENSG00000136158,SPRY2,0.006652437384324632,0,0,0,0,0,0.0547137717850459,0
ENSG00000205755,CRLF2,0.006652437384324632,0,0,0,0,0,0.0547137717850459,0
ENSG00000109846,CRYAB,0.006619162139736861,0,0,0,0,0.011063910939145378,0.051674117796987794,0
ENSG00000197632,SERPINB2,0.0065889919451057825,0,0,0,0,0,0.05419195713551582,0
ENSG00000136238,RAC1,0.006545474209456621,0,0,0,0,0,0.05383404028198471,0
ENSG00000113522,RAD50,0.00646764745698228,0,0,0,0,0,0.05319394479101684,0
ENSG00000010671,BTK,0.00646764745698228,0,0,0,0,0,0.05319394479101684,0
ENSG00000178921,PFAS,0.006447115242833132,0,0,0,0,0,0.05302507512501362,0
ENSG00000242252,BGLAP,0.006424927880808692,0,0,0,0,0,0.0528425924961387,0
ENSG00000049249,TNFRSF9,0.006354720279161956,0,0,0,0,0,0.052265161627999095,0
ENSG00000112984,KIF20A,0.006283431308843392,0,0,0,0,0.030415416344998218,0.044074982826842524,0
ENSG00000066117,SMARCD1,0.006282857529639931,0,0,0,0,0,0.051674117796987794,0
ENSG00000173546,CSPG4,0.006282857529639931,0,0,0,0,0,0.051674117796987794,0
ENSG00000225830,ERCC6,0.006282857529639931,0,0,0,0,0,0.051674117796987794,0
ENSG00000117525,F3,0.006191271283791365,0,0,0,0,0,0.050920855697021976,0
ENSG00000081181,ARG2,0.006129095362783336,0,0,0,0,0.02533799810376434,0.044074982826842524,0
ENSG00000180447,GAS1,0.006098067602297579,0,0,0,0,0,0.05015429080295874,0
ENSG00000148737,TCF7L2,0.006098067602297579,0,0,0,0,0,0.05015429080295874,0
ENSG00000186827,TNFRSF4,0.006098067602297579,0,0,0,0,0,0.05015429080295874,0
ENSG00000175084,DES,0.0060886102130456145,0,0,0,0,0,0.05007650736700583,0
ENSG00000197561,ELANE,0.006069938468913243,0,0,0,0,0,0.04992293936053431,0
ENSG00000124766,SOX4,0.006000539585089116,0,0,0,0,0,0.0493521598894434,0
ENSG00000111640,GAPDH,0.005967277398167492,0,0,0,0,0,0.04907859103051817,0
ENSG00000102678,FGF9,0.005926919026621056,0,0,0,0,0,0.0487466587472304,0
ENSG00000104763,ASAH1,0.005913277674955229,0,0,0,0,0,0.04863446380892969,0
ENSG00000150787,PTS,0.005913277674955229,0,0,0,0,0,0.04863446380892969,0
ENSG00000132470,ITGB4,0.005913277674955229,0,0,0,0,0,0.04863446380892969,0
ENSG00000227036,LINC00511,0.005913277674955229,0,0,0,0,0,0.04863446380892969,0
ENSG00000123407,HOXC12,0.005913277674955229,0,0,0,0,0,0.04863446380892969,0
ENSG00000173221,GLRX,0.005913277674955229,0,0,0,0,0,0.04863446380892969,0
ENSG00000187091,PLCD1,0.005913277674955229,0,0,0,0,0,0.04863446380892969,0
ENSG00000104951,IL4I1,0.005913277674955229,0,0,0,0,0,0.04863446380892969,0
ENSG00000113369,ARRDC3,0.005913277674955229,0,0,0,0,0,0.04863446380892969,0
ENSG00000155761,SPAG17,0.005913277674955229,0,0,0,0,0,0.04863446380892969,0
ENSG00000253958,CLDN23,0.005913277674955229,0,0,0,0,0,0.04863446380892969,0
ENSG00000164327,RICTOR,0.005913277674955229,0,0,0,0,0,0.04863446380892969,0
ENSG00000172965,MIR4435-2HG,0.005913277674955229,0,0,0,0,0,0.04863446380892969,0
ENSG00000015532,XYLT2,0.00589274546080608,0,0,0,0,0,0.04846559414292646,0
ENSG00000109956,B3GAT1,0.005882479353731503,0,0,0,0,0,0.048381159309924836,0
ENSG00000104687,GSR,0.005838951059735304,0,0,0,0,0,0.048023155617998,0
ENSG00000101115,SALL4,0.005826015764821341,0,0,0,0,0,0.047916767728415965,0
ENSG00000127554,GFER,0.005800350497134903,0,0,0,0,0,0.04770568064591193,0
ENSG00000166598,HSP90B1,0.005769552175911177,0,0,0,0,0,0.04745237614690708,0
ENSG00000125384,PTGER2,0.005760379956300172,0,0,0,0,0,0.04737693812298199,0
ENSG00000136492,BRIP1,0.005728487747612879,0,0,0,0,0,0.04711463681490064,0
ENSG00000133101,CCNA1,0.005728487747612879,0,0,0,0,0,0.04711463681490064,0
ENSG00000198899,MT-ATP6,0.005728487747612879,0,0,0,0,0,0.04711463681490064,0
ENSG00000187210,GCNT1,0.005728487747612879,0,0,0,0,0,0.04711463681490064,0
ENSG00000170835,CEL,0.005728487747612879,0,0,0,0,0,0.04711463681490064,0
ENSG00000185686,PRAME,0.005728487747612879,0,0,0,0,0,0.04711463681490064,0
ENSG00000107242,PIP5K1B,0.005728487747612879,0,0,0,0,0,0.04711463681490064,0
ENSG00000182782,HCAR2,0.005728487747612879,0,0,0,0,0,0.04711463681490064,0
ENSG00000180210,F2,0.005709392788454168,0,0,0,0,0,0.04695758802551763,0
ENSG00000143199,ADCY10,0.005707955533463729,0,0,0,0,0,0.046945767148897415,0
ENSG00000174640,SLCO2A1,0.005707955533463729,0,0,0,0,0,0.046945767148897415,0
ENSG00000173917,HOXB2,0.005707955533463728,0,0,0,0,0,0.0469457671488974,0
ENSG00000131828,PDHA1,0.005707955533463728,0,0,0,0,0,0.0469457671488974,0
ENSG00000163132,MSX1,0.005707955533463728,0,0,0,0,0,0.0469457671488974,0
ENSG00000213088,ACKR1,0.005697689426389152,0,0,0,0,0,0.04686133231589579,0
ENSG00000013297,CLDN11,0.005689463969986135,0,0,0,0,0,0.046793681059903065,0
ENSG00000151914,DST,0.005674693346542105,0,0,0,0,0,0.04667219828997217,0
ENSG00000213281,NRAS,0.005659294185930241,0,0,0,0,0,0.046545546040469746,0
ENSG00000120156,TEK,0.005654161132392954,0,0,0,0,0,0.04650332862396894,0
ENSG00000137142,IGFBPL1,0.005611207135134918,0,0,0,0,0,0.04615004830467283,0
ENSG00000072518,MARK2,0.005584236372471741,0,0,0,0,0,0.04592822402163652,0
ENSG00000176170,SPHK1,0.005559096980882389,0,0,0,0,0,0.045721462070373996,0
ENSG00000093072,ADA2,0.005543697820270528,0,0,0,0,0,0.045594809820871586,0
ENSG00000079385,CEACAM1,0.005543697820270528,0,0,0,0,0,0.045594809820871586,0
ENSG00000134013,LOXL2,0.005543697820270526,0,0,0,0,0,0.04559480982087158,0
ENSG00000243649,CFB,0.005523165606121377,0,0,0,0,0,0.04542594015486835,0
ENSG00000164683,HEY1,0.005523165606121377,0,0,0,0,0,0.04542594015486835,0
ENSG00000130702,LAMA5,0.0055128994990468,0,0,0,0,0,0.04534150532186673,0
ENSG00000007933,FMO3,0.0055128994990468,0,0,0,0,0,0.04534150532186673,0
ENSG00000108622,ICAM2,0.005433439830289591,0,0,0,0,0,0.044687979714434244,0
ENSG00000012504,NR1H4,0.005430770642450201,0,0,0,0,0,0.044666026657853825,0
ENSG00000059804,SLC2A3,0.005420504535375625,0,0,0,0,0,0.044581591824852204,0
ENSG00000254087,LYN,0.005420504535375625,0,0,0,0,0,0.044581591824852204,0
ENSG00000110484,SCGB2A2,0.005415712018305787,0,0,0,0,0.0261860013631196,0.037995674850726316,0
ENSG00000104635,SLC39A14,0.005387539596187324,0,0,0,0,0.019179863483693854,0.03951550184475537,0
ENSG00000162739,SLAMF6,0.005358907892928176,0,0,0,0,0,0.044074982826842524,0
ENSG00000170266,GLB1,0.005358907892928176,0,0,0,0,0,0.044074982826842524,0
ENSG00000184502,GAST,0.005358907892928176,0,0,0,0,0,0.044074982826842524,0
ENSG00000167548,KMT2D,0.005358907892928176,0,0,0,0,0,0.044074982826842524,0
ENSG00000101335,MYL9,0.005358907892928176,0,0,0,0,0,0.044074982826842524,0
ENSG00000153823,PID1,0.005358907892928176,0,0,0,0,0,0.044074982826842524,0
ENSG00000181885,CLDN7,0.005346177920155704,0,0,0,0,0,0.043970283633920526,0
ENSG00000075223,SEMA3C,0.005346177920155704,0,0,0,0,0,0.043970283633920526,0
ENSG00000100393,EP300,0.005344945987306754,0,0,0,0,0,0.04396015145396034,0
ENSG00000184451,CCR10,0.005328109571704451,0,0,0,0,0,0.04382167832783768,0
ENSG00000166484,MAPK7,0.005305113491857403,0,0,0,0,0,0.04363254430191407,0
ENSG00000070404,FSTL3,0.005245980715107851,0,0,0,0,0,0.043146199663824776,0
ENSG00000189337,KAZN,0.0052357146080332755,0,0,0,0,0,0.043061764830823156,0
ENSG00000196565,HBG2,0.0052357146080332755,0,0,0,0,0,0.043061764830823156,0
ENSG00000186575,NF2,0.0051741179655858255,0,0,0,0,0,0.04255515583281348,0
ENSG00000119471,HSDL2,0.0051741179655858255,0,0,0,0,0,0.04255515583281348,0
ENSG00000171503,ETFDH,0.0051741179655858255,0,0,0,0,0,0.04255515583281348,0
ENSG00000160214,RRP1,0.0051741179655858255,0,0,0,0,0,0.04255515583281348,0
ENSG00000176720,BOK,0.0051741179655858255,0,0,0,0,0,0.04255515583281348,0
ENSG00000293199,PTENP1,0.0051741179655858255,0,0,0,0,0,0.04255515583281348,0
ENSG00000130561,SAG,0.0051741179655858255,0,0,0,0,0,0.04255515583281348,0
ENSG00000120837,NFYB,0.0051741179655858255,0,0,0,0,0,0.04255515583281348,0
ENSG00000089327,FXYD5,0.0051741179655858255,0,0,0,0,0,0.04255515583281348,0
ENSG00000079616,KIF22,0.0051741179655858255,0,0,0,0,0,0.04255515583281348,0
ENSG00000168040,FADD,0.0051741179655858255,0,0,0,0,0,0.04255515583281348,0
ENSG00000148688,RPP30,0.0051741179655858255,0,0,0,0,0,0.04255515583281348,0
ENSG00000099998,GGT5,0.0051741179655858255,0,0,0,0,0,0.04255515583281348,0
ENSG00000007341,ST7L,0.0051741179655858255,0,0,0,0,0,0.04255515583281348,0
ENSG00000187955,COL14A1,0.0051741179655858255,0,0,0,0,0,0.04255515583281348,0
ENSG00000270765,GAS2L2,0.0051741179655858255,0,0,0,0,0,0.04255515583281348,0
ENSG00000066136,NFYC,0.0051741179655858255,0,0,0,0,0,0.04255515583281348,0
ENSG00000139112,GABARAPL1,0.0051741179655858255,0,0,0,0,0,0.04255515583281348,0
ENSG00000171094,ALK,0.0051741179655858255,0,0,0,0,0,0.04255515583281348,0
ENSG00000125337,KIF25,0.0051741179655858255,0,0,0,0,0,0.04255515583281348,0
ENSG00000227507,LTB,0.0051741179655858255,0,0,0,0,0,0.04255515583281348,0
ENSG00000103449,SALL1,0.0051741179655858255,0,0,0,0,0,0.04255515583281348,0
ENSG00000152284,TCF7L1,0.0051741179655858255,0,0,0,0,0,0.04255515583281348,0
ENSG00000237984,PTENP1,0.0051741179655858255,0,0,0,0,0,0.04255515583281348,0
ENSG00000162607,USP1,0.0051741179655858255,0,0,0,0,0,0.04255515583281348,0
ENSG00000187323,DCC,0.0051741179655858255,0,0,0,0,0,0.04255515583281348,0
ENSG00000130382,MLLT1,0.0051741179655858255,0,0,0,0,0,0.04255515583281348,0
ENSG00000113328,CCNG1,0.005174117965585825,0,0,0,0,0,0.04255515583281347,0
ENSG00000141968,VAV1,0.005174117965585825,0,0,0,0,0,0.04255515583281347,0
ENSG00000111012,CYP27B1,0.005174117965585825,0,0,0,0,0,0.04255515583281347,0
ENSG00000140575,IQGAP1,0.005174117965585825,0,0,0,0,0,0.04255515583281347,0
ENSG00000100448,CTSG,0.005174117965585825,0,0,0,0,0,0.04255515583281347,0
ENSG00000101670,LIPG,0.005174117965585825,0,0,0,0,0,0.04255515583281347,0
ENSG00000122420,PTGFR,0.005174117965585825,0,0,0,0,0,0.04255515583281347,0
ENSG00000134258,VTCN1,0.005168302192010973,0,0,0,0,0.011967285833814323,0.03951550184475537,0
ENSG00000134046,MBD2,0.0051535857514366755,0,0,0,0,0,0.04238628616681025,0
ENSG00000184113,CLDN5,0.0051535857514366755,0,0,0,0,0,0.04238628616681025,0
ENSG00000143320,CRABP2,0.0051535857514366755,0,0,0,0,0,0.04238628616681025,0
ENSG00000105372,RPS19,0.0051535857514366755,0,0,0,0,0,0.04238628616681025,0
ENSG00000167815,PRDX2,0.0051535857514366755,0,0,0,0,0,0.04238628616681025,0
ENSG00000198670,LPA,0.0051535857514366755,0,0,0,0,0,0.04238628616681025,0
ENSG00000138398,PPIG,0.0051535857514366755,0,0,0,0,0,0.04238628616681025,0
ENSG00000275302,CCL4,0.0051535857514366755,0,0,0,0,0,0.04238628616681025,0
ENSG00000164951,PDP1,0.0051535857514366755,0,0,0,0,0,0.04238628616681025,0
ENSG00000147168,IL2RG,0.0051344907922779666,0,0,0,0,0,0.042229237377427245,0
ENSG00000178726,THBD,0.005063859975604889,0,0,0,0,0,0.04164832572637613,0
ENSG00000124151,NCOA3,0.005063859975604889,0,0,0,0,0,0.04164832572637613,0
ENSG00000135341,MAP3K7,0.0050611907877655,0,0,0,0,0,0.04162637266979572,0
ENSG00000010278,CD9,0.005017662493769301,0,0,0,0,0,0.04126836897786887,0
ENSG00000165556,CDX2,0.005004727198855337,0,0,0,0,0,0.04116198108828684,0
ENSG00000105509,HAS1,0.004989328038243475,0,0,0,0,0,0.04103532883878443,0
ENSG00000092009,CMA1,0.004989328038243475,0,0,0,0,0,0.04103532883878443,0
ENSG00000229807,XIST,0.004989328038243475,0,0,0,0,0,0.04103532883878443,0
ENSG00000121053,EPX,0.004989328038243475,0,0,0,0,0,0.04103532883878443,0
ENSG00000142453,CARM1,0.004989328038243475,0,0,0,0,0,0.04103532883878443,0
ENSG00000121410,A1BG,0.004989328038243475,0,0,0,0,0,0.04103532883878443,0
ENSG00000053918,KCNQ1,0.004989328038243475,0,0,0,0,0,0.04103532883878443,0
ENSG00000184640,SEPTIN9,0.004989328038243475,0,0,0,0,0,0.04103532883878443,0
ENSG00000133636,NTS,0.004989328038243475,0,0,0,0,0,0.04103532883878443,0
ENSG00000173207,CKS1B,0.004989328038243475,0,0,0,0,0,0.04103532883878443,0
ENSG00000290676,SERPINA13P,0.004989328038243475,0,0,0,0,0,0.04103532883878443,0
ENSG00000079739,PGM1,0.004989328038243475,0,0,0,0,0,0.04103532883878443,0
ENSG00000081985,IL12RB2,0.004989328038243475,0,0,0,0,0,0.04103532883878443,0
ENSG00000165527,ARF6,0.004989328038243475,0,0,0,0,0,0.04103532883878443,0
ENSG00000107581,EIF3A,0.004968795824094324,0,0,0,0,0,0.04086645917278119,0
ENSG00000158014,SLC30A2,0.004911764645828373,0,0,0,0,0.015686206110471192,0.03647584785669726,0
ENSG00000171940,ZNF217,0.004866134753348573,0,0,0,0,0,0.04002211084276505,0
ENSG00000102962,CCL22,0.004832872566426951,0,0,0,0,0,0.03974854198383983,0
ENSG00000110448,CD5,0.004832872566426951,0,0,0,0,0,0.03974854198383983,0
ENSG00000101265,RASSF2,0.004832872566426951,0,0,0,0,0,0.03974854198383983,0
ENSG00000030110,BAK1,0.004819937271512986,0,0,0,0,0,0.039642154094257795,0
ENSG00000228278,ORM2,0.004804538110901123,0,0,0,0,0,0.03951550184475537,0
ENSG00000164692,COL1A2,0.004804538110901123,0,0,0,0,0,0.03951550184475537,0
ENSG00000267496,FAM215A,0.004804538110901123,0,0,0,0,0,0.03951550184475537,0
ENSG00000129654,FOXJ1,0.004804538110901123,0,0,0,0,0,0.03951550184475537,0
ENSG00000072062,PRKACA,0.004804538110901123,0,0,0,0,0,0.03951550184475537,0
ENSG00000171794,UTF1,0.004804538110901123,0,0,0,0,0,0.03951550184475537,0
ENSG00000115966,ATF2,0.004804538110901123,0,0,0,0,0,0.03951550184475537,0
ENSG00000128917,DLL4,0.004804538110901123,0,0,0,0,0,0.03951550184475537,0
ENSG00000100065,CARD10,0.004804538110901123,0,0,0,0,0,0.03951550184475537,0
ENSG00000133800,LYVE1,0.004804538110901123,0,0,0,0,0,0.03951550184475537,0
ENSG00000153233,PTPRR,0.004804538110901123,0,0,0,0,0,0.03951550184475537,0
ENSG00000179639,FCER1A,0.004804538110901123,0,0,0,0,0,0.03951550184475537,0
ENSG00000198074,AKR1B10,0.004804538110901123,0,0,0,0,0,0.03951550184475537,0
ENSG00000105519,CAPS,0.004785447077361364,0,0,0,0,0.011530549941602197,0.03647584785669726,0
ENSG00000275718,CCL15,0.004784005896751974,0,0,0,0,0,0.039346632178752144,0
ENSG00000115290,GRB14,0.004773739789677399,0,0,0,0,0,0.03926219734575053,0
ENSG00000157150,TIMP4,0.004773739789677399,0,0,0,0,0,0.03926219734575053,0
ENSG00000145675,PIK3R1,0.00475074370983035,0,0,0,0,0,0.039073063319826906,0
ENSG00000130522,JUND,0.004694280120920187,0,0,0,0,0,0.038608671738318036,0
ENSG00000173457,PPP1R14B,0.004681344826006223,0,0,0,0,0,0.038502283848736,0
ENSG00000134532,SOX5,0.004619748183558772,0,0,0,0,0,0.037995674850726316,0
ENSG00000115750,TAF1B,0.004619748183558772,0,0,0,0,0,0.037995674850726316,0
ENSG00000140464,PML,0.004619748183558772,0,0,0,0,0,0.037995674850726316,0
ENSG00000120798,NR2C1,0.004619748183558772,0,0,0,0,0,0.037995674850726316,0
ENSG00000006606,CCL26,0.004619748183558772,0,0,0,0,0,0.037995674850726316,0
ENSG00000030304,MUSK,0.004619748183558772,0,0,0,0,0,0.037995674850726316,0
ENSG00000164458,TBXT,0.004619748183558772,0,0,0,0,0,0.037995674850726316,0
ENSG00000150455,TIRAP,0.004619748183558772,0,0,0,0,0,0.037995674850726316,0
ENSG00000205364,MT1M,0.0046037791224259215,0,0,0,0,0.029871182020917115,0.030396539880581056,0
ENSG00000124882,EREG,0.004599215969409622,0,0,0,0,0,0.03782680518472309,0
ENSG00000156515,HK1,0.004588949862335047,0,0,0,0,0,0.037742370351721476,0
ENSG00000186350,RXRA,0.004588949862335047,0,0,0,0,0,0.037742370351721476,0
ENSG00000008394,MGST1,0.004506821005738447,0,0,0,0,0,0.03706689168770857,0
ENSG00000138385,SSB,0.004496554898663872,0,0,0,0,0,0.03698245685470695,0
ENSG00000136381,IREB2,0.004434958256216422,0,0,0,0,0,0.03647584785669727,0
ENSG00000186265,BTLA,0.004434958256216422,0,0,0,0,0,0.03647584785669727,0
ENSG00000292373,IL9R,0.0044349582562164215,0,0,0,0,0,0.03647584785669726,0
ENSG00000163530,DPPA2,0.0044349582562164215,0,0,0,0,0,0.03647584785669726,0
ENSG00000130821,SLC6A8,0.0044349582562164215,0,0,0,0,0,0.03647584785669726,0
ENSG00000163359,COL6A3,0.0044349582562164215,0,0,0,0,0,0.03647584785669726,0
ENSG00000169218,RSPO1,0.0044349582562164215,0,0,0,0,0,0.03647584785669726,0
ENSG00000154485,MMP21,0.0044349582562164215,0,0,0,0,0,0.03647584785669726,0
ENSG00000267534,S1PR2,0.0044349582562164215,0,0,0,0,0,0.03647584785669726,0
ENSG00000136696,IL36B,0.0044349582562164215,0,0,0,0,0,0.03647584785669726,0
ENSG00000147852,VLDLR,0.0044349582562164215,0,0,0,0,0,0.03647584785669726,0
ENSG00000138684,IL21,0.0044349582562164215,0,0,0,0,0,0.03647584785669726,0
ENSG00000156466,GDF6,0.0044349582562164215,0,0,0,0,0,0.03647584785669726,0
ENSG00000138964,PARVG,0.0044349582562164215,0,0,0,0,0,0.03647584785669726,0
ENSG00000121989,ACVR2A,0.0044349582562164215,0,0,0,0,0,0.03647584785669726,0
ENSG00000118946,PCDH17,0.0044349582562164215,0,0,0,0,0,0.03647584785669726,0
ENSG00000003400,CASP10,0.0044349582562164215,0,0,0,0,0,0.03647584785669726,0
ENSG00000123191,ATP7B,0.0044349582562164215,0,0,0,0,0,0.03647584785669726,0
ENSG00000137337,MDC1,0.0044349582562164215,0,0,0,0,0,0.03647584785669726,0
ENSG00000012061,ERCC1,0.0044349582562164215,0,0,0,0,0,0.03647584785669726,0
ENSG00000181555,SETD2,0.0044349582562164215,0,0,0,0,0,0.03647584785669726,0
ENSG00000167634,NLRP7,0.0044349582562164215,0,0,0,0,0,0.03647584785669726,0
ENSG00000139626,ITGB7,0.0044349582562164215,0,0,0,0,0,0.03647584785669726,0
ENSG00000127870,RNF6,0.0044349582562164215,0,0,0,0,0,0.03647584785669726,0
ENSG00000114739,ACVR2B,0.0044349582562164215,0,0,0,0,0,0.03647584785669726,0
ENSG00000148584,A1CF,0.0044349582562164215,0,0,0,0,0,0.03647584785669726,0
ENSG00000136868,SLC31A1,0.0044349582562164215,0,0,0,0,0,0.03647584785669726,0
ENSG00000188778,ADRB3,0.0044349582562164215,0,0,0,0,0,0.03647584785669726,0
ENSG00000168488,ATXN2L,0.0044349582562164215,0,0,0,0,0,0.03647584785669726,0
ENSG00000068323,TFE3,0.0044349582562164215,0,0,0,0,0,0.03647584785669726,0
ENSG00000161544,CYGB,0.0044349582562164215,0,0,0,0,0,0.03647584785669726,0
ENSG00000136697,IL1F10,0.0044349582562164215,0,0,0,0,0,0.03647584785669726,0
ENSG00000211899,IGHM,0.0044349582562164215,0,0,0,0,0,0.03647584785669726,0
ENSG00000165240,ATP7A,0.0044349582562164215,0,0,0,0,0,0.03647584785669726,0
ENSG00000204301,NOTCH4,0.0044349582562164215,0,0,0,0,0,0.03647584785669726,0
ENSG00000141577,CEP131,0.0044349582562164215,0,0,0,0,0,0.03647584785669726,0
ENSG00000099624,ATP5F1D,0.0044349582562164215,0,0,0,0,0,0.03647584785669726,0
ENSG00000008277,ADAM22,0.0044349582562164215,0,0,0,0,0,0.03647584785669726,0
ENSG00000243927,MRPS6,0.0044349582562164215,0,0,0,0,0,0.03647584785669726,0
ENSG00000156709,AIFM1,0.0044349582562164215,0,0,0,0,0,0.03647584785669726,0
ENSG00000196914,ARHGEF12,0.0044349582562164215,0,0,0,0,0,0.03647584785669726,0
ENSG00000261609,GAN,0.0044349582562164215,0,0,0,0,0,0.03647584785669726,0
ENSG00000198964,SGMS1,0.0044349582562164215,0,0,0,0,0,0.03647584785669726,0
ENSG00000189409,MMP23B,0.0044349582562164215,0,0,0,0,0,0.03647584785669726,0
ENSG00000107404,DVL1,0.0044349582562164215,0,0,0,0,0,0.03647584785669726,0
ENSG00000055130,CUL1,0.0044349582562164215,0,0,0,0,0,0.03647584785669726,0
ENSG00000103966,EHD4,0.0044349582562164215,0,0,0,0,0,0.03647584785669726,0
ENSG00000171155,C1GALT1C1,0.0044349582562164215,0,0,0,0,0,0.03647584785669726,0
ENSG00000139684,ESD,0.0044349582562164215,0,0,0,0,0,0.03647584785669726,0
ENSG00000173992,CCS,0.0044349582562164215,0,0,0,0,0,0.03647584785669726,0
ENSG00000142224,IL19,0.0044349582562164215,0,0,0,0,0,0.03647584785669726,0
ENSG00000085978,ATG16L1,0.0044349582562164215,0,0,0,0,0,0.03647584785669726,0
ENSG00000116985,BMP8B,0.0044349582562164215,0,0,0,0,0,0.03647584785669726,0
ENSG00000177556,ATOX1,0.0044349582562164215,0,0,0,0,0,0.03647584785669726,0
ENSG00000198836,OPA1,0.0044349582562164215,0,0,0,0,0,0.03647584785669726,0
ENSG00000105374,NKG7,0.0044349582562164215,0,0,0,0,0,0.03647584785669726,0
ENSG00000159176,CSRP1,0.0044349582562164215,0,0,0,0,0,0.03647584785669726,0
ENSG00000100300,TSPO,0.0044349582562164215,0,0,0,0,0,0.03647584785669726,0
ENSG00000205809,KLRC2,0.0044349582562164215,0,0,0,0,0,0.03647584785669726,0
ENSG00000069956,MAPK6,0.0044349582562164215,0,0,0,0,0,0.03647584785669726,0
ENSG00000124334,IL9R,0.0044349582562164215,0,0,0,0,0,0.03647584785669726,0
ENSG00000168542,COL3A1,0.0044349582562164215,0,0,0,0,0,0.03647584785669726,0
ENSG00000226715,LINC01709,0.0044349582562164215,0,0,0,0,0,0.03647584785669726,0
ENSG00000068323,TFE3,0.0044349582562164215,0,0,0,0,0,0.03647584785669726,0
ENSG00000161544,CYGB,0.0044349582562164215,0,0,0,0,0,0.03647584785669726,0
ENSG00000136697,IL1F10,0.0044349582562164215,0,0,0,0,0,0.03647584785669726,0
ENSG00000148584,A1CF,0.0044349582562164215,0,0,0,0,0,0.03647584785669726,0
ENSG00000211899,IGHM,0.0044349582562164215,0,0,0,0,0,0.03647584785669726,0
ENSG00000136868,SLC31A1,0.0044349582562164215,0,0,0,0,0,0.03647584785669726,0
ENSG00000188778,ADRB3,0.0044349582562164215,0,0,0,0,0,0.03647584785669726,0
ENSG00000165240,ATP7A,0.0044349582562164215,0,0,0,0,0,0.03647584785669726,0
ENSG00000168488,ATXN2L,0.0044349582562164215,0,0,0,0,0,0.03647584785669726,0
ENSG00000204301,NOTCH4,0.0044349582562164215,0,0,0,0,0,0.03647584785669726,0
ENSG00000181555,SETD2,0.0044349582562164215,0,0,0,0,0,0.03647584785669726,0
ENSG00000118946,PCDH17,0.0044349582562164215,0,0,0,0,0,0.03647584785669726,0
ENSG00000003400,CASP10,0.0044349582562164215,0,0,0,0,0,0.03647584785669726,0
ENSG00000123191,ATP7B,0.0044349582562164215,0,0,0,0,0,0.03647584785669726,0
ENSG00000167634,NLRP7,0.0044349582562164215,0,0,0,0,0,0.03647584785669726,0
ENSG00000139626,ITGB7,0.0044349582562164215,0,0,0,0,0,0.03647584785669726,0
ENSG00000137337,MDC1,0.0044349582562164215,0,0,0,0,0,0.03647584785669726,0
ENSG00000127870,RNF6,0.0044349582562164215,0,0,0,0,0,0.03647584785669726,0
ENSG00000114739,ACVR2B,0.0044349582562164215,0,0,0,0,0,0.03647584785669726,0
ENSG00000012061,ERCC1,0.0044349582562164215,0,0,0,0,0,0.03647584785669726,0
ENSG00000100294,MCAT,0.0044349582562164215,0,0,0,0,0,0.03647584785669726,0
ENSG00000250722,SELENOP,0.0044349582562164215,0,0,0,0,0,0.03647584785669726,0
ENSG00000163558,PRKCI,0.0044349582562164215,0,0,0,0,0,0.03647584785669726,0
ENSG00000139880,CDH24,0.0044349582562164215,0,0,0,0,0,0.03647584785669726,0
ENSG00000166250,CLMP,0.0044349582562164215,0,0,0,0,0,0.03647584785669726,0
ENSG00000085978,ATG16L1,0.0044349582562164215,0,0,0,0,0,0.03647584785669726,0
ENSG00000116985,BMP8B,0.0044349582562164215,0,0,0,0,0,0.03647584785669726,0
ENSG00000177556,ATOX1,0.0044349582562164215,0,0,0,0,0,0.03647584785669726,0
ENSG00000198836,OPA1,0.0044349582562164215,0,0,0,0,0,0.03647584785669726,0
ENSG00000180616,SSTR2,0.0044349582562164215,0,0,0,0,0,0.03647584785669726,0
ENSG00000140057,AK7,0.0044349582562164215,0,0,0,0,0,0.03647584785669726,0
ENSG00000156427,FGF18,0.0044349582562164215,0,0,0,0,0,0.03647584785669726,0
ENSG00000049540,ELN,0.0044349582562164215,0,0,0,0,0,0.03647584785669726,0
ENSG00000177105,RHOG,0.0044349582562164215,0,0,0,0,0,0.03647584785669726,0
ENSG00000101605,MYOM1,0.0044349582562164215,0,0,0,0,0,0.03647584785669726,0
ENSG00000115541,HSPE1,0.0044349582562164215,0,0,0,0,0,0.03647584785669726,0
ENSG00000215788,TNFRSF25,0.0044349582562164215,0,0,0,0,0,0.03647584785669726,0
ENSG00000145649,GZMA,0.0044349582562164215,0,0,0,0,0,0.03647584785669726,0
ENSG00000083844,ZNF264,0.0044349582562164215,0,0,0,0,0,0.03647584785669726,0
ENSG00000105374,NKG7,0.0044349582562164215,0,0,0,0,0,0.03647584785669726,0
ENSG00000131023,LATS1,0.0044349582562164215,0,0,0,0,0,0.03647584785669726,0
ENSG00000092621,PHGDH,0.0044349582562164215,0,0,0,0,0,0.03647584785669726,0
ENSG00000150593,PDCD4,0.0044144260420672715,0,0,0,0,0,0.03630697819069404,0
ENSG00000123689,G0S2,0.0044144260420672715,0,0,0,0,0,0.03630697819069404,0
ENSG00000166803,PCLAF,0.004353713155883423,0,0,0,0,0.021644391487358593,0.030396539880581056,0
ENSG00000164109,MAD2L1,0.00430736577557952,0,0,0,0,0.020119633061367097,0.030396539880581056,0
ENSG00000150893,FREM2,0.0043012520666254215,0,0,0,0,0.01991850132143492,0.030396539880581056,0
ENSG00000057149,SERPINB3,0.0042501683288740716,0,0,0,0,0,0.03495602086266821,0
ENSG00000117091,CD48,0.0042501683288740716,0,0,0,0,0,0.03495602086266821,0
ENSG00000002549,LAP3,0.0042501683288740716,0,0,0,0,0,0.03495602086266821,0
ENSG00000173473,SMARCC1,0.0042501683288740716,0,0,0,0,0,0.03495602086266821,0
ENSG00000127472,PLA2G5,0.0042501683288740716,0,0,0,0,0,0.03495602086266821,0
ENSG00000067141,NEO1,0.0042501683288740716,0,0,0,0,0,0.03495602086266821,0
ENSG00000120875,DUSP4,0.0042501683288740716,0,0,0,0,0,0.03495602086266821,0
ENSG00000140262,TCF12,0.0042501683288740716,0,0,0,0,0,0.03495602086266821,0
ENSG00000163600,ICOS,0.0042501683288740716,0,0,0,0,0,0.03495602086266821,0
ENSG00000177084,POLE,0.0042501683288740716,0,0,0,0,0,0.03495602086266821,0
ENSG00000184486,POU3F2,0.0042501683288740716,0,0,0,0,0,0.03495602086266821,0
ENSG00000166710,B2M,0.0042501683288740716,0,0,0,0,0,0.03495602086266821,0
ENSG00000169347,GP2,0.0042501683288740716,0,0,0,0,0,0.03495602086266821,0
ENSG00000185946,RNPC3,0.0042501683288740716,0,0,0,0,0,0.03495602086266821,0
ENSG00000164171,ITGA2,0.0042501683288740716,0,0,0,0,0,0.03495602086266821,0
ENSG00000130558,OLFM1,0.00424558096901096,0,0,0,0,0.018087006755501546,0.030396539880581056,0
ENSG00000196937,FAM3C,0.004229636114724921,0,0,0,0,0,0.034787151196664985,0
ENSG00000158825,CDA,0.004229636114724921,0,0,0,0,0,0.034787151196664985,0
ENSG00000164442,CITED2,0.004229636114724921,0,0,0,0,0,0.034787151196664985,0
ENSG00000129757,CDKN1C,0.004229636114724921,0,0,0,0,0,0.034787151196664985,0
ENSG00000166794,PPIB,0.004229636114724921,0,0,0,0,0,0.034787151196664985,0
ENSG00000161800,RACGAP1,0.004201167897842869,0,0,0,0,0.016625884162516393,0.030396539880581056,0
ENSG00000181019,NQO1,0.004156212371172452,0,0,0,0,0.010080825627214487,0.03166306237560527,0
ENSG00000108244,KRT23,0.004130936772357126,0,0,0,0,0.014315386791379421,0.030396539880581056,0
ENSG00000188676,IDO2,0.004110838873346486,0,0,0,0,0.013654196435845542,0.030396539880581056,0
ENSG00000117425,PTCH2,0.0040937128570575475,0,0,0,0,0,0.03366923400772362,0
ENSG00000079246,XRCC5,0.004080777562143582,0,0,0,0,0,0.03356284611814158,0
ENSG00000094804,CDC6,0.0040767079251521595,0,0,0,0,0.012531340073627448,0.030396539880581056,0
ENSG00000204740,MALRD1,0.00406537840153172,0,0,0,0,0,0.03343619386863916,0
ENSG00000140538,NTRK3,0.00406537840153172,0,0,0,0,0,0.03343619386863916,0
ENSG00000152402,GUCY1A2,0.00406537840153172,0,0,0,0,0,0.03343619386863916,0
ENSG00000204866,IGFL2,0.00406537840153172,0,0,0,0,0,0.03343619386863916,0
ENSG00000078900,TP73,0.00406537840153172,0,0,0,0,0,0.03343619386863916,0
ENSG00000184634,MED12,0.00406537840153172,0,0,0,0,0,0.03343619386863916,0
ENSG00000169057,MECP2,0.00406537840153172,0,0,0,0,0,0.03343619386863916,0
ENSG00000069493,CLEC2D,0.00406537840153172,0,0,0,0,0,0.03343619386863916,0
ENSG00000144852,NR1I2,0.00406537840153172,0,0,0,0,0,0.03343619386863916,0
ENSG00000119121,TRPM6,0.00406537840153172,0,0,0,0,0,0.03343619386863916,0
ENSG00000167346,MMP26,0.00406537840153172,0,0,0,0,0,0.03343619386863916,0
ENSG00000175445,LPL,0.00406537840153172,0,0,0,0,0,0.03343619386863916,0
ENSG00000159403,C1R,0.00406537840153172,0,0,0,0,0,0.03343619386863916,0
ENSG00000122176,FMOD,0.00406537840153172,0,0,0,0,0,0.03343619386863916,0
ENSG00000116711,PLA2G4A,0.00406537840153172,0,0,0,0,0,0.03343619386863916,0
ENSG00000161533,ACOX1,0.00406537840153172,0,0,0,0,0,0.03343619386863916,0
ENSG00000182326,C1S,0.00406537840153172,0,0,0,0,0,0.03343619386863916,0
ENSG00000181222,POLR2A,0.00406537840153172,0,0,0,0,0,0.03343619386863916,0
ENSG00000104518,GSDMD,0.00406537840153172,0,0,0,0,0,0.03343619386863916,0
ENSG00000091986,CCDC80,0.00406537840153172,0,0,0,0,0,0.03343619386863916,0
ENSG00000140835,CHST4,0.004064067647684488,0,0,0,0,0.012115494141250563,0.030396539880581056,0
ENSG00000123975,CKS2,0.004056948901712069,0,0,0,0,0.011881298209727238,0.030396539880581056,0
ENSG00000069482,GAL,0.004050988444614385,0,0,0,0,0.011685208223133353,0.030396539880581056,0
ENSG00000167325,RRM1,0.004046627217345788,0,0,0,0,0.011541730469226765,0.030396539880581056,0
ENSG00000077274,CAPN6,0.00399039332959164,0,0,0,0,0.02977981613311938,0.012158615952232422,0
ENSG00000117480,FAAH,0.003942185116636819,0,0,0,0,0,0.032422975872619796,0
ENSG00000125144,MT1G,0.003899337588361317,0,0,0,0,0.03207057122028241,0,0
ENSG00000169855,ROBO1,0.0038497901529656437,0,0,0,0,0,0.03166306237560527,0
ENSG00000276409,CCL14,0.0038497901529656437,0,0,0,0,0,0.03166306237560527,0
ENSG00000133742,CA1,0.0038497901529656437,0,0,0,0,0,0.03166306237560527,0
ENSG00000160695,VPS11,0.0037573951892944687,0,0,0,0,0,0.03090314887859074,0
ENSG00000185532,PRKG1,0.0036957985468470188,0,0,0,0,0,0.030396539880581056,0
ENSG00000188763,FZD9,0.0036957985468470188,0,0,0,0,0,0.030396539880581056,0
ENSG00000164754,RAD21,0.0036957985468470188,0,0,0,0,0,0.030396539880581056,0
ENSG00000272391,POM121C,0.0036957985468470188,0,0,0,0,0,0.030396539880581056,0
ENSG00000113389,NPR3,0.0036957985468470188,0,0,0,0,0,0.030396539880581056,0
ENSG00000065911,MTHFD2,0.0036957985468470188,0,0,0,0,0,0.030396539880581056,0
ENSG00000140937,CDH11,0.0036957985468470188,0,0,0,0,0,0.030396539880581056,0
ENSG00000213931,HBE1,0.0036957985468470188,0,0,0,0,0,0.030396539880581056,0
ENSG00000055118,KCNH2,0.0036957985468470188,0,0,0,0,0,0.030396539880581056,0
ENSG00000074319,TSG101,0.0036957985468470188,0,0,0,0,0,0.030396539880581056,0
ENSG00000004948,CALCR,0.0036957985468470188,0,0,0,0,0,0.030396539880581056,0
ENSG00000170962,PDGFD,0.0036957985468470188,0,0,0,0,0,0.030396539880581056,0
ENSG00000089041,P2RX7,0.0036957985468470188,0,0,0,0,0,0.030396539880581056,0
ENSG00000185022,MAFF,0.0036957985468470188,0,0,0,0,0,0.030396539880581056,0
ENSG00000090316,MAEA,0.0036957985468470188,0,0,0,0,0,0.030396539880581056,0
ENSG00000149257,SERPINH1,0.0036957985468470188,0,0,0,0,0,0.030396539880581056,0
ENSG00000064655,EYA2,0.0036957985468470188,0,0,0,0,0,0.030396539880581056,0
ENSG00000141905,NFIC,0.0036957985468470188,0,0,0,0,0,0.030396539880581056,0
ENSG00000151150,ANK3,0.0036957985468470188,0,0,0,0,0,0.030396539880581056,0
ENSG00000263670,MIR4457,0.0036957985468470188,0,0,0,0,0,0.030396539880581056,0
ENSG00000169330,MINAR1,0.0036957985468470188,0,0,0,0,0,0.030396539880581056,0
ENSG00000115241,PPM1G,0.0036957985468470188,0,0,0,0,0,0.030396539880581056,0
ENSG00000141096,DPEP3,0.0036957985468470188,0,0,0,0,0,0.030396539880581056,0
ENSG00000083937,CHMP2B,0.0036957985468470188,0,0,0,0,0,0.030396539880581056,0
ENSG00000149218,ENDOD1,0.0036957985468470188,0,0,0,0,0,0.030396539880581056,0
ENSG00000167315,ACAA2,0.0036957985468470188,0,0,0,0,0,0.030396539880581056,0
ENSG00000167261,DPEP2,0.0036957985468470188,0,0,0,0,0,0.030396539880581056,0
ENSG00000138115,CYP2C8,0.0036957985468470188,0,0,0,0,0,0.030396539880581056,0
ENSG00000106484,MEST,0.0036957985468470188,0,0,0,0,0,0.030396539880581056,0
ENSG00000164949,GEM,0.0036957985468470188,0,0,0,0,0,0.030396539880581056,0
ENSG00000059377,TBXAS1,0.0036957985468470188,0,0,0,0,0,0.030396539880581056,0
ENSG00000092607,TBX15,0.0036957985468470188,0,0,0,0,0,0.030396539880581056,0
ENSG00000156052,GNAQ,0.0036957985468470188,0,0,0,0,0,0.030396539880581056,0
ENSG00000128617,OPN1SW,0.0036957985468470188,0,0,0,0,0,0.030396539880581056,0
ENSG00000186716,BCR,0.0036957985468470188,0,0,0,0,0,0.030396539880581056,0
ENSG00000157240,FZD1,0.0036957985468470188,0,0,0,0,0,0.030396539880581056,0
ENSG00000134827,TCN1,0.0036957985468470188,0,0,0,0,0,0.030396539880581056,0
ENSG00000206527,HACD2,0.0036957985468470188,0,0,0,0,0,0.030396539880581056,0
ENSG00000175505,CLCF1,0.0036957985468470188,0,0,0,0,0,0.030396539880581056,0
ENSG00000112033,PPARD,0.0036957985468470188,0,0,0,0,0,0.030396539880581056,0
ENSG00000179546,HTR1D,0.0036957985468470188,0,0,0,0,0,0.030396539880581056,0
ENSG00000174276,ZNHIT2,0.0036957985468470188,0,0,0,0,0,0.030396539880581056,0
ENSG00000076555,ACACB,0.0036957985468470188,0,0,0,0,0,0.030396539880581056,0
ENSG00000158528,PPP1R9A,0.0036957985468470188,0,0,0,0,0,0.030396539880581056,0
ENSG00000091136,LAMB1,0.0036957985468470188,0,0,0,0,0,0.030396539880581056,0
ENSG00000177600,RPLP2,0.0036957985468470188,0,0,0,0,0,0.030396539880581056,0
ENSG00000229833,PET100,0.0036957985468470188,0,0,0,0,0,0.030396539880581056,0
ENSG00000106605,BLVRA,0.0036957985468470188,0,0,0,0,0,0.030396539880581056,0
ENSG00000112851,ERBIN,0.0036957985468470188,0,0,0,0,0,0.030396539880581056,0
ENSG00000162374,ELAVL4,0.0036957985468470188,0,0,0,0,0,0.030396539880581056,0
ENSG00000276085,CCL3L3,0.0036957985468470188,0,0,0,0,0,0.030396539880581056,0
ENSG00000012660,ELOVL5,0.0036957985468470188,0,0,0,0,0,0.030396539880581056,0
ENSG00000067064,IDI1,0.0036957985468470188,0,0,0,0,0,0.030396539880581056,0
ENSG00000028277,POU2F2,0.0036957985468470188,0,0,0,0,0,0.030396539880581056,0
ENSG00000142541,RPL13A,0.0036957985468470188,0,0,0,0,0,0.030396539880581056,0
ENSG00000164066,INTU,0.0036957985468470188,0,0,0,0,0,0.030396539880581056,0
ENSG00000021574,SPAST,0.0036957985468470188,0,0,0,0,0,0.030396539880581056,0
ENSG00000226674,TEX41,0.0036957985468470188,0,0,0,0,0,0.030396539880581056,0
ENSG00000198947,DMD,0.0036957985468470188,0,0,0,0,0,0.030396539880581056,0
ENSG00000049618,ARID1B,0.0036957985468470188,0,0,0,0,0,0.030396539880581056,0
ENSG00000091140,DLD,0.0036957985468470188,0,0,0,0,0,0.030396539880581056,0
ENSG00000018236,CNTN1,0.0036957985468470188,0,0,0,0,0,0.030396539880581056,0
ENSG00000051341,POLQ,0.0036957985468470188,0,0,0,0,0,0.030396539880581056,0
ENSG00000180264,ADGRD2,0.0036957985468470188,0,0,0,0,0,0.030396539880581056,0
ENSG00000198851,CD3E,0.0036957985468470188,0,0,0,0,0,0.030396539880581056,0
ENSG00000152601,MBNL1,0.0036957985468470188,0,0,0,0,0,0.030396539880581056,0
ENSG00000130724,CHMP2A,0.0036957985468470188,0,0,0,0,0,0.030396539880581056,0
ENSG00000239697,TNFSF12,0.0036957985468470188,0,0,0,0,0,0.030396539880581056,0
ENSG00000105854,PON2,0.0036957985468470188,0,0,0,0,0,0.030396539880581056,0
ENSG00000243414,TICAM2,0.0036957985468470188,0,0,0,0,0,0.030396539880581056,0
ENSG00000198576,ARC,0.0036957985468470188,0,0,0,0,0,0.030396539880581056,0
ENSG00000129514,FOXA1,0.0036957985468470188,0,0,0,0,0,0.030396539880581056,0
ENSG00000020922,MRE11,0.0036957985468470188,0,0,0,0,0,0.030396539880581056,0
ENSG00000116824,CD2,0.0036957985468470188,0,0,0,0,0,0.030396539880581056,0
ENSG00000140830,TXNL4B,0.0036957985468470188,0,0,0,0,0,0.030396539880581056,0
ENSG00000121060,TRIM25,0.0036957985468470188,0,0,0,0,0,0.030396539880581056,0
ENSG00000220483,SLC25A51P1,0.0036957985468470188,0,0,0,0,0,0.030396539880581056,0
ENSG00000148634,HERC4,0.0036957985468470188,0,0,0,0,0,0.030396539880581056,0
ENSG00000173567,ADGRF3,0.0036957985468470188,0,0,0,0,0,0.030396539880581056,0
ENSG00000170581,STAT2,0.0036957985468470188,0,0,0,0,0,0.030396539880581056,0
ENSG00000151240,DIP2C,0.0036957985468470188,0,0,0,0,0,0.030396539880581056,0
ENSG00000104213,PDGFRL,0.0036957985468470188,0,0,0,0,0,0.030396539880581056,0
ENSG00000128573,FOXP2,0.0036957985468470188,0,0,0,0,0,0.030396539880581056,0
ENSG00000113763,UNC5A,0.0036957985468470188,0,0,0,0,0,0.030396539880581056,0
ENSG00000167978,SRRM2,0.0036957985468470188,0,0,0,0,0,0.030396539880581056,0
ENSG00000034510,TMSB10,0.0036957985468470188,0,0,0,0,0,0.030396539880581056,0
ENSG00000214405,RAP1BP2,0.0036957985468470188,0,0,0,0,0,0.030396539880581056,0
ENSG00000227060,LINC00629,0.0036957985468470188,0,0,0,0,0,0.030396539880581056,0
ENSG00000185947,ZNF267,0.0036957985468470188,0,0,0,0,0,0.030396539880581056,0
ENSG00000134716,CYP2J2,0.0036957985468470188,0,0,0,0,0,0.030396539880581056,0
ENSG00000227051,C14orf132,0.0036957985468470188,0,0,0,0,0,0.030396539880581056,0
ENSG00000174123,TLR10,0.0036957985468470188,0,0,0,0,0,0.030396539880581056,0
ENSG00000130812,ANGPTL6,0.0036957985468470188,0,0,0,0,0,0.030396539880581056,0
ENSG00000214711,CAPN14,0.0036957985468470188,0,0,0,0,0,0.030396539880581056,0
ENSG00000144182,LIPT1,0.0036957985468470188,0,0,0,0,0,0.030396539880581056,0
ENSG00000151690,MFSD6,0.0036957985468470188,0,0,0,0,0,0.030396539880581056,0
ENSG00000060718,COL11A1,0.0036957985468470188,0,0,0,0,0,0.030396539880581056,0
ENSG00000157500,APPL1,0.0036957985468470188,0,0,0,0,0,0.030396539880581056,0
ENSG00000145632,PLK2,0.0036957985468470188,0,0,0,0,0,0.030396539880581056,0
ENSG00000112419,PHACTR2,0.0036957985468470188,0,0,0,0,0,0.030396539880581056,0
ENSG00000214607,ADAM24P,0.0036957985468470188,0,0,0,0,0,0.030396539880581056,0
ENSG00000101892,ATP1B4,0.0036957985468470188,0,0,0,0,0,0.030396539880581056,0
ENSG00000075239,ACAT1,0.0036957985468470188,0,0,0,0,0,0.030396539880581056,0
ENSG00000104044,OCA2,0.0036957985468470188,0,0,0,0,0,0.030396539880581056,0
ENSG00000106688,SLC1A1,0.0036957985468470188,0,0,0,0,0,0.030396539880581056,0
ENSG00000090013,BLVRB,0.0036957985468470188,0,0,0,0,0,0.030396539880581056,0
ENSG00000206047,DEFA1,0.0036957985468470188,0,0,0,0,0,0.030396539880581056,0
ENSG00000180817,PPA1,0.0036957985468470188,0,0,0,0,0,0.030396539880581056,0
ENSG00000182885,ADGRG3,0.0036957985468470188,0,0,0,0,0,0.030396539880581056,0
ENSG00000185811,IKZF1,0.0036957985468470188,0,0,0,0,0,0.030396539880581056,0
ENSG00000162924,REL,0.0036957985468470188,0,0,0,0,0,0.030396539880581056,0
ENSG00000171812,COL8A2,0.0036957985468470188,0,0,0,0,0,0.030396539880581056,0
ENSG00000115361,ACADL,0.0036957985468470188,0,0,0,0,0,0.030396539880581056,0
ENSG00000175395,ZNF25,0.0036957985468470188,0,0,0,0,0,0.030396539880581056,0
ENSG00000204673,AKT1S1,0.0036957985468470188,0,0,0,0,0,0.030396539880581056,0
ENSG00000066135,KDM4A,0.0036957985468470188,0,0,0,0,0,0.030396539880581056,0
ENSG00000123146,ADGRE5,0.0036957985468470188,0,0,0,0,0,0.030396539880581056,0
ENSG00000168310,IRF2,0.0036957985468470188,0,0,0,0,0,0.030396539880581056,0
ENSG00000084754,HADHA,0.0036957985468470188,0,0,0,0,0,0.030396539880581056,0
ENSG00000131355,ADGRE3,0.0036957985468470188,0,0,0,0,0,0.030396539880581056,0
ENSG00000147604,RPL7,0.0036957985468470188,0,0,0,0,0,0.030396539880581056,0
ENSG00000205403,CFI,0.0036957985468470188,0,0,0,0,0,0.030396539880581056,0
ENSG00000122545,SEPTIN7,0.0036957985468470188,0,0,0,0,0,0.030396539880581056,0
ENSG00000096696,DSP,0.0036957985468470188,0,0,0,0,0,0.030396539880581056,0
ENSG00000196968,POFUT4,0.0036957985468470188,0,0,0,0,0,0.030396539880581056,0
ENSG00000101280,ANGPT4,0.0036957985468470188,0,0,0,0,0,0.030396539880581056,0
ENSG00000182263,FIGN,0.0036957985468470188,0,0,0,0,0,0.030396539880581056,0
ENSG00000172809,RPL38,0.0036957985468470188,0,0,0,0,0,0.030396539880581056,0
ENSG00000257594,GALNT4,0.0036957985468470188,0,0,0,0,0,0.030396539880581056,0
ENSG00000111452,ADGRD1,0.0036957985468470188,0,0,0,0,0,0.030396539880581056,0
ENSG00000171587,DSCAM,0.0036957985468470188,0,0,0,0,0,0.030396539880581056,0
ENSG00000213420,GPC2,0.0036957985468470188,0,0,0,0,0,0.030396539880581056,0
ENSG00000196550,RUMY1,0.0036957985468470188,0,0,0,0,0,0.030396539880581056,0
ENSG00000111799,COL12A1,0.0036957985468470188,0,0,0,0,0,0.030396539880581056,0
ENSG00000198517,MAFK,0.0036957985468470188,0,0,0,0,0,0.030396539880581056,0
ENSG00000166197,NOLC1,0.0036957985468470188,0,0,0,0,0,0.030396539880581056,0
ENSG00000118971,CCND2,0.0036957985468470188,0,0,0,0,0,0.030396539880581056,0
ENSG00000138109,CYP2C9,0.0036957985468470188,0,0,0,0,0,0.030396539880581056,0
ENSG00000164363,SLC6A18,0.0036957985468470188,0,0,0,0,0,0.030396539880581056,0
ENSG00000243137,PSG4,0.0036957985468470188,0,0,0,0,0,0.030396539880581056,0
ENSG00000260075,NSFP1,0.0036957985468470188,0,0,0,0,0,0.030396539880581056,0
ENSG00000126457,PRMT1,0.0036957985468470188,0,0,0,0,0,0.030396539880581056,0
ENSG00000119862,LGALSL,0.0036957985468470188,0,0,0,0,0,0.030396539880581056,0
ENSG00000164062,APEH,0.0036957985468470188,0,0,0,0,0,0.030396539880581056,0
ENSG00000100450,GZMH,0.0036957985468470188,0,0,0,0,0,0.030396539880581056,0
ENSG00000184178,SCFD2,0.0036957985468470188,0,0,0,0,0,0.030396539880581056,0
ENSG00000146457,WTAP,0.0036957985468470188,0,0,0,0,0,0.030396539880581056,0
ENSG00000104415,CCN4,0.0036957985468470188,0,0,0,0,0,0.030396539880581056,0
ENSG00000139174,PRICKLE1,0.0036957985468470188,0,0,0,0,0,0.030396539880581056,0
ENSG00000174837,ADGRE1,0.0036957985468470188,0,0,0,0,0,0.030396539880581056,0
ENSG00000136854,STXBP1,0.0036957985468470188,0,0,0,0,0,0.030396539880581056,0
ENSG00000182944,EWSR1,0.0036957985468470188,0,0,0,0,0,0.030396539880581056,0
ENSG00000108055,SMC3,0.0036957985468470188,0,0,0,0,0,0.030396539880581056,0
ENSG00000252985,SNORD116,0.0036957985468470188,0,0,0,0,0,0.030396539880581056,0
ENSG00000154889,MPPE1,0.0036957985468470188,0,0,0,0,0,0.030396539880581056,0
ENSG00000083168,KAT6A,0.0036957985468470188,0,0,0,0,0,0.030396539880581056,0
ENSG00000175336,APOF,0.0036957985468470188,0,0,0,0,0,0.030396539880581056,0
ENSG00000212553,SNORD116,0.0036957985468470188,0,0,0,0,0,0.030396539880581056,0
ENSG00000185924,RTN4RL1,0.0036957985468470188,0,0,0,0,0,0.030396539880581056,0
ENSG00000156920,ADGRG4,0.0036957985468470188,0,0,0,0,0,0.030396539880581056,0
ENSG00000108846,ABCC3,0.0036957985468470188,0,0,0,0,0,0.030396539880581056,0
ENSG00000108242,CYP2C18,0.0036957985468470188,0,0,0,0,0,0.030396539880581056,0
ENSG00000140505,CYP1A2,0.0036957985468470188,0,0,0,0,0,0.030396539880581056,0
ENSG00000143575,HAX1,0.0036957985468470188,0,0,0,0,0,0.030396539880581056,0
ENSG00000128422,KRT17,0.0036957985468470188,0,0,0,0,0,0.030396539880581056,0
ENSG00000049656,CLPTM1L,0.0036957985468470188,0,0,0,0,0,0.030396539880581056,0
ENSG00000177200,CHD9,0.0036957985468470188,0,0,0,0,0,0.030396539880581056,0
ENSG00000003056,M6PR,0.0036957985468470188,0,0,0,0,0,0.030396539880581056,0
ENSG00000070182,SPTB,0.0036957985468470188,0,0,0,0,0,0.030396539880581056,0
ENSG00000065833,ME1,0.0036957985468470188,0,0,0,0,0,0.030396539880581056,0
ENSG00000121068,TBX2,0.0036957985468470188,0,0,0,0,0,0.030396539880581056,0
ENSG00000213928,IRF9,0.0036957985468470188,0,0,0,0,0,0.030396539880581056,0
ENSG00000177426,TGIF1,0.0036957985468470188,0,0,0,0,0,0.030396539880581056,0
ENSG00000068305,MEF2A,0.0036957985468470188,0,0,0,0,0,0.030396539880581056,0
ENSG00000100365,NCF4,0.0036957985468470188,0,0,0,0,0,0.030396539880581056,0
ENSG00000127507,ADGRE2,0.0036957985468470188,0,0,0,0,0,0.030396539880581056,0
ENSG00000138829,FBN2,0.0036957985468470188,0,0,0,0,0,0.030396539880581056,0
ENSG00000183161,FANCF,0.0036957985468470188,0,0,0,0,0,0.030396539880581056,0
ENSG00000110536,PTPMT1,0.0036957985468470188,0,0,0,0,0,0.030396539880581056,0
ENSG00000114738,MAPKAPK3,0.0036957985468470188,0,0,0,0,0,0.030396539880581056,0
ENSG00000186150,UBL4B,0.0036957985468470188,0,0,0,0,0,0.030396539880581056,0
ENSG00000011405,PIK3C2A,0.0036957985468470188,0,0,0,0,0,0.030396539880581056,0
ENSG00000177707,NECTIN3,0.0036957985468470188,0,0,0,0,0,0.030396539880581056,0
ENSG00000169439,SDC2,0.0036957985468470188,0,0,0,0,0,0.030396539880581056,0
ENSG00000129355,CDKN2D,0.0036957985468470188,0,0,0,0,0,0.030396539880581056,0
ENSG00000155970,MICU3,0.0036957985468470188,0,0,0,0,0,0.030396539880581056,0
ENSG00000136297,MMD2,0.0036957985468470188,0,0,0,0,0,0.030396539880581056,0
ENSG00000167281,RBFOX3,0.0036957985468470188,0,0,0,0,0,0.030396539880581056,0
ENSG00000105576,TNPO2,0.0036957985468470188,0,0,0,0,0,0.030396539880581056,0
ENSG00000120094,HOXB1,0.0036957985468470188,0,0,0,0,0,0.030396539880581056,0
ENSG00000056097,ZFR,0.0036957985468470188,0,0,0,0,0,0.030396539880581056,0
ENSG00000126522,ASL,0.0036957985468470188,0,0,0,0,0,0.030396539880581056,0
ENSG00000202498,SNORD116,0.0036957985468470188,0,0,0,0,0,0.030396539880581056,0
ENSG00000116962,NID1,0.0036957985468470188,0,0,0,0,0,0.030396539880581056,0
ENSG00000118402,ELOVL4,0.0036957985468470188,0,0,0,0,0,0.030396539880581056,0
ENSG00000158473,CD1D,0.0036957985468470188,0,0,0,0,0,0.030396539880581056,0
ENSG00000177694,NAALADL2,0.0036957985468470188,0,0,0,0,0,0.030396539880581056,0
ENSG00000165125,TRPV6,0.0036957985468470188,0,0,0,0,0,0.030396539880581056,0
ENSG00000173369,C1QB,0.0036957985468470188,0,0,0,0,0,0.030396539880581056,0
ENSG00000101542,CDH20,0.0036957985468470188,0,0,0,0,0,0.030396539880581056,0
ENSG00000003987,MTMR7,0.0036957985468470188,0,0,0,0,0,0.030396539880581056,0
ENSG00000075568,TMEM131,0.0036957985468470188,0,0,0,0,0,0.030396539880581056,0
ENSG00000259956,RBM15B,0.0036957985468470188,0,0,0,0,0,0.030396539880581056,0
ENSG00000088538,DOCK3,0.0036957985468470188,0,0,0,0,0,0.030396539880581056,0
ENSG00000142156,COL6A1,0.0036957985468470188,0,0,0,0,0,0.030396539880581056,0
ENSG00000159110,IFNAR2,0.003675266332697868,0,0,0,0,0,0.030227670214577826,0
ENSG00000112293,GPLD1,0.003675266332697868,0,0,0,0,0,0.030227670214577826,0
ENSG00000095596,CYP26A1,0.003675266332697868,0,0,0,0,0,0.030227670214577826,0
ENSG00000071564,TCF3,0.003675266332697868,0,0,0,0,0,0.030227670214577826,0
ENSG00000133112,TPT1,0.0035110086195046675,0,0,0,0,0,0.028876712886552,0
ENSG00000179218,CALR,0.0035110086195046675,0,0,0,0,0,0.028876712886552,0
ENSG00000104970,KIR3DX1,0.0035110086195046675,0,0,0,0,0,0.028876712886552,0
ENSG00000107537,PHYH,0.0035110086195046675,0,0,0,0,0,0.028876712886552,0
ENSG00000163568,AIM2,0.0035110086195046675,0,0,0,0,0,0.028876712886552,0
ENSG00000100380,ST13,0.0035110086195046675,0,0,0,0,0,0.028876712886552,0
ENSG00000175793,SFN,0.0035110086195046675,0,0,0,0,0,0.028876712886552,0
ENSG00000164855,TMEM184A,0.0035110086195046675,0,0,0,0,0,0.028876712886552,0
ENSG00000168078,PBK,0.003487933035886587,0,0,0,0,0.028686924972296485,0,0
ENSG00000162896,PIGR,0.003474197379750419,0,0,0,0,0.017026890044266153,0.024317231904464845,0
ENSG00000184731,FAM110C,0.003342289361452558,0,0,0,0,0.027489061045956355,0,0
ENSG00000117724,CENPF,0.0033279400297726988,0,0,0,0,0.02281156225874867,0.01823792392834863,0
ENSG00000140682,TGFB1I1,0.003326218692162316,0,0,0,0,0,0.02735688589252295,0
ENSG00000071246,VASH1,0.003326218692162316,0,0,0,0,0,0.02735688589252295,0
ENSG00000099194,SCD,0.003326218692162316,0,0,0,0,0,0.02735688589252295,0
ENSG00000148341,SH3GLB2,0.003326218692162316,0,0,0,0,0,0.02735688589252295,0
ENSG00000135919,SERPINE2,0.003326218692162316,0,0,0,0,0,0.02735688589252295,0
ENSG00000140545,MFGE8,0.003326218692162316,0,0,0,0,0,0.02735688589252295,0
ENSG00000130234,ACE2,0.003326218692162316,0,0,0,0,0,0.02735688589252295,0
ENSG00000162909,CAPN2,0.003326218692162316,0,0,0,0,0,0.02735688589252295,0
ENSG00000075651,PLD1,0.003326218692162316,0,0,0,0,0,0.02735688589252295,0
ENSG00000068903,SIRT2,0.003326218692162316,0,0,0,0,0,0.02735688589252295,0
ENSG00000135914,HTR2B,0.003326218692162316,0,0,0,0,0,0.02735688589252295,0
ENSG00000163191,S100A11,0.003326218692162316,0,0,0,0,0,0.02735688589252295,0
ENSG00000082153,BZW1,0.003326218692162316,0,0,0,0,0,0.02735688589252295,0
ENSG00000109610,SOD3,0.003326218692162316,0,0,0,0,0,0.02735688589252295,0
ENSG00000187193,MT1X,0.003320962312171312,0,0,0,0,0.027313654162763126,0,0
ENSG00000198417,MT1F,0.003314935676638303,0,0,0,0,0.027264087373609767,0,0
ENSG00000099994,SUSD2,0.003210827648644093,0,0,0,0,0,0.026407838369584807,0
ENSG00000176890,TYMS,0.0032030273047253676,0,0,0,0,0.026343683502374836,0,0
ENSG00000100526,CDKN3,0.00317026156324892,0,0,0,0,0.023034543730694856,0.012158615952232422,0
ENSG00000160862,AZGP1,0.0031697632203457927,0,0,0,0,0,0.026070099037578353,0
ENSG00000178999,AURKB,0.0031627086151195943,0,0,0,0,0.012858690710189457,0.02279740491043579,0
ENSG00000157456,CCNB2,0.003147195324505756,0,0,0,0,0.018427634984555883,0.021277577916406734,0
ENSG00000138180,CEP55,0.003038650784936515,0,0,0,0,0.020432268053119384,0.01823792392834863,0
ENSG00000163808,KIF15,0.003034538218523941,0,0,0,0,0.024957924737862743,0,0
ENSG00000198535,C2CD4A,0.0030317801969933565,0,0,0,0,0.02493524105789933,0,0
ENSG00000139437,TCHP,0.00302850158699964,0,0,0,0,0,0.024908275735476142,0
ENSG00000122952,ZWINT,0.0029890628664444785,0,0,0,0,0.021544253244373736,0.012158615952232422,0
ENSG00000080986,NDC80,0.0029801509090429533,0,0,0,0,0.024510609766367143,0,0
ENSG00000140564,FURIN,0.0029566388374776143,0,0,0,0,0,0.024317231904464845,0
ENSG00000049759,NEDD4L,0.0029566388374776143,0,0,0,0,0,0.024317231904464845,0
ENSG00000095637,SORBS1,0.0029566388374776143,0,0,0,0,0,0.024317231904464845,0
ENSG00000134294,SLC38A2,0.0029566388374776143,0,0,0,0,0,0.024317231904464845,0
ENSG00000221957,KIR2DS4,0.0029566388374776143,0,0,0,0,0,0.024317231904464845,0
ENSG00000082438,COBLL1,0.0029566388374776143,0,0,0,0,0,0.024317231904464845,0
ENSG00000176728,TTTY14,0.0029566388374776143,0,0,0,0,0,0.024317231904464845,0
ENSG00000106299,WASL,0.0029566388374776143,0,0,0,0,0,0.024317231904464845,0
ENSG00000149485,FADS1,0.0029566388374776143,0,0,0,0,0,0.024317231904464845,0
ENSG00000112799,LY86,0.0029566388374776143,0,0,0,0,0,0.024317231904464845,0
ENSG00000205213,LGR4,0.0029566388374776143,0,0,0,0,0,0.024317231904464845,0
ENSG00000141522,ARHGDIA,0.0029566388374776143,0,0,0,0,0,0.024317231904464845,0
ENSG00000115339,GALNT3,0.0029566388374776143,0,0,0,0,0,0.024317231904464845,0
ENSG00000172954,LCLAT1,0.0029566388374776143,0,0,0,0,0,0.024317231904464845,0
ENSG00000205250,E2F4,0.0029566388374776143,0,0,0,0,0,0.024317231904464845,0
ENSG00000135903,PAX3,0.0029566388374776143,0,0,0,0,0,0.024317231904464845,0
ENSG00000164938,TP53INP1,0.0029566388374776143,0,0,0,0,0,0.024317231904464845,0
ENSG00000130707,ASS1,0.0029566388374776143,0,0,0,0,0,0.024317231904464845,0
ENSG00000133740,E2F5,0.0029566388374776143,0,0,0,0,0,0.024317231904464845,0
ENSG00000135424,ITGA7,0.0029566388374776143,0,0,0,0,0,0.024317231904464845,0
ENSG00000109654,TRIM2,0.0029566388374776143,0,0,0,0,0,0.024317231904464845,0
ENSG00000164509,IL31RA,0.0029566388374776143,0,0,0,0,0,0.024317231904464845,0
ENSG00000171109,MFN1,0.0029566388374776143,0,0,0,0,0,0.024317231904464845,0
ENSG00000163064,EN1,0.0029566388374776143,0,0,0,0,0,0.024317231904464845,0
ENSG00000204983,PRSS1,0.0029566388374776143,0,0,0,0,0,0.024317231904464845,0
ENSG00000153956,CACNA2D1,0.0029566388374776143,0,0,0,0,0,0.024317231904464845,0
ENSG00000167711,SERPINF2,0.0029566388374776143,0,0,0,0,0,0.024317231904464845,0
ENSG00000181135,ZNF707,0.0029566388374776143,0,0,0,0,0,0.024317231904464845,0
ENSG00000111361,EIF2B1,0.0029566388374776143,0,0,0,0,0,0.024317231904464845,0
ENSG00000162775,RBM15,0.0029566388374776143,0,0,0,0,0,0.024317231904464845,0
ENSG00000107859,PITX3,0.0029566388374776143,0,0,0,0,0,0.024317231904464845,0
ENSG00000254369,HOXA-AS3,0.0029566388374776143,0,0,0,0,0,0.024317231904464845,0
ENSG00000067992,PDK3,0.0029566388374776143,0,0,0,0,0,0.024317231904464845,0
ENSG00000159224,GIP,0.0029566388374776143,0,0,0,0,0,0.024317231904464845,0
ENSG00000133083,DCLK1,0.0029566388374776143,0,0,0,0,0,0.024317231904464845,0
ENSG00000112977,DAP,0.0029566388374776143,0,0,0,0,0,0.024317231904464845,0
ENSG00000160551,TAOK1,0.0029566388374776143,0,0,0,0,0,0.024317231904464845,0
ENSG00000107949,BCCIP,0.0029566388374776143,0,0,0,0,0,0.024317231904464845,0
ENSG00000175592,FOSL1,0.0029566388374776143,0,0,0,0,0,0.024317231904464845,0
ENSG00000006327,TNFRSF12A,0.0029566388374776143,0,0,0,0,0,0.024317231904464845,0
ENSG00000103495,MAZ,0.0029566388374776143,0,0,0,0,0,0.024317231904464845,0
ENSG00000167658,EEF2,0.0029566388374776143,0,0,0,0,0,0.024317231904464845,0
ENSG00000205212,CCDC144NL,0.0029566388374776143,0,0,0,0,0,0.024317231904464845,0
ENSG00000152503,TRIM36,0.0029566388374776143,0,0,0,0,0,0.024317231904464845,0
ENSG00000198542,ITGBL1,0.0029566388374776143,0,0,0,0,0,0.024317231904464845,0
ENSG00000165410,CFL2,0.0029566388374776143,0,0,0,0,0,0.024317231904464845,0
ENSG00000163069,SGCB,0.0029566388374776143,0,0,0,0,0,0.024317231904464845,0
ENSG00000101323,HAO1,0.0029566388374776143,0,0,0,0,0,0.024317231904464845,0
ENSG00000166573,GALR1,0.0029566388374776143,0,0,0,0,0,0.024317231904464845,0
ENSG00000127418,FGFRL1,0.0029566388374776143,0,0,0,0,0,0.024317231904464845,0
ENSG00000147677,EIF3H,0.0029566388374776143,0,0,0,0,0,0.024317231904464845,0
ENSG00000196262,PPIA,0.0029566388374776143,0,0,0,0,0,0.024317231904464845,0
ENSG00000170624,SGCD,0.0029566388374776143,0,0,0,0,0,0.024317231904464845,0
ENSG00000105866,SP4,0.0029566388374776143,0,0,0,0,0,0.024317231904464845,0
ENSG00000134812,CBLIF,0.0029566388374776143,0,0,0,0,0,0.024317231904464845,0
ENSG00000291074,CCDC144NL,0.0029566388374776143,0,0,0,0,0,0.024317231904464845,0
ENSG00000075618,FSCN1,0.0029566388374776143,0,0,0,0,0,0.024317231904464845,0
ENSG00000185008,ROBO2,0.0029566388374776143,0,0,0,0,0,0.024317231904464845,0
ENSG00000088832,FKBP1A,0.0029566388374776143,0,0,0,0,0,0.024317231904464845,0
ENSG00000237693,IRGM,0.0029566388374776143,0,0,0,0,0,0.024317231904464845,0
ENSG00000268654,MIMT1,0.0029566388374776143,0,0,0,0,0,0.024317231904464845,0
ENSG00000006831,ADIPOR2,0.0029361066233284643,0,0,0,0,0,0.024148362238461615,0
ENSG00000116815,CD58,0.0029361066233284643,0,0,0,0,0,0.024148362238461615,0
ENSG00000130649,CYP2E1,0.0029361066233284643,0,0,0,0,0,0.024148362238461615,0
ENSG00000159346,ADIPOR1,0.0029361066233284643,0,0,0,0,0,0.024148362238461615,0
ENSG00000205358,MT1H,0.002925104722627614,0,0,0,0,0.024057875782239346,0,0
ENSG00000088325,TPX2,0.0029006351736637673,0,0,0,0,0.019297142050168307,0.01823792392834863,0
ENSG00000163017,ACTG2,0.002861748928896086,0,0,0,0,0.01897731745072003,0.01823792392834863,0
ENSG00000166959,MS4A8,0.0028167973982168746,0,0,0,0,0.023167089159516447,0,0
ENSG00000143228,NUF2,0.0027852411345437988,0,0,0,0,0.022907550871630298,0,0
ENSG00000127616,SMARCA4,0.002771848910135263,0,0,0,0,0,0.02279740491043579,0
ENSG00000142192,APP,0.002771848910135263,0,0,0,0,0,0.02279740491043579,0
ENSG00000197746,PSAP,0.002771848910135263,0,0,0,0,0,0.02279740491043579,0
ENSG00000118257,NRP2,0.002771848910135263,0,0,0,0,0,0.02279740491043579,0
ENSG00000057593,F7,0.002771848910135263,0,0,0,0,0,0.02279740491043579,0
ENSG00000156103,MMP16,0.002771848910135263,0,0,0,0,0,0.02279740491043579,0
ENSG00000140396,NCOA2,0.002771848910135263,0,0,0,0,0,0.02279740491043579,0
ENSG00000102996,MMP15,0.002771848910135263,0,0,0,0,0,0.02279740491043579,0
ENSG00000088053,GP6,0.002771848910135263,0,0,0,0,0,0.02279740491043579,0
ENSG00000083457,ITGAE,0.002771848910135263,0,0,0,0,0,0.02279740491043579,0
ENSG00000131400,NAPSA,0.002771848910135263,0,0,0,0,0,0.02279740491043579,0
ENSG00000105220,GPI,0.002771848910135263,0,0,0,0,0,0.02279740491043579,0
ENSG00000126821,SGPP1,0.002771848910135263,0,0,0,0,0,0.02279740491043579,0
ENSG00000143768,LEFTY2,0.002751316695986113,0,0,0,0,0,0.02262853524443256,0
ENSG00000104881,PPP1R13L,0.002751316695986113,0,0,0,0,0,0.02262853524443256,0
ENSG00000134982,APC,0.002751316695986113,0,0,0,0,0,0.02262853524443256,0
ENSG00000147257,GPC3,0.002751316695986113,0,0,0,0,0,0.02262853524443256,0
ENSG00000169679,BUB1,0.0027368853984001094,0,0,0,0,0.017087677490019944,0.01823792392834863,0
ENSG00000163082,SGPP2,0.0026790064842490903,0,0,0,0,0.015183549112960973,0.01823792392834863,0
ENSG00000117399,CDC20,0.0026459790778166088,0,0,0,0,0.021762173328048782,0,0
ENSG00000165304,MELK,0.0026194830117597765,0,0,0,0,0.021544253244373736,0,0
ENSG00000118193,KIF14,0.0026194830117597765,0,0,0,0,0.021544253244373736,0,0
ENSG00000137563,GGH,0.0026070522475031676,0,0,0,0,0.01840236093983746,0.012158615952232422,0
ENSG00000213903,LTB4R,0.0025870589827929123,0,0,0,0,0,0.021277577916406734,0
ENSG00000128567,PODXL,0.0025870589827929123,0,0,0,0,0,0.021277577916406734,0
ENSG00000204936,CD177,0.0025870589827929123,0,0,0,0,0,0.021277577916406734,0
ENSG00000164742,ADCY1,0.0025870589827929123,0,0,0,0,0,0.021277577916406734,0
ENSG00000172845,SP3,0.0025870589827929123,0,0,0,0,0,0.021277577916406734,0
ENSG00000134817,APLNR,0.0025870589827929123,0,0,0,0,0,0.021277577916406734,0
ENSG00000125378,BMP4,0.0025870589827929123,0,0,0,0,0,0.021277577916406734,0
ENSG00000107201,RIGI,0.0025870589827929123,0,0,0,0,0,0.021277577916406734,0
ENSG00000121552,CSTA,0.0025870589827929123,0,0,0,0,0,0.021277577916406734,0
ENSG00000197471,SPN,0.0025870589827929123,0,0,0,0,0,0.021277577916406734,0
ENSG00000197822,OCLN,0.0025870589827929123,0,0,0,0,0,0.021277577916406734,0
ENSG00000115425,PECR,0.0025870589827929123,0,0,0,0,0,0.021277577916406734,0
ENSG00000176692,FOXC2,0.0025870589827929123,0,0,0,0,0,0.021277577916406734,0
ENSG00000128191,DGCR8,0.0025870589827929123,0,0,0,0,0,0.021277577916406734,0
ENSG00000077238,IL4R,0.0025870589827929123,0,0,0,0,0,0.021277577916406734,0
ENSG00000102024,PLS3,0.0025870589827929123,0,0,0,0,0,0.021277577916406734,0
ENSG00000103375,AQP8,0.0025870589827929123,0,0,0,0,0,0.021277577916406734,0
ENSG00000147145,LPAR4,0.0025870589827929123,0,0,0,0,0,0.021277577916406734,0
ENSG00000068001,HYAL2,0.0025870589827929123,0,0,0,0,0,0.021277577916406734,0
ENSG00000198556,ZNF789,0.0025870589827929123,0,0,0,0,0,0.021277577916406734,0
ENSG00000115850,LCT,0.0025870589827929123,0,0,0,0,0,0.021277577916406734,0
ENSG00000163939,PBRM1,0.0025870589827929123,0,0,0,0,0,0.021277577916406734,0
ENSG00000187908,DMBT1,0.0025870589827929123,0,0,0,0,0,0.021277577916406734,0
ENSG00000164266,SPINK1,0.0025870589827929123,0,0,0,0,0,0.021277577916406734,0
ENSG00000164096,ARLN,0.0025870589827929123,0,0,0,0,0,0.021277577916406734,0
ENSG00000095970,TREM2,0.0025870589827929123,0,0,0,0,0,0.021277577916406734,0
ENSG00000078328,RBFOX1,0.0025870589827929123,0,0,0,0,0,0.021277577916406734,0
ENSG00000128602,SMO,0.0025870589827929123,0,0,0,0,0,0.021277577916406734,0
ENSG00000140968,IRF8,0.0025870589827929123,0,0,0,0,0,0.021277577916406734,0
ENSG00000174564,IL20RB,0.0025870589827929123,0,0,0,0,0,0.021277577916406734,0
ENSG00000129538,RNASE1,0.0025870589827929123,0,0,0,0,0,0.021277577916406734,0
ENSG00000198178,CLEC4C,0.0025870589827929123,0,0,0,0,0,0.021277577916406734,0
ENSG00000012779,ALOX5,0.0025870589827929123,0,0,0,0,0,0.021277577916406734,0
ENSG00000125885,MCM8,0.0025870589827929123,0,0,0,0,0,0.021277577916406734,0
ENSG00000198805,PNP,0.0025870589827929123,0,0,0,0,0,0.021277577916406734,0
ENSG00000107105,ELAVL2,0.0025870589827929123,0,0,0,0,0,0.021277577916406734,0
ENSG00000143248,RGS5,0.0025870589827929123,0,0,0,0,0,0.021277577916406734,0
ENSG00000155380,SLC16A1,0.0025870589827929123,0,0,0,0,0,0.021277577916406734,0
ENSG00000116285,ERRFI1,0.002562486099779041,0,0,0,0,0.01727590779802114,0.015198269940290528,0
ENSG00000108984,MAP2K6,0.00255679136859585,0,0,0,0,0.01116285741142565,0.01823792392834863,0
ENSG00000170006,TMEM154,0.0025067170210894183,0,0,0,0,0.020616795784467266,0,0
ENSG00000144847,IGSF11,0.0025067170210894183,0,0,0,0,0.020616795784467266,0,0
ENSG00000175063,UBE2C,0.0024653957757739074,0,0,0,0,0.02027694422999881,0,0
ENSG00000136999,CCN3,0.0024653957757739074,0,0,0,0,0.02027694422999881,0,0
ENSG00000186471,AKAP14,0.0024653957757739074,0,0,0,0,0.02027694422999881,0,0
ENSG00000175063,UBE2C,0.0024653957757739074,0,0,0,0,0.02027694422999881,0,0
ENSG00000167900,TK1,0.0024444214561303644,0,0,0,0,0.01706478442609831,0.012158615952232422,0
ENSG00000169715,MT1E,0.0023744600459258336,0,0,0,0,0.019529032377158542,0,0
ENSG00000164972,SPMIP6,0.0023591673341304418,0,0,0,0,0.019403255628756652,0,0
ENSG00000141579,ZNF750,0.0023113085397880383,0,0,0,0,0.019009635215623887,0,0
ENSG00000006071,ABCC8,0.0023113085397880383,0,0,0,0,0.019009635215623887,0,0
ENSG00000011426,ANLN,0.002275167487607332,0,0,0,0,0.018712388782948543,0,0
ENSG00000039139,DNAH5,0.002250304056020443,0,0,0,0,0.018507896497933787,0,0
ENSG00000153989,NUS1,0.0022309104340146155,0,0,0,0,0.01834839132002522,0,0
ENSG00000138162,TACC2,0.0022281929076350382,0,0,0,0,0.018326040697304237,0,0
ENSG00000159763,PIP,0.0022174791281082107,0,0,0,0,0,0.01823792392834863,0
ENSG00000170381,SEMA3E,0.0022174791281082107,0,0,0,0,0,0.01823792392834863,0
ENSG00000188064,WNT7B,0.0022174791281082107,0,0,0,0,0,0.01823792392834863,0
ENSG00000213906,LTB4R2,0.0022174791281082107,0,0,0,0,0,0.01823792392834863,0
ENSG00000104064,GABPB1,0.0022174791281082107,0,0,0,0,0,0.01823792392834863,0
ENSG00000241566,IGKV2D-24,0.0022174791281082107,0,0,0,0,0,0.01823792392834863,0
ENSG00000184344,GDF3,0.0022174791281082107,0,0,0,0,0,0.01823792392834863,0
ENSG00000206531,CD200R1L,0.0022174791281082107,0,0,0,0,0,0.01823792392834863,0
ENSG00000070526,ST6GALNAC1,0.0022174791281082107,0,0,0,0,0,0.01823792392834863,0
ENSG00000204385,SLC44A4,0.0022174791281082107,0,0,0,0,0,0.01823792392834863,0
ENSG00000117118,SDHB,0.0022174791281082107,0,0,0,0,0,0.01823792392834863,0
ENSG00000103653,CSK,0.0022174791281082107,0,0,0,0,0,0.01823792392834863,0
ENSG00000107960,STN1,0.0022174791281082107,0,0,0,0,0,0.01823792392834863,0
ENSG00000282608,ADORA3,0.0022174791281082107,0,0,0,0,0,0.01823792392834863,0
ENSG00000087365,SF3B2,0.0022174791281082107,0,0,0,0,0,0.01823792392834863,0
ENSG00000109424,UCP1,0.0022174791281082107,0,0,0,0,0,0.01823792392834863,0
ENSG00000110375,UPK2,0.0022174791281082107,0,0,0,0,0,0.01823792392834863,0
ENSG00000213949,ITGA1,0.0022174791281082107,0,0,0,0,0,0.01823792392834863,0
ENSG00000184895,SRY,0.0022174791281082107,0,0,0,0,0,0.01823792392834863,0
ENSG00000171431,KRT20,0.0022174791281082107,0,0,0,0,0,0.01823792392834863,0
ENSG00000229117,RPL41,0.0022174791281082107,0,0,0,0,0,0.01823792392834863,0
ENSG00000177839,PCDHB9,0.0022174791281082107,0,0,0,0,0,0.01823792392834863,0
ENSG00000137575,SDCBP,0.0022174791281082107,0,0,0,0,0,0.01823792392834863,0
ENSG00000120913,PDLIM2,0.0022174791281082107,0,0,0,0,0,0.01823792392834863,0
ENSG00000064547,LPAR2,0.0022174791281082107,0,0,0,0,0,0.01823792392834863,0
ENSG00000123374,CDK2,0.0022174791281082107,0,0,0,0,0,0.01823792392834863,0
ENSG00000259706,HSP90B2P,0.0022174791281082107,0,0,0,0,0,0.01823792392834863,0
ENSG00000277791,PSMB3,0.0022174791281082107,0,0,0,0,0,0.01823792392834863,0
ENSG00000107447,DNTT,0.0022174791281082107,0,0,0,0,0,0.01823792392834863,0
ENSG00000124006,OBSL1,0.0022174791281082107,0,0,0,0,0,0.01823792392834863,0
ENSG00000179593,ALOX15B,0.0022174791281082107,0,0,0,0,0,0.01823792392834863,0
ENSG00000112511,PHF1,0.0022174791281082107,0,0,0,0,0,0.01823792392834863,0
ENSG00000116176,TPSG1,0.0022174791281082107,0,0,0,0,0,0.01823792392834863,0
ENSG00000121039,RDH10,0.0022174791281082107,0,0,0,0,0,0.01823792392834863,0
ENSG00000134324,LPIN1,0.0022174791281082107,0,0,0,0,0,0.01823792392834863,0
ENSG00000160678,S100A1,0.0022174791281082107,0,0,0,0,0,0.01823792392834863,0
ENSG00000115170,ACVR1,0.0022174791281082107,0,0,0,0,0,0.01823792392834863,0
ENSG00000114378,HYAL1,0.0022174791281082107,0,0,0,0,0,0.01823792392834863,0
ENSG00000101187,SLCO4A1,0.0022174791281082107,0,0,0,0,0,0.01823792392834863,0
ENSG00000103056,SMPD3,0.0022174791281082107,0,0,0,0,0,0.01823792392834863,0
ENSG00000101882,NKAP,0.0022174791281082107,0,0,0,0,0,0.01823792392834863,0
ENSG00000007402,CACNA2D2,0.0022174791281082107,0,0,0,0,0,0.01823792392834863,0
ENSG00000163421,PROK2,0.0022174791281082107,0,0,0,0,0,0.01823792392834863,0
ENSG00000106236,NPTX2,0.0022174791281082107,0,0,0,0,0,0.01823792392834863,0
ENSG00000107438,PDLIM1,0.0022174791281082107,0,0,0,0,0,0.01823792392834863,0
ENSG00000292332,IL3RA,0.0022174791281082107,0,0,0,0,0,0.01823792392834863,0
ENSG00000109452,INPP4B,0.0022174791281082107,0,0,0,0,0,0.01823792392834863,0
ENSG00000160789,LMNA,0.0022174791281082107,0,0,0,0,0,0.01823792392834863,0
ENSG00000169047,IRS1,0.0022174791281082107,0,0,0,0,0,0.01823792392834863,0
ENSG00000241837,ATP5PO,0.0022174791281082107,0,0,0,0,0,0.01823792392834863,0
ENSG00000176358,TAC4,0.0022174791281082107,0,0,0,0,0,0.01823792392834863,0
ENSG00000267322,SNHG22,0.0022174791281082107,0,0,0,0,0,0.01823792392834863,0
ENSG00000122550,KLHL7,0.0022174791281082107,0,0,0,0,0,0.01823792392834863,0
ENSG00000175224,ATG13,0.0022174791281082107,0,0,0,0,0,0.01823792392834863,0
ENSG00000112559,MDFI,0.0022174791281082107,0,0,0,0,0,0.01823792392834863,0
ENSG00000154133,ROBO4,0.0022174791281082107,0,0,0,0,0,0.01823792392834863,0
ENSG00000173612,GPRC6A,0.0022174791281082107,0,0,0,0,0,0.01823792392834863,0
ENSG00000105954,NPVF,0.0022174791281082107,0,0,0,0,0,0.01823792392834863,0
ENSG00000134243,SORT1,0.0022174791281082107,0,0,0,0,0,0.01823792392834863,0
ENSG00000099725,PRKY,0.0022174791281082107,0,0,0,0,0,0.01823792392834863,0
ENSG00000185479,KRT6B,0.0022174791281082107,0,0,0,0,0,0.01823792392834863,0
ENSG00000260027,HOXB7,0.0022174791281082107,0,0,0,0,0,0.01823792392834863,0
ENSG00000132932,ATP8A2,0.0022174791281082107,0,0,0,0,0,0.01823792392834863,0
ENSG00000092847,AGO1,0.0022174791281082107,0,0,0,0,0,0.01823792392834863,0
ENSG00000073008,PVR,0.0022174791281082107,0,0,0,0,0,0.01823792392834863,0
ENSG00000108433,GOSR2,0.0022174791281082107,0,0,0,0,0,0.01823792392834863,0
ENSG00000099956,SMARCB1,0.0022174791281082107,0,0,0,0,0,0.01823792392834863,0
ENSG00000243646,IL10RB,0.0022174791281082107,0,0,0,0,0,0.01823792392834863,0
ENSG00000106459,NRF1,0.0022174791281082107,0,0,0,0,0,0.01823792392834863,0
ENSG00000113924,HGD,0.0022174791281082107,0,0,0,0,0,0.01823792392834863,0
ENSG00000110200,ANAPC15,0.0022174791281082107,0,0,0,0,0,0.01823792392834863,0
ENSG00000107968,MAP3K8,0.0022174791281082107,0,0,0,0,0,0.01823792392834863,0
ENSG00000136153,LMO7,0.0022174791281082107,0,0,0,0,0,0.01823792392834863,0
ENSG00000110768,GTF2H1,0.0022174791281082107,0,0,0,0,0,0.01823792392834863,0
ENSG00000092054,MYH7,0.0022174791281082107,0,0,0,0,0,0.01823792392834863,0
ENSG00000158887,MPZ,0.0022174791281082107,0,0,0,0,0,0.01823792392834863,0
ENSG00000176387,HSD11B2,0.0022174791281082107,0,0,0,0,0,0.01823792392834863,0
ENSG00000198408,OGA,0.0022174791281082107,0,0,0,0,0,0.01823792392834863,0
ENSG00000144848,ATG3,0.0022174791281082107,0,0,0,0,0,0.01823792392834863,0
ENSG00000132970,WASF3,0.0022174791281082107,0,0,0,0,0,0.01823792392834863,0
ENSG00000142677,IL22RA1,0.0022174791281082107,0,0,0,0,0,0.01823792392834863,0
ENSG00000144895,EIF2A,0.0022174791281082107,0,0,0,0,0,0.01823792392834863,0
ENSG00000172380,GNG12,0.0022174791281082107,0,0,0,0,0,0.01823792392834863,0
ENSG00000087095,NLK,0.0022174791281082107,0,0,0,0,0,0.01823792392834863,0
ENSG00000197785,ATAD3A,0.0022174791281082107,0,0,0,0,0,0.01823792392834863,0
ENSG00000234829,IFNA17,0.0022174791281082107,0,0,0,0,0,0.01823792392834863,0
ENSG00000132305,IMMT,0.0022174791281082107,0,0,0,0,0,0.01823792392834863,0
ENSG00000075073,TACR2,0.0022174791281082107,0,0,0,0,0,0.01823792392834863,0
ENSG00000138413,IDH1,0.0022174791281082107,0,0,0,0,0,0.01823792392834863,0
ENSG00000119684,MLH3,0.0022174791281082107,0,0,0,0,0,0.01823792392834863,0
ENSG00000102858,MGRN1,0.0022174791281082107,0,0,0,0,0,0.01823792392834863,0
ENSG00000143627,PKLR,0.0022174791281082107,0,0,0,0,0,0.01823792392834863,0
ENSG00000174373,RALGAPA1,0.0022174791281082107,0,0,0,0,0,0.01823792392834863,0
ENSG00000127191,TRAF2,0.0022174791281082107,0,0,0,0,0,0.01823792392834863,0
ENSG00000006432,MAP3K9,0.0022174791281082107,0,0,0,0,0,0.01823792392834863,0
ENSG00000167930,FAM234A,0.0022174791281082107,0,0,0,0,0,0.01823792392834863,0
ENSG00000124140,SLC12A5,0.0022174791281082107,0,0,0,0,0,0.01823792392834863,0
ENSG00000113722,CDX1,0.0022174791281082107,0,0,0,0,0,0.01823792392834863,0
ENSG00000198758,EPS8L3,0.0022174791281082107,0,0,0,0,0,0.01823792392834863,0
ENSG00000004399,PLXND1,0.0022174791281082107,0,0,0,0,0,0.01823792392834863,0
ENSG00000124571,XPO5,0.0022174791281082107,0,0,0,0,0,0.01823792392834863,0
ENSG00000132514,CLEC10A,0.0022174791281082107,0,0,0,0,0,0.01823792392834863,0
ENSG00000090104,RGS1,0.0022174791281082107,0,0,0,0,0,0.01823792392834863,0
ENSG00000185291,IL3RA,0.0022174791281082107,0,0,0,0,0,0.01823792392834863,0
ENSG00000119335,SET,0.0022174791281082107,0,0,0,0,0,0.01823792392834863,0
ENSG00000166796,LDHC,0.0022174791281082107,0,0,0,0,0,0.01823792392834863,0
ENSG00000169704,GP9,0.0022174791281082107,0,0,0,0,0,0.01823792392834863,0
ENSG00000165806,CASP7,0.0022174791281082107,0,0,0,0,0,0.01823792392834863,0
ENSG00000175471,MCTP1,0.0022174791281082107,0,0,0,0,0,0.01823792392834863,0
ENSG00000130545,CRB3,0.0022174791281082107,0,0,0,0,0,0.01823792392834863,0
ENSG00000164252,AGGF1,0.0022174791281082107,0,0,0,0,0,0.01823792392834863,0
ENSG00000172469,MANEA,0.0022174791281082107,0,0,0,0,0,0.01823792392834863,0
ENSG00000113441,LNPEP,0.0022174791281082107,0,0,0,0,0,0.01823792392834863,0
ENSG00000149480,MTA2,0.0022174791281082107,0,0,0,0,0,0.01823792392834863,0
ENSG00000114480,GBE1,0.0022174791281082107,0,0,0,0,0,0.01823792392834863,0
ENSG00000127743,IL17B,0.0022174791281082107,0,0,0,0,0,0.01823792392834863,0
ENSG00000153975,ZUP1,0.0022174791281082107,0,0,0,0,0,0.01823792392834863,0
ENSG00000047849,MAP4,0.0022174791281082107,0,0,0,0,0,0.01823792392834863,0
ENSG00000129562,DAD1,0.0022174791281082107,0,0,0,0,0,0.01823792392834863,0
ENSG00000120800,UTP20,0.0022174791281082107,0,0,0,0,0,0.01823792392834863,0
ENSG00000205221,VIT,0.0022174791281082107,0,0,0,0,0,0.01823792392834863,0
ENSG00000101938,CHRDL1,0.0022174791281082107,0,0,0,0,0,0.01823792392834863,0
ENSG00000197181,PIWIL2,0.0022174791281082107,0,0,0,0,0,0.01823792392834863,0
ENSG00000197535,MYO5A,0.0022174791281082107,0,0,0,0,0,0.01823792392834863,0
ENSG00000078081,LAMP3,0.0022174791281082107,0,0,0,0,0,0.01823792392834863,0
ENSG00000163581,SLC2A2,0.0022174791281082107,0,0,0,0,0,0.01823792392834863,0
ENSG00000198874,TYW1,0.0022174791281082107,0,0,0,0,0,0.01823792392834863,0
ENSG00000188909,BSX,0.0022174791281082107,0,0,0,0,0,0.01823792392834863,0
ENSG00000226516,FAM138B,0.0022174791281082107,0,0,0,0,0,0.01823792392834863,0
ENSG00000172139,SLC9C1,0.0022174791281082107,0,0,0,0,0,0.01823792392834863,0
ENSG00000182551,ADI1,0.0022174791281082107,0,0,0,0,0,0.01823792392834863,0
ENSG00000262468,LINC01569,0.0022174791281082107,0,0,0,0,0,0.01823792392834863,0
ENSG00000104472,CHRAC1,0.0022174791281082107,0,0,0,0,0,0.01823792392834863,0
ENSG00000136518,ACTL6A,0.0022174791281082107,0,0,0,0,0,0.01823792392834863,0
ENSG00000130226,DPP6,0.0022174791281082107,0,0,0,0,0,0.01823792392834863,0
ENSG00000112290,WASF1,0.0022174791281082107,0,0,0,0,0,0.01823792392834863,0
ENSG00000224141,MIR548XHG,0.0022174791281082107,0,0,0,0,0,0.01823792392834863,0
ENSG00000140398,NEIL1,0.0022174791281082107,0,0,0,0,0,0.01823792392834863,0
ENSG00000153234,NR4A2,0.0022174791281082107,0,0,0,0,0,0.01823792392834863,0
ENSG00000179059,ZFP42,0.0022174791281082107,0,0,0,0,0,0.01823792392834863,0
ENSG00000080839,RBL1,0.0022174791281082107,0,0,0,0,0,0.01823792392834863,0
ENSG00000145782,ATG12,0.0022174791281082107,0,0,0,0,0,0.01823792392834863,0
ENSG00000062485,CS,0.0022174791281082107,0,0,0,0,0,0.01823792392834863,0
ENSG00000048649,RSF1,0.0022174791281082107,0,0,0,0,0,0.01823792392834863,0
ENSG00000084112,SSH1,0.0022174791281082107,0,0,0,0,0,0.01823792392834863,0
ENSG00000131467,PSME3,0.0022174791281082107,0,0,0,0,0,0.01823792392834863,0
ENSG00000110244,APOA4,0.0022174791281082107,0,0,0,0,0,0.01823792392834863,0
ENSG00000144410,CPO,0.0022174791281082107,0,0,0,0,0,0.01823792392834863,0
ENSG00000172458,IL17D,0.0022174791281082107,0,0,0,0,0,0.01823792392834863,0
ENSG00000137393,RNF144B,0.0022174791281082107,0,0,0,0,0,0.01823792392834863,0
ENSG00000144648,ACKR2,0.0022174791281082107,0,0,0,0,0,0.01823792392834863,0
ENSG00000231925,TAPBP,0.0022174791281082107,0,0,0,0,0,0.01823792392834863,0
ENSG00000171819,ANGPTL7,0.0022174791281082107,0,0,0,0,0,0.01823792392834863,0
ENSG00000186081,KRT5,0.0022174791281082107,0,0,0,0,0,0.01823792392834863,0
ENSG00000121335,PRB2,0.0022174791281082107,0,0,0,0,0,0.01823792392834863,0
ENSG00000108379,WNT3,0.0022174791281082107,0,0,0,0,0,0.01823792392834863,0
ENSG00000103490,PYCARD,0.0022174791281082107,0,0,0,0,0,0.01823792392834863,0
ENSG00000132185,FCRLA,0.0022174791281082107,0,0,0,0,0,0.01823792392834863,0
ENSG00000100749,VRK1,0.0022174791281082107,0,0,0,0,0,0.01823792392834863,0
ENSG00000170917,NUDT6,0.0022174791281082107,0,0,0,0,0,0.01823792392834863,0
ENSG00000164818,DNAAF5,0.0022174791281082107,0,0,0,0,0,0.01823792392834863,0
ENSG00000133105,RXFP2,0.0022174791281082107,0,0,0,0,0,0.01823792392834863,0
ENSG00000124767,GLO1,0.0022174791281082107,0,0,0,0,0,0.01823792392834863,0
ENSG00000230550,ERLNC1,0.0022174791281082107,0,0,0,0,0,0.01823792392834863,0
ENSG00000128383,APOBEC3A,0.0022174791281082107,0,0,0,0,0,0.01823792392834863,0
ENSG00000131979,GCH1,0.0022174791281082107,0,0,0,0,0,0.01823792392834863,0
ENSG00000163993,S100P,0.0022174791281082107,0,0,0,0,0,0.01823792392834863,0
ENSG00000160801,PTH1R,0.0022174791281082107,0,0,0,0,0,0.01823792392834863,0
ENSG00000116161,CACYBP,0.0022174791281082107,0,0,0,0,0,0.01823792392834863,0
ENSG00000146376,ARHGAP18,0.0022174791281082107,0,0,0,0,0,0.01823792392834863,0
ENSG00000293442,PRKY,0.0022174791281082107,0,0,0,0,0,0.01823792392834863,0
ENSG00000172461,FUT9,0.0022174791281082107,0,0,0,0,0,0.01823792392834863,0
ENSG00000125650,PSPN,0.0022174791281082107,0,0,0,0,0,0.01823792392834863,0
ENSG00000128245,YWHAH,0.0022174791281082107,0,0,0,0,0,0.01823792392834863,0
ENSG00000157766,ACAN,0.0022174791281082107,0,0,0,0,0,0.01823792392834863,0
ENSG00000147601,TERF1,0.0022174791281082107,0,0,0,0,0,0.01823792392834863,0
ENSG00000137845,ADAM10,0.0022174791281082107,0,0,0,0,0,0.01823792392834863,0
ENSG00000142583,SLC2A5,0.0022174791281082107,0,0,0,0,0,0.01823792392834863,0
ENSG00000167131,DNAAF19,0.0022174791281082107,0,0,0,0,0,0.01823792392834863,0
ENSG00000221949,LINC01465,0.0022174791281082107,0,0,0,0,0,0.01823792392834863,0
ENSG00000182415,CDY2A,0.0022174791281082107,0,0,0,0,0,0.01823792392834863,0
ENSG00000122254,HS3ST2,0.0022174791281082107,0,0,0,0,0,0.01823792392834863,0
ENSG00000180875,GREM2,0.0022174791281082107,0,0,0,0,0,0.01823792392834863,0
ENSG00000144451,SPAG16,0.0022174791281082107,0,0,0,0,0,0.01823792392834863,0
ENSG00000226790,HNRNPA3P1,0.0022174791281082107,0,0,0,0,0,0.01823792392834863,0
ENSG00000120616,EPC1,0.0022174791281082107,0,0,0,0,0,0.01823792392834863,0
ENSG00000119514,GALNT12,0.0022174791281082107,0,0,0,0,0,0.01823792392834863,0
ENSG00000178966,RMI1,0.0022174791281082107,0,0,0,0,0,0.01823792392834863,0
ENSG00000184047,DIABLO,0.0022174791281082107,0,0,0,0,0,0.01823792392834863,0
ENSG00000105722,ERF,0.0022174791281082107,0,0,0,0,0,0.01823792392834863,0
ENSG00000063176,SPHK2,0.0022174791281082107,0,0,0,0,0,0.01823792392834863,0
ENSG00000130700,GATA5,0.0022174791281082107,0,0,0,0,0,0.01823792392834863,0
ENSG00000074370,ATP2A3,0.0022174791281082107,0,0,0,0,0,0.01823792392834863,0
ENSG00000160007,ARHGAP35,0.0022174791281082107,0,0,0,0,0,0.01823792392834863,0
ENSG00000185507,IRF7,0.0022174791281082107,0,0,0,0,0,0.01823792392834863,0
ENSG00000131844,MCCC2,0.0022174791281082107,0,0,0,0,0,0.01823792392834863,0
ENSG00000142733,MAP3K6,0.0022174791281082107,0,0,0,0,0,0.01823792392834863,0
ENSG00000016402,IL20RA,0.0022174791281082107,0,0,0,0,0,0.01823792392834863,0
ENSG00000115267,IFIH1,0.0022174791281082107,0,0,0,0,0,0.01823792392834863,0
ENSG00000185664,PMEL,0.0022174791281082107,0,0,0,0,0,0.01823792392834863,0
ENSG00000148942,SLC5A12,0.0022174791281082107,0,0,0,0,0,0.01823792392834863,0
ENSG00000168228,ZCCHC4,0.0022174791281082107,0,0,0,0,0,0.01823792392834863,0
ENSG00000090376,IRAK3,0.0022174791281082107,0,0,0,0,0,0.01823792392834863,0
ENSG00000100504,PYGL,0.0022174791281082107,0,0,0,0,0,0.01823792392834863,0
ENSG00000105371,ICAM4,0.0022174791281082107,0,0,0,0,0,0.01823792392834863,0
ENSG00000133026,MYH10,0.0022174791281082107,0,0,0,0,0,0.01823792392834863,0
ENSG00000106541,AGR2,0.0022174791281082107,0,0,0,0,0,0.01823792392834863,0
ENSG00000111339,ART4,0.0022174791281082107,0,0,0,0,0,0.01823792392834863,0
ENSG00000008441,NFIX,0.0022174791281082107,0,0,0,0,0,0.01823792392834863,0
ENSG00000107518,ATRNL1,0.0022174791281082107,0,0,0,0,0,0.01823792392834863,0
ENSG00000169618,PROKR1,0.0022174791281082107,0,0,0,0,0,0.01823792392834863,0
ENSG00000103044,HAS3,0.0022174791281082107,0,0,0,0,0,0.01823792392834863,0
ENSG00000114062,UBE3A,0.0022174791281082107,0,0,0,0,0,0.01823792392834863,0
ENSG00000160949,TONSL,0.0022174791281082107,0,0,0,0,0,0.01823792392834863,0
ENSG00000151651,ADAM8,0.0022174791281082107,0,0,0,0,0,0.01823792392834863,0
ENSG00000081479,LRP2,0.0022174791281082107,0,0,0,0,0,0.01823792392834863,0
ENSG00000172340,SUCLG2,0.0022174791281082107,0,0,0,0,0,0.01823792392834863,0
ENSG00000198189,HSD17B11,0.0022174791281082107,0,0,0,0,0,0.01823792392834863,0
ENSG00000179776,CDH5,0.0022174791281082107,0,0,0,0,0,0.01823792392834863,0
ENSG00000129009,ISLR,0.0022174791281082107,0,0,0,0,0,0.01823792392834863,0
ENSG00000171747,LGALS4,0.0022174791281082107,0,0,0,0,0,0.01823792392834863,0
ENSG00000243955,GSTA1,0.0022174791281082107,0,0,0,0,0,0.01823792392834863,0
ENSG00000077279,DCX,0.0022174791281082107,0,0,0,0,0,0.01823792392834863,0
ENSG00000116703,PDC,0.0022174791281082107,0,0,0,0,0,0.01823792392834863,0
ENSG00000197530,MIB2,0.0022174791281082107,0,0,0,0,0,0.01823792392834863,0
ENSG00000213366,GSTM2,0.0022174791281082107,0,0,0,0,0,0.01823792392834863,0
ENSG00000169242,EFNA1,0.0022174791281082107,0,0,0,0,0,0.01823792392834863,0
ENSG00000125850,OVOL2,0.0022174791281082107,0,0,0,0,0,0.01823792392834863,0
ENSG00000116833,NR5A2,0.0022174791281082107,0,0,0,0,0,0.01823792392834863,0
ENSG00000275395,FCGBP,0.0022174791281082107,0,0,0,0,0,0.01823792392834863,0
ENSG00000197892,KIF13B,0.0022174791281082107,0,0,0,0,0,0.01823792392834863,0
ENSG00000165244,ZNF367,0.0022093432968222073,0,0,0,0,0.018171009804915778,0,0
ENSG00000101003,GINS1,0.0021527236258787664,0,0,0,0,0.017705334507942153,0,0
ENSG00000137812,KNL1,0.0021527236258787664,0,0,0,0,0.017705334507942153,0,0
ENSG00000165188,RNF183,0.002146957629641285,0,0,0,0,0.017657911378038762,0,0
ENSG00000103534,TMC5,0.00212998456308218,0,0,0,0,0.01751831434967807,0,0
ENSG00000134222,PSRC1,0.0020889308509078486,0,0,0,0,0.01718066315372272,0,0
ENSG00000151327,FAM177A1,0.0020889308509078486,0,0,0,0,0.01718066315372272,0,0
ENSG00000245526,MIR9-2HG,0.0020542046129364564,0,0,0,0,0.016895053030762826,0,0
ENSG00000138640,FAM13A,0.002041765754323103,0,0,0,0,0.01679274814127358,0,0
ENSG00000119969,HELLS,0.0020301756973518355,0,0,0,0,0.013657770334971677,0.012158615952232422,0
ENSG00000177989,CIMAP1B,0.0020214774039834017,0,0,0,0,0.016625884162516393,0,0
ENSG00000186185,KIF18B,0.0020206660043682683,0,0,0,0,0.01661921070874237,0,0
ENSG00000102683,SGCG,0.00201215698661671,0,0,0,0,0,0.01654922726831635,0
ENSG00000166482,MFAP4,0.00201215698661671,0,0,0,0,0,0.01654922726831635,0
ENSG00000112742,TTK,0.0020046913534891107,0,0,0,0,0.01648782527028525,0,0
ENSG00000146918,NCAPG2,0.0020031340678162996,0,0,0,0,0.016475017186874035,0,0
ENSG00000143179,UCK2,0.0019867672726953016,0,0,0,0,0.016340406510911423,0,0
ENSG00000183644,HOATZ,0.0019867672726953016,0,0,0,0,0.016340406510911423,0,0
ENSG00000178750,STX19,0.00198290039036361,0,0,0,0,0.016308602871855107,0,0
ENSG00000137269,LRRC1,0.0019496687941806584,0,0,0,0,0.016035285610141205,0,0
ENSG00000123700,KCNJ2,0.0019496687941806584,0,0,0,0,0.016035285610141205,0,0
ENSG00000176619,LMNB2,0.0019496687941806584,0,0,0,0,0.016035285610141205,0,0
ENSG00000130176,CNN1,0.0019454227230580885,0,0,0,0,0.01600036328724482,0,0
ENSG00000091138,SLC26A3,0.0019334686549532497,0,0,0,0,0.01590204561562987,0,0
ENSG00000183856,IQGAP3,0.001932218557818471,0,0,0,0,0.015891764041315076,0,0
ENSG00000081377,CDC14B,0.001932218557818471,0,0,0,0,0.015891764041315076,0,0
ENSG00000174944,P2RY14,0.0019128458923873006,0,0,0,0,0.01573243122327658,0,0
ENSG00000087301,TXNDC16,0.0018929350583648916,0,0,0,0,0.015568672172899192,0,0
ENSG00000170775,GPR37,0.0018805752637376873,0,0,0,0,0.015467017554678155,0,0
ENSG00000137807,KIF23,0.0018793981438960414,0,0,0,0,0.01545733619089242,0,0
ENSG00000271933,ENSG00000271933,0.0018793981438960414,0,0,0,0,0.01545733619089242,0,0
ENSG00000143476,DTL,0.0018514416780224076,0,0,0,0,0.015227404873187623,0,0
ENSG00000149260,CAPN5,0.0018478992734235094,0,0,0,0,0,0.015198269940290528,0
ENSG00000105640,RPL18A,0.0018478992734235094,0,0,0,0,0,0.015198269940290528,0
ENSG00000106571,GLI3,0.0018478992734235094,0,0,0,0,0,0.015198269940290528,0
ENSG00000290525,GBP1P1,0.0018478992734235094,0,0,0,0,0,0.015198269940290528,0
ENSG00000075420,FNDC3B,0.0018478992734235094,0,0,0,0,0,0.015198269940290528,0
ENSG00000165168,CYBB,0.0018478992734235094,0,0,0,0,0,0.015198269940290528,0
ENSG00000204264,PSMB8,0.0018478992734235094,0,0,0,0,0,0.015198269940290528,0
ENSG00000105723,GSK3A,0.0018478992734235094,0,0,0,0,0,0.015198269940290528,0
ENSG00000122787,AKR1D1,0.0018478992734235094,0,0,0,0,0,0.015198269940290528,0
ENSG00000132254,ARFIP2,0.0018478992734235094,0,0,0,0,0,0.015198269940290528,0
ENSG00000115839,RAB3GAP1,0.0018478992734235094,0,0,0,0,0,0.015198269940290528,0
ENSG00000198795,ZNF521,0.0018478992734235094,0,0,0,0,0,0.015198269940290528,0
ENSG00000173372,C1QA,0.0018478992734235094,0,0,0,0,0,0.015198269940290528,0
ENSG00000111642,CHD4,0.0018478992734235094,0,0,0,0,0,0.015198269940290528,0
ENSG00000225492,GBP1P1,0.0018478992734235094,0,0,0,0,0,0.015198269940290528,0
ENSG00000137070,IL11RA,0.0018478992734235094,0,0,0,0,0,0.015198269940290528,0
ENSG00000072571,HMMR,0.001844855324645638,0,0,0,0,0.015173234617274897,0,0
ENSG00000131941,RHPN2,0.0018413685134727594,0,0,0,0,0.01194376386786996,0.012158615952232422,0
ENSG00000111247,RAD51AP1,0.0018172814108317892,0,0,0,0,0.01494644964502001,0,0
ENSG00000084110,HAL,0.001807657624598913,0,0,0,0,0.014867297657074301,0,0
ENSG00000064225,ST3GAL6,0.0017967742301784372,0,0,0,0,0.014777785870015365,0,0
ENSG00000162366,PDZK1IP1,0.001795404722310914,0,0,0,0,0.014766522187759888,0,0
ENSG00000126562,WNK4,0.0017942029465457228,0,0,0,0,0.014756638038364002,0,0
ENSG00000141232,TOB1,0.0017748464772562374,0,0,0,0,0.009755289900837296,0.012158615952232422,0
ENSG00000197614,MFAP5,0.0017635857040523765,0,0,0,0,0.014504822843167176,0,0
ENSG00000097046,CDC7,0.0017604152643634554,0,0,0,0,0.014478747180432395,0,0
ENSG00000156113,KCNMA1,0.0017427831021710198,0,0,0,0,0.014333729340723442,0,0
ENSG00000203760,CENPW,0.0017339286010975702,0,0,0,0,0.014260904431142975,0,0
ENSG00000145390,USP53,0.001727401481675323,0,0,0,0,0.01420722135201711,0,0
ENSG00000010319,SEMA3G,0.0017236973752810412,0,0,0,0,0.014176756483245581,0,0
ENSG00000188817,SNTN,0.00171785589334955,0,0,0,0,0.014128712512168275,0,0
ENSG00000100336,APOL4,0.001712138747566523,0,0,0,0,0.01408169115870594,0,0
ENSG00000033867,SLC4A7,0.0017027808718024472,0,0,0,0,0.01400472618340908,0,0
ENSG00000104738,MCM4,0.0016982164516609578,0,0,0,0,0.013967185560698222,0,0
ENSG00000197888,UGT2B17,0.0016881484033351858,0,0,0,0,0.013884379685709443,0,0
ENSG00000178965,ERICH3,0.001685741928347529,0,0,0,0,0.013864587342591514,0,0
ENSG00000137198,GMPR,0.0016783694603637468,0,0,0,0,0.013803951592496711,0,0
ENSG00000001561,ENPP4,0.0016778387918461317,0,0,0,0,0.01379958704541586,0,0
ENSG00000169064,ZBBX,0.0016737629417942163,0,0,0,0,0.01376606472619854,0,0
ENSG00000159231,CBR3,0.0016690412480108712,0,0,0,0,0.0137272305874948,0,0
ENSG00000105011,ASF1B,0.0016634351966017778,0,0,0,0,0.013681122943079367,0,0
ENSG00000166589,CDH16,0.0016542644314260135,0,0,0,0,0.013605696881331932,0,0
ENSG00000204323,SMIM5,0.001648243673051233,0,0,0,0,0.013556178429573655,0,0
ENSG00000164104,HMGB2,0.0016394581702702175,0,0,0,0,0.013483921004752186,0,0
ENSG00000131153,GINS2,0.0016272564690805128,0,0,0,0,0.013383566645031954,0,0
ENSG00000149573,MPZL2,0.001611481575730843,0,0,0,0,0.01325382413641383,0,0
ENSG00000130270,ATP8B3,0.0016021128307537194,0,0,0,0,0.013176769765966318,0,0
ENSG00000116991,SIPA1L2,0.0016013264707722215,0,0,0,0,0.01317030225367226,0,0
ENSG00000134291,TMEM106C,0.0015982342070918114,0,0,0,0,0.01314486955892675,0,0
ENSG00000204267,TAP2,0.0015844317247566244,0,0,0,0,0.013031349382046314,0,0
ENSG00000152253,SPC25,0.0015844317247566244,0,0,0,0,0.013031349382046314,0,0
ENSG00000165923,AGBL2,0.001568427363900497,0,0,0,0,0.012899719590308473,0,0
ENSG00000077152,UBE2T,0.00156756637452553,0,0,0,0,0.012892638279587339,0,0
ENSG00000163535,SGO2,0.0015646580234818042,0,0,0,0,0.012868718196453275,0,0
ENSG00000142945,KIF2C,0.0015606460554685986,0,0,0,0,0.012835721282750536,0,0
ENSG00000122966,CIT,0.0015544107156798609,0,0,0,0,0.012784437980331622,0,0
ENSG00000111665,CDCA3,0.0015513346776864488,0,0,0,0,0.012759138735701336,0,0
ENSG00000140254,DUOXA1,0.0015461640883521804,0,0,0,0,0.01271661260152141,0,0
ENSG00000123485,HJURP,0.0015452634343185686,0,0,0,0,0.012709205064042224,0,0
ENSG00000168309,FAM107A,0.0015441298388166084,0,0,0,0,0.012699881671425712,0,0
ENSG00000140525,FANCI,0.0015294057649961135,0,0,0,0,0.012578781754475124,0,0
ENSG00000152611,CAPSL,0.0015256932291149948,0,0,0,0,0.012548247556374745,0,0
ENSG00000188931,CFAP126,0.0015250913035437328,0,0,0,0,0.012543296947081492,0,0
ENSG00000123219,CENPK,0.001519205426992033,0,0,0,0,0.012494887847108078,0,0
ENSG00000186594,MIR22HG,0.0015191886111861582,0,0,0,0,0.012494749543489137,0,0
ENSG00000164161,HHIP,0.0015030937990116575,0,0,0,0,0.012362375823998925,0,0
ENSG00000114854,TNNC1,0.0014876761999855972,0,0,0,0,0.012235571925540156,0,0
ENSG00000177508,IRX3,0.0014876761999855972,0,0,0,0,0.012235571925540156,0,0
ENSG00000153347,FAM81B,0.0014876761999855972,0,0,0,0,0.012235571925540156,0,0
ENSG00000166596,CFAP52,0.0014848127568774755,0,0,0,0,0.012212021193126438,0,0
ENSG00000270640,ENSG00000270640,0.0014793647262850177,0,0,0,0,0.012167213209932783,0,0
ENSG00000150540,HNMT,0.0014783194187388072,0,0,0,0,0,0.012158615952232422,0
ENSG00000162337,LRP5,0.0014783194187388072,0,0,0,0,0,0.012158615952232422,0
ENSG00000119927,GPAM,0.0014783194187388072,0,0,0,0,0,0.012158615952232422,0
ENSG00000148704,VAX1,0.0014783194187388072,0,0,0,0,0,0.012158615952232422,0
ENSG00000131055,COX4I2,0.0014783194187388072,0,0,0,0,0,0.012158615952232422,0
ENSG00000103066,PLA2G15,0.0014783194187388072,0,0,0,0,0,0.012158615952232422,0
ENSG00000207730,MIR200B,0.0014783194187388072,0,0,0,0,0,0.012158615952232422,0
ENSG00000172232,AZU1,0.0014783194187388072,0,0,0,0,0,0.012158615952232422,0
ENSG00000166165,CKB,0.0014783194187388072,0,0,0,0,0,0.012158615952232422,0
ENSG00000233608,TWIST2,0.0014783194187388072,0,0,0,0,0,0.012158615952232422,0
ENSG00000139629,GALNT6,0.0014783194187388072,0,0,0,0,0,0.012158615952232422,0
ENSG00000182197,EXT1,0.0014783194187388072,0,0,0,0,0,0.012158615952232422,0
ENSG00000107807,TLX1,0.0014783194187388072,0,0,0,0,0,0.012158615952232422,0
ENSG00000141741,MIEN1,0.0014783194187388072,0,0,0,0,0,0.012158615952232422,0
ENSG00000117592,PRDX6,0.0014783194187388072,0,0,0,0,0,0.012158615952232422,0
ENSG00000108405,P2RX1,0.0014783194187388072,0,0,0,0,0,0.012158615952232422,0
ENSG00000176678,FOXL1,0.0014783194187388072,0,0,0,0,0,0.012158615952232422,0
ENSG00000189068,VSTM1,0.0014783194187388072,0,0,0,0,0,0.012158615952232422,0
ENSG00000139211,AMIGO2,0.0014783194187388072,0,0,0,0,0,0.012158615952232422,0
ENSG00000122863,CHST3,0.0014783194187388072,0,0,0,0,0,0.012158615952232422,0
ENSG00000125999,BPIFB1,0.0014783194187388072,0,0,0,0,0,0.012158615952232422,0
ENSG00000106404,CLDN15,0.0014783194187388072,0,0,0,0,0,0.012158615952232422,0
ENSG00000121871,SLITRK3,0.0014783194187388072,0,0,0,0,0,0.012158615952232422,0
ENSG00000145335,SNCA,0.0014783194187388072,0,0,0,0,0,0.012158615952232422,0
ENSG00000082898,XPO1,0.0014783194187388072,0,0,0,0,0,0.012158615952232422,0
ENSG00000163751,CPA3,0.0014783194187388072,0,0,0,0,0,0.012158615952232422,0
ENSG00000117707,PROX1,0.0014783194187388072,0,0,0,0,0,0.012158615952232422,0
ENSG00000131187,F12,0.0014783194187388072,0,0,0,0,0,0.012158615952232422,0
ENSG00000185324,CDK10,0.0014783194187388072,0,0,0,0,0,0.012158615952232422,0
ENSG00000101680,LAMA1,0.0014783194187388072,0,0,0,0,0,0.012158615952232422,0
ENSG00000141052,MYOCD,0.0014783194187388072,0,0,0,0,0,0.012158615952232422,0
ENSG00000166816,LDHD,0.0014783194187388072,0,0,0,0,0,0.012158615952232422,0
ENSG00000123983,ACSL3,0.0014783194187388072,0,0,0,0,0,0.012158615952232422,0
ENSG00000144355,DLX1,0.0014783194187388072,0,0,0,0,0,0.012158615952232422,0
ENSG00000159228,CBR1,0.0014783194187388072,0,0,0,0,0,0.012158615952232422,0
ENSG00000248663,LINC00992,0.0014783194187388072,0,0,0,0,0,0.012158615952232422,0
ENSG00000266835,GAPLINC,0.0014783194187388072,0,0,0,0,0,0.012158615952232422,0
ENSG00000007866,TEAD3,0.0014783194187388072,0,0,0,0,0,0.012158615952232422,0
ENSG00000187735,TCEA1,0.0014783194187388072,0,0,0,0,0,0.012158615952232422,0
ENSG00000160584,SIK3,0.0014783194187388072,0,0,0,0,0,0.012158615952232422,0
ENSG00000184058,TBX1,0.0014783194187388072,0,0,0,0,0,0.012158615952232422,0
ENSG00000070770,CSNK2A2,0.0014783194187388072,0,0,0,0,0,0.012158615952232422,0
ENSG00000184677,ZBTB40,0.0014783194187388072,0,0,0,0,0,0.012158615952232422,0
ENSG00000126549,STATH,0.0014783194187388072,0,0,0,0,0,0.012158615952232422,0
ENSG00000115970,THADA,0.0014783194187388072,0,0,0,0,0,0.012158615952232422,0
ENSG00000143614,GATAD2B,0.0014783194187388072,0,0,0,0,0,0.012158615952232422,0
ENSG00000119383,PTPA,0.0014783194187388072,0,0,0,0,0,0.012158615952232422,0
ENSG00000275342,PRAG1,0.0014783194187388072,0,0,0,0,0,0.012158615952232422,0
ENSG00000105991,HOXA1,0.0014783194187388072,0,0,0,0,0,0.012158615952232422,0
ENSG00000074416,MGLL,0.0014783194187388072,0,0,0,0,0,0.012158615952232422,0
ENSG00000115310,RTN4,0.0014783194187388072,0,0,0,0,0,0.012158615952232422,0
ENSG00000126524,SBDS,0.0014783194187388072,0,0,0,0,0,0.012158615952232422,0
ENSG00000168818,STX18,0.0014783194187388072,0,0,0,0,0,0.012158615952232422,0
ENSG00000185960,SHOX,0.0014783194187388072,0,0,0,0,0,0.012158615952232422,0
ENSG00000128965,CHAC1,0.0014783194187388072,0,0,0,0,0,0.012158615952232422,0
ENSG00000260868,LINC01960,0.0014783194187388072,0,0,0,0,0,0.012158615952232422,0
ENSG00000175334,BANF1,0.0014783194187388072,0,0,0,0,0,0.012158615952232422,0
ENSG00000108231,LGI1,0.0014783194187388072,0,0,0,0,0,0.012158615952232422,0
ENSG00000107815,TWNK,0.0014783194187388072,0,0,0,0,0,0.012158615952232422,0
ENSG00000235162,C12orf75,0.0014783194187388072,0,0,0,0,0,0.012158615952232422,0
ENSG00000079387,SENP1,0.0014783194187388072,0,0,0,0,0,0.012158615952232422,0
ENSG00000175206,NPPA,0.0014783194187388072,0,0,0,0,0,0.012158615952232422,0
ENSG00000185737,NRG3,0.0014783194187388072,0,0,0,0,0,0.012158615952232422,0
ENSG00000104814,MAP4K1,0.0014783194187388072,0,0,0,0,0,0.012158615952232422,0
ENSG00000141738,GRB7,0.0014783194187388072,0,0,0,0,0,0.012158615952232422,0
ENSG00000156886,ITGAD,0.0014783194187388072,0,0,0,0,0,0.012158615952232422,0
ENSG00000129911,KLF16,0.0014783194187388072,0,0,0,0,0,0.012158615952232422,0
ENSG00000169504,CLIC4,0.0014783194187388072,0,0,0,0,0,0.012158615952232422,0
ENSG00000166183,ASPG,0.0014783194187388072,0,0,0,0,0,0.012158615952232422,0
ENSG00000181163,NPM1,0.0014783194187388072,0,0,0,0,0,0.012158615952232422,0
ENSG00000237289,CKMT1B,0.0014783194187388072,0,0,0,0,0,0.012158615952232422,0
ENSG00000083782,EPYC,0.0014783194187388072,0,0,0,0,0,0.012158615952232422,0
ENSG00000007968,E2F2,0.0014783194187388072,0,0,0,0,0,0.012158615952232422,0
ENSG00000107165,TYRP1,0.0014783194187388072,0,0,0,0,0,0.012158615952232422,0
ENSG00000125995,ROMO1,0.0014783194187388072,0,0,0,0,0,0.012158615952232422,0
ENSG00000163870,TPRA1,0.0014783194187388072,0,0,0,0,0,0.012158615952232422,0
ENSG00000168779,SHOX2,0.0014783194187388072,0,0,0,0,0,0.012158615952232422,0
ENSG00000131773,KHDRBS3,0.0014783194187388072,0,0,0,0,0,0.012158615952232422,0
ENSG00000187848,P2RX2,0.0014783194187388072,0,0,0,0,0,0.012158615952232422,0
ENSG00000124827,GCM2,0.0014783194187388072,0,0,0,0,0,0.012158615952232422,0
ENSG00000109758,HGFAC,0.0014783194187388072,0,0,0,0,0,0.012158615952232422,0
ENSG00000129474,AJUBA,0.0014783194187388072,0,0,0,0,0,0.012158615952232422,0
ENSG00000050820,BCAR1,0.0014783194187388072,0,0,0,0,0,0.012158615952232422,0
ENSG00000100422,CERK,0.0014783194187388072,0,0,0,0,0,0.012158615952232422,0
ENSG00000173120,KDM2A,0.0014783194187388072,0,0,0,0,0,0.012158615952232422,0
ENSG00000224389,C4B,0.0014783194187388072,0,0,0,0,0,0.012158615952232422,0
ENSG00000125945,ZNF436,0.0014783194187388072,0,0,0,0,0,0.012158615952232422,0
ENSG00000116030,SUMO1,0.0014783194187388072,0,0,0,0,0,0.012158615952232422,0
ENSG00000139679,LPAR6,0.0014783194187388072,0,0,0,0,0,0.012158615952232422,0
ENSG00000135838,NPL,0.0014783194187388072,0,0,0,0,0,0.012158615952232422,0
ENSG00000143801,PSEN2,0.0014783194187388072,0,0,0,0,0,0.012158615952232422,0
ENSG00000277893,SRD5A2,0.0014783194187388072,0,0,0,0,0,0.012158615952232422,0
ENSG00000101109,STK4,0.0014783194187388072,0,0,0,0,0,0.012158615952232422,0
ENSG00000128708,HAT1,0.0014783194187388072,0,0,0,0,0,0.012158615952232422,0
ENSG00000164405,UQCRQ,0.0014783194187388072,0,0,0,0,0,0.012158615952232422,0
ENSG00000108424,KPNB1,0.0014783194187388072,0,0,0,0,0,0.012158615952232422,0
ENSG00000099860,GADD45B,0.0014783194187388072,0,0,0,0,0,0.012158615952232422,0
ENSG00000145708,CRHBP,0.0014783194187388072,0,0,0,0,0,0.012158615952232422,0
ENSG00000113790,EHHADH,0.0014783194187388072,0,0,0,0,0,0.012158615952232422,0
ENSG00000149201,CCDC81,0.0014783194187388072,0,0,0,0,0,0.012158615952232422,0
ENSG00000204420,MPIG6B,0.0014783194187388072,0,0,0,0,0,0.012158615952232422,0
ENSG00000237819,CDK6-AS1,0.0014783194187388072,0,0,0,0,0,0.012158615952232422,0
ENSG00000131781,FMO5,0.0014783194187388072,0,0,0,0,0,0.012158615952232422,0
ENSG00000090447,TFAP4,0.0014783194187388072,0,0,0,0,0,0.012158615952232422,0
ENSG00000197142,ACSL5,0.0014783194187388072,0,0,0,0,0,0.012158615952232422,0
ENSG00000284520,MIRLET7B,0.0014783194187388072,0,0,0,0,0,0.012158615952232422,0
ENSG00000182902,SLC25A18,0.0014783194187388072,0,0,0,0,0,0.012158615952232422,0
ENSG00000137710,RDX,0.0014783194187388072,0,0,0,0,0,0.012158615952232422,0
ENSG00000127954,STEAP4,0.0014783194187388072,0,0,0,0,0,0.012158615952232422,0
ENSG00000050165,DKK3,0.0014783194187388072,0,0,0,0,0,0.012158615952232422,0
ENSG00000168397,ATG4B,0.0014783194187388072,0,0,0,0,0,0.012158615952232422,0
ENSG00000114867,EIF4G1,0.0014783194187388072,0,0,0,0,0,0.012158615952232422,0
ENSG00000185043,CIB1,0.0014783194187388072,0,0,0,0,0,0.012158615952232422,0
ENSG00000292354,SHOX,0.0014783194187388072,0,0,0,0,0,0.012158615952232422,0
ENSG00000113643,RARS1,0.0014783194187388072,0,0,0,0,0,0.012158615952232422,0
ENSG00000150995,ITPR1,0.0014783194187388072,0,0,0,0,0,0.012158615952232422,0
ENSG00000223572,CKMT1A,0.0014783194187388072,0,0,0,0,0,0.012158615952232422,0
ENSG00000171608,PIK3CD,0.0014783194187388072,0,0,0,0,0,0.012158615952232422,0
ENSG00000115085,ZAP70,0.0014783194187388072,0,0,0,0,0,0.012158615952232422,0
ENSG00000178741,COX5A,0.0014783194187388072,0,0,0,0,0,0.012158615952232422,0
ENSG00000125871,MGME1,0.0014783194187388072,0,0,0,0,0,0.012158615952232422,0
ENSG00000135406,PRPH,0.0014783194187388072,0,0,0,0,0,0.012158615952232422,0
ENSG00000158220,ESYT3,0.0014783194187388072,0,0,0,0,0,0.012158615952232422,0
ENSG00000118503,TNFAIP3,0.0014783194187388072,0,0,0,0,0,0.012158615952232422,0
ENSG00000231389,HLA-DPA1,0.0014783194187388072,0,0,0,0,0,0.012158615952232422,0
ENSG00000096384,HSP90AB1,0.0014783194187388072,0,0,0,0,0,0.012158615952232422,0
ENSG00000197958,RPL12,0.0014783194187388072,0,0,0,0,0,0.012158615952232422,0
ENSG00000103275,UBE2I,0.0014783194187388072,0,0,0,0,0,0.012158615952232422,0
ENSG00000154451,GBP5,0.0014783194187388072,0,0,0,0,0,0.012158615952232422,0
ENSG00000108823,SGCA,0.0014783194187388072,0,0,0,0,0,0.012158615952232422,0
ENSG00000204682,MIR1915HG,0.0014783194187388072,0,0,0,0,0,0.012158615952232422,0
ENSG00000164176,EDIL3,0.0014783194187388072,0,0,0,0,0,0.012158615952232422,0
ENSG00000185728,YTHDF3,0.0014783194187388072,0,0,0,0,0,0.012158615952232422,0
ENSG00000251493,FOXD1,0.0014783194187388072,0,0,0,0,0,0.012158615952232422,0
ENSG00000164930,FZD6,0.0014783194187388072,0,0,0,0,0,0.012158615952232422,0
ENSG00000166145,SPINT1,0.0014783194187388072,0,0,0,0,0,0.012158615952232422,0
ENSG00000138135,CH25H,0.0014783194187388072,0,0,0,0,0,0.012158615952232422,0
ENSG00000204403,CASP12,0.0014783194187388072,0,0,0,0,0,0.012158615952232422,0
ENSG00000206337,HCP5,0.0014783194187388072,0,0,0,0,0,0.012158615952232422,0
ENSG00000174130,TLR6,0.0014783194187388072,0,0,0,0,0,0.012158615952232422,0
ENSG00000132196,HSD17B7,0.0014783194187388072,0,0,0,0,0,0.012158615952232422,0
ENSG00000161638,ITGA5,0.0014783194187388072,0,0,0,0,0,0.012158615952232422,0
ENSG00000106927,AMBP,0.0014783194187388072,0,0,0,0,0,0.012158615952232422,0
ENSG00000115364,MRPL19,0.0014783194187388072,0,0,0,0,0,0.012158615952232422,0
ENSG00000169894,MUC3A,0.0014783194187388072,0,0,0,0,0,0.012158615952232422,0
ENSG00000123989,CHPF,0.0014783194187388072,0,0,0,0,0,0.012158615952232422,0
ENSG00000110958,PTGES3,0.0014783194187388072,0,0,0,0,0,0.012158615952232422,0
ENSG00000147432,CHRNB3,0.0014783194187388072,0,0,0,0,0,0.012158615952232422,0
ENSG00000125245,GPR18,0.0014783194187388072,0,0,0,0,0,0.012158615952232422,0
ENSG00000083535,PIBF1,0.0014783194187388072,0,0,0,0,0,0.012158615952232422,0
ENSG00000076662,ICAM3,0.0014783194187388072,0,0,0,0,0,0.012158615952232422,0
ENSG00000127990,SGCE,0.0014783194187388072,0,0,0,0,0,0.012158615952232422,0
ENSG00000131051,RBM39,0.0014783194187388072,0,0,0,0,0,0.012158615952232422,0
ENSG00000128918,ALDH1A2,0.0014783194187388072,0,0,0,0,0,0.012158615952232422,0
ENSG00000122859,NEUROG3,0.0014783194187388072,0,0,0,0,0,0.012158615952232422,0
ENSG00000080644,CHRNA3,0.0014783194187388072,0,0,0,0,0,0.012158615952232422,0
ENSG00000113643,RARS1,0.0014783194187388072,0,0,0,0,0,0.012158615952232422,0
ENSG00000150995,ITPR1,0.0014783194187388072,0,0,0,0,0,0.012158615952232422,0
ENSG00000223572,CKMT1A,0.0014783194187388072,0,0,0,0,0,0.012158615952232422,0
ENSG00000171608,PIK3CD,0.0014783194187388072,0,0,0,0,0,0.012158615952232422,0
ENSG00000115085,ZAP70,0.0014783194187388072,0,0,0,0,0,0.012158615952232422,0
ENSG00000178741,COX5A,0.0014783194187388072,0,0,0,0,0,0.012158615952232422,0
ENSG00000125871,MGME1,0.0014783194187388072,0,0,0,0,0,0.012158615952232422,0
ENSG00000135406,PRPH,0.0014783194187388072,0,0,0,0,0,0.012158615952232422,0
ENSG00000158220,ESYT3,0.0014783194187388072,0,0,0,0,0,0.012158615952232422,0
ENSG00000118503,TNFAIP3,0.0014783194187388072,0,0,0,0,0,0.012158615952232422,0
ENSG00000231389,HLA-DPA1,0.0014783194187388072,0,0,0,0,0,0.012158615952232422,0
ENSG00000096384,HSP90AB1,0.0014783194187388072,0,0,0,0,0,0.012158615952232422,0
ENSG00000197958,RPL12,0.0014783194187388072,0,0,0,0,0,0.012158615952232422,0
ENSG00000103275,UBE2I,0.0014783194187388072,0,0,0,0,0,0.012158615952232422,0
ENSG00000154451,GBP5,0.0014783194187388072,0,0,0,0,0,0.012158615952232422,0
ENSG00000108823,SGCA,0.0014783194187388072,0,0,0,0,0,0.012158615952232422,0
ENSG00000204682,MIR1915HG,0.0014783194187388072,0,0,0,0,0,0.012158615952232422,0
ENSG00000164176,EDIL3,0.0014783194187388072,0,0,0,0,0,0.012158615952232422,0
ENSG00000185728,YTHDF3,0.0014783194187388072,0,0,0,0,0,0.012158615952232422,0
ENSG00000251493,FOXD1,0.0014783194187388072,0,0,0,0,0,0.012158615952232422,0
ENSG00000164930,FZD6,0.0014783194187388072,0,0,0,0,0,0.012158615952232422,0
ENSG00000166145,SPINT1,0.0014783194187388072,0,0,0,0,0,0.012158615952232422,0
ENSG00000138135,CH25H,0.0014783194187388072,0,0,0,0,0,0.012158615952232422,0
ENSG00000204403,CASP12,0.0014783194187388072,0,0,0,0,0,0.012158615952232422,0
ENSG00000206337,HCP5,0.0014783194187388072,0,0,0,0,0,0.012158615952232422,0
ENSG00000174130,TLR6,0.0014783194187388072,0,0,0,0,0,0.012158615952232422,0
ENSG00000132196,HSD17B7,0.0014783194187388072,0,0,0,0,0,0.012158615952232422,0
ENSG00000161638,ITGA5,0.0014783194187388072,0,0,0,0,0,0.012158615952232422,0
ENSG00000106927,AMBP,0.0014783194187388072,0,0,0,0,0,0.012158615952232422,0
ENSG00000115364,MRPL19,0.0014783194187388072,0,0,0,0,0,0.012158615952232422,0
ENSG00000169894,MUC3A,0.0014783194187388072,0,0,0,0,0,0.012158615952232422,0
ENSG00000123989,CHPF,0.0014783194187388072,0,0,0,0,0,0.012158615952232422,0
ENSG00000110958,PTGES3,0.0014783194187388072,0,0,0,0,0,0.012158615952232422,0
ENSG00000147432,CHRNB3,0.0014783194187388072,0,0,0,0,0,0.012158615952232422,0
ENSG00000125245,GPR18,0.0014783194187388072,0,0,0,0,0,0.012158615952232422,0
ENSG00000083535,PIBF1,0.0014783194187388072,0,0,0,0,0,0.012158615952232422,0
ENSG00000076662,ICAM3,0.0014783194187388072,0,0,0,0,0,0.012158615952232422,0
ENSG00000127990,SGCE,0.0014783194187388072,0,0,0,0,0,0.012158615952232422,0
ENSG00000131051,RBM39,0.0014783194187388072,0,0,0,0,0,0.012158615952232422,0
ENSG00000128918,ALDH1A2,0.0014783194187388072,0,0,0,0,0,0.012158615952232422,0
ENSG00000122859,NEUROG3,0.0014783194187388072,0,0,0,0,0,0.012158615952232422,0
ENSG00000080644,CHRNA3,0.0014783194187388072,0,0,0,0,0,0.012158615952232422,0
ENSG00000095015,MAP3K1,0.0014783194187388072,0,0,0,0,0,0.012158615952232422,0
ENSG00000108349,CASC3,0.0014783194187388072,0,0,0,0,0,0.012158615952232422,0
ENSG00000185624,P4HB,0.0014783194187388072,0,0,0,0,0,0.012158615952232422,0
ENSG00000165272,AQP3,0.0014783194187388072,0,0,0,0,0,0.012158615952232422,0
ENSG00000082898,XPO1,0.0014783194187388072,0,0,0,0,0,0.012158615952232422,0
ENSG00000163751,CPA3,0.0014783194187388072,0,0,0,0,0,0.012158615952232422,0
ENSG00000117707,PROX1,0.0014783194187388072,0,0,0,0,0,0.012158615952232422,0
ENSG00000131187,F12,0.0014783194187388072,0,0,0,0,0,0.012158615952232422,0
ENSG00000185324,CDK10,0.0014783194187388072,0,0,0,0,0,0.012158615952232422,0
ENSG00000101680,LAMA1,0.0014783194187388072,0,0,0,0,0,0.012158615952232422,0
ENSG00000141052,MYOCD,0.0014783194187388072,0,0,0,0,0,0.012158615952232422,0
ENSG00000166816,LDHD,0.0014783194187388072,0,0,0,0,0,0.012158615952232422,0
ENSG00000123983,ACSL3,0.0014783194187388072,0,0,0,0,0,0.012158615952232422,0
ENSG00000144355,DLX1,0.0014783194187388072,0,0,0,0,0,0.012158615952232422,0
ENSG00000159228,CBR1,0.0014783194187388072,0,0,0,0,0,0.012158615952232422,0
ENSG00000248663,LINC00992,0.0014783194187388072,0,0,0,0,0,0.012158615952232422,0
ENSG00000266835,GAPLINC,0.0014783194187388072,0,0,0,0,0,0.012158615952232422,0
ENSG00000007866,TEAD3,0.0014783194187388072,0,0,0,0,0,0.012158615952232422,0
ENSG00000187735,TCEA1,0.0014783194187388072,0,0,0,0,0,0.012158615952232422,0
ENSG00000160584,SIK3,0.0014783194187388072,0,0,0,0,0,0.012158615952232422,0
ENSG00000184058,TBX1,0.0014783194187388072,0,0,0,0,0,0.012158615952232422,0
ENSG00000070770,CSNK2A2,0.0014783194187388072,0,0,0,0,0,0.012158615952232422,0
ENSG00000184677,ZBTB40,0.0014783194187388072,0,0,0,0,0,0.012158615952232422,0
ENSG00000126549,STATH,0.0014783194187388072,0,0,0,0,0,0.012158615952232422,0
ENSG00000115970,THADA,0.0014783194187388072,0,0,0,0,0,0.012158615952232422,0
ENSG00000164032,H2AZ1,0.0014674428562249885,0,0,0,0,0.012069160355011902,0,0
ENSG00000168589,DYNLRB2,0.00145987906201998,0,0,0,0,0.012006951019387483,0,0
ENSG00000124237,CIMIP1,0.0014495288328301688,0,0,0,0,0.01192182431392632,0,0
ENSG00000144057,ST6GAL2,0.0014495288328301688,0,0,0,0,0.01192182431392632,0,0
ENSG00000109182,CWH43,0.0014319073665357625,0,0,0,0,0.011776894443917791,0,0
ENSG00000095932,SMIM24,0.0014313614558900253,0,0,0,0,0.011772404536120048,0,0
ENSG00000156042,CFAP70,0.0014222552599021676,0,0,0,0,0.01169750953142845,0,0
ENSG00000165533,TTC8,0.001415775669734742,0,0,0,0,0.011644217362378273,0,0
ENSG00000119457,SLC46A2,0.0014143491998195997,0,0,0,0,0.011632485188907653,0,0
ENSG00000118307,DNAI7,0.0014120449787616317,0,0,0,0,0.011613533845539127,0,0
ENSG00000197061,H4C3,0.0013980003615817554,0,0,0,0,0.01149802220149137,0,0
ENSG00000169435,RASSF6,0.0013921514562225666,0,0,0,0,0.011449917175539672,0,0
ENSG00000076003,MCM6,0.0013889497735467477,0,0,0,0,0.011423584551099545,0,0
ENSG00000267128,RNF157-AS1,0.0013807421152671302,0,0,0,0,0.011356079677914447,0,0
ENSG00000160179,ABCG1,0.001377787299201019,0,0,0,0,0.011331777437612428,0,0
ENSG00000242574,HLA-DMB,0.0013665583547060687,0,0,0,0,0.011239423632384386,0,0
ENSG00000124939,SCGB2A1,0.0013498107046616443,0,0,0,0,0.011101680569274072,0,0
ENSG00000178075,GRAMD1C,0.0013452184403877179,0,0,0,0,0.011063910939145378,0,0
ENSG00000197748,CFAP43,0.0013444558451191943,0,0,0,0,0.011057638882592893,0,0
ENSG00000148541,FAM13C,0.0013435344857474737,0,0,0,0,0.011050061051568864,0,0
ENSG00000091137,SLC26A4,0.0013428197393544848,0,0,0,0,0.011044182533851086,0,0
ENSG00000173947,CIMAP3,0.0013418586858832005,0,0,0,0,0.011036278233928627,0,0
ENSG00000072858,SIDT1,0.0013271308463773436,0,0,0,0,0.01091514734564563,0,0
ENSG00000204711,CFAP95,0.0013200087562433536,0,0,0,0,0.010856570858305539,0,0
ENSG00000228716,DHFR,0.0013136545066790677,0,0,0,0,0.010804309568128681,0,0
ENSG00000164124,TMEM144,0.0013041497313305323,0,0,0,0,0.010726136399522345,0,0
ENSG00000128536,CDHR3,0.0013038971566404593,0,0,0,0,0.010724059068590395,0,0
ENSG00000129173,E2F8,0.0012886078255558684,0,0,0,0,0.0105983101252513,0,0
ENSG00000159674,SPON2,0.0012603199385278665,0,0,0,0,0.010365652994381004,0,0
ENSG00000024526,DEPDC1,0.0012603199385278665,0,0,0,0,0.010365652994381004,0,0
ENSG00000164484,TMEM200A,0.0012592668683932267,0,0,0,0,0.010356991892338002,0,0
ENSG00000171241,SHCBP1,0.0012590016436166021,0,0,0,0,0.010354810519246962,0,0
ENSG00000066032,CTNNA2,0.0012477043162367103,0,0,0,0,0.010261894290752901,0,0
ENSG00000104147,OIP5,0.0012460877572528933,0,0,0,0,0.010248598706862696,0,0
ENSG00000145832,SLC25A48,0.00120098987463514,0,0,0,0,0.009877685744442224,0,0
ENSG00000166508,MCM7,0.0012003556331426444,0,0,0,0,0.009872469348966064,0,0
ENSG00000087116,ADAMTS2,0.0011976677499623434,0,0,0,0,0.009850362530304625,0,0
ENSG00000139132,FGD4,0.0011954705870529882,0,0,0,0,0.009832291699562153,0,0
ENSG00000153132,CLGN,0.0011900379480752799,0,0,0,0,0.009787610306556144,0,0
ENSG00000153721,CNKSR3,0.0011794220237125892,0,0,0,0,0.009700298359173338,0,0
ENSG00000139737,SLAIN1,0.0011774691552864814,0,0,0,0,0.009684236757805385,0,0
ENSG00000186352,ANKRD37,0.0011690233607922745,0,0,0,0,0.009614773304667397,0,0
ENSG00000111319,SCNN1A,0.0011630861532013783,0,0,0,0,0.009565942026385216,0,0
ENSG00000021645,NRXN3,0.0011446386218905533,0,0,0,0,0.009414218085245042,0,0
ENSG00000047597,XK,0.0011446386218905533,0,0,0,0,0.009414218085245042,0,0
ENSG00000174844,DNAH12,0.0011316485499957558,0,0,0,0,0.009307379675792588,0,0
ENSG00000101447,SACK1D,0.0011262272590314836,0,0,0,0,0.00926279161588864,0,0
ENSG00000149150,SLC43A1,0.001104510473616511,0,0,0,0,0.009084179300964876,0,0
ENSG00000111110,PPM1H,0.0010809161251750684,0,0,0,0,0.008890124742994316,0,0
ENSG00000189292,ALKAL2,0.0010647820335979187,0,0,0,0,0.008757427965330347,0,0
ENSG00000073111,MCM2,0.0010522505601285675,0,0,0,0,0.008654361353813183,0,0
ENSG00000105472,CLEC11A,0.0010479338472432328,0,0,0,0,0.0086188580292383,0,0
