ensembl,symbol,score,genetic_association,somatic_mutation,known_drug,affected_pathway,rna_expression,literature,animal_model
ENSG00000164342,TLR3,0.3284458582668583,0,0,0,0,0,0.15307140724045945,0
ENSG00000156738,MS4A1,0.3177360139580978,0,0,0,0,0,0,0
ENSG00000132199,ENOSF1,0.29615611891770266,0.4871543275669069,0,0,0,0,0,0
ENSG00000109670,FBXW7,0.2618917691048173,0.43079207392307156,0,0,0,0,0,0
ENSG00000091157,WDR7,0.260800160096562,0.4289964599937494,0,0,0,0,0,0
ENSG00000198886,MT-ND4,0.26055379755271474,0,0,0,0,0,0.06079307976116211,0
ENSG00000142871,CCN1,0.26020946115083876,0.4280248050816379,0,0,0,0,0,0
ENSG00000166136,NDUFB8,0.25962984791600296,0,0,0,0,0,0.030396539880581056,0
ENSG00000145494,NDUFS6,0.25907547813397597,0,0,0,0,0,0.012158615952232422,0
ENSG00000174886,NDUFA11,0.25907547813397597,0,0,0,0,0,0.012158615952232422,0
ENSG00000004779,NDUFAB1,0.25907547813397597,0,0,0,0,0,0.012158615952232422,0
ENSG00000186010,NDUFA13,0.25907547813397597,0,0,0,0,0,0.012158615952232422,0
ENSG00000151366,NDUFC2,0.25870589827929125,0,0,0,0,0,0,0
ENSG00000164182,NDUFAF2,0.25870589827929125,0,0,0,0,0,0,0
ENSG00000184983,NDUFA6,0.25870589827929125,0,0,0,0,0,0,0
ENSG00000119421,NDUFA8,0.25870589827929125,0,0,0,0,0,0,0
ENSG00000213619,NDUFS3,0.25870589827929125,0,0,0,0,0,0,0
ENSG00000212907,MT-ND4L,0.25870589827929125,0,0,0,0,0,0,0
ENSG00000115286,NDUFS7,0.25870589827929125,0,0,0,0,0,0,0
ENSG00000090266,NDUFB2,0.25870589827929125,0,0,0,0,0,0,0
ENSG00000170906,NDUFA3,0.25870589827929125,0,0,0,0,0,0,0
ENSG00000167792,NDUFV1,0.25870589827929125,0,0,0,0,0,0,0
ENSG00000136521,NDUFB5,0.25870589827929125,0,0,0,0,0,0,0
ENSG00000198888,MT-ND1,0.25870589827929125,0,0,0,0,0,0,0
ENSG00000119013,NDUFB3,0.25870589827929125,0,0,0,0,0,0,0
ENSG00000110717,NDUFS8,0.25870589827929125,0,0,0,0,0,0,0
ENSG00000131495,NDUFA2,0.25870589827929125,0,0,0,0,0,0,0
ENSG00000023228,NDUFS1,0.25870589827929125,0,0,0,0,0,0,0
ENSG00000140990,NDUFB10,0.25870589827929125,0,0,0,0,0,0,0
ENSG00000267855,NDUFA7,0.25870589827929125,0,0,0,0,0,0,0
ENSG00000184752,NDUFA12,0.25870589827929125,0,0,0,0,0,0,0
ENSG00000139180,NDUFA9,0.25870589827929125,0,0,0,0,0,0,0
ENSG00000125356,NDUFA1,0.25870589827929125,0,0,0,0,0,0,0
ENSG00000065518,NDUFB4,0.25870589827929125,0,0,0,0,0,0,0
ENSG00000115159,GPD2,0.25870589827929125,0,0,0,0,0,0,0
ENSG00000168653,NDUFS5,0.25870589827929125,0,0,0,0,0,0,0
ENSG00000198840,MT-ND3,0.25870589827929125,0,0,0,0,0,0,0
ENSG00000178127,NDUFV2,0.25870589827929125,0,0,0,0,0,0,0
ENSG00000198763,MT-ND2,0.25870589827929125,0,0,0,0,0,0,0
ENSG00000099795,NDUFB7,0.25870589827929125,0,0,0,0,0,0,0
ENSG00000183648,NDUFB1,0.25870589827929125,0,0,0,0,0,0,0
ENSG00000128609,NDUFA5,0.25870589827929125,0,0,0,0,0,0,0
ENSG00000198695,MT-ND6,0.25870589827929125,0,0,0,0,0,0,0
ENSG00000160194,NDUFV3,0.25870589827929125,0,0,0,0,0,0,0
ENSG00000185633,COXFA4L2,0.25870589827929125,0,0,0,0,0,0,0
ENSG00000147684,NDUFB9,0.25870589827929125,0,0,0,0,0,0,0
ENSG00000123545,NDUFAF4,0.25870589827929125,0,0,0,0,0,0,0
ENSG00000198786,MT-ND5,0.25870589827929125,0,0,0,0,0,0,0
ENSG00000165264,NDUFB6,0.25870589827929125,0,0,0,0,0,0,0
ENSG00000189043,COXFA4,0.25870589827929125,0,0,0,0,0,0,0
ENSG00000178057,NDUFAF3,0.25870589827929125,0,0,0,0,0,0,0
ENSG00000137806,NDUFAF1,0.25870589827929125,0,0,0,0,0,0,0
ENSG00000130414,NDUFA10,0.25870589827929125,0,0,0,0,0,0,0
ENSG00000164258,NDUFS4,0.25870589827929125,0,0,0,0,0,0,0
ENSG00000109390,NDUFC1,0.25870589827929125,0,0,0,0,0,0,0
ENSG00000158864,NDUFS2,0.25870589827929125,0,0,0,0,0,0,0
ENSG00000147123,NDUFB11,0.25870589827929125,0,0,0,0,0,0,0
ENSG00000272636,DOC2B,0.2525355956526385,0.41540187903750825,0,0,0,0,0,0
ENSG00000089916,GPATCH2L,0.23981811059389585,0.3944825817939636,0,0,0,0,0,0
ENSG00000106829,TLE4,0.23674099093582257,0.38942095361167317,0,0,0,0,0,0
ENSG00000164659,ELAPOR2,0.2366744643344396,0.3893115224039694,0,0,0,0,0,0
ENSG00000137766,UNC13C,0.23354740566797716,0.3841677483449026,0,0,0,0,0,0
ENSG00000218336,TENM3,0.2320260392205231,0.3816652160609139,0,0,0,0,0,0
ENSG00000152402,GUCY1A2,0.23021940141945665,0.37869343406177164,0,0,0,0,0,0
ENSG00000084112,SSH1,0.224357923206747,0.3690517474820858,0,0,0,0,0,0
ENSG00000196628,TCF4,0.22344082536940416,0.36754319117774026,0,0,0,0,0,0
ENSG00000185274,GALNT17,0.2179584386411976,0.35852508130446975,0,0,0,0,0,0
ENSG00000103546,SLC6A2,0.21222096544561547,0,0,0,0,0,0.024317231904464845,0
ENSG00000108576,SLC6A4,0.2083128761217361,0,0,0,0,0,0.15242892054062837,0
ENSG00000100368,CSF2RB,0.20292906606969327,0.333802904651222,0,0,0,0,0,0
ENSG00000074266,EED,0.19726859952506953,0.32449186700209803,0,0,0,0,0,0
ENSG00000119899,SLC17A5,0.1966268381084835,0.323436218202749,0,0,0,0,0,0
ENSG00000176018,LYSMD3,0.19278129214708511,0.31711058710048146,0,0,0,0,0,0
ENSG00000091164,TXNL1,0.1890343465392596,0.3109471460928106,0,0,0,0,0,0
ENSG00000100522,GNPNAT1,0.18826402576980245,0.30968002691989893,0,0,0,0,0,0
ENSG00000115594,IL1R1,0.18515950719703558,0,0,0,0,0,0.012158615952232422,0
ENSG00000134899,ERCC5,0.18299421576455796,0.30101158961429114,0,0,0,0,0,0
ENSG00000184672,RALYL,0.18051474509947155,0.2969330486441223,0,0,0,0,0,0
ENSG00000181350,LRRC75A,0.1789996237816506,0.29444078912416805,0,0,0,0,0,0
ENSG00000078328,RBFOX1,0.17419377390715374,0.28296393756773996,0,0,0,0,0.07143186871936547,0
ENSG00000148948,LRRC4C,0.1720224922608811,0.28296393756773996,0,0,0,0,0,0
ENSG00000158321,AUTS2,0.1720224922608811,0.28296393756773996,0,0,0,0,0,0
ENSG00000175497,DPP10,0.1720224922608811,0.28296393756773996,0,0,0,0,0,0
ENSG00000148655,LRMDA,0.1720224922608811,0.28296393756773996,0,0,0,0,0,0
ENSG00000214960,CRPPA,0.16730875212275917,0.27521019296943894,0,0,0,0,0,0
ENSG00000069020,MAST4,0.15284271888144238,0.251414666738247,0,0,0,0,0,0
ENSG00000131379,FAM194C,0.14747468301011624,0.24258465534152954,0,0,0,0,0,0
ENSG00000122557,HERPUD2,0.14081600904328473,0.2316316422798596,0,0,0,0,0,0
ENSG00000151067,CACNA1C,0.1385182066659285,0.2126536619080798,0,0,0,0,0,0
ENSG00000215612,HMX1,0.1365865913747011,0.22467457136784175,0,0,0,0,0,0
ENSG00000131018,SYNE1,0.12273273503816329,0.20188602966051997,0,0,0,0,0,0
ENSG00000205269,TMEM170B,0.12248913092511912,0.2014853193921782,0,0,0,0,0,0
ENSG00000116183,PAPPA2,0.12126108731233882,0.19946528089831522,0,0,0,0,0,0
ENSG00000004478,FKBP4,0.11823098786309065,0.1944809973891518,0,0,0,0,0,0
ENSG00000122877,EGR2,0.11648439335972964,0.18826436266859717,0,0,0,0,0.06687238773727831,0
ENSG00000083067,TRPM3,0.11495110934188336,0,0,0,0,0,0.9454292313655764,0
ENSG00000153563,CD8A,0.10802109632126179,0,0,0,0,0,0.8884325053578837,0
ENSG00000102245,CD40LG,0.10229781064813705,0,0,0,0,0,0.8413606536305995,0
ENSG00000112038,OPRM1,0.10131944454270966,0,0,0,0,0,0.2800922941229342,0
ENSG00000112851,ERBIN,0.10044890092995878,0.16523081463316644,0,0,0,0,0,0
ENSG00000010610,CD4,0.09971164426541554,0,0,0,0,0,0.8200904170108906,0
ENSG00000150594,ADRA2A,0.09954530724861697,0,0,0,0,0,0.09254057696976899,0
ENSG00000092439,TRPM7,0.0980976481057165,0,0,0,0,0,0.8068159113760393,0
ENSG00000274286,ADRA2B,0.09784113347423752,0,0,0,0,0,0.03647584785669726,0
ENSG00000184160,ADRA2C,0.09765634354689516,0,0,0,0,0,0.030396539880581056,0
ENSG00000136244,IL6,0.09692987511995556,0,0,0,0,0,0.7972114219312801,0
ENSG00000169252,ADRB2,0.09669989534896738,0,0,0,0,0,0.6433372262273839,0
ENSG00000082556,OPRK1,0.09317518780884314,0,0,0,0,0,0.012158615952232422,0
ENSG00000116329,OPRD1,0.09280560795415844,0,0,0,0,0,0,0
ENSG00000112115,IL17A,0.09156794445590008,0,0,0,0,0,0.7531115779595576,0
ENSG00000105329,TGFB1,0.0905509513860867,0,0,0,0,0,0.7447471960775338,0
ENSG00000133226,SRRM1,0.09031539608220024,0.1485619686270584,0,0,0,0,0,0
ENSG00000109471,IL2,0.08892140232133212,0,0,0,0,0,0.7313447737035021,0
ENSG00000138755,CXCL9,0.08735110374825092,0,0,0,0,0,0.7184296641281159,0
ENSG00000197635,DPP4,0.08645465497421542,0,0,0,0,0,0.7110567133123539,0
ENSG00000130234,ACE2,0.08562099322429183,0,0,0,0,0,0.7042001619318449,0
ENSG00000181915,ADO,0.08497071611455498,0.1397703759184098,0,0,0,0,0,0
ENSG00000176371,ZSCAN2,0.0849650767735106,0.13976109963060446,0,0,0,0,0,0
ENSG00000130513,GDF15,0.08475086184767802,0,0,0,0,0,0.697043661718068,0
ENSG00000144554,FANCD2,0.08361170133732573,0,0,0,0,0,0.6876744990203751,0
ENSG00000093010,COMT,0.08235832608828347,0,0,0,0,0,0.6773659634603543,0
ENSG00000115414,FN1,0.082318205114598,0,0,0,0,0,0.6770359836843411,0
ENSG00000104432,IL7,0.08190960173560012,0,0,0,0,0,0.6736753760246934,0
ENSG00000180644,PRF1,0.08187512542438265,0,0,0,0,0,0.6733918214543958,0
ENSG00000113525,IL5,0.07959684118004512,0,0,0,0,0,0.6546537985306665,0
ENSG00000122585,NPY,0.07942359933706448,0,0,0,0,0,0.6532289501461033,0
ENSG00000087085,ACHE,0.07847884174462015,0,0,0,0,0,0.15011152011399806,0
ENSG00000043591,ADRB1,0.07839712667499238,0,0,0,0,0,0.14742321842081813,0
ENSG00000272398,CD24,0.07722165741495352,0,0,0,0,0,0.6351188138381407,0
ENSG00000120907,ADRA1A,0.07650302991973328,0,0,0,0,0,0.08511031166562694,0
ENSG00000085224,ATRX,0.07576387021036386,0,0,0,0,0,0.6231290675519116,0
ENSG00000171873,ADRA1D,0.07483992057365212,0,0,0,0,0,0.030396539880581056,0
ENSG00000170214,ADRA1B,0.07483992057365212,0,0,0,0,0,0.030396539880581056,0
ENSG00000005381,MPO,0.07463459843216061,0,0,0,0,0,0.613841235921734,0
ENSG00000196415,PRTN3,0.07428555079162505,0,0,0,0,0,0.6109704515996791,0
ENSG00000138449,SLC40A1,0.07391597093694036,0,0,0,0,0,0.607930797611621,0
ENSG00000123454,DBH,0.07391597093694036,0,0,0,0,0,0.607930797611621,0
ENSG00000142319,SLC6A3,0.07391597093694036,0,0,0,0,0,0,0
ENSG00000188778,ADRB3,0.07391597093694036,0,0,0,0,0,0,0
ENSG00000111859,NEDD9,0.07319712677745394,0.12040371546403576,0,0,0,0,0,0
ENSG00000111203,ITFG2,0.07222125092549518,0.11879847378884399,0,0,0,0,0,0
ENSG00000229924,FAM90A26,0.07089150091583239,0.1166111359949915,0,0,0,0,0,0
ENSG00000111537,IFNG,0.07058484142868558,0,0,0,0,0,0.5805335221212051,0
ENSG00000134363,FST,0.07056922003062889,0,0,0,0,0,0.5804050420530948,0
ENSG00000174697,LEP,0.06987953058890738,0,0,0,0,0,0.5747326082462282,0
ENSG00000078401,EDN1,0.06972249712618775,0,0,0,0,0,0.5734410676355487,0
ENSG00000169194,IL13,0.06945579964072027,0,0,0,0,0,0.5712475820734153,0
ENSG00000268320,SCGB1C2,0.06791840066561683,0.11172061184011071,0,0,0,0,0,0
ENSG00000121858,TNFSF10,0.06772448176026415,0,0,0,0,0,0.5570081498283477,0
ENSG00000197748,CFAP43,0.06757963267244867,0.11116336421505359,0,0,0,0,0,0
ENSG00000125538,IL1B,0.06660767166030465,0,0,0,0,0,0.5478228107704555,0
ENSG00000232810,TNF,0.06618015086274621,0,0,0,0,0,0.46831526482398594,0
ENSG00000111674,ENO2,0.06522714052199477,0,0,0,0,0,0.5364684662979138,0
ENSG00000124356,STAMBP,0.0648074700960944,0,0,0,0,0,0.5330168363792691,0
ENSG00000136634,IL10,0.06428138906716727,0,0,0,0,0,0.528690019651165,0
ENSG00000138684,IL21,0.06235981227663086,0,0,0,0,0,0.5128857801054327,0
ENSG00000106366,SERPINE1,0.06140346161835984,0,0,0,0,0,0.505020159034513,0
ENSG00000132693,CRP,0.060892547364310684,0,0,0,0,0,0.5008180832714788,0
ENSG00000243649,CFB,0.06023268746152226,0,0,0,0,0,0.4953909860970898,0
ENSG00000109956,B3GAT1,0.05980405817909952,0,0,0,0,0,0.49186567298491735,0
ENSG00000120937,NPPB,0.0594840909640844,0,0,0,0,0,0.4892340641219335,0
ENSG00000169429,CXCL8,0.05934918727916234,0,0,0,0,0,0.48812453253172566,0
ENSG00000120279,MYCT1,0.057892682129304256,0.09522906613178235,0,0,0,0,0,0
ENSG00000102524,TNFSF13B,0.05755200158220921,0,0,0,0,0,0.4733433625037083,0
ENSG00000211891,IGHE,0.057361063214429804,0,0,0,0,0,0.47177296692143517,0
ENSG00000142185,TRPM2,0.05692823291635804,0,0,0,0,0,0.46821310205053024,0
ENSG00000132356,PRKAA1,0.05691529762144408,0,0,0,0,0,0.46810671416094823,0
ENSG00000229847,EMX2OS,0.05605189287498562,0,0,0,0,0,0.4610055379263297,0
ENSG00000161509,GRIN2C,0.05543697820270527,0,0,0,0,0,0,0
ENSG00000273079,GRIN2B,0.05543697820270527,0,0,0,0,0,0,0
ENSG00000105464,GRIN2D,0.05543697820270527,0,0,0,0,0,0,0
ENSG00000116032,GRIN3B,0.05543697820270527,0,0,0,0,0,0,0
ENSG00000176884,GRIN1,0.05543697820270527,0,0,0,0,0,0,0
ENSG00000198785,GRIN3A,0.05543697820270527,0,0,0,0,0,0,0
ENSG00000183454,GRIN2A,0.05543697820270527,0,0,0,0,0,0,0
ENSG00000198797,BRINP2,0.05526339994621943,0.09090409659015937,0,0,0,0,0,0
ENSG00000163599,CTLA4,0.05505147331131162,0,0,0,0,0,0.4527774668399137,0
ENSG00000108691,CCL2,0.054943697989633056,0,0,0,0,0,0.4518910557376799,0
ENSG00000156384,SFR1,0.054102378580031064,0.08899430460273305,0,0,0,0,0,0
ENSG00000104067,TJP1,0.05323120243666207,0,0,0,0,0,0.43780642998998903,0
ENSG00000113580,NR3C1,0.05313394970757554,0,0,0,0,0,0.43700656321675907,0
ENSG00000112715,VEGFA,0.05299258763279255,0,0,0,0,0,0.4358439138219731,0
ENSG00000160307,S100B,0.051519445821346266,0,0,0,0,0,0.42372788172396275,0
ENSG00000160255,ITGB2,0.051412664229471855,0,0,0,0,0,0.4228496436720831,0
ENSG00000169508,GPR183,0.05105335048186172,0,0,0,0,0,0.4198944245170266,0
ENSG00000164199,ADGRV1,0.05093321209948137,0.08378126638686967,0,0,0,0,0,0
ENSG00000017427,IGF1,0.05076878686413486,0,0,0,0,0,0.4175539968002139,0
ENSG00000142192,APP,0.05042711795031264,0,0,0,0,0,0.41474389970392816,0
ENSG00000277586,NEFL,0.05041423736141143,0,0,0,0,0,0.41463796175053097,0
ENSG00000132970,WASF3,0.049880550409662265,0,0,0,0,0,0.41024858919492224,0
ENSG00000186868,MAPT,0.04954839701396758,0,0,0,0,0,0.4075167536225213,0
ENSG00000137033,IL33,0.04953396663482461,0,0,0,0,0,0.4073980692327877,0
ENSG00000134242,PTPN22,0.048463827633370905,0,0,0,0,0,0.39859658224069944,0
ENSG00000091831,ESR1,0.0477497274874935,0.07232385517578369,0,0,0,0,0.12441641512453833,0
ENSG00000146469,VIP,0.04711009776010457,0.0735707096457456,0,0,0,0,0.07843647907558793,0
ENSG00000106113,CRHR2,0.04643360229830294,0,0,0,0,0,0.3818987496663003,0
ENSG00000188404,SELL,0.04633677405247467,0,0,0,0,0,0.3811023741067079,0
ENSG00000049540,ELN,0.04628227988002372,0,0,0,0,0,0.38065418022785663,0
ENSG00000146648,EGFR,0.045531622130730774,0,0,0,0,0,0.3744803052387784,0
ENSG00000007171,NOS2,0.0448998520149506,0,0,0,0,0,0.2612753483679933,0
ENSG00000105369,CD79A,0.04401484864507128,0,0,0,0,0,0.36200541918580625,0
ENSG00000166483,WEE1,0.043396977915971045,0,0,0,0,0,0.35692366702316153,0
ENSG00000113520,IL4,0.04326101416937249,0,0,0,0,0,0.35580541682813344,0
ENSG00000119699,TGFB3,0.04283018559523932,0.059061046450580836,0,0,0,0,0.22782713249493508,0
ENSG00000112062,MAPK14,0.04205777681883608,0,0,0,0,0,0.3459092464476923,0
ENSG00000172179,PRL,0.04172142300805487,0,0,0,0,0,0.34314286405595756,0
ENSG00000181104,F2R,0.04157773365202895,0,0,0,0,0,0.34196107365653683,0
ENSG00000166510,CCDC68,0.04155588010404817,0.06835626730428666,0,0,0,0,0,0
ENSG00000119686,FLVCR2,0.04148103217032335,0.06823314813674511,0,0,0,0,0,0
ENSG00000110911,SLC11A2,0.041392943724686604,0,0,0,0,0,0.34044124666250786,0
ENSG00000154783,FGD5,0.04120053553222416,0.0677717524660517,0,0,0,0,0,0
ENSG00000164867,NOS3,0.04089628628360769,0,0,0,0,0,0.12956411587009306,0
ENSG00000169032,MAP2K1,0.04064105404254472,0,0,0,0,0,0.3342572394934696,0
ENSG00000147571,CRH,0.04057230145310677,0,0,0,0,0,0.3336917755483293,0
ENSG00000189430,NCR1,0.040553997454552314,0,0,0,0,0,0.33354123210961584,0
ENSG00000186716,BCR,0.040304736374781644,0,0,0,0,0,0.3314911543643367,0
ENSG00000167633,KIR3DL1,0.040011331034590286,0,0,0,0,0,0.32907800683715055,0
ENSG00000131203,IDO1,0.03982589060494742,0,0,0,0,0,0.32755282970867305,0
ENSG00000164400,CSF2,0.039806835899535584,0,0,0,0,0,0.3273961119910751,0
ENSG00000100030,MAPK1,0.0394218511663682,0,0,0,0,0,0.3242297587261979,0
ENSG00000163735,CXCL5,0.038947557019522815,0,0,0,0,0,0.3203288694415233,0
ENSG00000140009,ESR2,0.038436304887208984,0,0,0,0,0,0.31612401475804297,0
ENSG00000151062,CACNA2D4,0.03788193510518194,0,0,0,0,0,0.030396539880581056,0
ENSG00000090382,LYZ,0.0376484838303061,0,0,0,0,0,0.3096444856734991,0
ENSG00000089250,NOS1,0.03760475021416841,0,0,0,0,0,0.021277577916406734,0
ENSG00000176055,MBLAC2,0.03700364595727202,0.06086818779809859,0,0,0,0,0,0
ENSG00000117971,CHRNB4,0.03695798546847018,0,0,0,0,0,0,0
ENSG00000166862,CACNG2,0.03695798546847018,0,0,0,0,0,0,0
ENSG00000165995,CACNB2,0.03695798546847018,0,0,0,0,0,0,0
ENSG00000100346,CACNA1I,0.03695798546847018,0,0,0,0,0,0,0
ENSG00000196557,CACNA1H,0.03695798546847018,0,0,0,0,0,0,0
ENSG00000148408,CACNA1B,0.03695798546847018,0,0,0,0,0,0,0
ENSG00000080644,CHRNA3,0.03695798546847018,0,0,0,0,0,0,0
ENSG00000006283,CACNA1G,0.03695798546847018,0,0,0,0,0,0,0
ENSG00000108878,CACNG1,0.03695798546847018,0,0,0,0,0,0,0
ENSG00000006116,CACNG3,0.03695798546847018,0,0,0,0,0,0,0
ENSG00000075429,CACNG5,0.03695798546847018,0,0,0,0,0,0,0
ENSG00000167535,CACNB3,0.03695798546847018,0,0,0,0,0,0,0
ENSG00000102001,CACNA1F,0.03695798546847018,0,0,0,0,0,0,0
ENSG00000153956,CACNA2D1,0.03695798546847018,0,0,0,0,0,0,0
ENSG00000157388,CACNA1D,0.03695798546847018,0,0,0,0,0,0,0
ENSG00000157445,CACNA2D3,0.03695798546847018,0,0,0,0,0,0,0
ENSG00000081248,CACNA1S,0.03695798546847018,0,0,0,0,0,0,0
ENSG00000067191,CACNB1,0.03695798546847018,0,0,0,0,0,0,0
ENSG00000007402,CACNA2D2,0.03695798546847018,0,0,0,0,0,0,0
ENSG00000149346,SLX4IP,0.03695798546847018,0,0,0,0,0,0.3039653988058105,0
ENSG00000105605,CACNG7,0.03695798546847018,0,0,0,0,0,0,0
ENSG00000198216,CACNA1E,0.03695798546847018,0,0,0,0,0,0,0
ENSG00000075461,CACNG4,0.03695798546847018,0,0,0,0,0,0,0
ENSG00000142408,CACNG8,0.03695798546847018,0,0,0,0,0,0,0
ENSG00000141837,CACNA1A,0.03695798546847018,0,0,0,0,0,0,0
ENSG00000182389,CACNB4,0.03695798546847018,0,0,0,0,0,0,0
ENSG00000130433,CACNG6,0.03695798546847018,0,0,0,0,0,0,0
ENSG00000115138,POMC,0.03691859902361807,0,0,0,0,0,0.30364146025057653,0
ENSG00000004468,CD38,0.03681038025717548,0,0,0,0,0,0.30275140198351924,0
ENSG00000171243,SOSTDC1,0.03674069240598619,0.06043564917311217,0,0,0,0,0,0
ENSG00000135828,RNASEL,0.036679923695675604,0,0,0,0,0,0.3016784462950396,0
ENSG00000131095,GFAP,0.03657601135449759,0,0,0,0,0,0.3008238067407823,0
ENSG00000231396,USP17L10,0.036246085298361555,0.05962205803812148,0,0,0,0,0,0
ENSG00000156234,CXCL13,0.0359211086539381,0,0,0,0,0,0.2954374806726475,0
ENSG00000248920,USP17L19,0.03563591575667897,0.05861837547411952,0,0,0,0,0,0
ENSG00000141510,TP53,0.03562222689268259,0,0,0,0,0,0.2929792916614169,0
ENSG00000129988,LBP,0.035567278926785496,0,0,0,0,0,0.29252736550376074,0
ENSG00000136869,TLR4,0.035433360308305344,0,0,0,0,0,0.29142593571104186,0
ENSG00000163631,ALB,0.035356184907321064,0,0,0,0,0,0.2907911973387841,0
ENSG00000187840,EIF4EBP1,0.03521788031932971,0,0,0,0,0,0.28965369461203694,0
ENSG00000250878,METTL21EP,0.03498977063357799,0.0575555158104218,0,0,0,0,0,0
ENSG00000184454,NCMAP,0.03474724041848659,0.05715657202266795,0,0,0,0,0,0
ENSG00000197712,FAM114A1,0.034740506340361965,0,0,0,0,0,0.28572747487746186,0
ENSG00000108342,CSF3,0.03448341052812901,0,0,0,0,0,0.28361295943225817,0
ENSG00000197561,ELANE,0.03438632564628913,0,0,0,0,0,0.2828144731389062,0
ENSG00000119650,IFT43,0.03392907887202496,0.055810758404282526,0,0,0,0,0,0
ENSG00000116044,NFE2L2,0.03391675390869806,0,0,0,0,0,0.27895242387741237,0
ENSG00000162711,NLRP3,0.033806119460664176,0,0,0,0,0,0.27804249754641763,0
ENSG00000254647,INS,0.0337618176879011,0,0,0,0,0,0.2776781322852964,0
ENSG00000210082,MT-RNR2,0.033705066780820324,0,0,0,0,0,0.2772113776209191,0
ENSG00000178562,CD28,0.0335284762708963,0,0,0,0,0,0.2757589877221198,0
ENSG00000230430,USP17L25,0.03347578103898423,0.055065117889241004,0,0,0,0,0,0
ENSG00000116703,PDC,0.03307739699428081,0,0,0,0,0,0.27204903193120045,0
ENSG00000223569,USP17L15,0.03304641736236819,0.054358847244123376,0,0,0,0,0,0
ENSG00000153904,DDAH1,0.03288370530101387,0.05409119825842703,0,0,0,0,0,0
ENSG00000176697,BDNF,0.032808266466175635,0,0,0,0,0,0.26983553551711426,0
ENSG00000115008,IL1A,0.03279757897546711,0,0,0,0,0,0.26974763496370824,0
ENSG00000155275,TRMT44,0.03269986773941907,0.053788799428959845,0,0,0,0,0,0
ENSG00000126353,CCR7,0.032660593047053064,0,0,0,0,0,0.26862097771133486,0
ENSG00000177082,WDR73,0.03261406604657582,0.05364766215942137,0,0,0,0,0,0
ENSG00000141646,SMAD4,0.03252302721225376,0,0,0,0,0,0.26748955094911325,0
ENSG00000259384,GH1,0.03245213321302004,0,0,0,0,0,0.2669064747214222,0
ENSG00000104918,RETN,0.032009721858525006,0,0,0,0,0,0.2632678092990326,0
ENSG00000271503,CCL5,0.03197321237963356,0,0,0,0,0,0.26296753269654033,0
ENSG00000139287,TPH2,0.03195755571790623,0,0,0,0,0,0.2628387625981275,0
ENSG00000108688,CCL7,0.03182493193118266,0,0,0,0,0,0.2617479823050035,0
ENSG00000107485,GATA3,0.03178386750288435,0,0,0,0,0,0.26141024297299703,0
ENSG00000177455,CD19,0.031780072248858926,0,0,0,0,0,0.26137902844956495,0
ENSG00000175224,ATG13,0.0316982481698824,0,0,0,0,0,0.2607060564657636,0
ENSG00000152092,ASTN1,0.03158991435126251,0.05196301038764588,0,0,0,0,0,0
ENSG00000141040,ZNF287,0.031490336475194135,0.0517992123427704,0,0,0,0,0,0
ENSG00000188379,IFNA2,0.03141428764819966,0,0,0,0,0,0.258370588984939,0
ENSG00000233136,USP17L11,0.031239220583649422,0.05138614576918789,0,0,0,0,0,0
ENSG00000145384,FABP2,0.031047557162009125,0,0,0,0,0,0.25535436997093847,0
ENSG00000250745,USP17L20,0.030668887148846274,0.05044799057612345,0,0,0,0,0,0
ENSG00000168685,IL7R,0.03057759992162179,0,0,0,0,0,0.2514891500953074,0
ENSG00000109320,NFKB1,0.030433475249516576,0,0,0,0,0,0.250303779386409,0
ENSG00000102882,MAPK3,0.030407880087379092,0,0,0,0,0,0.2500932688954285,0
ENSG00000113356,POLR3G,0.030269719279795042,0.049791389741588594,0,0,0,0,0,0
ENSG00000159640,ACE,0.03021082137057733,0,0,0,0,0,0.24847253576613193,0
ENSG00000211897,IGHG3,0.030126487896303483,0,0,0,0,0,0.24777892495874096,0
ENSG00000116824,CD2,0.030115625103265913,0,0,0,0,0,0.2476895826102348,0
ENSG00000030582,GRN,0.03010022594265405,0,0,0,0,0,0.24756293036073238,0
ENSG00000139193,CD27,0.03010022594265405,0,0,0,0,0,0.24756293036073238,0
ENSG00000232399,USP17L13,0.030055440841615443,0.049438917981609605,0,0,0,0,0,0
ENSG00000100985,MMP9,0.030049634398446917,0,0,0,0,0,0.24714683411749308,0
ENSG00000259706,HSP90B2P,0.030046431541583273,0,0,0,0,0,0.2471204918358039,0
ENSG00000073756,PTGS2,0.029701045163718534,0,0,0,0,0,0.2442798200091613,0
ENSG00000165471,MBL2,0.02943064529776355,0,0,0,0,0,0.24205588377318424,0
ENSG00000240403,KIR3DL2,0.029258405162538897,0,0,0,0,0,0.24063927405460003,0
ENSG00000086991,NOX4,0.02907361523519654,0,0,0,0,0,0.23911944706057095,0
ENSG00000042832,TG,0.02891661838159569,0,0,0,0,0,0.23782820754599426,0
ENSG00000138109,CYP2C9,0.028827228665406743,0,0,0,0,0,0.23709301106853223,0
ENSG00000155269,GPR78,0.028733549562099465,0.04726450720211086,0,0,0,0,0,0
ENSG00000232264,USP17L24,0.028659356981484297,0.04714246604067168,0,0,0,0,0,0
ENSG00000095752,IL11,0.02845764881072204,0,0,0,0,0,0.23405335708047412,0
ENSG00000105662,CRTC1,0.028383322195502114,0,0,0,0,0,0.2334420488895424,0
ENSG00000168539,CHRM1,0.028370386900588154,0,0,0,0,0,0.2333356609999604,0
ENSG00000227551,USP17L12,0.02813795198956086,0.046284794420855944,0,0,0,0,0,0
ENSG00000055332,EIF2AK2,0.02800899869778452,0,0,0,0,0,0.23036338023853647,0
ENSG00000161610,HCRT,0.027718489101352637,0,0,0,0,0,0.2279740491043579,0
ENSG00000149968,MMP3,0.027718489101352637,0,0,0,0,0,0.2279740491043579,0
ENSG00000142208,AKT1,0.02770471323741122,0,0,0,0,0,0.2278607478536602,0
ENSG00000204525,HLA-C,0.027614182543580664,0,0,0,0,0,0.22711616726828576,0
ENSG00000184984,CHRM5,0.02734890924666793,0,0,0,0,0,0.22493439511629978,0
ENSG00000168961,LGALS9,0.02731051400620902,0,0,0,0,0,0.22461860884087376,0
ENSG00000250844,USP17L18,0.027193084252592738,0.044730558740281395,0,0,0,0,0,0
ENSG00000249104,USP17L17,0.027193084252592738,0.044730558740281395,0,0,0,0,0,0
ENSG00000105550,FGF21,0.02708360816483395,0,0,0,0,0,0.2227523944438855,0
ENSG00000129226,CD68,0.02697932939198323,0,0,0,0,0,0.22189474112824173,0
ENSG00000180176,TH,0.026969063284908654,0,0,0,0,0,0.22181030629524007,0
ENSG00000139269,INHBE,0.02683560389293918,0,0,0,0,0,0.2207126534662191,0
ENSG00000065618,COL17A1,0.026656573096133424,0.04384803862686206,0,0,0,0,0,0
ENSG00000170485,NPAS2,0.026627817885749784,0,0,0,0,0,0.21900369244626644,0
ENSG00000224531,SMIM13,0.02661271400230777,0.043775893747875896,0,0,0,0,0,0
ENSG00000293642,KANGD1,0.02661271400230777,0.043775893747875896,0,0,0,0,0,0
ENSG00000007952,NOX1,0.02660974953729853,0,0,0,0,0,0.21885508714018362,0
ENSG00000120217,CD274,0.026609749537298527,0,0,0,0,0,0.2188550871401836,0
ENSG00000187098,MITF,0.026424959609956174,0,0,0,0,0,0.21733526014615454,0
ENSG00000185591,SP1,0.026404427395807034,0,0,0,0,0,0.21716639048015135,0
ENSG00000078018,MAP2,0.026365403618180287,0,0,0,0,0,0.21684543472515375,0
ENSG00000153914,SREK1,0.02634664890054335,0.04333823685862187,0,0,0,0,0,0
ENSG00000170571,EMB,0.02621450441492739,0,0,0,0,0,0.21560434606962148,0
ENSG00000131979,GCH1,0.02605537975527147,0,0,0,0,0,0.21429560615809642,0
ENSG00000242950,ERVW-1,0.02605338251463326,0,0,0,0,0,0.21427917961213047,0
ENSG00000134184,GSTM1,0.025965588052479508,0,0,0,0,0,0.21355710349344498,0
ENSG00000105851,PIK3CG,0.02587058982792912,0,0,0,0,0,0.21277577916406737,0
ENSG00000142178,SIK1,0.02587058982792912,0,0,0,0,0,0.21277577916406737,0
ENSG00000106546,AHR,0.025785368568466797,0,0,0,0,0,0.21207486666056255,0
ENSG00000244731,C4A,0.025763698286274356,0,0,0,0,0,0.21189663681698842,0
ENSG00000135318,NT5E,0.02570077584617229,0,0,0,0,0,0.21137912363662922,0
ENSG00000103126,AXIN1,0.025131430118559724,0,0,0,0,0,0.20669647118795118,0
ENSG00000188676,IDO2,0.024971379763330512,0,0,0,0,0,0.2053801177817905,0
ENSG00000196126,HLA-DRB1,0.024858047062641168,0,0,0,0,0,0.2044479993471381,0
ENSG00000134901,POGLUT2,0.02477280463979638,0.04074938255656951,0,0,0,0,0,0
ENSG00000228856,USP17L30,0.024445973435411134,0.04021177004266288,0,0,0,0,0,0
ENSG00000151623,NR3C2,0.024341748591640053,0,0,0,0,0,0.2002016404438756,0
ENSG00000104885,DOT1L,0.024207480481847968,0,0,0,0,0,0.1990973362178059,0
ENSG00000087088,BAX,0.024202841877549376,0,0,0,0,0,0.19905918545856802,0
ENSG00000186146,DEFB131A,0.024035708620847758,0.039536915575386036,0,0,0,0,0,0
ENSG00000204305,AGER,0.02399189223328189,0,0,0,0,0,0.197324204724772,0
ENSG00000092969,TGFB2,0.02392516253729715,0,0,0,0,0,0.19677537831026148,0
ENSG00000026103,FAS,0.02384570286853994,0,0,0,0,0,0.196121852702829,0
ENSG00000135744,AGT,0.023843732673202528,0,0,0,0,0,0.19610564859419402,0
ENSG00000071909,MYO3B,0.023837900627163264,0,0,0,0,0,0.19605768222974782,0
ENSG00000142515,KLK3,0.023737908744256908,0,0,0,0,0,0.1952352869563121,0
ENSG00000101665,SMAD7,0.023646293399465394,0,0,0,0,0,0.19448178552858833,0
ENSG00000178394,HTR1A,0.023515500809390806,0,0,0,0,0,0.19340606613266015,0
ENSG00000151617,EDNRA,0.023447788558329418,0,0,0,0,0,0.19284915857568646,0
ENSG00000117602,RCAN3,0.02331842739592032,0.038357042425768643,0,0,0,0,0,0
ENSG00000185896,LAMP1,0.02331699835419933,0,0,0,0,0,0.19177345880324592,0
ENSG00000137801,THBS1,0.02322727257836754,0,0,0,0,0,0.1910354983628118,0
ENSG00000122545,SEPTIN7,0.02305859503265881,0.03792963791808074,0,0,0,0,0,0
ENSG00000121691,CAT,0.022917110915002602,0,0,0,0,0,0.1884845364393209,0
ENSG00000101188,NTSR1,0.022913950990451508,0,0,0,0,0,0.18845854725960254,0
ENSG00000110075,PPP6R3,0.022913950990451508,0,0,0,0,0,0.18845854725960254,0
ENSG00000186810,CXCR3,0.022913950990451508,0,0,0,0,0,0.18845854725960254,0
ENSG00000110887,DAO,0.022913029541950666,0.03769019373910506,0,0,0,0,0,0
ENSG00000249811,USP17L21,0.022549217697806597,0.03709175088084985,0,0,0,0,0,0
ENSG00000187531,SIRT7,0.022544371135766808,0,0,0,0,0,0.18541889327154443,0
ENSG00000153157,SYCP2L,0.022495736202965518,0.037003777882852064,0,0,0,0,0,0
ENSG00000205809,KLRC2,0.022400645636722758,0,0,0,0,0,0.1842368056095218,0
ENSG00000101405,OXT,0.02229798456597701,0,0,0,0,0,0.1833924572795057,0
ENSG00000067225,PKM,0.022174791281082105,0,0,0,0,0,0.18237923928348632,0
ENSG00000135164,DMTF1,0.022151558793058256,0.03643763217801291,0,0,0,0,0,0
ENSG00000011295,TTC19,0.02208133550449166,0.03632212020059297,0,0,0,0,0,0
ENSG00000073921,PICALM,0.022052114465837856,0.03627405381085157,0,0,0,0,0,0
ENSG00000156535,CD109,0.02189194671655629,0.036010590025317396,0,0,0,0,0,0
ENSG00000142168,SOD1,0.02167045291199256,0,0,0,0,0,0.17823124767760828,0
ENSG00000196735,HLA-DQA1,0.02162309068689444,0,0,0,0,0,0.17784171135797958,0
ENSG00000117407,ARTN,0.02162042149905506,0,0,0,0,0,0.17781975830139918,0
ENSG00000138413,IDH1,0.02162042149905506,0,0,0,0,0,0.17781975830139918,0
ENSG00000130427,EPO,0.021566627097984285,0,0,0,0,0,0.17737731977647073,0
ENSG00000197696,NMB,0.021554372402266427,0.03545530591137533,0,0,0,0,0,0
ENSG00000096060,FKBP5,0.021435631571712705,0,0,0,0,0,0.1762999313073701,0
ENSG00000144285,SCN1A,0.02141509935756356,0,0,0,0,0,0.1761310616413669,0
ENSG00000005471,ABCB4,0.02131971330845206,0.03506930952044354,0,0,0,0,0,0
ENSG00000162946,DISC1,0.02130217217974323,0,0,0,0,0,0.17520227847834913,0
ENSG00000154640,BTG3,0.021213472117120928,0,0,0,0,0,0.1744727541396351,0
ENSG00000073417,PDE8A,0.021071407449883804,0.03466086523773279,0,0,0,0,0,0
ENSG00000128604,IRF5,0.021066051717028005,0,0,0,0,0,0.173260277319312,0
ENSG00000182054,IDH2,0.021066051717028005,0,0,0,0,0,0.173260277319312,0
ENSG00000172349,IL16,0.020917398486588155,0,0,0,0,0,0.17203766093744866,0
ENSG00000229579,USP17L26,0.020883610233786157,0.03435195307727728,0,0,0,0,0,0
ENSG00000225783,MIAT,0.020881261789685655,0,0,0,0,0,0.17174045032528298,0
ENSG00000213809,KLRK1,0.020881261789685655,0,0,0,0,0,0.17174045032528298,0
ENSG00000120088,CRHR1,0.020819665147238202,0,0,0,0,0,0.17123384132727326,0
ENSG00000120129,DUSP1,0.020696471862343302,0,0,0,0,0,0.17022062333125393,0
ENSG00000006062,MAP3K14,0.020696471862343302,0,0,0,0,0,0.17022062333125393,0
ENSG00000100197,CYP2D6,0.020696471862343302,0,0,0,0,0,0.17022062333125393,0
ENSG00000105697,HAMP,0.020675939648194155,0,0,0,0,0,0.1700517536652507,0
ENSG00000189283,FHIT,0.020648548563733663,0,0,0,0,0,0.1698264723950132,0
ENSG00000079101,CLUL1,0.020593244748859294,0.033874323902924504,0,0,0,0,0,0
ENSG00000005893,LAMP2,0.0205322141491501,0,0,0,0,0,0.16886966600322809,0
ENSG00000133019,CHRM3,0.02052019023312948,0,0,0,0,0,0.16877077385902473,0
ENSG00000110848,CD69,0.02047544765148832,0,0,0,0,0,0.16840278311224116,0
ENSG00000110090,CPT1A,0.020326892007658602,0,0,0,0,0,0.16718096934319582,0
ENSG00000134539,KLRD1,0.020271865673738874,0,0,0,0,0,0.16672839863830713,0
ENSG00000184371,CSF1,0.020015816392555615,0,0,0,0,0,0.16462249051365543,0
ENSG00000176105,YES1,0.019986095768209273,0.0316597483372373,0,0,0,0,0.024317231904464845,0
ENSG00000010327,STAB1,0.0199573121529739,0,0,0,0,0,0.1641413153551377,0
ENSG00000102468,HTR2A,0.01982385276100442,0,0,0,0,0,0.16304366252611668,0
ENSG00000126581,BECN1,0.019741723904407822,0,0,0,0,0,0.1623681838621038,0
ENSG00000140939,NOL3,0.01964932894073665,0,0,0,0,0,0.1616082703650893,0
ENSG00000211459,MT-RNR1,0.01940437962593728,0,0,0,0,0,0.15959365524967073,0
ENSG00000205858,LRRC72,0.019283264099073535,0.03171950520492091,0,0,0,0,0,0
ENSG00000049130,KITLG,0.019240725308425202,0,0,0,0,0,0.1582476606220336,0
ENSG00000134201,GSTM5,0.019218152443604492,0,0,0,0,0,0.15806200737902149,0
ENSG00000109991,P2RX3,0.019218152443604492,0,0,0,0,0,0.15806200737902149,0
ENSG00000215182,MUC5AC,0.019081622880361707,0,0,0,0,0,0.15693910355691565,0
ENSG00000109072,VTN,0.01907442694456044,0,0,0,0,0,0.15687991971699888,0
ENSG00000162692,VCAM1,0.019045110450212184,0,0,0,0,0,0.15663880268144617,0
ENSG00000196305,IARS1,0.019028229462724856,0,0,0,0,0,0.1564999629684916,0
ENSG00000198793,MTOR,0.01879689324908697,0,0,0,0,0,0.15459731044170125,0
ENSG00000115009,CCL20,0.018758846813088006,0,0,0,0,0,0.15428439295052926,0
ENSG00000135446,CDK4,0.018739751853929294,0,0,0,0,0,0.15412734416114623,0
ENSG00000235780,USP17L27,0.0187276609645228,0.0308055802372543,0,0,0,0,0,0
ENSG00000231051,USP17L28,0.0187276609645228,0.0308055802372543,0,0,0,0,0,0
ENSG00000227140,USP17L5,0.0187276609645228,0.0308055802372543,0,0,0,0,0,0
ENSG00000177000,MTHFR,0.018716647875201768,0,0,0,0,0,0.1539373227078962,0
ENSG00000175387,SMAD2,0.018698524102903083,0,0,0,0,0,0.15378826156171074,0
ENSG00000275302,CCL4,0.018578725054570294,0,0,0,0,0,0.15280295987274015,0
ENSG00000090339,ICAM1,0.01856523769451058,0,0,0,0,0,0.15269203145693444,0
ENSG00000163739,CXCL1,0.018496739824766573,0,0,0,0,0,0.15212866248456858,0
ENSG00000116783,TNNI3K,0.01847899273423509,0,0,0,0,0,0.15198269940290526,0
ENSG00000111450,STX2,0.01847899273423509,0,0,0,0,0,0.15198269940290526,0
ENSG00000185760,KCNQ5,0.01847899273423509,0,0,0,0,0,0.15198269940290526,0
ENSG00000132164,SLC6A11,0.01847899273423509,0,0,0,0,0,0.15198269940290526,0
ENSG00000089101,CFAP61,0.01847899273423509,0,0,0,0,0,0.15198269940290526,0
ENSG00000106089,STX1A,0.01847899273423509,0,0,0,0,0,0.15198269940290526,0
ENSG00000184381,PLA2G6,0.01847899273423509,0,0,0,0,0,0.15198269940290526,0
ENSG00000138379,MSTN,0.01845846052008594,0,0,0,0,0,0.15181382973690202,0
ENSG00000047457,CP,0.018389266958403306,0,0,0,0,0,0.15124473896247118,0
ENSG00000164418,GRIK2,0.0183541443014649,0,0,0,0,0,0.1509558684440142,0
ENSG00000169245,CXCL10,0.018236012183326204,0,0,0,0,0,0.14998427662301417,0
ENSG00000138685,FGF2,0.01804841334741238,0,0,0,0,0,0.14844134742243043,0
ENSG00000083444,PLOD1,0.01800305601025779,0,0,0,0,0,0.14806830054495043,0
ENSG00000109819,PPARGC1A,0.01794083083064251,0,0,0,0,0,0.14755652206736924,0
ENSG00000233276,GPX1,0.017924622952208036,0,0,0,0,0,0.1474232184208181,0
ENSG00000197919,IFNA1,0.01791545073259703,0,0,0,0,0,0.14734778039689303,0
ENSG00000101200,AVP,0.01788495538397781,0,0,0,0,0,0.14709696773253197,0
ENSG00000137076,TLN1,0.017811695774387713,0,0,0,0,0,0.14649443525780037,0
ENSG00000170365,SMAD1,0.01773983302486569,0,0,0,0,0,0.14590339142678907,0
ENSG00000138435,CHRNA1,0.017739833024865686,0,0,0,0,0,0.14590339142678904,0
ENSG00000173193,PARP14,0.017739833024865686,0,0,0,0,0,0.14590339142678904,0
ENSG00000143839,REN,0.017723416914395426,0,0,0,0,0,0.1457683751508021,0
ENSG00000007908,SELE,0.017652571114731796,0,0,0,0,0,0.14518569534627535,0
ENSG00000101017,CD40,0.017555043097523336,0,0,0,0,0,0.14438356443276001,0
ENSG00000196924,FLNA,0.017534510883374186,0,0,0,0,0,0.14421469476675677,0
ENSG00000168610,STAT3,0.017441504177194523,0,0,0,0,0,0.14344974991986748,0
ENSG00000197272,IL27,0.017185463242838636,0,0,0,0,0,0.1413439104447019,0
ENSG00000117090,SLAMF1,0.017000673315496286,0,0,0,0,0,0.13982408345067285,0
ENSG00000005844,ITGAL,0.016995540261958996,0,0,0,0,0,0.13978186603417203,0
ENSG00000170458,CD14,0.016911727158544148,0,0,0,0,0,0.13909253507952948,0
ENSG00000198258,UBL5,0.016815883388153933,0,0,0,0,0,0.1383042564566438,0
ENSG00000163235,TGFA,0.016693498821081645,0,0,0,0,0,0.13729768985767316,0
ENSG00000100292,HMOX1,0.016659427916337406,0,0,0,0,0,0.1370174696016992,0
ENSG00000004700,RECQL,0.016631093460811583,0,0,0,0,0,0.13678442946261474,0
ENSG00000100300,TSPO,0.016506142366970646,0,0,0,0,0,0.13575675415539368,0
ENSG00000049768,FOXP3,0.016460455962303853,0,0,0,0,0,0.13538100082256138,0
ENSG00000107581,EIF3A,0.016446303533469233,0,0,0,0,0,0.13526460246858568,0
ENSG00000172156,CCL11,0.01644563872573334,0,0,0,0,0,0.13525913467736256,0
ENSG00000116711,PLA2G4A,0.01630257803442518,0,0,0,0,0,0.1340825148065631,0
ENSG00000188389,PDCD1,0.016289848061652706,0,0,0,0,0,0.1339778156136411,0
ENSG00000115263,GCG,0.01626151360612688,0,0,0,0,0,0.13374477547455663,0
ENSG00000168329,CX3CR1,0.01626151360612688,0,0,0,0,0,0.13374477547455663,0
ENSG00000170099,SERPINA6,0.01626151360612688,0,0,0,0,0,0.13374477547455663,0
ENSG00000139187,KLRG1,0.01626151360612688,0,0,0,0,0,0.13374477547455663,0
ENSG00000160294,MCM3AP,0.01626151360612688,0,0,0,0,0,0.13374477547455663,0
ENSG00000123685,BATF3,0.01626151360612688,0,0,0,0,0,0.13374477547455663,0
ENSG00000196611,MMP1,0.016151255616145943,0,0,0,0,0,0.1328379453681193,0
ENSG00000166670,MMP10,0.01607672367878453,0,0,0,0,0,0.1322249484805276,0
ENSG00000062485,CS,0.016067894826700395,0,0,0,0,0,0.1321523345241462,0
ENSG00000204256,BRD2,0.01601143123779023,0,0,0,0,0,0.13168794294263733,0
ENSG00000118972,FGF23,0.01595353039388963,0,0,0,0,0,0.13121173048450824,0
ENSG00000069482,GAL,0.015707143824099826,0,0,0,0,0,0.1291852944924695,0
ENSG00000197249,SERPINA1,0.015655813288726953,0,0,0,0,0,0.1287631203274614,0
ENSG00000100739,BDKRB1,0.015522353896757475,0,0,0,0,0,0.12766546749844043,0
ENSG00000114251,WNT5A,0.015522353896757475,0,0,0,0,0,0.12766546749844043,0
ENSG00000162614,NEXN,0.015522353896757475,0,0,0,0,0,0.12766546749844043,0
ENSG00000009724,MASP2,0.015522353896757475,0,0,0,0,0,0.12766546749844043,0
ENSG00000085741,WNT11,0.015522353896757475,0,0,0,0,0,0.12766546749844043,0
ENSG00000226979,LTA,0.015435165540367057,0,0,0,0,0,0.12694837636954093,0
ENSG00000149294,NCAM1,0.015376919887085191,0,0,0,0,0,0.12646932798516317,0
ENSG00000135929,CYP27A1,0.015337563969415128,0,0,0,0,0,0.12614564050441138,0
ENSG00000167701,GPT,0.0153034616378125,0,0,0,0,0,0.12586516177445886,0
ENSG00000229314,ORM1,0.015193838470371075,0,0,0,0,0,0.12496355284238879,0
ENSG00000181092,ADIPOQ,0.015059352467694142,0,0,0,0,0,0.12385745653006763,0
ENSG00000096717,SIRT1,0.015042516052091837,0,0,0,0,0,0.12371898340394498,0
ENSG00000196689,TRPV1,0.015041990175994752,0,0,0,0,0,0.12371465827270346,0
ENSG00000143632,ACTA1,0.014973599096554453,0,0,0,0,0,0.12315216761004098,0
ENSG00000152266,PTH,0.014783194187388075,0,0,0,0,0,0.12158615952232422,0
ENSG00000168404,MLKL,0.014783194187388075,0,0,0,0,0,0.12158615952232422,0
ENSG00000100294,MCAT,0.014783194187388075,0,0,0,0,0,0.12158615952232422,0
ENSG00000197956,S100A6,0.014783194187388075,0,0,0,0,0,0.12158615952232422,0
ENSG00000163814,CDCP1,0.014783194187388075,0,0,0,0,0,0.12158615952232422,0
ENSG00000181072,CHRM2,0.014783194187388075,0,0,0,0,0,0.12158615952232422,0
ENSG00000159377,PSMB4,0.014783194187388075,0,0,0,0,0,0.12158615952232422,0
ENSG00000100804,PSMB5,0.014783194187388075,0,0,0,0,0,0.12158615952232422,0
ENSG00000103035,PSMD7,0.014783194187388075,0,0,0,0,0,0.12158615952232422,0
ENSG00000146678,IGFBP1,0.014598404260045723,0,0,0,0,0,0.12006633252829517,0
ENSG00000146904,EPHA1,0.01455733983174742,0,0,0,0,0,0.11972859319628872,0
ENSG00000027697,IFNGR1,0.01449574318929997,0,0,0,0,0,0.11922198419827901,0
ENSG00000166949,SMAD3,0.014468557106596629,0,0,0,0,0,0.11899838898966195,0
ENSG00000157193,LRP8,0.014413614332703372,0,0,0,0,0,0.11854650553426611,0
ENSG00000128271,ADORA2A,0.014413614332703372,0,0,0,0,0,0.11854650553426611,0
ENSG00000177169,ULK1,0.014413614332703372,0,0,0,0,0,0.11854650553426611,0
ENSG00000179776,CDH5,0.014352017690255918,0,0,0,0,0,0.11803989653625642,0
ENSG00000102575,ACP5,0.01422882440536102,0,0,0,0,0,0.11702667854023706,0
ENSG00000166573,GALR1,0.01422882440536102,0,0,0,0,0,0.11702667854023706,0
ENSG00000100453,GZMB,0.01422450006964634,0,0,0,0,0,0.11699111252078495,0
ENSG00000110799,VWF,0.014167227762913568,0,0,0,0,0,0.11652006954222736,0
ENSG00000197971,MBP,0.014116660002701632,0,0,0,0,0,0.1161041689133186,0
ENSG00000140538,NTRK3,0.014097296717620679,0,0,0,0,0,0.11594491324509923,0
ENSG00000133800,LYVE1,0.01404403447801867,0,0,0,0,0,0.115506851546208,0
ENSG00000166311,SMPD1,0.01404403447801867,0,0,0,0,0,0.115506851546208,0
ENSG00000148516,ZEB1,0.01404403447801867,0,0,0,0,0,0.115506851546208,0
ENSG00000265972,TXNIP,0.01404403447801867,0,0,0,0,0,0.115506851546208,0
ENSG00000291237,SOD2,0.013956772567884778,0,0,0,0,0,0.11478915546569428,0
ENSG00000157184,CPT2,0.013900308978974618,0,0,0,0,0,0.11432476388418542,0
ENSG00000144891,AGTR1,0.013881214019815907,0,0,0,0,0,0.11416771509480239,0
ENSG00000144619,CNTN4,0.013859244550676319,0,0,0,0,0,0.11398702455217895,0
ENSG00000143379,SETDB1,0.013859244550676319,0,0,0,0,0,0.11398702455217895,0
ENSG00000130726,TRIM28,0.013859244550676319,0,0,0,0,0,0.11398702455217895,0
ENSG00000132386,SERPINF1,0.01381818012237802,0,0,0,0,0,0.11364928522017251,0
ENSG00000130768,SMPDL3B,0.013674454623333965,0,0,0,0,0,0.11246719755814989,0
ENSG00000111057,KRT18,0.013674454623333965,0,0,0,0,0,0.11246719755814989,0
ENSG00000250722,SELENOP,0.013674454623333965,0,0,0,0,0,0.11246719755814989,0
ENSG00000164951,PDP1,0.013637997372475869,0,0,0,0,0,0.11216735051140272,0
ENSG00000128342,LIF,0.013625793275800479,0,0,0,0,0,0.11206697644972222,0
ENSG00000146674,IGFBP3,0.013489664695991613,0,0,0,0,0,0.11094737056412084,0
ENSG00000150782,IL18,0.013447583317834917,0,0,0,0,0,0.11060126720562985,0
ENSG00000104765,BNIP3L,0.013304874768649264,0,0,0,0,0,0.1094275435700918,0
ENSG00000064300,NGFR,0.013304874768649264,0,0,0,0,0,0.1094275435700918,0
ENSG00000203747,FCGR3A,0.013304874768649264,0,0,0,0,0,0.1094275435700918,0
ENSG00000139083,ETV6,0.013150094348385006,0,0,0,0,0,0.10815453337820528,0
ENSG00000137462,TLR2,0.013020084927092297,0,0,0,0,0,0.10708525524816583,0
ENSG00000179344,HLA-DQB1,0.013017217550921696,0,0,0,0,0,0.10706167216780649,0
ENSG00000118523,CCN2,0.01295273101272099,0,0,0,0,0,0.10653129487442001,0
ENSG00000086065,CHMP5,0.012935294913964564,0,0,0,0,0,0.1063878895820337,0
ENSG00000084674,APOB,0.01293529491396456,0,0,0,0,0,0.10638788958203368,0
ENSG00000125730,C3,0.012908703950704838,0,0,0,0,0,0.10616918900489404,0
ENSG00000213199,ASIC3,0.012875135526507552,0,0,0,0,0,0.10589310146064422,0
ENSG00000160683,CXCR5,0.012800808911287629,0,0,0,0,0,0.10528179326971254,0
ENSG00000116748,AMPD1,0.012750504986622214,0,0,0,0,0,0.10486806258800464,0
ENSG00000117322,CR2,0.012719706665398487,0,0,0,0,0,0.10461475808899978,0
ENSG00000006128,TAC1,0.012606253611481075,0,0,0,0,0,0.10368164979474052,0
ENSG00000187079,TEAD1,0.012565715059279862,0,0,0,0,0,0.10334823559397559,0
ENSG00000167207,NOD2,0.012565715059279862,0,0,0,0,0,0.10334823559397559,0
ENSG00000148400,NOTCH1,0.012565715059279862,0,0,0,0,0,0.10334823559397559,0
ENSG00000122180,MYOG,0.012565715059279862,0,0,0,0,0,0.10334823559397559,0
ENSG00000175206,NPPA,0.012534916738056135,0,0,0,0,0,0.10309493109497073,0
ENSG00000163737,PF4,0.01244252177438496,0,0,0,0,0,0.1023350175979562,0
ENSG00000135124,P2RX4,0.012270667141956572,0,0,0,0,0,0.10092157849350918,0
ENSG00000091513,TF,0.012255972292159998,0,0,0,0,0,0.10080071893305997,0
ENSG00000179399,GPC5,0.012175602990446007,0,0,0,0,0,0.10013971193991425,0
ENSG00000160712,IL6R,0.012142340803524386,0,0,0,0,0,0.09986614308098901,0
ENSG00000075624,ACTB,0.012072941919700259,0,0,0,0,0,0.0992953636098981,0
ENSG00000115718,PROC,0.01205240970555111,0,0,0,0,0,0.0991264939438949,0
ENSG00000182220,ATP6AP2,0.012011345277252809,0,0,0,0,0,0.09878875461188842,0
ENSG00000067560,RHOA,0.011898418099432482,0,0,0,0,0,0.09785997144887067,0
ENSG00000149554,CHEK1,0.011877885885283336,0,0,0,0,0,0.09769110178286745,0
ENSG00000100644,HIF1A,0.011834357591287136,0,0,0,0,0,0.09733309809094061,0
ENSG00000112116,IL17F,0.011832885800420663,0,0,0,0,0,0.0973209931698521,0
ENSG00000108821,COL1A1,0.01182757877097874,0,0,0,0,0,0.09727734486758831,0
ENSG00000086200,IPO11,0.011826555349910457,0,0,0,0,0,0.09726892761785938,0
ENSG00000177679,SRRM3,0.011826555349910457,0,0,0,0,0,0.09726892761785938,0
ENSG00000066322,ELOVL1,0.011826555349910457,0,0,0,0,0,0.09726892761785938,0
ENSG00000063761,ADCK1,0.011826555349910457,0,0,0,0,0,0.09726892761785938,0
ENSG00000100600,LGMN,0.011826555349910457,0,0,0,0,0,0.09726892761785938,0
ENSG00000175054,ATR,0.011809421460383579,0,0,0,0,0,0.09712800788164767,0
ENSG00000125571,IL37,0.011741962627615959,0,0,0,0,0,0.09657318459392607,0
ENSG00000165392,WRN,0.011674000998782274,0,0,0,0,0,0.0960142259994554,0
ENSG00000197299,BLM,0.011629035449795634,0,0,0,0,0,0.09564440143090833,0
ENSG00000188488,SERPINA5,0.011621233208418956,0,0,0,0,0,0.09558023095782708,0
ENSG00000006210,CX3CL1,0.01149895130241741,0,0,0,0,0,0.09457450870718642,0
ENSG00000172936,MYD88,0.011496384775648766,0,0,0,0,0,0.09455339999893601,0
ENSG00000167419,LPO,0.011456975495225757,0,0,0,0,0,0.09422927362980128,0
ENSG00000120738,EGR1,0.011251653353734256,0,0,0,0,0,0.09254057696976899,0
ENSG00000181143,MUC16,0.011087395640541056,0,0,0,0,0,0.09118961964174317,0
ENSG00000185245,GP1BA,0.011087395640541052,0,0,0,0,0,0.09118961964174316,0
ENSG00000080166,DCT,0.011087395640541052,0,0,0,0,0,0.09118961964174316,0
ENSG00000178951,ZBTB7A,0.011087395640541052,0,0,0,0,0,0.09118961964174316,0
ENSG00000019582,CD74,0.011087395640541052,0,0,0,0,0,0.09118961964174316,0
ENSG00000102316,MAGED2,0.011087395640541052,0,0,0,0,0,0.09118961964174316,0
ENSG00000107165,TYRP1,0.011087395640541052,0,0,0,0,0,0.09118961964174316,0
ENSG00000105963,ADAP1,0.011087395640541052,0,0,0,0,0,0.09118961964174316,0
ENSG00000186462,NAP1L2,0.011087395640541052,0,0,0,0,0,0.09118961964174316,0
ENSG00000115657,ABCB6,0.011087395640541052,0,0,0,0,0,0.09118961964174316,0
ENSG00000116690,PRG4,0.011087395640541052,0,0,0,0,0,0.09118961964174316,0
ENSG00000167779,IGFBP6,0.011087395640541052,0,0,0,0,0,0.09118961964174316,0
ENSG00000180543,TSPYL5,0.011087395640541052,0,0,0,0,0,0.09118961964174316,0
ENSG00000116005,PCYOX1,0.011087395640541052,0,0,0,0,0,0.09118961964174316,0
ENSG00000115380,EFEMP1,0.011087395640541052,0,0,0,0,0,0.09118961964174316,0
ENSG00000185737,NRG3,0.011087395640541052,0,0,0,0,0,0.09118961964174316,0
ENSG00000106565,TMEM176B,0.011087395640541052,0,0,0,0,0,0.09118961964174316,0
ENSG00000167468,GPX4,0.011087395640541052,0,0,0,0,0,0.09118961964174316,0
ENSG00000025434,NR1H3,0.011087395640541052,0,0,0,0,0,0.09118961964174316,0
ENSG00000185043,CIB1,0.011087395640541052,0,0,0,0,0,0.09118961964174316,0
ENSG00000169057,MECP2,0.011087395640541052,0,0,0,0,0,0.09118961964174316,0
ENSG00000114200,BCHE,0.010974468462720726,0,0,0,0,0,0.09026083647872539,0
ENSG00000051180,RAD51,0.010895486715002614,0,0,0,0,0,0.08961124159038936,0
ENSG00000184500,PROS1,0.010789678535378378,0,0,0,0,0,0.08874100948469636,0
ENSG00000168542,COL3A1,0.01076361228425802,0,0,0,0,0,0.0885266244656879,0
ENSG00000164136,IL15,0.010722563802180453,0,0,0,0,0,0.08818901628529276,0
ENSG00000257017,HP,0.010700732378426244,0,0,0,0,0,0.088009461113553,0
ENSG00000186832,KRT16,0.0106972835717072,0,0,0,0,0,0.08798109598768183,0
ENSG00000136960,ENPP2,0.010533025858514001,0,0,0,0,0,0.08663013865965599,0
ENSG00000197822,OCLN,0.010503036255112886,0,0,0,0,0,0.08638348555769987,0
ENSG00000134852,CLOCK,0.01044612120067203,0,0,0,0,0,0.08591538084360693,0
ENSG00000134259,NGF,0.010417634814995778,0,0,0,0,0,0.08568109113671786,0
ENSG00000145649,GZMA,0.010360645349988526,0,0,0,0,0,0.08521237442396745,0
ENSG00000173153,ESRRA,0.010348235931171651,0,0,0,0,0,0.08511031166562696,0
ENSG00000132446,FTHL17,0.010348235931171651,0,0,0,0,0,0.08511031166562696,0
ENSG00000177674,AGTRAP,0.010348235931171651,0,0,0,0,0,0.08511031166562696,0
ENSG00000138814,PPP3CA,0.010348235931171651,0,0,0,0,0,0.08511031166562696,0
ENSG00000185052,SLC24A3,0.010348235931171651,0,0,0,0,0,0.08511031166562696,0
ENSG00000129455,KLK8,0.010348235931171651,0,0,0,0,0,0.08511031166562696,0
ENSG00000070087,PFN2,0.010348235931171651,0,0,0,0,0,0.08511031166562696,0
ENSG00000121594,CD80,0.010348235931171651,0,0,0,0,0,0.08511031166562696,0
ENSG00000106178,CCL24,0.010307171502873351,0,0,0,0,0,0.0847725723336205,0
ENSG00000187790,FANCM,0.010163446003829301,0,0,0,0,0,0.08359048467159791,0
ENSG00000150093,ITGB1,0.010040252718934398,0,0,0,0,0,0.08257726667557853,0
ENSG00000048052,HDAC9,0.00997865607648695,0,0,0,0,0,0.08207065767756885,0
ENSG00000085265,FCN1,0.00997865607648695,0,0,0,0,0,0.08207065767756885,0
ENSG00000170345,FOS,0.009894063354192451,0,0,0,0,0,0.08137491465363555,0
ENSG00000057252,SOAT1,0.009891394166353061,0,0,0,0,0,0.08135296159705512,0
ENSG00000111335,OAS2,0.00985546279159205,0,0,0,0,0,0.08105743968154948,0
ENSG00000277632,CCL3,0.009842732818819576,0,0,0,0,0,0.08095274048862748,0
ENSG00000157554,ERG,0.009793866149144598,0,0,0,0,0,0.0805508306835398,0
ENSG00000123358,NR4A1,0.009793866149144598,0,0,0,0,0,0.0805508306835398,0
ENSG00000115850,LCT,0.009793866149144598,0,0,0,0,0,0.0805508306835398,0
ENSG00000115705,TPO,0.009740071748073825,0,0,0,0,0,0.08010839215861132,0
ENSG00000143546,S100A8,0.009732269506697146,0,0,0,0,0,0.0800442216855301,0
ENSG00000171791,BCL2,0.009664513200004953,0,0,0,0,0,0.07948695178771946,0
ENSG00000115590,IL1R2,0.009609076221802246,0,0,0,0,0,0.07903100368951074,0
ENSG00000115738,ID2,0.009609076221802246,0,0,0,0,0,0.07903100368951074,0
ENSG00000157219,HTR5A,0.009606706572892093,0,0,0,0,0,0.07901151422689867,0
ENSG00000174469,CNTNAP2,0.009588544007653096,0,0,0,0,0,0.0788621340235075,0
ENSG00000171855,IFNB1,0.009578277900578523,0,0,0,0,0,0.0787776991905059,0
ENSG00000140678,ITGAX,0.009578277900578523,0,0,0,0,0,0.0787776991905059,0
ENSG00000162896,PIGR,0.009568011793503948,0,0,0,0,0,0.07869326435750429,0
ENSG00000137752,CASP1,0.009528041252669216,0,0,0,0,0,0.07836452183457435,0
ENSG00000185345,PRKN,0.009495011327920716,0,0,0,0,0,0.07809286324384111,0
ENSG00000135218,CD36,0.009465350722758196,0,0,0,0,0,0.07784891602748814,0
ENSG00000187741,FANCA,0.009424286294459896,0,0,0,0,0,0.07751117669548169,0
ENSG00000164062,APEH,0.00941423330245398,0,0,0,0,0,0.07742849465300734,0
ENSG00000113302,IL12B,0.009383221866161596,0,0,0,0,0,0.07717343736347523,0
ENSG00000138185,ENTPD1,0.00937562494692641,0,0,0,0,0,0.07711095558705403,0
ENSG00000171105,INSR,0.009371929148379563,0,0,0,0,0,0.07708055904717345,0
ENSG00000177606,JUN,0.009339693572165398,0,0,0,0,0,0.07681543367154839,0
ENSG00000173812,EIF1,0.009239496367117545,0,0,0,0,0,0.07599134970145263,0
ENSG00000080546,SESN1,0.009239496367117545,0,0,0,0,0,0.07599134970145263,0
ENSG00000134365,CFHR4,0.009239496367117545,0,0,0,0,0,0.07599134970145263,0
ENSG00000122679,RAMP3,0.009239496367117545,0,0,0,0,0,0.07599134970145263,0
ENSG00000109332,UBE2D3,0.009239496367117545,0,0,0,0,0,0.07599134970145263,0
ENSG00000128052,KDR,0.009239496367117545,0,0,0,0,0,0.07599134970145263,0
ENSG00000004948,CALCR,0.009239496367117545,0,0,0,0,0,0.07599134970145263,0
ENSG00000163815,CLEC3B,0.009239496367117545,0,0,0,0,0,0.07599134970145263,0
ENSG00000119929,CUTC,0.009239496367117545,0,0,0,0,0,0.07599134970145263,0
ENSG00000132906,CASP9,0.009131702242834508,0,0,0,0,0,0.0751047839549357,0
ENSG00000083454,P2RX5,0.009117111800045255,0,0,0,0,0,0.07498478310248197,0
ENSG00000157764,BRAF,0.009057375627614583,0,0,0,0,0,0.074493475764004,0
ENSG00000171862,PTEN,0.009054706439775195,0,0,0,0,0,0.07447152270742358,0
ENSG00000110448,CD5,0.009049573386237906,0,0,0,0,0,0.07442930529092277,0
ENSG00000268257,AIRN,0.008869916512432843,0,0,0,0,0,0.07295169571339452,0
ENSG00000173039,RELA,0.008869916512432843,0,0,0,0,0,0.07295169571339452,0
ENSG00000073067,CYP2W1,0.008869916512432843,0,0,0,0,0,0.07295169571339452,0
ENSG00000021826,CPS1,0.008869916512432843,0,0,0,0,0,0.07295169571339452,0
ENSG00000113916,BCL6,0.008869916512432843,0,0,0,0,0,0.07295169571339452,0
ENSG00000127528,KLF2,0.008869916512432843,0,0,0,0,0,0.07295169571339452,0
ENSG00000103241,FOXF1,0.008869916512432843,0,0,0,0,0,0.07295169571339452,0
ENSG00000196262,PPIA,0.008869916512432843,0,0,0,0,0,0.07295169571339452,0
ENSG00000168140,VASN,0.008869916512432843,0,0,0,0,0,0.07295169571339452,0
ENSG00000184205,TSPYL2,0.008869916512432843,0,0,0,0,0,0.07295169571339452,0
ENSG00000163673,DCLK3,0.008869916512432843,0,0,0,0,0,0.07295169571339452,0
ENSG00000164266,SPINK1,0.008869916512432843,0,0,0,0,0,0.07295169571339452,0
ENSG00000204655,MOG,0.008818585977059966,0,0,0,0,0,0.07252952154838645,0
ENSG00000100906,NFKBIA,0.008782654602298955,0,0,0,0,0,0.07223399963288081,0
ENSG00000166710,B2M,0.00877238849522438,0,0,0,0,0,0.07214956479987919,0
ENSG00000173406,DAB1,0.008746723227537943,0,0,0,0,0,0.07193847771737516,0
ENSG00000113088,GZMK,0.008736457120463368,0,0,0,0,0,0.07185404288437355,0
ENSG00000216937,CCDC7,0.008685126585090493,0,0,0,0,0,0.07143186871936548,0
ENSG00000141682,PMAIP1,0.008685126585090493,0,0,0,0,0,0.07143186871936548,0
ENSG00000169474,SPRR1A,0.008664594370941343,0,0,0,0,0,0.07126299905336225,0
ENSG00000172732,MUS81,0.008654328263866766,0,0,0,0,0,0.07117856422036063,0
ENSG00000128683,GAD1,0.008654328263866766,0,0,0,0,0,0.07117856422036063,0
ENSG00000144381,HSPD1,0.00861079996987057,0,0,0,0,0,0.07082056052843379,0
ENSG00000169083,AR,0.008561933300195591,0,0,0,0,0,0.0704186507233461,0
ENSG00000187554,TLR5,0.008561933300195591,0,0,0,0,0,0.0704186507233461,0
ENSG00000184305,CCSER1,0.008500336657748143,0,0,0,0,0,0.06991204172533642,0
ENSG00000168811,IL12A,0.008500336657748143,0,0,0,0,0,0.06991204172533642,0
ENSG00000122884,P4HA1,0.008500336657748143,0,0,0,0,0,0.06991204172533642,0
ENSG00000164692,COL1A2,0.008479804443598991,0,0,0,0,0,0.0697431720593332,0
ENSG00000145839,IL9,0.008479804443598991,0,0,0,0,0,0.0697431720593332,0
ENSG00000134308,YWHAQ,0.008479804443598991,0,0,0,0,0,0.0697431720593332,0
ENSG00000049249,TNFRSF9,0.008315546730405791,0,0,0,0,0,0.06839221473130737,0
ENSG00000160182,TFF1,0.008315546730405791,0,0,0,0,0,0.06839221473130737,0
ENSG00000122223,CD244,0.008315546730405791,0,0,0,0,0,0.06839221473130737,0
ENSG00000118194,TNNT2,0.00831554673040579,0,0,0,0,0,0.06839221473130737,0
ENSG00000180720,CHRM4,0.008295014516256641,0,0,0,0,0,0.06822334506530414,0
ENSG00000149295,DRD2,0.008182087338436313,0,0,0,0,0,0.06729456190228639,0
ENSG00000138385,SSB,0.008171821231361738,0,0,0,0,0,0.06721012706928477,0
ENSG00000157017,GHRL,0.008132194058053882,0,0,0,0,0,0.06688420861389854,0
ENSG00000187109,NAP1L1,0.00813075680306344,0,0,0,0,0,0.06687238773727831,0
ENSG00000228278,ORM2,0.008079426267690563,0,0,0,0,0,0.06645021357227024,0
ENSG00000144481,TRPM8,0.00794596687572109,0,0,0,0,0,0.06535256074324927,0
ENSG00000082701,GSK3B,0.00794596687572109,0,0,0,0,0,0.06535256074324927,0
ENSG00000102743,SLC25A15,0.00794596687572109,0,0,0,0,0,0.06535256074324927,0
ENSG00000118137,APOA1,0.00794596687572109,0,0,0,0,0,0.06535256074324927,0
ENSG00000119772,DNMT3A,0.00794596687572109,0,0,0,0,0,0.06535256074324927,0
ENSG00000103335,PIEZO1,0.00794596687572109,0,0,0,0,0,0.06535256074324927,0
ENSG00000130203,APOE,0.00794596687572109,0,0,0,0,0,0.06535256074324927,0
ENSG00000077498,TYR,0.00794596687572109,0,0,0,0,0,0.06535256074324927,0
ENSG00000184903,IMMP2L,0.00794596687572109,0,0,0,0,0,0.06535256074324927,0
ENSG00000239732,TLR9,0.007904902447422788,0,0,0,0,0,0.0650148214112428,0
ENSG00000113389,NPR3,0.007822773590826188,0,0,0,0,0,0.06433934274722988,0
ENSG00000189221,MAOA,0.007797313645281243,0,0,0,0,0,0.0641299443613859,0
ENSG00000160862,AZGP1,0.007761176948378739,0,0,0,0,0,0.06383273374922022,0
ENSG00000211890,IGHA2,0.007761176948378739,0,0,0,0,0,0.06383273374922022,0
ENSG00000117560,FASLG,0.007761176948378739,0,0,0,0,0,0.06383273374922022,0
ENSG00000020633,RUNX3,0.007761176948378739,0,0,0,0,0,0.06383273374922022,0
ENSG00000107290,SETX,0.007761176948378739,0,0,0,0,0,0.06383273374922022,0
ENSG00000110436,SLC1A2,0.007761176948378739,0,0,0,0,0,0.06383273374922022,0
ENSG00000160211,G6PD,0.007761176948378739,0,0,0,0,0,0.06383273374922022,0
ENSG00000110711,AIP,0.007761176948378739,0,0,0,0,0,0.06383273374922022,0
ENSG00000169403,PTAFR,0.007761176948378737,0,0,0,0,0,0.06383273374922022,0
ENSG00000234745,HLA-B,0.007740644734229588,0,0,0,0,0,0.06366386408321698,0
ENSG00000104321,TRPA1,0.007666318119009665,0,0,0,0,0,0.0630525558922853,0
ENSG00000118689,FOXO3,0.007576387021036387,0,0,0,0,0,0.062312906755191154,0
ENSG00000179218,CALR,0.007576387021036387,0,0,0,0,0,0.062312906755191154,0
ENSG00000134352,IL6ST,0.007576387021036387,0,0,0,0,0,0.062312906755191154,0
ENSG00000221957,KIR2DS4,0.007576387021036387,0,0,0,0,0,0.062312906755191154,0
ENSG00000073792,IGF2BP2,0.007576387021036387,0,0,0,0,0,0.062312906755191154,0
ENSG00000196565,HBG2,0.007463459843216062,0,0,0,0,0,0.061384123592173406,0
ENSG00000164985,PSIP1,0.007463459843216062,0,0,0,0,0,0.061384123592173406,0
ENSG00000101204,CHRNA4,0.007463459843216062,0,0,0,0,0,0.061384123592173406,0
ENSG00000105398,SULT2A1,0.007453193736141485,0,0,0,0,0,0.06129968875917179,0
ENSG00000211611,IGKV6-21,0.0073915970936940375,0,0,0,0,0,0.06079307976116211,0
ENSG00000160213,CSTB,0.0073915970936940375,0,0,0,0,0,0.06079307976116211,0
ENSG00000172543,CTSW,0.0073915970936940375,0,0,0,0,0,0.06079307976116211,0
ENSG00000011347,SYT7,0.0073915970936940375,0,0,0,0,0,0.06079307976116211,0
ENSG00000206538,VGLL3,0.0073915970936940375,0,0,0,0,0,0.06079307976116211,0
ENSG00000160808,MYL3,0.0073915970936940375,0,0,0,0,0,0.06079307976116211,0
ENSG00000188486,H2AX,0.0073915970936940375,0,0,0,0,0,0.06079307976116211,0
ENSG00000196591,HDAC2,0.0073915970936940375,0,0,0,0,0,0.06079307976116211,0
ENSG00000146192,FGD2,0.0073915970936940375,0,0,0,0,0,0.06079307976116211,0
ENSG00000158825,CDA,0.0073915970936940375,0,0,0,0,0,0.06079307976116211,0
ENSG00000185565,LSAMP,0.0073915970936940375,0,0,0,0,0,0.06079307976116211,0
ENSG00000169047,IRS1,0.0073915970936940375,0,0,0,0,0,0.06079307976116211,0
ENSG00000164687,FABP5,0.0073915970936940375,0,0,0,0,0,0.06079307976116211,0
ENSG00000196839,ADA,0.0073915970936940375,0,0,0,0,0,0.06079307976116211,0
ENSG00000105821,DNAJC2,0.0073915970936940375,0,0,0,0,0,0.06079307976116211,0
ENSG00000102924,CBLN1,0.0073915970936940375,0,0,0,0,0,0.06079307976116211,0
ENSG00000144724,PTPRG,0.0073915970936940375,0,0,0,0,0,0.06079307976116211,0
ENSG00000178852,EFCAB13,0.0073915970936940375,0,0,0,0,0,0.06079307976116211,0
ENSG00000103888,CEMIP,0.0073915970936940375,0,0,0,0,0,0.06079307976116211,0
ENSG00000187908,DMBT1,0.0073915970936940375,0,0,0,0,0,0.06079307976116211,0
ENSG00000131096,PYY,0.0073915970936940375,0,0,0,0,0,0.06079307976116211,0
ENSG00000107611,CUBN,0.0073915970936940375,0,0,0,0,0,0.06079307976116211,0
ENSG00000134389,CFHR5,0.0073915970936940375,0,0,0,0,0,0.06079307976116211,0
ENSG00000116473,RAP1A,0.0073915970936940375,0,0,0,0,0,0.06079307976116211,0
ENSG00000184584,STING1,0.0073915970936940375,0,0,0,0,0,0.06079307976116211,0
ENSG00000146414,SHPRH,0.0073915970936940375,0,0,0,0,0,0.06079307976116211,0
ENSG00000235750,KIAA0040,0.0073915970936940375,0,0,0,0,0,0.06079307976116211,0
ENSG00000211895,IGHA1,0.0073915970936940375,0,0,0,0,0,0.06079307976116211,0
ENSG00000196569,LAMA2,0.0073915970936940375,0,0,0,0,0,0.06079307976116211,0
ENSG00000134294,SLC38A2,0.0073915970936940375,0,0,0,0,0,0.06079307976116211,0
ENSG00000108001,EBF3,0.0073915970936940375,0,0,0,0,0,0.06079307976116211,0
ENSG00000170516,COX7B2,0.0073915970936940375,0,0,0,0,0,0.06079307976116211,0
ENSG00000054803,CBLN4,0.0073915970936940375,0,0,0,0,0,0.06079307976116211,0
ENSG00000153707,PTPRD,0.0073915970936940375,0,0,0,0,0,0.06079307976116211,0
ENSG00000124762,CDKN1A,0.0073915970936940375,0,0,0,0,0,0.06079307976116211,0
ENSG00000088053,GP6,0.0073915970936940375,0,0,0,0,0,0.06079307976116211,0
ENSG00000239474,KLHL41,0.0073915970936940375,0,0,0,0,0,0.06079307976116211,0
ENSG00000196091,MYBPC1,0.0073915970936940375,0,0,0,0,0,0.06079307976116211,0
ENSG00000145192,AHSG,0.0073915970936940375,0,0,0,0,0,0.06079307976116211,0
ENSG00000155093,PTPRN2,0.0073915970936940375,0,0,0,0,0,0.06079307976116211,0
ENSG00000185010,F8,0.0073915970936940375,0,0,0,0,0,0.06079307976116211,0
ENSG00000080824,HSP90AA1,0.0073915970936940375,0,0,0,0,0,0.06079307976116211,0
ENSG00000151498,ACAD8,0.0073915970936940375,0,0,0,0,0,0.06079307976116211,0
ENSG00000155959,VBP1,0.0073915970936940375,0,0,0,0,0,0.06079307976116211,0
ENSG00000005108,THSD7A,0.0073915970936940375,0,0,0,0,0,0.06079307976116211,0
ENSG00000095970,TREM2,0.0073915970936940375,0,0,0,0,0,0.06079307976116211,0
ENSG00000100393,EP300,0.0073915970936940375,0,0,0,0,0,0.06079307976116211,0
ENSG00000148773,MKI67,0.0073915970936940375,0,0,0,0,0,0.06079307976116211,0
ENSG00000131871,SELENOS,0.0073915970936940375,0,0,0,0,0,0.06079307976116211,0
ENSG00000197283,SYNGAP1,0.0073915970936940375,0,0,0,0,0,0.06079307976116211,0
ENSG00000177694,NAALADL2,0.0073915970936940375,0,0,0,0,0,0.06079307976116211,0
ENSG00000215021,PHB2,0.0073915970936940375,0,0,0,0,0,0.06079307976116211,0
ENSG00000141867,BRD4,0.0073915970936940375,0,0,0,0,0,0.06079307976116211,0
ENSG00000124813,RUNX2,0.0073915970936940375,0,0,0,0,0,0.06079307976116211,0
ENSG00000183395,PMCH,0.0073915970936940375,0,0,0,0,0,0.06079307976116211,0
ENSG00000170370,EMX2,0.0073915970936940375,0,0,0,0,0,0.06079307976116211,0
ENSG00000243772,KIR2DL3,0.0073915970936940375,0,0,0,0,0,0.06079307976116211,0
ENSG00000183098,GPC6,0.0073915970936940375,0,0,0,0,0,0.06079307976116211,0
ENSG00000126456,IRF3,0.0073915970936940375,0,0,0,0,0,0.06079307976116211,0
ENSG00000237763,AMY1A,0.0073915970936940375,0,0,0,0,0,0.06079307976116211,0
ENSG00000108578,BLMH,0.0073915970936940375,0,0,0,0,0,0.06079307976116211,0
ENSG00000090060,PAPOLA,0.0073915970936940375,0,0,0,0,0,0.06079307976116211,0
ENSG00000224650,IGHV3-74,0.0073915970936940375,0,0,0,0,0,0.06079307976116211,0
ENSG00000186526,CYP4F8,0.0073915970936940375,0,0,0,0,0,0.06079307976116211,0
ENSG00000136930,PSMB7,0.0073915970936940375,0,0,0,0,0,0.06079307976116211,0
ENSG00000174652,ZNF266,0.0073915970936940375,0,0,0,0,0,0.06079307976116211,0
ENSG00000141337,ARSG,0.0073915970936940375,0,0,0,0,0,0.06079307976116211,0
ENSG00000169926,KLF13,0.0073915970936940375,0,0,0,0,0,0.06079307976116211,0
ENSG00000090659,CD209,0.0073915970936940375,0,0,0,0,0,0.06079307976116211,0
ENSG00000073861,TBX21,0.0073915970936940375,0,0,0,0,0,0.06079307976116211,0
ENSG00000140379,BCL2A1,0.0073915970936940375,0,0,0,0,0,0.06079307976116211,0
ENSG00000125726,CD70,0.0073915970936940375,0,0,0,0,0,0.06079307976116211,0
ENSG00000105664,COMP,0.0073915970936940375,0,0,0,0,0,0.06079307976116211,0
ENSG00000172260,NEGR1,0.0073915970936940375,0,0,0,0,0,0.06079307976116211,0
ENSG00000044574,HSPA5,0.007247871594649985,0,0,0,0,0,0.059610992099139504,0
ENSG00000241563,CORT,0.007247871594649985,0,0,0,0,0,0.059610992099139504,0
ENSG00000168283,BMI1,0.007206807166351686,0,0,0,0,0,0.05927325276713306,0
ENSG00000121481,RNF2,0.007206807166351686,0,0,0,0,0,0.05927325276713306,0
ENSG00000138080,EMILIN1,0.007206807166351686,0,0,0,0,0,0.05927325276713306,0
ENSG00000069535,MAOB,0.007165742738053384,0,0,0,0,0,0.058935513435126596,0
ENSG00000148660,CAMK2G,0.007165742738053384,0,0,0,0,0,0.058935513435126596,0
ENSG00000087245,MMP2,0.0070539094476966295,0,0,0,0,0,0.05801572708118537,0
ENSG00000189403,HMGB1,0.007022017239009335,0,0,0,0,0,0.057753425773104,0
ENSG00000130522,JUND,0.007022017239009335,0,0,0,0,0,0.057753425773104,0
ENSG00000184557,SOCS3,0.007022017239009335,0,0,0,0,0,0.057753425773104,0
ENSG00000186265,BTLA,0.007022017239009335,0,0,0,0,0,0.057753425773104,0
ENSG00000161270,NPHS1,0.007022017239009335,0,0,0,0,0,0.057753425773104,0
ENSG00000182718,ANXA2,0.007001485024860183,0,0,0,0,0,0.057584556107100775,0
ENSG00000113889,KNG1,0.0068372273116669826,0,0,0,0,0,0.056233598779074946,0
ENSG00000149311,ATM,0.006823868801726679,0,0,0,0,0,0.05612373010658142,0
ENSG00000132170,PPARG,0.006806428990443257,0,0,0,0,0,0.0559802942800701,0
ENSG00000001626,CFTR,0.006667531219366965,0,0,0,0,0,0.05483791284766052,0
ENSG00000150907,FOXO1,0.006652437384324632,0,0,0,0,0,0.0547137717850459,0
ENSG00000108518,PFN1,0.006652437384324632,0,0,0,0,0,0.0547137717850459,0
ENSG00000169397,RNASE3,0.006652437384324632,0,0,0,0,0,0.0547137717850459,0
ENSG00000155380,SLC16A1,0.006652437384324632,0,0,0,0,0,0.0547137717850459,0
ENSG00000254682,DHCR7-DT,0.006652437384324632,0,0,0,0,0,0.0547137717850459,0
ENSG00000101384,JAG1,0.006652437384324632,0,0,0,0,0,0.0547137717850459,0
ENSG00000134982,APC,0.006652437384324632,0,0,0,0,0,0.0547137717850459,0
ENSG00000118922,KLF12,0.006652437384324632,0,0,0,0,0,0.0547137717850459,0
ENSG00000163251,FZD5,0.006652437384324632,0,0,0,0,0,0.0547137717850459,0
ENSG00000219481,NBPF1,0.006652437384324632,0,0,0,0,0,0.0547137717850459,0
ENSG00000127184,COX7C,0.006652437384324632,0,0,0,0,0,0.0547137717850459,0
ENSG00000117594,HSD11B1,0.006652437384324632,0,0,0,0,0,0.0547137717850459,0
ENSG00000164163,ABCE1,0.006647304330787345,0,0,0,0,0,0.05467155436854509,0
ENSG00000101335,MYL9,0.006508711885280582,0,0,0,0,0,0.053531684123023296,0
ENSG00000131480,AOC2,0.006467647456982282,0,0,0,0,0,0.05319394479101685,0
ENSG00000136238,RAC1,0.006282857529639931,0,0,0,0,0,0.051674117796987794,0
ENSG00000253352,TUG1,0.006282857529639931,0,0,0,0,0,0.051674117796987794,0
ENSG00000251562,MALAT1,0.006282857529639931,0,0,0,0,0,0.051674117796987794,0
ENSG00000159958,TNFRSF13C,0.006262325315490781,0,0,0,0,0,0.05150524813098457,0
ENSG00000106799,TGFBR1,0.006262325315490781,0,0,0,0,0,0.05150524813098457,0
ENSG00000121966,CXCR4,0.006164374083255979,0,0,0,0,0,0.050699636434557736,0
ENSG00000186153,WWOX,0.006136428306880459,0,0,0,0,0,0.050469793033916494,0
ENSG00000101608,MYL12A,0.006098067602297579,0,0,0,0,0,0.05015429080295874,0
ENSG00000160339,FCN2,0.006098067602297579,0,0,0,0,0,0.05015429080295874,0
ENSG00000146731,CCT6A,0.006098067602297579,0,0,0,0,0,0.05015429080295874,0
ENSG00000171109,MFN1,0.006098067602297579,0,0,0,0,0,0.05015429080295874,0
ENSG00000141433,ADCYAP1,0.006067269281073855,0,0,0,0,0,0.0499009863039539,0
ENSG00000167286,CD3D,0.0059748743174026795,0,0,0,0,0,0.04914107280693938,0
ENSG00000113161,HMGCR,0.0059748743174026795,0,0,0,0,0,0.04914107280693938,0
ENSG00000112182,BACH2,0.0059748743174026795,0,0,0,0,0,0.04914107280693938,0
ENSG00000030419,IKZF2,0.0059748743174026795,0,0,0,0,0,0.04914107280693938,0
ENSG00000161405,IKZF3,0.0059748743174026795,0,0,0,0,0,0.04914107280693938,0
ENSG00000109971,HSPA8,0.0059748743174026795,0,0,0,0,0,0.04914107280693938,0
ENSG00000079805,DNM2,0.0059748743174026795,0,0,0,0,0,0.04914107280693938,0
ENSG00000167371,PRRT2,0.0059646082103281045,0,0,0,0,0,0.04905663797393776,0
ENSG00000111339,ART4,0.00595577935824397,0,0,0,0,0,0.048984024017556374,0
ENSG00000174175,SELP,0.005954342103253529,0,0,0,0,0,0.04897220314093614,0
ENSG00000134460,IL2RA,0.0059210799163319046,0,0,0,0,0,0.048698634282010905,0
ENSG00000091879,ANGPT2,0.0059210799163319046,0,0,0,0,0,0.048698634282010905,0
ENSG00000115415,STAT1,0.005913277674955229,0,0,0,0,0,0.04863446380892969,0
ENSG00000110876,SELPLG,0.005913277674955229,0,0,0,0,0,0.04863446380892969,0
ENSG00000179388,EGR3,0.005913277674955229,0,0,0,0,0,0.04863446380892969,0
ENSG00000163687,DNASE1L3,0.005913277674955229,0,0,0,0,0,0.04863446380892969,0
ENSG00000089163,SIRT4,0.005913277674955229,0,0,0,0,0,0.04863446380892969,0
ENSG00000187871,GFRAL,0.005913277674955229,0,0,0,0,0,0.04863446380892969,0
ENSG00000100697,DICER1,0.005913277674955229,0,0,0,0,0,0.04863446380892969,0
ENSG00000290962,TRPC2,0.005913277674955229,0,0,0,0,0,0.04863446380892969,0
ENSG00000106624,AEBP1,0.005913277674955229,0,0,0,0,0,0.04863446380892969,0
ENSG00000140564,FURIN,0.005913277674955229,0,0,0,0,0,0.04863446380892969,0
ENSG00000133107,TRPC4,0.005913277674955229,0,0,0,0,0,0.04863446380892969,0
ENSG00000182048,TRPC2,0.005913277674955229,0,0,0,0,0,0.04863446380892969,0
ENSG00000101460,MAP1LC3A,0.005913277674955229,0,0,0,0,0,0.04863446380892969,0
ENSG00000172071,EIF2AK3,0.005861947139582353,0,0,0,0,0,0.04821228964392161,0
ENSG00000224389,C4B,0.005861947139582353,0,0,0,0,0,0.04821228964392161,0
ENSG00000166736,HTR3A,0.005790084390060328,0,0,0,0,0,0.047621245812910315,0
ENSG00000107643,MAPK8,0.005646152671376809,0,0,0,0,0,0.04643746207264758,0
ENSG00000113721,PDGFRB,0.005543697820270528,0,0,0,0,0,0.045594809820871586,0
ENSG00000137672,TRPC6,0.005543697820270528,0,0,0,0,0,0.045594809820871586,0
ENSG00000167244,IGF2,0.005543697820270526,0,0,0,0,0,0.04559480982087158,0
ENSG00000073614,KDM5A,0.005523165606121377,0,0,0,0,0,0.04542594015486835,0
ENSG00000198947,DMD,0.0055128994990468,0,0,0,0,0,0.04534150532186673,0
ENSG00000170893,TRH,0.00537430705354004,0,0,0,0,0,0.04420163507634495,0
ENSG00000105695,MAG,0.005358907892928176,0,0,0,0,0,0.044074982826842524,0
ENSG00000165240,ATP7A,0.005358907892928176,0,0,0,0,0,0.044074982826842524,0
ENSG00000131473,ACLY,0.005358907892928176,0,0,0,0,0,0.044074982826842524,0
ENSG00000054793,ATP9A,0.005358907892928176,0,0,0,0,0,0.044074982826842524,0
ENSG00000169896,ITGAM,0.005319280719620317,0,0,0,0,0,0.0437490643714563,0
ENSG00000002016,RAD52,0.00518705326049979,0,0,0,0,0,0.04266154372239551,0
ENSG00000130038,CRACR2A,0.0051741179655858255,0,0,0,0,0,0.04255515583281348,0
ENSG00000178776,C5orf46,0.0051741179655858255,0,0,0,0,0,0.04255515583281348,0
ENSG00000211460,TSN,0.0051741179655858255,0,0,0,0,0,0.04255515583281348,0
ENSG00000148672,GLUD1,0.0051741179655858255,0,0,0,0,0,0.04255515583281348,0
ENSG00000140015,KCNH5,0.0051741179655858255,0,0,0,0,0,0.04255515583281348,0
ENSG00000131143,COX4I1,0.0051741179655858255,0,0,0,0,0,0.04255515583281348,0
ENSG00000124126,PREX1,0.0051741179655858255,0,0,0,0,0,0.04255515583281348,0
ENSG00000100811,YY1,0.0051741179655858255,0,0,0,0,0,0.04255515583281348,0
ENSG00000240423,LINC00636,0.0051741179655858255,0,0,0,0,0,0.04255515583281348,0
ENSG00000124920,MYRF,0.0051741179655858255,0,0,0,0,0,0.04255515583281348,0
ENSG00000266338,NBPF15,0.0051741179655858255,0,0,0,0,0,0.04255515583281348,0
ENSG00000000003,TSPAN6,0.0051741179655858255,0,0,0,0,0,0.04255515583281348,0
ENSG00000120235,IFNA6,0.0051741179655858255,0,0,0,0,0,0.04255515583281348,0
ENSG00000196843,ARID5A,0.0051741179655858255,0,0,0,0,0,0.04255515583281348,0
ENSG00000188010,MORN2,0.0051741179655858255,0,0,0,0,0,0.04255515583281348,0
ENSG00000245532,NEAT1,0.0051741179655858255,0,0,0,0,0,0.04255515583281348,0
ENSG00000079689,SCGN,0.0051741179655858255,0,0,0,0,0,0.04255515583281348,0
ENSG00000087460,GNAS,0.0051741179655858255,0,0,0,0,0,0.04255515583281348,0
ENSG00000171388,APLN,0.0051741179655858255,0,0,0,0,0,0.04255515583281348,0
ENSG00000154889,MPPE1,0.0051741179655858255,0,0,0,0,0,0.04255515583281348,0
ENSG00000047617,ANO2,0.0051741179655858255,0,0,0,0,0,0.04255515583281348,0
ENSG00000105819,PMPCB,0.0051741179655858255,0,0,0,0,0,0.04255515583281348,0
ENSG00000124140,SLC12A5,0.0051741179655858255,0,0,0,0,0,0.04255515583281348,0
ENSG00000090020,SLC9A1,0.0051741179655858255,0,0,0,0,0,0.04255515583281348,0
ENSG00000115267,IFIH1,0.0051741179655858255,0,0,0,0,0,0.04255515583281348,0
ENSG00000187244,BCAM,0.0051741179655858255,0,0,0,0,0,0.04255515583281348,0
ENSG00000135919,SERPINE2,0.0051741179655858255,0,0,0,0,0,0.04255515583281348,0
ENSG00000211893,IGHG2,0.0051741179655858255,0,0,0,0,0,0.04255515583281348,0
ENSG00000254440,PBOV1,0.0051741179655858255,0,0,0,0,0,0.04255515583281348,0
ENSG00000255794,RMST,0.0051741179655858255,0,0,0,0,0,0.04255515583281348,0
ENSG00000115232,ITGA4,0.0051741179655858255,0,0,0,0,0,0.04255515583281348,0
ENSG00000170312,CDK1,0.0051741179655858255,0,0,0,0,0,0.04255515583281348,0
ENSG00000257057,C11orf97,0.0051741179655858255,0,0,0,0,0,0.04255515583281348,0
ENSG00000271425,NBPF10,0.0051741179655858255,0,0,0,0,0,0.04255515583281348,0
ENSG00000122133,PAEP,0.0051741179655858255,0,0,0,0,0,0.04255515583281348,0
ENSG00000036828,CASR,0.0051741179655858255,0,0,0,0,0,0.04255515583281348,0
ENSG00000204348,DXO,0.0051741179655858255,0,0,0,0,0,0.04255515583281348,0
ENSG00000171368,TPPP,0.005174117965585825,0,0,0,0,0,0.04255515583281347,0
ENSG00000019991,HGF,0.005174117965585825,0,0,0,0,0,0.04255515583281347,0
ENSG00000164270,HTR4,0.005174117965585825,0,0,0,0,0,0.04255515583281347,0
ENSG00000223865,HLA-DPB1,0.005086856055451937,0,0,0,0,0,0.04183745975229976,0
ENSG00000110169,HPX,0.0050611907877655,0,0,0,0,0,0.04162637266979572,0
ENSG00000187486,KCNJ11,0.00504065857361635,0,0,0,0,0,0.041457503003792494,0
ENSG00000111640,GAPDH,0.005030392466541775,0,0,0,0,0,0.04137306817079087,0
ENSG00000105835,NAMPT,0.005017662493769301,0,0,0,0,0,0.04126836897786887,0
ENSG00000147246,HTR2C,0.004989328038243475,0,0,0,0,0,0.04103532883878443,0
ENSG00000108469,RECQL5,0.004989328038243475,0,0,0,0,0,0.04103532883878443,0
ENSG00000145715,RASA1,0.004989328038243475,0,0,0,0,0,0.04103532883878443,0
ENSG00000147437,GNRH1,0.004989328038243475,0,0,0,0,0,0.04103532883878443,0
ENSG00000118271,TTR,0.004968795824094324,0,0,0,0,0,0.04086645917278119,0
ENSG00000107796,ACTA2,0.004968795824094324,0,0,0,0,0,0.04086645917278119,0
ENSG00000154920,EME1,0.004958529717019749,0,0,0,0,0,0.04078202433977958,0
ENSG00000243264,IGKV2D-29,0.004866134753348573,0,0,0,0,0,0.04002211084276505,0
ENSG00000188827,SLX4,0.004866134753348573,0,0,0,0,0,0.04002211084276505,0
ENSG00000116478,HDAC1,0.004832872566426951,0,0,0,0,0,0.03974854198383983,0
ENSG00000081237,PTPRC,0.004819937271512986,0,0,0,0,0,0.039642154094257795,0
ENSG00000117394,SLC2A1,0.004804538110901123,0,0,0,0,0,0.03951550184475537,0
ENSG00000110651,CD81,0.004804538110901123,0,0,0,0,0,0.03951550184475537,0
ENSG00000122194,PLG,0.004804538110901123,0,0,0,0,0,0.03951550184475537,0
ENSG00000012223,LTF,0.004804538110901123,0,0,0,0,0,0.03951550184475537,0
ENSG00000009413,REV3L,0.004804538110901123,0,0,0,0,0,0.03951550184475537,0
ENSG00000099769,IGFALS,0.004804538110901123,0,0,0,0,0,0.03951550184475537,0
ENSG00000145335,SNCA,0.0047886130741921756,0,0,0,0,0,0.03938452446401144,0
ENSG00000162733,DDR2,0.004784005896751974,0,0,0,0,0,0.039346632178752144,0
ENSG00000204592,HLA-E,0.004763473682602822,0,0,0,0,0,0.03917776251274891,0
ENSG00000166794,PPIB,0.00475074370983035,0,0,0,0,0,0.039073063319826906,0
ENSG00000198400,NTRK1,0.004681344826006223,0,0,0,0,0,0.038502283848736,0
ENSG00000164305,CASP3,0.004681344826006223,0,0,0,0,0,0.038502283848736,0
ENSG00000118260,CREB1,0.004648082639084599,0,0,0,0,0,0.03822871498981077,0
ENSG00000269526,ERVV-1,0.004619748183558772,0,0,0,0,0,0.037995674850726316,0
ENSG00000105290,APLP1,0.004619748183558772,0,0,0,0,0,0.037995674850726316,0
ENSG00000159403,C1R,0.004619748183558772,0,0,0,0,0,0.037995674850726316,0
ENSG00000118004,COLEC11,0.004619748183558772,0,0,0,0,0,0.037995674850726316,0
ENSG00000131471,AOC3,0.004619748183558772,0,0,0,0,0,0.037995674850726316,0
ENSG00000239672,NME1,0.004619748183558772,0,0,0,0,0,0.037995674850726316,0
ENSG00000150995,ITPR1,0.004619748183558772,0,0,0,0,0,0.037995674850726316,0
ENSG00000269526,ERVV-1,0.004619748183558772,0,0,0,0,0,0.037995674850726316,0
ENSG00000034152,MAP2K3,0.004619748183558772,0,0,0,0,0,0.037995674850726316,0
ENSG00000111452,ADGRD1,0.004619748183558772,0,0,0,0,0,0.037995674850726316,0
ENSG00000150637,CD226,0.004619748183558772,0,0,0,0,0,0.037995674850726316,0
ENSG00000186951,PPARA,0.004619748183558772,0,0,0,0,0,0.037995674850726316,0
ENSG00000099985,OSM,0.004619748183558772,0,0,0,0,0,0.037995674850726316,0
ENSG00000179598,PLD6,0.004619748183558772,0,0,0,0,0,0.037995674850726316,0
ENSG00000118004,COLEC11,0.004619748183558772,0,0,0,0,0,0.037995674850726316,0
ENSG00000161544,CYGB,0.004619748183558772,0,0,0,0,0,0.037995674850726316,0
ENSG00000179915,NRXN1,0.004619748183558772,0,0,0,0,0,0.037995674850726316,0
ENSG00000125498,KIR2DL1,0.004619748183558772,0,0,0,0,0,0.037995674850726316,0
ENSG00000159403,C1R,0.004619748183558772,0,0,0,0,0,0.037995674850726316,0
ENSG00000198492,YTHDF2,0.004619748183558772,0,0,0,0,0,0.037995674850726316,0
ENSG00000131471,AOC3,0.004619748183558772,0,0,0,0,0,0.037995674850726316,0
ENSG00000111424,VDR,0.004599215969409622,0,0,0,0,0,0.03782680518472309,0
ENSG00000118785,SPP1,0.004599215969409622,0,0,0,0,0,0.03782680518472309,0
ENSG00000182326,C1S,0.004599215969409622,0,0,0,0,0,0.03782680518472309,0
ENSG00000170734,POLH,0.004506821005738447,0,0,0,0,0,0.03706689168770857,0
ENSG00000184113,CLDN5,0.004496554898663872,0,0,0,0,0,0.03698245685470695,0
ENSG00000028137,TNFRSF1B,0.004434958256216422,0,0,0,0,0,0.03647584785669727,0
ENSG00000102974,CTCF,0.004434958256216422,0,0,0,0,0,0.03647584785669727,0
ENSG00000240972,MIF,0.004434958256216422,0,0,0,0,0,0.03647584785669727,0
ENSG00000139370,SLC15A4,0.004434958256216422,0,0,0,0,0,0.03647584785669727,0
ENSG00000213927,CCL27,0.004434958256216422,0,0,0,0,0,0.03647584785669727,0
ENSG00000154589,LY96,0.0044349582562164215,0,0,0,0,0,0.03647584785669726,0
ENSG00000158748,HTR6,0.0044349582562164215,0,0,0,0,0,0.03647584785669726,0
ENSG00000168830,HTR1E,0.0044349582562164215,0,0,0,0,0,0.03647584785669726,0
ENSG00000156103,MMP16,0.0044349582562164215,0,0,0,0,0,0.03647584785669726,0
ENSG00000185338,SOCS1,0.0044349582562164215,0,0,0,0,0,0.03647584785669726,0
ENSG00000154767,XPC,0.0044349582562164215,0,0,0,0,0,0.03647584785669726,0
ENSG00000147955,SIGMAR1,0.0044349582562164215,0,0,0,0,0,0.03647584785669726,0
ENSG00000163220,S100A9,0.0044349582562164215,0,0,0,0,0,0.03647584785669726,0
ENSG00000108946,PRKAR1A,0.0044349582562164215,0,0,0,0,0,0.03647584785669726,0
ENSG00000167984,NLRC3,0.0044349582562164215,0,0,0,0,0,0.03647584785669726,0
ENSG00000096968,JAK2,0.0044349582562164215,0,0,0,0,0,0.03647584785669726,0
ENSG00000141736,ERBB2,0.0044349582562164215,0,0,0,0,0,0.03647584785669726,0
ENSG00000153814,JAZF1,0.0044349582562164215,0,0,0,0,0,0.03647584785669726,0
ENSG00000106683,LIMK1,0.0044349582562164215,0,0,0,0,0,0.03647584785669726,0
ENSG00000149305,HTR3B,0.0044349582562164215,0,0,0,0,0,0.03647584785669726,0
ENSG00000162909,CAPN2,0.0044349582562164215,0,0,0,0,0,0.03647584785669726,0
ENSG00000126878,AIF1L,0.0044349582562164215,0,0,0,0,0,0.03647584785669726,0
ENSG00000135525,MAP7,0.0044349582562164215,0,0,0,0,0,0.03647584785669726,0
ENSG00000148926,ADM,0.0044349582562164215,0,0,0,0,0,0.03647584785669726,0
ENSG00000089199,CHGB,0.0044349582562164215,0,0,0,0,0,0.03647584785669726,0
ENSG00000059573,ALDH18A1,0.0044349582562164215,0,0,0,0,0,0.03647584785669726,0
ENSG00000135914,HTR2B,0.0044349582562164215,0,0,0,0,0,0.03647584785669726,0
ENSG00000095713,CRTAC1,0.0044349582562164215,0,0,0,0,0,0.03647584785669726,0
ENSG00000070031,SCT,0.0044349582562164215,0,0,0,0,0,0.03647584785669726,0
ENSG00000148680,HTR7,0.0044349582562164215,0,0,0,0,0,0.03647584785669726,0
ENSG00000138798,EGF,0.0044349582562164215,0,0,0,0,0,0.03647584785669726,0
ENSG00000131467,PSME3,0.0044349582562164215,0,0,0,0,0,0.03647584785669726,0
ENSG00000156471,PTDSS1,0.0044349582562164215,0,0,0,0,0,0.03647584785669726,0
ENSG00000135077,HAVCR2,0.0044349582562164215,0,0,0,0,0,0.03647584785669726,0
ENSG00000147601,TERF1,0.0044349582562164215,0,0,0,0,0,0.03647584785669726,0
ENSG00000110063,DCPS,0.0044349582562164215,0,0,0,0,0,0.03647584785669726,0
ENSG00000187848,P2RX2,0.0044349582562164215,0,0,0,0,0,0.03647584785669726,0
ENSG00000253365,IGKV1D-22,0.0044349582562164215,0,0,0,0,0,0.03647584785669726,0
ENSG00000198959,TGM2,0.0044349582562164215,0,0,0,0,0,0.03647584785669726,0
ENSG00000169174,PCSK9,0.0044349582562164215,0,0,0,0,0,0.03647584785669726,0
ENSG00000125166,GOT2,0.0044349582562164215,0,0,0,0,0,0.03647584785669726,0
ENSG00000101158,NELFCD,0.0044349582562164215,0,0,0,0,0,0.03647584785669726,0
ENSG00000102265,TIMP1,0.0044144260420672715,0,0,0,0,0,0.03630697819069404,0
ENSG00000130600,H19,0.0044144260420672715,0,0,0,0,0,0.03630697819069404,0
ENSG00000172724,CCL19,0.004322031078396096,0,0,0,0,0,0.03554706469367951,0
ENSG00000160181,TFF2,0.0042501683288740716,0,0,0,0,0,0.03495602086266821,0
ENSG00000124508,BTN2A2,0.0042501683288740716,0,0,0,0,0,0.03495602086266821,0
ENSG00000000971,CFH,0.0042501683288740716,0,0,0,0,0,0.03495602086266821,0
ENSG00000174059,CD34,0.0042501683288740716,0,0,0,0,0,0.03495602086266821,0
ENSG00000138756,BMP2K,0.0042501683288740716,0,0,0,0,0,0.03495602086266821,0
ENSG00000145725,PPIP5K2,0.0042501683288740716,0,0,0,0,0,0.03495602086266821,0
ENSG00000198001,IRAK4,0.0042501683288740716,0,0,0,0,0,0.03495602086266821,0
ENSG00000165841,CYP2C19,0.0042501683288740716,0,0,0,0,0,0.03495602086266821,0
ENSG00000066336,SPI1,0.0042501683288740716,0,0,0,0,0,0.03495602086266821,0
ENSG00000113384,GOLPH3,0.004229636114724921,0,0,0,0,0,0.034787151196664985,0
ENSG00000140525,FANCI,0.004229636114724921,0,0,0,0,0,0.034787151196664985,0
ENSG00000139687,RB1,0.004229636114724921,0,0,0,0,0,0.034787151196664985,0
ENSG00000167460,TPM4,0.00406537840153172,0,0,0,0,0,0.03343619386863916,0
ENSG00000166913,YWHAB,0.00406537840153172,0,0,0,0,0,0.03343619386863916,0
ENSG00000136689,IL1RN,0.00406537840153172,0,0,0,0,0,0.03343619386863916,0
ENSG00000166598,HSP90B1,0.00406537840153172,0,0,0,0,0,0.03343619386863916,0
ENSG00000171236,LRG1,0.00406537840153172,0,0,0,0,0,0.03343619386863916,0
ENSG00000128245,YWHAH,0.00406537840153172,0,0,0,0,0,0.03343619386863916,0
ENSG00000204936,CD177,0.00406537840153172,0,0,0,0,0,0.03343619386863916,0
ENSG00000124875,CXCL6,0.00406537840153172,0,0,0,0,0,0.03343619386863916,0
ENSG00000143870,PDIA6,0.00406537840153172,0,0,0,0,0,0.03343619386863916,0
ENSG00000120885,CLU,0.00406537840153172,0,0,0,0,0,0.03343619386863916,0
ENSG00000175197,DDIT3,0.00406537840153172,0,0,0,0,0,0.03343619386863916,0
ENSG00000196218,RYR1,0.00406537840153172,0,0,0,0,0,0.03343619386863916,0
ENSG00000130816,DNMT1,0.00406537840153172,0,0,0,0,0,0.03343619386863916,0
ENSG00000108064,TFAM,0.00406537840153172,0,0,0,0,0,0.03343619386863916,0
ENSG00000214548,MEG3,0.00406537840153172,0,0,0,0,0,0.03343619386863916,0
ENSG00000138594,TMOD3,0.00406537840153172,0,0,0,0,0,0.03343619386863916,0
ENSG00000163513,TGFBR2,0.00406537840153172,0,0,0,0,0,0.03343619386863916,0
ENSG00000175899,A2M,0.00406537840153172,0,0,0,0,0,0.03343619386863916,0
ENSG00000138398,PPIG,0.00406537840153172,0,0,0,0,0,0.03343619386863916,0
ENSG00000181847,TIGIT,0.00406537840153172,0,0,0,0,0,0.03343619386863916,0
ENSG00000164885,CDK5,0.00406537840153172,0,0,0,0,0,0.03343619386863916,0
ENSG00000126218,F10,0.00406537840153172,0,0,0,0,0,0.03343619386863916,0
ENSG00000010671,BTK,0.00406537840153172,0,0,0,0,0,0.03343619386863916,0
ENSG00000171720,HDAC3,0.00406537840153172,0,0,0,0,0,0.03343619386863916,0
ENSG00000196154,S100A4,0.00406537840153172,0,0,0,0,0,0.03343619386863916,0
ENSG00000102683,SGCG,0.00406537840153172,0,0,0,0,0,0.03343619386863916,0
ENSG00000170027,YWHAG,0.00406537840153172,0,0,0,0,0,0.03343619386863916,0
ENSG00000010278,CD9,0.00406537840153172,0,0,0,0,0,0.03343619386863916,0
ENSG00000112343,TRIM38,0.00406537840153172,0,0,0,0,0,0.03343619386863916,0
ENSG00000152894,PTPRK,0.00406537840153172,0,0,0,0,0,0.03343619386863916,0
ENSG00000164924,YWHAZ,0.00406537840153172,0,0,0,0,0,0.03343619386863916,0
ENSG00000114867,EIF4G1,0.00402431397323342,0,0,0,0,0,0.0330984545366327,0
ENSG00000067369,TP53BP1,0.00393937788341205,0,0,0,0,0,0.0323998874451557,0
ENSG00000108312,UBTF,0.0036957985468470188,0,0,0,0,0,0.030396539880581056,0
ENSG00000172264,MACROD2,0.0036957985468470188,0,0,0,0,0,0.030396539880581056,0
ENSG00000211455,STK38L,0.0036957985468470188,0,0,0,0,0,0.030396539880581056,0
ENSG00000196139,AKR1C3,0.0036957985468470188,0,0,0,0,0,0.030396539880581056,0
ENSG00000127241,MASP1,0.0036957985468470188,0,0,0,0,0,0.030396539880581056,0
ENSG00000131236,CAP1,0.0036957985468470188,0,0,0,0,0,0.030396539880581056,0
ENSG00000085491,SLC25A24,0.0036957985468470188,0,0,0,0,0,0.030396539880581056,0
ENSG00000184588,PDE4B,0.0036957985468470188,0,0,0,0,0,0.030396539880581056,0
ENSG00000120708,TGFBI,0.0036957985468470188,0,0,0,0,0,0.030396539880581056,0
ENSG00000233975,LINC02574,0.0036957985468470188,0,0,0,0,0,0.030396539880581056,0
ENSG00000128272,ATF4,0.0036957985468470188,0,0,0,0,0,0.030396539880581056,0
ENSG00000104972,LILRB1,0.0036957985468470188,0,0,0,0,0,0.030396539880581056,0
ENSG00000115602,IL33R,0.0036957985468470188,0,0,0,0,0,0.030396539880581056,0
ENSG00000130304,SLC27A1,0.0036957985468470188,0,0,0,0,0,0.030396539880581056,0
ENSG00000133110,POSTN,0.0036957985468470188,0,0,0,0,0,0.030396539880581056,0
ENSG00000122691,TWIST1,0.0036957985468470188,0,0,0,0,0,0.030396539880581056,0
ENSG00000008130,NADK,0.0036957985468470188,0,0,0,0,0,0.030396539880581056,0
ENSG00000167772,ANGPTL4,0.0036957985468470188,0,0,0,0,0,0.030396539880581056,0
ENSG00000054796,SPO11,0.0036957985468470188,0,0,0,0,0,0.030396539880581056,0
ENSG00000123908,AGO2,0.0036957985468470188,0,0,0,0,0,0.030396539880581056,0
ENSG00000005421,PON1,0.0036957985468470188,0,0,0,0,0,0.030396539880581056,0
ENSG00000186847,KRT14,0.0036957985468470188,0,0,0,0,0,0.030396539880581056,0
ENSG00000126777,KTN1,0.0036957985468470188,0,0,0,0,0,0.030396539880581056,0
ENSG00000149260,CAPN5,0.0036957985468470188,0,0,0,0,0,0.030396539880581056,0
ENSG00000259261,IGHV4OR15-8,0.0036957985468470188,0,0,0,0,0,0.030396539880581056,0
ENSG00000169248,CXCL11,0.0036957985468470188,0,0,0,0,0,0.030396539880581056,0
ENSG00000134744,TUT4,0.0036957985468470188,0,0,0,0,0,0.030396539880581056,0
ENSG00000148965,SAA4,0.0036957985468470188,0,0,0,0,0,0.030396539880581056,0
ENSG00000169432,SCN9A,0.0036957985468470188,0,0,0,0,0,0.030396539880581056,0
ENSG00000165819,METTL3,0.0036957985468470188,0,0,0,0,0,0.030396539880581056,0
ENSG00000106948,AKNA,0.0036957985468470188,0,0,0,0,0,0.030396539880581056,0
ENSG00000166482,MFAP4,0.0036957985468470188,0,0,0,0,0,0.030396539880581056,0
ENSG00000134339,SAA2,0.0036957985468470188,0,0,0,0,0,0.030396539880581056,0
ENSG00000130561,SAG,0.0036957985468470188,0,0,0,0,0,0.030396539880581056,0
ENSG00000166558,SLC38A8,0.0036957985468470188,0,0,0,0,0,0.030396539880581056,0
ENSG00000095002,MSH2,0.0036957985468470188,0,0,0,0,0,0.030396539880581056,0
ENSG00000115956,PLEK,0.0036957985468470188,0,0,0,0,0,0.030396539880581056,0
ENSG00000185483,ROR1,0.0036957985468470188,0,0,0,0,0,0.030396539880581056,0
ENSG00000114353,GNAI2,0.0036957985468470188,0,0,0,0,0,0.030396539880581056,0
ENSG00000163751,CPA3,0.0036957985468470188,0,0,0,0,0,0.030396539880581056,0
ENSG00000151882,CCL28,0.0036957985468470188,0,0,0,0,0,0.030396539880581056,0
ENSG00000123561,SERPINA7,0.0036957985468470188,0,0,0,0,0,0.030396539880581056,0
ENSG00000131196,NFATC1,0.0036957985468470188,0,0,0,0,0,0.030396539880581056,0
ENSG00000144152,FBLN7,0.0036957985468470188,0,0,0,0,0,0.030396539880581056,0
ENSG00000047188,YTHDC2,0.0036957985468470188,0,0,0,0,0,0.030396539880581056,0
ENSG00000108854,SMURF2,0.0036957985468470188,0,0,0,0,0,0.030396539880581056,0
ENSG00000159189,C1QC,0.0036957985468470188,0,0,0,0,0,0.030396539880581056,0
ENSG00000036672,USP2,0.0036957985468470188,0,0,0,0,0,0.030396539880581056,0
ENSG00000164778,EN2,0.0036957985468470188,0,0,0,0,0,0.030396539880581056,0
ENSG00000080910,CFHR2,0.0036957985468470188,0,0,0,0,0,0.030396539880581056,0
ENSG00000154760,SLFN13,0.0036957985468470188,0,0,0,0,0,0.030396539880581056,0
ENSG00000101846,STS,0.0036957985468470188,0,0,0,0,0,0.030396539880581056,0
ENSG00000012504,NR1H4,0.0036957985468470188,0,0,0,0,0,0.030396539880581056,0
ENSG00000180772,AGTR2,0.0036957985468470188,0,0,0,0,0,0.030396539880581056,0
ENSG00000197594,ENPP1,0.0036957985468470188,0,0,0,0,0,0.030396539880581056,0
ENSG00000135316,SYNCRIP,0.0036957985468470188,0,0,0,0,0,0.030396539880581056,0
ENSG00000131844,MCCC2,0.0036957985468470188,0,0,0,0,0,0.030396539880581056,0
ENSG00000113318,MSH3,0.0036957985468470188,0,0,0,0,0,0.030396539880581056,0
ENSG00000161533,ACOX1,0.0036957985468470188,0,0,0,0,0,0.030396539880581056,0
ENSG00000110987,BCL7A,0.0036957985468470188,0,0,0,0,0,0.030396539880581056,0
ENSG00000132518,GUCY2D,0.0036957985468470188,0,0,0,0,0,0.030396539880581056,0
ENSG00000158481,CD1C,0.0036957985468470188,0,0,0,0,0,0.030396539880581056,0
ENSG00000188313,PLSCR1,0.0036957985468470188,0,0,0,0,0,0.030396539880581056,0
ENSG00000105357,MYH14,0.0036957985468470188,0,0,0,0,0,0.030396539880581056,0
ENSG00000177426,TGIF1,0.0036957985468470188,0,0,0,0,0,0.030396539880581056,0
ENSG00000166226,CCT2,0.0036957985468470188,0,0,0,0,0,0.030396539880581056,0
ENSG00000257727,CNPY2,0.0036957985468470188,0,0,0,0,0,0.030396539880581056,0
ENSG00000174807,CD248,0.0036957985468470188,0,0,0,0,0,0.030396539880581056,0
ENSG00000146070,PLA2G7,0.0036957985468470188,0,0,0,0,0,0.030396539880581056,0
ENSG00000118777,ABCG2,0.0036957985468470188,0,0,0,0,0,0.030396539880581056,0
ENSG00000104325,DECR1,0.0036957985468470188,0,0,0,0,0,0.030396539880581056,0
ENSG00000165409,TSHR,0.0036957985468470188,0,0,0,0,0,0.030396539880581056,0
ENSG00000132622,HSPA12B,0.0036957985468470188,0,0,0,0,0,0.030396539880581056,0
ENSG00000259207,ITGB3,0.0036957985468470188,0,0,0,0,0,0.030396539880581056,0
ENSG00000135372,NAT10,0.0036957985468470188,0,0,0,0,0,0.030396539880581056,0
ENSG00000167657,DAPK3,0.0036957985468470188,0,0,0,0,0,0.030396539880581056,0
ENSG00000095739,BAMBI,0.0036957985468470188,0,0,0,0,0,0.030396539880581056,0
ENSG00000204257,HLA-DMA,0.0036957985468470188,0,0,0,0,0,0.030396539880581056,0
ENSG00000112964,GHR,0.0036957985468470188,0,0,0,0,0,0.030396539880581056,0
ENSG00000242019,KIR3DL3,0.0036957985468470188,0,0,0,0,0,0.030396539880581056,0
ENSG00000067798,NAV3,0.0036957985468470188,0,0,0,0,0,0.030396539880581056,0
ENSG00000100889,PCK2,0.0036957985468470188,0,0,0,0,0,0.030396539880581056,0
ENSG00000156261,CCT8,0.0036957985468470188,0,0,0,0,0,0.030396539880581056,0
ENSG00000204843,DCTN1,0.0036957985468470188,0,0,0,0,0,0.030396539880581056,0
ENSG00000145681,HAPLN1,0.0036957985468470188,0,0,0,0,0,0.030396539880581056,0
ENSG00000102760,RGCC,0.0036957985468470188,0,0,0,0,0,0.030396539880581056,0
ENSG00000006756,ARSD,0.0036957985468470188,0,0,0,0,0,0.030396539880581056,0
ENSG00000115419,GLS,0.0036957985468470188,0,0,0,0,0,0.030396539880581056,0
ENSG00000159217,IGF2BP1,0.0036957985468470188,0,0,0,0,0,0.030396539880581056,0
ENSG00000165731,RET,0.0036957985468470188,0,0,0,0,0,0.030396539880581056,0
ENSG00000211900,IGHJ6,0.0036957985468470188,0,0,0,0,0,0.030396539880581056,0
ENSG00000108953,YWHAE,0.0036957985468470188,0,0,0,0,0,0.030396539880581056,0
ENSG00000125779,PANK2,0.0036957985468470188,0,0,0,0,0,0.030396539880581056,0
ENSG00000166501,PRKCB,0.0036957985468470188,0,0,0,0,0,0.030396539880581056,0
ENSG00000109132,PHOX2B,0.0036957985468470188,0,0,0,0,0,0.030396539880581056,0
ENSG00000118473,SGIP1,0.0036957985468470188,0,0,0,0,0,0.030396539880581056,0
ENSG00000138378,STAT4,0.0036957985468470188,0,0,0,0,0,0.030396539880581056,0
ENSG00000178878,APOLD1,0.0036957985468470188,0,0,0,0,0,0.030396539880581056,0
ENSG00000044524,EPHA3,0.0036957985468470188,0,0,0,0,0,0.030396539880581056,0
ENSG00000157766,ACAN,0.0036957985468470188,0,0,0,0,0,0.030396539880581056,0
ENSG00000129214,SHBG,0.0036957985468470188,0,0,0,0,0,0.030396539880581056,0
ENSG00000006625,GGCT,0.0036957985468470188,0,0,0,0,0,0.030396539880581056,0
ENSG00000083896,YTHDC1,0.0036957985468470188,0,0,0,0,0,0.030396539880581056,0
ENSG00000163565,IFI16,0.0036957985468470188,0,0,0,0,0,0.030396539880581056,0
ENSG00000167281,RBFOX3,0.0036957985468470188,0,0,0,0,0,0.030396539880581056,0
ENSG00000136457,CHAD,0.0036957985468470188,0,0,0,0,0,0.030396539880581056,0
ENSG00000153406,NMRAL1,0.0036957985468470188,0,0,0,0,0,0.030396539880581056,0
ENSG00000212710,CTAGE1,0.0036957985468470188,0,0,0,0,0,0.030396539880581056,0
ENSG00000213366,GSTM2,0.0036957985468470188,0,0,0,0,0,0.030396539880581056,0
ENSG00000154736,ADAMTS5,0.0036957985468470188,0,0,0,0,0,0.030396539880581056,0
ENSG00000168310,IRF2,0.0036957985468470188,0,0,0,0,0,0.030396539880581056,0
ENSG00000221869,CEBPD,0.0036957985468470188,0,0,0,0,0,0.030396539880581056,0
ENSG00000198898,CAPZA2,0.0036957985468470188,0,0,0,0,0,0.030396539880581056,0
ENSG00000119669,IRF2BPL,0.0036957985468470188,0,0,0,0,0,0.030396539880581056,0
ENSG00000104331,BPNT2,0.0036957985468470188,0,0,0,0,0,0.030396539880581056,0
ENSG00000123728,RAP2C,0.0036957985468470188,0,0,0,0,0,0.030396539880581056,0
ENSG00000141753,IGFBP4,0.0036957985468470188,0,0,0,0,0,0.030396539880581056,0
ENSG00000139178,C1RL,0.0036957985468470188,0,0,0,0,0,0.030396539880581056,0
ENSG00000126759,CFP,0.0036957985468470188,0,0,0,0,0,0.030396539880581056,0
ENSG00000115963,RND3,0.0036957985468470188,0,0,0,0,0,0.030396539880581056,0
ENSG00000152556,PFKM,0.0036957985468470188,0,0,0,0,0,0.030396539880581056,0
ENSG00000032444,PNPLA6,0.0036957985468470188,0,0,0,0,0,0.030396539880581056,0
ENSG00000136231,IGF2BP3,0.0036957985468470188,0,0,0,0,0,0.030396539880581056,0
ENSG00000179295,PTPN11,0.0036957985468470188,0,0,0,0,0,0.030396539880581056,0
ENSG00000120948,TARDBP,0.0036957985468470188,0,0,0,0,0,0.030396539880581056,0
ENSG00000118217,ATF6,0.0036957985468470188,0,0,0,0,0,0.030396539880581056,0
ENSG00000120438,TCP1,0.0036957985468470188,0,0,0,0,0,0.030396539880581056,0
ENSG00000170323,FABP4,0.0036957985468470188,0,0,0,0,0,0.030396539880581056,0
ENSG00000129152,MYOD1,0.0036957985468470188,0,0,0,0,0,0.030396539880581056,0
ENSG00000148300,REXO4,0.0036957985468470188,0,0,0,0,0,0.030396539880581056,0
ENSG00000129170,CSRP3,0.0036957985468470188,0,0,0,0,0,0.030396539880581056,0
ENSG00000137809,ITGA11,0.0036957985468470188,0,0,0,0,0,0.030396539880581056,0
ENSG00000169442,CD52,0.0036957985468470188,0,0,0,0,0,0.030396539880581056,0
ENSG00000081181,ARG2,0.0036957985468470188,0,0,0,0,0,0.030396539880581056,0
ENSG00000115457,IGFBP2,0.0036957985468470188,0,0,0,0,0,0.030396539880581056,0
ENSG00000159224,GIP,0.0036957985468470188,0,0,0,0,0,0.030396539880581056,0
ENSG00000104879,CKM,0.0036957985468470188,0,0,0,0,0,0.030396539880581056,0
ENSG00000072736,NFATC3,0.0036957985468470188,0,0,0,0,0,0.030396539880581056,0
ENSG00000155744,HYCC2,0.0036957985468470188,0,0,0,0,0,0.030396539880581056,0
ENSG00000173369,C1QB,0.0036957985468470188,0,0,0,0,0,0.030396539880581056,0
ENSG00000152217,SETBP1,0.0036957985468470188,0,0,0,0,0,0.030396539880581056,0
ENSG00000163781,TOPBP1,0.0036957985468470188,0,0,0,0,0,0.030396539880581056,0
ENSG00000153246,PLA2R1,0.0036957985468470188,0,0,0,0,0,0.030396539880581056,0
ENSG00000211896,IGHG1,0.0036957985468470188,0,0,0,0,0,0.030396539880581056,0
ENSG00000168356,SCN11A,0.0036957985468470188,0,0,0,0,0,0.030396539880581056,0
ENSG00000109501,WFS1,0.0036957985468470188,0,0,0,0,0,0.030396539880581056,0
ENSG00000198734,F5,0.0036957985468470188,0,0,0,0,0,0.030396539880581056,0
ENSG00000232307,DAOA-AS1,0.0036957985468470188,0,0,0,0,0,0.030396539880581056,0
ENSG00000163702,IL17RC,0.0036957985468470188,0,0,0,0,0,0.030396539880581056,0
ENSG00000117152,RGS4,0.0036957985468470188,0,0,0,0,0,0.030396539880581056,0
ENSG00000131808,FSHB,0.0036957985468470188,0,0,0,0,0,0.030396539880581056,0
ENSG00000102409,BEX4,0.0036957985468470188,0,0,0,0,0,0.030396539880581056,0
ENSG00000163541,SUCLG1,0.0036957985468470188,0,0,0,0,0,0.030396539880581056,0
ENSG00000165527,ARF6,0.0036957985468470188,0,0,0,0,0,0.030396539880581056,0
ENSG00000197912,SPG7,0.0036957985468470188,0,0,0,0,0,0.030396539880581056,0
ENSG00000128422,KRT17,0.0036957985468470188,0,0,0,0,0,0.030396539880581056,0
ENSG00000121057,AKAP1,0.0036957985468470188,0,0,0,0,0,0.030396539880581056,0
ENSG00000196776,CD47,0.0036957985468470188,0,0,0,0,0,0.030396539880581056,0
ENSG00000170525,PFKFB3,0.0036957985468470188,0,0,0,0,0,0.030396539880581056,0
ENSG00000170956,CEACAM3,0.0036957985468470188,0,0,0,0,0,0.030396539880581056,0
ENSG00000176915,ANKLE2,0.0036957985468470188,0,0,0,0,0,0.030396539880581056,0
ENSG00000115866,DARS1,0.0036957985468470188,0,0,0,0,0,0.030396539880581056,0
ENSG00000090857,PDPR,0.0036957985468470188,0,0,0,0,0,0.030396539880581056,0
ENSG00000117009,KMO,0.0036957985468470188,0,0,0,0,0,0.030396539880581056,0
ENSG00000185728,YTHDF3,0.0036957985468470188,0,0,0,0,0,0.030396539880581056,0
ENSG00000148180,GSN,0.0036957985468470188,0,0,0,0,0,0.030396539880581056,0
ENSG00000112339,HBS1L,0.0036957985468470188,0,0,0,0,0,0.030396539880581056,0
ENSG00000175189,INHBC,0.0036957985468470188,0,0,0,0,0,0.030396539880581056,0
ENSG00000196230,TUBB,0.0036957985468470188,0,0,0,0,0,0.030396539880581056,0
ENSG00000137642,SORL1,0.0036957985468470188,0,0,0,0,0,0.030396539880581056,0
ENSG00000109743,BST1,0.0036957985468470188,0,0,0,0,0,0.030396539880581056,0
ENSG00000164919,COX6C,0.0036957985468470188,0,0,0,0,0,0.030396539880581056,0
ENSG00000158966,CACHD1,0.0036957985468470188,0,0,0,0,0,0.030396539880581056,0
ENSG00000147117,ZNF157,0.0036957985468470188,0,0,0,0,0,0.030396539880581056,0
ENSG00000150753,CCT5,0.0036957985468470188,0,0,0,0,0,0.030396539880581056,0
ENSG00000103522,IL21R,0.0036957985468470188,0,0,0,0,0,0.030396539880581056,0
ENSG00000178607,ERN1,0.0036957985468470188,0,0,0,0,0,0.030396539880581056,0
ENSG00000189195,BTBD8,0.0036957985468470188,0,0,0,0,0,0.030396539880581056,0
ENSG00000160883,HK3,0.0036957985468470188,0,0,0,0,0,0.030396539880581056,0
ENSG00000185905,C16orf54,0.0036957985468470188,0,0,0,0,0,0.030396539880581056,0
ENSG00000067057,PFKP,0.0036957985468470188,0,0,0,0,0,0.030396539880581056,0
ENSG00000204287,HLA-DRA,0.0036957985468470188,0,0,0,0,0,0.030396539880581056,0
ENSG00000170465,KRT6C,0.0036957985468470188,0,0,0,0,0,0.030396539880581056,0
ENSG00000183690,EFHC2,0.0036957985468470188,0,0,0,0,0,0.030396539880581056,0
ENSG00000065534,MYLK,0.0036957985468470188,0,0,0,0,0,0.030396539880581056,0
ENSG00000274736,CCL23,0.0036957985468470188,0,0,0,0,0,0.030396539880581056,0
ENSG00000071564,TCF3,0.0036957985468470188,0,0,0,0,0,0.030396539880581056,0
ENSG00000117091,CD48,0.0036957985468470188,0,0,0,0,0,0.030396539880581056,0
ENSG00000162772,ATF3,0.0036957985468470188,0,0,0,0,0,0.030396539880581056,0
ENSG00000173391,OLR1,0.0036957985468470188,0,0,0,0,0,0.030396539880581056,0
ENSG00000138675,FGF5,0.0036957985468470188,0,0,0,0,0,0.030396539880581056,0
ENSG00000159399,HK2,0.0036957985468470188,0,0,0,0,0,0.030396539880581056,0
ENSG00000119048,UBE2B,0.0036957985468470188,0,0,0,0,0,0.030396539880581056,0
ENSG00000213281,NRAS,0.0036957985468470188,0,0,0,0,0,0.030396539880581056,0
ENSG00000163581,SLC2A2,0.0036957985468470188,0,0,0,0,0,0.030396539880581056,0
ENSG00000090447,TFAP4,0.0036957985468470188,0,0,0,0,0,0.030396539880581056,0
ENSG00000205403,CFI,0.0036957985468470188,0,0,0,0,0,0.030396539880581056,0
ENSG00000011405,PIK3C2A,0.0036957985468470188,0,0,0,0,0,0.030396539880581056,0
ENSG00000166250,CLMP,0.0036957985468470188,0,0,0,0,0,0.030396539880581056,0
ENSG00000113905,HRG,0.0036957985468470188,0,0,0,0,0,0.030396539880581056,0
ENSG00000105698,USF2,0.0036957985468470188,0,0,0,0,0,0.030396539880581056,0
ENSG00000164056,SPRY1,0.0036957985468470188,0,0,0,0,0,0.030396539880581056,0
ENSG00000132692,BCAN,0.0036957985468470188,0,0,0,0,0,0.030396539880581056,0
ENSG00000144895,EIF2A,0.0036957985468470188,0,0,0,0,0,0.030396539880581056,0
ENSG00000109101,FOXN1,0.0036957985468470188,0,0,0,0,0,0.030396539880581056,0
ENSG00000107105,ELAVL2,0.0036957985468470188,0,0,0,0,0,0.030396539880581056,0
ENSG00000104921,FCER2,0.0036957985468470188,0,0,0,0,0,0.030396539880581056,0
ENSG00000127824,TUBA4A,0.0036957985468470188,0,0,0,0,0,0.030396539880581056,0
ENSG00000115474,KCNJ13,0.0036957985468470188,0,0,0,0,0,0.030396539880581056,0
ENSG00000138772,ANXA3,0.0036957985468470188,0,0,0,0,0,0.030396539880581056,0
ENSG00000122641,INHBA,0.0036957985468470188,0,0,0,0,0,0.030396539880581056,0
ENSG00000196074,SYCP2,0.0036957985468470188,0,0,0,0,0,0.030396539880581056,0
ENSG00000121152,NCAPH,0.0036957985468470188,0,0,0,0,0,0.030396539880581056,0
ENSG00000005961,ITGA2B,0.0036957985468470188,0,0,0,0,0,0.030396539880581056,0
ENSG00000114302,PRKAR2A,0.0036957985468470188,0,0,0,0,0,0.030396539880581056,0
ENSG00000084636,COL16A1,0.0036957985468470188,0,0,0,0,0,0.030396539880581056,0
ENSG00000242574,HLA-DMB,0.0036957985468470188,0,0,0,0,0,0.030396539880581056,0
ENSG00000171049,FPR2,0.0036957985468470188,0,0,0,0,0,0.030396539880581056,0
ENSG00000197894,ADH5,0.0036957985468470188,0,0,0,0,0,0.030396539880581056,0
ENSG00000123689,G0S2,0.0036957985468470188,0,0,0,0,0,0.030396539880581056,0
ENSG00000132122,SPATA6,0.0036957985468470188,0,0,0,0,0,0.030396539880581056,0
ENSG00000134917,ADAMTS8,0.0036957985468470188,0,0,0,0,0,0.030396539880581056,0
ENSG00000198502,HLA-DRB5,0.0036957985468470188,0,0,0,0,0,0.030396539880581056,0
ENSG00000112214,FHL5,0.0036957985468470188,0,0,0,0,0,0.030396539880581056,0
ENSG00000135535,CD164,0.0036957985468470188,0,0,0,0,0,0.030396539880581056,0
ENSG00000101160,CTSZ,0.0036957985468470188,0,0,0,0,0,0.030396539880581056,0
ENSG00000188229,TUBB4B,0.0036957985468470188,0,0,0,0,0,0.030396539880581056,0
ENSG00000069956,MAPK6,0.0036957985468470188,0,0,0,0,0,0.030396539880581056,0
ENSG00000166349,RAG1,0.0036957985468470188,0,0,0,0,0,0.030396539880581056,0
ENSG00000111669,TPI1,0.0036957985468470188,0,0,0,0,0,0.030396539880581056,0
ENSG00000162747,FCGR3B,0.0036957985468470188,0,0,0,0,0,0.030396539880581056,0
ENSG00000165029,ABCA1,0.0036957985468470188,0,0,0,0,0,0.030396539880581056,0
ENSG00000198931,APRT,0.0036957985468470188,0,0,0,0,0,0.030396539880581056,0
ENSG00000083457,ITGAE,0.0036957985468470188,0,0,0,0,0,0.030396539880581056,0
ENSG00000100425,BRD1,0.0036957985468470188,0,0,0,0,0,0.030396539880581056,0
ENSG00000189013,KIR2DL4,0.0036957985468470188,0,0,0,0,0,0.030396539880581056,0
ENSG00000161031,PGLYRP2,0.0036957985468470188,0,0,0,0,0,0.030396539880581056,0
ENSG00000170558,CDH2,0.0036957985468470188,0,0,0,0,0,0.030396539880581056,0
ENSG00000174125,TLR1,0.0036957985468470188,0,0,0,0,0,0.030396539880581056,0
ENSG00000092841,MYL6,0.0036957985468470188,0,0,0,0,0,0.030396539880581056,0
ENSG00000064309,CDON,0.0036957985468470188,0,0,0,0,0,0.030396539880581056,0
ENSG00000133636,NTS,0.0036957985468470188,0,0,0,0,0,0.030396539880581056,0
ENSG00000143387,CTSK,0.0036957985468470188,0,0,0,0,0,0.030396539880581056,0
ENSG00000118094,TREH,0.0036957985468470188,0,0,0,0,0,0.030396539880581056,0
ENSG00000164023,SGMS2,0.0036957985468470188,0,0,0,0,0,0.030396539880581056,0
ENSG00000164211,STARD4,0.0036957985468470188,0,0,0,0,0,0.030396539880581056,0
ENSG00000172216,CEBPB,0.0036957985468470188,0,0,0,0,0,0.030396539880581056,0
ENSG00000137834,SMAD6,0.0036957985468470188,0,0,0,0,0,0.030396539880581056,0
ENSG00000121680,PEX16,0.0036957985468470188,0,0,0,0,0,0.030396539880581056,0
ENSG00000070950,RAD18,0.0036957985468470188,0,0,0,0,0,0.030396539880581056,0
ENSG00000099860,GADD45B,0.0036957985468470188,0,0,0,0,0,0.030396539880581056,0
ENSG00000186350,RXRA,0.0036957985468470188,0,0,0,0,0,0.030396539880581056,0
ENSG00000004776,HSPB6,0.0036957985468470188,0,0,0,0,0,0.030396539880581056,0
ENSG00000122861,PLAU,0.0036957985468470188,0,0,0,0,0,0.030396539880581056,0
ENSG00000057657,PRDM1,0.0036957985468470188,0,0,0,0,0,0.030396539880581056,0
ENSG00000166278,C2,0.0036957985468470188,0,0,0,0,0,0.030396539880581056,0
ENSG00000140451,PIF1,0.0036957985468470188,0,0,0,0,0,0.030396539880581056,0
ENSG00000231389,HLA-DPA1,0.0036957985468470188,0,0,0,0,0,0.030396539880581056,0
ENSG00000104957,YJU2B,0.0036957985468470188,0,0,0,0,0,0.030396539880581056,0
ENSG00000106100,NOD1,0.0036957985468470188,0,0,0,0,0,0.030396539880581056,0
ENSG00000196562,SULF2,0.0036957985468470188,0,0,0,0,0,0.030396539880581056,0
ENSG00000169604,ANTXR1,0.0036957985468470188,0,0,0,0,0,0.030396539880581056,0
ENSG00000090512,FETUB,0.0036957985468470188,0,0,0,0,0,0.030396539880581056,0
ENSG00000136160,EDNRB,0.0036957985468470188,0,0,0,0,0,0.030396539880581056,0
ENSG00000128285,MCHR1,0.0036957985468470188,0,0,0,0,0,0.030396539880581056,0
ENSG00000100219,XBP1,0.0036957985468470188,0,0,0,0,0,0.030396539880581056,0
ENSG00000198589,LRBA,0.0036957985468470188,0,0,0,0,0,0.030396539880581056,0
ENSG00000129167,TPH1,0.0036957985468470188,0,0,0,0,0,0.030396539880581056,0
ENSG00000160161,CILP2,0.0036957985468470188,0,0,0,0,0,0.030396539880581056,0
ENSG00000175084,DES,0.0036957985468470188,0,0,0,0,0,0.030396539880581056,0
ENSG00000154229,PRKCA,0.0036957985468470188,0,0,0,0,0,0.030396539880581056,0
ENSG00000183785,TUBA8,0.0036957985468470188,0,0,0,0,0,0.030396539880581056,0
ENSG00000124216,SNAI1,0.0036957985468470188,0,0,0,0,0,0.030396539880581056,0
ENSG00000140798,ABCC12,0.0036957985468470188,0,0,0,0,0,0.030396539880581056,0
ENSG00000165704,HPRT1,0.0036957985468470188,0,0,0,0,0,0.030396539880581056,0
ENSG00000205213,LGR4,0.0036957985468470188,0,0,0,0,0,0.030396539880581056,0
ENSG00000112195,TREML2,0.0036957985468470188,0,0,0,0,0,0.030396539880581056,0
ENSG00000237110,TAAR9,0.0036957985468470188,0,0,0,0,0,0.030396539880581056,0
ENSG00000131142,CCL25,0.0036957985468470188,0,0,0,0,0,0.030396539880581056,0
ENSG00000149131,SERPING1,0.0036957985468470188,0,0,0,0,0,0.030396539880581056,0
ENSG00000260314,MRC1,0.003675266332697868,0,0,0,0,0,0.030227670214577826,0
ENSG00000015413,DPEP1,0.003675266332697868,0,0,0,0,0,0.030227670214577826,0
ENSG00000154727,GABPA,0.003675266332697868,0,0,0,0,0,0.030227670214577826,0
ENSG00000049246,PER3,0.0035110086195046675,0,0,0,0,0,0.028876712886552,0
ENSG00000114026,OGG1,0.003326218692162316,0,0,0,0,0,0.02735688589252295,0
ENSG00000151694,ADAM17,0.003326218692162316,0,0,0,0,0,0.02735688589252295,0
ENSG00000116815,CD58,0.003326218692162316,0,0,0,0,0,0.02735688589252295,0
ENSG00000173786,CNP,0.003326218692162316,0,0,0,0,0,0.02735688589252295,0
ENSG00000130368,MAS1,0.003326218692162316,0,0,0,0,0,0.02735688589252295,0
ENSG00000171885,AQP4,0.003326218692162316,0,0,0,0,0,0.02735688589252295,0
ENSG00000114013,CD86,0.003326218692162316,0,0,0,0,0,0.02735688589252295,0
ENSG00000128564,VGF,0.003326218692162316,0,0,0,0,0,0.02735688589252295,0
ENSG00000079999,KEAP1,0.003326218692162316,0,0,0,0,0,0.02735688589252295,0
ENSG00000196136,SERPINA3,0.003326218692162316,0,0,0,0,0,0.02735688589252295,0
ENSG00000141568,FOXK2,0.003326218692162316,0,0,0,0,0,0.02735688589252295,0
ENSG00000118702,GHRH,0.003326218692162316,0,0,0,0,0,0.02735688589252295,0
ENSG00000163644,PPM1K,0.0029566388374776143,0,0,0,0,0,0.024317231904464845,0
ENSG00000111275,ALDH2,0.0029566388374776143,0,0,0,0,0,0.024317231904464845,0
ENSG00000206503,HLA-A,0.0029566388374776143,0,0,0,0,0,0.024317231904464845,0
ENSG00000162434,JAK1,0.0029566388374776143,0,0,0,0,0,0.024317231904464845,0
ENSG00000183117,CSMD1,0.0029566388374776143,0,0,0,0,0,0.024317231904464845,0
ENSG00000173267,SNCG,0.0029566388374776143,0,0,0,0,0,0.024317231904464845,0
ENSG00000168924,LETM1,0.0029566388374776143,0,0,0,0,0,0.024317231904464845,0
ENSG00000149136,SSRP1,0.0029566388374776143,0,0,0,0,0,0.024317231904464845,0
ENSG00000198900,TOP1,0.0029566388374776143,0,0,0,0,0,0.024317231904464845,0
ENSG00000144852,NR1I2,0.0029566388374776143,0,0,0,0,0,0.024317231904464845,0
ENSG00000005339,CREBBP,0.0029566388374776143,0,0,0,0,0,0.024317231904464845,0
ENSG00000165646,SLC18A2,0.0029566388374776143,0,0,0,0,0,0.024317231904464845,0
ENSG00000039537,C6,0.0029566388374776143,0,0,0,0,0,0.024317231904464845,0
ENSG00000109787,KLF3,0.0029566388374776143,0,0,0,0,0,0.024317231904464845,0
ENSG00000166411,IDH3A,0.0029566388374776143,0,0,0,0,0,0.024317231904464845,0
ENSG00000134760,DSG1,0.0029566388374776143,0,0,0,0,0,0.024317231904464845,0
ENSG00000105852,PON3,0.0029566388374776143,0,0,0,0,0,0.024317231904464845,0
ENSG00000175595,ERCC4,0.0029566388374776143,0,0,0,0,0,0.024317231904464845,0
ENSG00000092201,SUPT16H,0.0029566388374776143,0,0,0,0,0,0.024317231904464845,0
ENSG00000198183,BPIFA1,0.0029566388374776143,0,0,0,0,0,0.024317231904464845,0
ENSG00000107738,VSIR,0.0029566388374776143,0,0,0,0,0,0.024317231904464845,0
ENSG00000125753,VASP,0.0029566388374776143,0,0,0,0,0,0.024317231904464845,0
ENSG00000206341,HLA-H,0.0029566388374776143,0,0,0,0,0,0.024317231904464845,0
ENSG00000170430,MGMT,0.0029566388374776143,0,0,0,0,0,0.024317231904464845,0
ENSG00000176463,SLCO3A1,0.0029566388374776143,0,0,0,0,0,0.024317231904464845,0
ENSG00000204475,NCR3,0.0029566388374776143,0,0,0,0,0,0.024317231904464845,0
ENSG00000142748,FCN3,0.0029566388374776143,0,0,0,0,0,0.024317231904464845,0
ENSG00000183625,CCR3,0.0029566388374776143,0,0,0,0,0,0.024317231904464845,0
ENSG00000234829,IFNA17,0.0029566388374776143,0,0,0,0,0,0.024317231904464845,0
ENSG00000138138,ATAD1,0.0029566388374776143,0,0,0,0,0,0.024317231904464845,0
ENSG00000167815,PRDX2,0.0029566388374776143,0,0,0,0,0,0.024317231904464845,0
ENSG00000140945,CDH13,0.0029566388374776143,0,0,0,0,0,0.024317231904464845,0
ENSG00000134954,ETS1,0.0029566388374776143,0,0,0,0,0,0.024317231904464845,0
ENSG00000151655,ITIH2,0.0029566388374776143,0,0,0,0,0,0.024317231904464845,0
ENSG00000101966,XIAP,0.0029566388374776143,0,0,0,0,0,0.024317231904464845,0
ENSG00000012061,ERCC1,0.0029566388374776143,0,0,0,0,0,0.024317231904464845,0
ENSG00000176014,TUBB6,0.0029566388374776143,0,0,0,0,0,0.024317231904464845,0
ENSG00000254051,ENSG00000254051,0.0029566388374776143,0,0,0,0,0,0.024317231904464845,0
ENSG00000102962,CCL22,0.0029566388374776143,0,0,0,0,0,0.024317231904464845,0
ENSG00000166454,ATMIN,0.0029566388374776143,0,0,0,0,0,0.024317231904464845,0
ENSG00000127947,PTPN12,0.0029566388374776143,0,0,0,0,0,0.024317231904464845,0
ENSG00000251605,ENSG00000251605,0.0029566388374776143,0,0,0,0,0,0.024317231904464845,0
ENSG00000168509,HJV,0.0029566388374776143,0,0,0,0,0,0.024317231904464845,0
ENSG00000136167,LCP1,0.0029566388374776143,0,0,0,0,0,0.024317231904464845,0
ENSG00000310469,HLA-H,0.0029566388374776143,0,0,0,0,0,0.024317231904464845,0
ENSG00000145675,PIK3R1,0.0029566388374776143,0,0,0,0,0,0.024317231904464845,0
ENSG00000105185,PDCD5,0.0029566388374776143,0,0,0,0,0,0.024317231904464845,0
ENSG00000164283,ESM1,0.0029566388374776143,0,0,0,0,0,0.024317231904464845,0
ENSG00000130164,LDLR,0.0029566388374776143,0,0,0,0,0,0.024317231904464845,0
ENSG00000109846,CRYAB,0.0029566388374776143,0,0,0,0,0,0.024317231904464845,0
ENSG00000164047,CAMP,0.0029566388374776143,0,0,0,0,0,0.024317231904464845,0
ENSG00000110324,IL10RA,0.0029566388374776143,0,0,0,0,0,0.024317231904464845,0
ENSG00000278540,ACACA,0.0029566388374776143,0,0,0,0,0,0.024317231904464845,0
ENSG00000152208,GRID2,0.0029361066233284643,0,0,0,0,0,0.024148362238461615,0
ENSG00000132326,PER2,0.0029361066233284643,0,0,0,0,0,0.024148362238461615,0
ENSG00000126861,OMG,0.0029361066233284643,0,0,0,0,0,0.024148362238461615,0
ENSG00000101439,CST3,0.002902844436406841,0,0,0,0,0,0.023874793379536387,0
ENSG00000106991,ENG,0.002771848910135263,0,0,0,0,0,0.02279740491043579,0
ENSG00000157404,KIT,0.002771848910135263,0,0,0,0,0,0.02279740491043579,0
ENSG00000069667,RORA,0.002771848910135263,0,0,0,0,0,0.02279740491043579,0
ENSG00000165238,WNK2,0.002751316695986113,0,0,0,0,0,0.02262853524443256,0
ENSG00000112486,CCR6,0.002751316695986113,0,0,0,0,0,0.02262853524443256,0
ENSG00000133424,LARGE1,0.002751316695986113,0,0,0,0,0,0.02262853524443256,0
ENSG00000197386,HTT,0.0025870589827929123,0,0,0,0,0,0.021277577916406734,0
ENSG00000198732,SMOC1,0.0025870589827929123,0,0,0,0,0,0.021277577916406734,0
ENSG00000171786,NHLH1,0.0025870589827929123,0,0,0,0,0,0.021277577916406734,0
ENSG00000116030,SUMO1,0.0025870589827929123,0,0,0,0,0,0.021277577916406734,0
ENSG00000185532,PRKG1,0.0025870589827929123,0,0,0,0,0,0.021277577916406734,0
ENSG00000240583,AQP1,0.0025870589827929123,0,0,0,0,0,0.021277577916406734,0
ENSG00000167850,CD300C,0.0025870589827929123,0,0,0,0,0,0.021277577916406734,0
ENSG00000261272,MUC22,0.0025870589827929123,0,0,0,0,0,0.021277577916406734,0
ENSG00000258947,TUBB3,0.0025870589827929123,0,0,0,0,0,0.021277577916406734,0
ENSG00000092853,CLSPN,0.0025870589827929123,0,0,0,0,0,0.021277577916406734,0
ENSG00000171560,FGA,0.0025870589827929123,0,0,0,0,0,0.021277577916406734,0
ENSG00000164733,CTSB,0.0025870589827929123,0,0,0,0,0,0.021277577916406734,0
ENSG00000118513,MYB,0.0025870589827929123,0,0,0,0,0,0.021277577916406734,0
ENSG00000144810,COL8A1,0.0025870589827929123,0,0,0,0,0,0.021277577916406734,0
ENSG00000102837,OLFM4,0.0025870589827929123,0,0,0,0,0,0.021277577916406734,0
ENSG00000163884,KLF15,0.0022174791281082107,0,0,0,0,0,0.01823792392834863,0
ENSG00000121853,GHSR,0.0022174791281082107,0,0,0,0,0,0.01823792392834863,0
ENSG00000067082,KLF6,0.0022174791281082107,0,0,0,0,0,0.01823792392834863,0
ENSG00000172915,NBEA,0.0022174791281082107,0,0,0,0,0,0.01823792392834863,0
ENSG00000174130,TLR6,0.0022174791281082107,0,0,0,0,0,0.01823792392834863,0
ENSG00000179526,SHARPIN,0.0022174791281082107,0,0,0,0,0,0.01823792392834863,0
ENSG00000136273,HUS1,0.0022174791281082107,0,0,0,0,0,0.01823792392834863,0
ENSG00000145014,TMEM44,0.0022174791281082107,0,0,0,0,0,0.01823792392834863,0
ENSG00000111206,FOXM1,0.0022174791281082107,0,0,0,0,0,0.01823792392834863,0
ENSG00000078902,TOLLIP,0.0022174791281082107,0,0,0,0,0,0.01823792392834863,0
ENSG00000151929,BAG3,0.0022174791281082107,0,0,0,0,0,0.01823792392834863,0
ENSG00000178473,UCN3,0.0022174791281082107,0,0,0,0,0,0.01823792392834863,0
ENSG00000109625,CPZ,0.0022174791281082107,0,0,0,0,0,0.01823792392834863,0
ENSG00000152061,RABGAP1L,0.0022174791281082107,0,0,0,0,0,0.01823792392834863,0
ENSG00000137411,VARS2,0.0022174791281082107,0,0,0,0,0,0.01823792392834863,0
ENSG00000036448,MYOM2,0.0022174791281082107,0,0,0,0,0,0.01823792392834863,0
ENSG00000159339,PADI4,0.0022174791281082107,0,0,0,0,0,0.01823792392834863,0
ENSG00000047597,XK,0.0022174791281082107,0,0,0,0,0,0.01823792392834863,0
ENSG00000145040,UCN2,0.0022174791281082107,0,0,0,0,0,0.01823792392834863,0
ENSG00000101194,SLC17A9,0.0022174791281082107,0,0,0,0,0,0.01823792392834863,0
ENSG00000101076,HNF4A,0.0022174791281082107,0,0,0,0,0,0.01823792392834863,0
ENSG00000102678,FGF9,0.0022174791281082107,0,0,0,0,0,0.01823792392834863,0
ENSG00000147100,SLC16A2,0.0022174791281082107,0,0,0,0,0,0.01823792392834863,0
ENSG00000078098,FAP,0.0022174791281082107,0,0,0,0,0,0.01823792392834863,0
ENSG00000176887,SOX11,0.0022174791281082107,0,0,0,0,0,0.01823792392834863,0
ENSG00000077984,CST7,0.0022174791281082107,0,0,0,0,0,0.01823792392834863,0
ENSG00000196260,SFTA2,0.0022174791281082107,0,0,0,0,0,0.01823792392834863,0
ENSG00000174130,TLR6,0.0022174791281082107,0,0,0,0,0,0.01823792392834863,0
ENSG00000170276,HSPB2,0.0022174791281082107,0,0,0,0,0,0.01823792392834863,0
ENSG00000163884,KLF15,0.0022174791281082107,0,0,0,0,0,0.01823792392834863,0
ENSG00000123384,LRP1,0.0022174791281082107,0,0,0,0,0,0.01823792392834863,0
ENSG00000171812,COL8A2,0.0022174791281082107,0,0,0,0,0,0.01823792392834863,0
ENSG00000136383,ALPK3,0.0022174791281082107,0,0,0,0,0,0.01823792392834863,0
ENSG00000196781,TLE1,0.0022174791281082107,0,0,0,0,0,0.01823792392834863,0
ENSG00000111087,GLI1,0.0022174791281082107,0,0,0,0,0,0.01823792392834863,0
ENSG00000120057,SFRP5,0.0022174791281082107,0,0,0,0,0,0.01823792392834863,0
ENSG00000143799,PARP1,0.0022174791281082107,0,0,0,0,0,0.01823792392834863,0
ENSG00000108405,P2RX1,0.0022174791281082107,0,0,0,0,0,0.01823792392834863,0
ENSG00000064012,CASP8,0.0022174791281082107,0,0,0,0,0,0.01823792392834863,0
ENSG00000171992,SYNPO,0.0022174791281082107,0,0,0,0,0,0.01823792392834863,0
ENSG00000164082,GRM2,0.0022174791281082107,0,0,0,0,0,0.01823792392834863,0
ENSG00000186827,TNFRSF4,0.0022174791281082107,0,0,0,0,0,0.01823792392834863,0
ENSG00000188906,LRRK2,0.0022174791281082107,0,0,0,0,0,0.01823792392834863,0
ENSG00000178473,UCN3,0.0022174791281082107,0,0,0,0,0,0.01823792392834863,0
ENSG00000127928,GNGT1,0.0022174791281082107,0,0,0,0,0,0.01823792392834863,0
ENSG00000111206,FOXM1,0.0022174791281082107,0,0,0,0,0,0.01823792392834863,0
ENSG00000242808,SOX2-OT,0.0022174791281082107,0,0,0,0,0,0.01823792392834863,0
ENSG00000152061,RABGAP1L,0.0022174791281082107,0,0,0,0,0,0.01823792392834863,0
ENSG00000178295,GEN1,0.0022174791281082107,0,0,0,0,0,0.01823792392834863,0
ENSG00000169554,ZEB2,0.0022174791281082107,0,0,0,0,0,0.01823792392834863,0
ENSG00000187323,DCC,0.0022174791281082107,0,0,0,0,0,0.01823792392834863,0
ENSG00000129538,RNASE1,0.0022174791281082107,0,0,0,0,0,0.01823792392834863,0
ENSG00000126803,HSPA2,0.0022174791281082107,0,0,0,0,0,0.01823792392834863,0
ENSG00000134318,ROCK2,0.0022174791281082107,0,0,0,0,0,0.01823792392834863,0
ENSG00000120899,PTK2B,0.0022174791281082107,0,0,0,0,0,0.01823792392834863,0
ENSG00000067082,KLF6,0.0022174791281082107,0,0,0,0,0,0.01823792392834863,0
ENSG00000121853,GHSR,0.0022174791281082107,0,0,0,0,0,0.01823792392834863,0
ENSG00000068024,HDAC4,0.0022174791281082107,0,0,0,0,0,0.01823792392834863,0
ENSG00000150672,DLG2,0.0022174791281082107,0,0,0,0,0,0.01823792392834863,0
ENSG00000135047,CTSL,0.0022174791281082107,0,0,0,0,0,0.01823792392834863,0
ENSG00000012048,BRCA1,0.0022174791281082107,0,0,0,0,0,0.01823792392834863,0
ENSG00000101144,BMP7,0.0022174791281082107,0,0,0,0,0,0.01823792392834863,0
ENSG00000204580,DDR1,0.0022174791281082107,0,0,0,0,0,0.01823792392834863,0
ENSG00000142507,PSMB6,0.0022174791281082107,0,0,0,0,0,0.01823792392834863,0
ENSG00000168631,MUCL3,0.0022174791281082107,0,0,0,0,0,0.01823792392834863,0
ENSG00000187094,CCK,0.0022174791281082107,0,0,0,0,0,0.01823792392834863,0
ENSG00000258366,RTEL1,0.0022174791281082107,0,0,0,0,0,0.01823792392834863,0
ENSG00000244734,HBB,0.0022174791281082107,0,0,0,0,0,0.01823792392834863,0
ENSG00000165462,PHOX2A,0.0022174791281082107,0,0,0,0,0,0.01823792392834863,0
ENSG00000106588,PSMA2,0.0022174791281082107,0,0,0,0,0,0.01823792392834863,0
ENSG00000053918,KCNQ1,0.0022174791281082107,0,0,0,0,0,0.01823792392834863,0
ENSG00000169306,IL1RAPL1,0.0022174791281082107,0,0,0,0,0,0.01823792392834863,0
ENSG00000113368,LMNB1,0.0022174791281082107,0,0,0,0,0,0.01823792392834863,0
ENSG00000172977,KAT5,0.0022174791281082107,0,0,0,0,0,0.01823792392834863,0
ENSG00000185920,PTCH1,0.0022174791281082107,0,0,0,0,0,0.01823792392834863,0
ENSG00000075043,KCNQ2,0.0022174791281082107,0,0,0,0,0,0.01823792392834863,0
ENSG00000151929,BAG3,0.0022174791281082107,0,0,0,0,0,0.01823792392834863,0
ENSG00000103266,STUB1,0.0022174791281082107,0,0,0,0,0,0.01823792392834863,0
ENSG00000182185,RAD51B,0.0022174791281082107,0,0,0,0,0,0.01823792392834863,0
ENSG00000149596,JPH2,0.0022174791281082107,0,0,0,0,0,0.01823792392834863,0
ENSG00000233016,SNHG7,0.0022174791281082107,0,0,0,0,0,0.01823792392834863,0
ENSG00000068305,MEF2A,0.0022174791281082107,0,0,0,0,0,0.01823792392834863,0
ENSG00000172020,GAP43,0.0022174791281082107,0,0,0,0,0,0.01823792392834863,0
ENSG00000172915,NBEA,0.0022174791281082107,0,0,0,0,0,0.01823792392834863,0
ENSG00000078902,TOLLIP,0.0022174791281082107,0,0,0,0,0,0.01823792392834863,0
ENSG00000180198,RCC1,0.0022174791281082107,0,0,0,0,0,0.01823792392834863,0
ENSG00000145014,TMEM44,0.0022174791281082107,0,0,0,0,0,0.01823792392834863,0
ENSG00000213780,GTF2H4,0.0022174791281082107,0,0,0,0,0,0.01823792392834863,0
ENSG00000140718,FTO,0.0022174791281082107,0,0,0,0,0,0.01823792392834863,0
ENSG00000136273,HUS1,0.0022174791281082107,0,0,0,0,0,0.01823792392834863,0
ENSG00000140853,NLRC5,0.0022174791281082107,0,0,0,0,0,0.01823792392834863,0
ENSG00000143631,FLG,0.0022174791281082107,0,0,0,0,0,0.01823792392834863,0
ENSG00000140968,IRF8,0.0022174791281082107,0,0,0,0,0,0.01823792392834863,0
ENSG00000109625,CPZ,0.0022174791281082107,0,0,0,0,0,0.01823792392834863,0
ENSG00000159339,PADI4,0.0022174791281082107,0,0,0,0,0,0.01823792392834863,0
ENSG00000112658,SRF,0.0022174791281082107,0,0,0,0,0,0.01823792392834863,0
ENSG00000221890,NPTXR,0.0022174791281082107,0,0,0,0,0,0.01823792392834863,0
ENSG00000068976,PYGM,0.0022174791281082107,0,0,0,0,0,0.01823792392834863,0
ENSG00000100311,PDGFB,0.0022174791281082107,0,0,0,0,0,0.01823792392834863,0
ENSG00000169727,GPS1,0.0022174791281082107,0,0,0,0,0,0.01823792392834863,0
ENSG00000164251,F2RL1,0.0022174791281082107,0,0,0,0,0,0.01823792392834863,0
ENSG00000112164,GLP1R,0.0022174791281082107,0,0,0,0,0,0.01823792392834863,0
ENSG00000131043,AAR2,0.0022174791281082107,0,0,0,0,0,0.01823792392834863,0
ENSG00000154864,PIEZO2,0.0022174791281082107,0,0,0,0,0,0.01823792392834863,0
ENSG00000280634,THRIL,0.0022174791281082107,0,0,0,0,0,0.01823792392834863,0
ENSG00000137203,TFAP2A,0.0022174791281082107,0,0,0,0,0,0.01823792392834863,0
ENSG00000011304,PTBP1,0.0022174791281082107,0,0,0,0,0,0.01823792392834863,0
ENSG00000163221,S100A12,0.0022174791281082107,0,0,0,0,0,0.01823792392834863,0
ENSG00000198899,MT-ATP6,0.0022174791281082107,0,0,0,0,0,0.01823792392834863,0
ENSG00000106462,EZH2,0.0018478992734235094,0,0,0,0,0,0.015198269940290528,0
ENSG00000112149,CD83,0.0018478992734235094,0,0,0,0,0,0.015198269940290528,0
ENSG00000176171,BNIP3,0.0018478992734235094,0,0,0,0,0,0.015198269940290528,0
ENSG00000171223,JUNB,0.0018478992734235094,0,0,0,0,0,0.015198269940290528,0
ENSG00000132646,PCNA,0.0018478992734235094,0,0,0,0,0,0.015198269940290528,0
ENSG00000067182,TNFRSF1A,0.0018478992734235094,0,0,0,0,0,0.015198269940290528,0
ENSG00000087494,PTHLH,0.0018478992734235094,0,0,0,0,0,0.015198269940290528,0
ENSG00000125740,FOSB,0.0018478992734235094,0,0,0,0,0,0.015198269940290528,0
ENSG00000163131,CTSS,0.0018478992734235094,0,0,0,0,0,0.015198269940290528,0
ENSG00000162551,ALPL,0.0018478992734235094,0,0,0,0,0,0.015198269940290528,0
ENSG00000150593,PDCD4,0.0018478992734235094,0,0,0,0,0,0.015198269940290528,0
ENSG00000137265,IRF4,0.0018478992734235094,0,0,0,0,0,0.015198269940290528,0
ENSG00000115091,ACTR3,0.0018478992734235094,0,0,0,0,0,0.015198269940290528,0
ENSG00000123416,TUBA1B,0.0018478992734235094,0,0,0,0,0,0.015198269940290528,0
ENSG00000205592,MUC19,0.0018478992734235094,0,0,0,0,0,0.015198269940290528,0
ENSG00000005073,HOXA11,0.0018478992734235094,0,0,0,0,0,0.015198269940290528,0
ENSG00000173692,PSMD1,0.0018478992734235094,0,0,0,0,0,0.015198269940290528,0
ENSG00000089159,PXN,0.0018478992734235094,0,0,0,0,0,0.015198269940290528,0
ENSG00000130830,MPP1,0.0014783194187388072,0,0,0,0,0,0.012158615952232422,0
ENSG00000159899,NPR2,0.0014783194187388072,0,0,0,0,0,0.012158615952232422,0
ENSG00000044446,PHKA2,0.0014783194187388072,0,0,0,0,0,0.012158615952232422,0
ENSG00000103257,SLC7A5,0.0014783194187388072,0,0,0,0,0,0.012158615952232422,0
ENSG00000102970,CCL17,0.0014783194187388072,0,0,0,0,0,0.012158615952232422,0
ENSG00000166224,SGPL1,0.0014783194187388072,0,0,0,0,0,0.012158615952232422,0
ENSG00000145321,GC,0.0014783194187388072,0,0,0,0,0,0.012158615952232422,0
ENSG00000137074,APTX,0.0014783194187388072,0,0,0,0,0,0.012158615952232422,0
ENSG00000211905,IGHJ1,0.0014783194187388072,0,0,0,0,0,0.012158615952232422,0
ENSG00000196405,EVL,0.0014783194187388072,0,0,0,0,0,0.012158615952232422,0
ENSG00000123143,PKN1,0.0014783194187388072,0,0,0,0,0,0.012158615952232422,0
ENSG00000142867,BCL10,0.0014783194187388072,0,0,0,0,0,0.012158615952232422,0
ENSG00000164808,SPIDR,0.0014783194187388072,0,0,0,0,0,0.012158615952232422,0
ENSG00000137693,YAP1,0.0014783194187388072,0,0,0,0,0,0.012158615952232422,0
ENSG00000115607,IL18RAP,0.0014783194187388072,0,0,0,0,0,0.012158615952232422,0
ENSG00000177302,TOP3A,0.0014783194187388072,0,0,0,0,0,0.012158615952232422,0
ENSG00000165197,VEGFD,0.0014783194187388072,0,0,0,0,0,0.012158615952232422,0
ENSG00000113360,DROSHA,0.0014783194187388072,0,0,0,0,0,0.012158615952232422,0
ENSG00000006451,RALA,0.0014783194187388072,0,0,0,0,0,0.012158615952232422,0
ENSG00000138166,DUSP5,0.0014783194187388072,0,0,0,0,0,0.012158615952232422,0
ENSG00000198727,MT-CYB,0.0014783194187388072,0,0,0,0,0,0.012158615952232422,0
ENSG00000052802,MSMO1,0.0014783194187388072,0,0,0,0,0,0.012158615952232422,0
ENSG00000108702,CCL1,0.0014783194187388072,0,0,0,0,0,0.012158615952232422,0
ENSG00000111199,TRPV4,0.0014783194187388072,0,0,0,0,0,0.012158615952232422,0
ENSG00000167749,KLK4,0.0014783194187388072,0,0,0,0,0,0.012158615952232422,0
ENSG00000129465,RIPK3,0.0014783194187388072,0,0,0,0,0,0.012158615952232422,0
ENSG00000036473,OTC,0.0014783194187388072,0,0,0,0,0,0.012158615952232422,0
ENSG00000144674,GOLGA4,0.0014783194187388072,0,0,0,0,0,0.012158615952232422,0
ENSG00000166147,FBN1,0.0014783194187388072,0,0,0,0,0,0.012158615952232422,0
ENSG00000171564,FGB,0.0014783194187388072,0,0,0,0,0,0.012158615952232422,0
ENSG00000154146,NRGN,0.0014783194187388072,0,0,0,0,0,0.012158615952232422,0
ENSG00000169710,FASN,0.0014783194187388072,0,0,0,0,0,0.012158615952232422,0
ENSG00000204632,HLA-G,0.0014783194187388072,0,0,0,0,0,0.012158615952232422,0
ENSG00000197576,HOXA4,0.0014783194187388072,0,0,0,0,0,0.012158615952232422,0
ENSG00000117281,CD160,0.0014783194187388072,0,0,0,0,0,0.012158615952232422,0
ENSG00000115816,CEBPZ,0.0014783194187388072,0,0,0,0,0,0.012158615952232422,0
ENSG00000138741,TRPC3,0.0014783194187388072,0,0,0,0,0,0.012158615952232422,0
ENSG00000109861,CTSC,0.0014783194187388072,0,0,0,0,0,0.012158615952232422,0
ENSG00000137077,CCL21,0.0014783194187388072,0,0,0,0,0,0.012158615952232422,0
ENSG00000164458,TBXT,0.0014783194187388072,0,0,0,0,0,0.012158615952232422,0
ENSG00000066468,FGFR2,0.0014783194187388072,0,0,0,0,0,0.012158615952232422,0
ENSG00000163295,ALPI,0.0014783194187388072,0,0,0,0,0,0.012158615952232422,0
ENSG00000163823,CCR1,0.0014783194187388072,0,0,0,0,0,0.012158615952232422,0
ENSG00000091542,ALKBH5,0.0014783194187388072,0,0,0,0,0,0.012158615952232422,0
ENSG00000156219,ART3,0.0014783194187388072,0,0,0,0,0,0.012158615952232422,0
ENSG00000166816,LDHD,0.0014783194187388072,0,0,0,0,0,0.012158615952232422,0
ENSG00000145147,SLIT2,0.0014783194187388072,0,0,0,0,0,0.012158615952232422,0
ENSG00000134545,KLRC1,0.0014783194187388072,0,0,0,0,0,0.012158615952232422,0
ENSG00000181019,NQO1,0.0014783194187388072,0,0,0,0,0,0.012158615952232422,0
ENSG00000188130,MAPK12,0.0014783194187388072,0,0,0,0,0,0.012158615952232422,0
ENSG00000169756,LIMS1,0.0014783194187388072,0,0,0,0,0,0.012158615952232422,0
ENSG00000214026,MRPL23,0.0014783194187388072,0,0,0,0,0,0.012158615952232422,0
ENSG00000124493,GRM4,0.0014783194187388072,0,0,0,0,0,0.012158615952232422,0
ENSG00000197632,SERPINB2,0.0014783194187388072,0,0,0,0,0,0.012158615952232422,0
ENSG00000240498,CDKN2B-AS1,0.0014783194187388072,0,0,0,0,0,0.012158615952232422,0
ENSG00000134160,TRPM1,0.0014783194187388072,0,0,0,0,0,0.012158615952232422,0
ENSG00000159110,IFNAR2,0.0014783194187388072,0,0,0,0,0,0.012158615952232422,0
ENSG00000189060,H1-0,0.0014783194187388072,0,0,0,0,0,0.012158615952232422,0
ENSG00000204209,DAXX,0.0014783194187388072,0,0,0,0,0,0.012158615952232422,0
ENSG00000039123,MTREX,0.0014783194187388072,0,0,0,0,0,0.012158615952232422,0
ENSG00000167635,ZNF146,0.0014783194187388072,0,0,0,0,0,0.012158615952232422,0
ENSG00000167193,CRK,0.0014783194187388072,0,0,0,0,0,0.012158615952232422,0
ENSG00000145284,SCD5,0.0014783194187388072,0,0,0,0,0,0.012158615952232422,0
ENSG00000094631,HDAC6,0.0014783194187388072,0,0,0,0,0,0.012158615952232422,0
ENSG00000134817,APLNR,0.0014783194187388072,0,0,0,0,0,0.012158615952232422,0
ENSG00000164647,STEAP1,0.0014783194187388072,0,0,0,0,0,0.012158615952232422,0
ENSG00000134061,CD180,0.0014783194187388072,0,0,0,0,0,0.012158615952232422,0
ENSG00000102081,FMR1,0.0014783194187388072,0,0,0,0,0,0.012158615952232422,0
ENSG00000236637,IFNA4,0.0014783194187388072,0,0,0,0,0,0.012158615952232422,0
ENSG00000196365,LONP1,0.0014783194187388072,0,0,0,0,0,0.012158615952232422,0
ENSG00000153029,MR1,0.0014783194187388072,0,0,0,0,0,0.012158615952232422,0
ENSG00000113522,RAD50,0.0014783194187388072,0,0,0,0,0,0.012158615952232422,0
ENSG00000133048,CHI3L1,0.0014783194187388072,0,0,0,0,0,0.012158615952232422,0
ENSG00000196502,SULT1A1,0.0014783194187388072,0,0,0,0,0,0.012158615952232422,0
ENSG00000123066,MED13L,0.0014783194187388072,0,0,0,0,0,0.012158615952232422,0
ENSG00000143401,ANP32E,0.0014783194187388072,0,0,0,0,0,0.012158615952232422,0
ENSG00000198542,ITGBL1,0.0014783194187388072,0,0,0,0,0,0.012158615952232422,0
ENSG00000112394,SLC16A10,0.0014783194187388072,0,0,0,0,0,0.012158615952232422,0
ENSG00000175104,TRAF6,0.0014783194187388072,0,0,0,0,0,0.012158615952232422,0
ENSG00000143933,CALM2,0.0014783194187388072,0,0,0,0,0,0.012158615952232422,0
ENSG00000104814,MAP4K1,0.0014783194187388072,0,0,0,0,0,0.012158615952232422,0
ENSG00000115541,HSPE1,0.0014783194187388072,0,0,0,0,0,0.012158615952232422,0
ENSG00000169169,CPT1C,0.0014783194187388072,0,0,0,0,0,0.012158615952232422,0
ENSG00000070831,CDC42,0.0014783194187388072,0,0,0,0,0,0.012158615952232422,0
ENSG00000236597,IGHD7-27,0.0014783194187388072,0,0,0,0,0,0.012158615952232422,0
ENSG00000072518,MARK2,0.0014783194187388072,0,0,0,0,0,0.012158615952232422,0
ENSG00000077549,CAPZB,0.0014783194187388072,0,0,0,0,0,0.012158615952232422,0
ENSG00000183258,DDX41,0.0014783194187388072,0,0,0,0,0,0.012158615952232422,0
ENSG00000072401,UBE2D1,0.0014783194187388072,0,0,0,0,0,0.012158615952232422,0
ENSG00000180353,HCLS1,0.0014783194187388072,0,0,0,0,0,0.012158615952232422,0
ENSG00000147403,RPL10,0.0014783194187388072,0,0,0,0,0,0.012158615952232422,0
ENSG00000146592,CREB5,0.0014783194187388072,0,0,0,0,0,0.012158615952232422,0
ENSG00000083093,PALB2,0.0014783194187388072,0,0,0,0,0,0.012158615952232422,0
ENSG00000014641,MDH1,0.0014783194187388072,0,0,0,0,0,0.012158615952232422,0
ENSG00000133794,BMAL1,0.0014783194187388072,0,0,0,0,0,0.012158615952232422,0
ENSG00000160856,FCRL3,0.0014783194187388072,0,0,0,0,0,0.012158615952232422,0
ENSG00000104320,NBN,0.0014783194187388072,0,0,0,0,0,0.012158615952232422,0
ENSG00000171503,ETFDH,0.0014783194187388072,0,0,0,0,0,0.012158615952232422,0
ENSG00000071054,MAP4K4,0.0014783194187388072,0,0,0,0,0,0.012158615952232422,0
ENSG00000175164,ABO,0.0014783194187388072,0,0,0,0,0,0.012158615952232422,0
ENSG00000185897,FFAR3,0.0014783194187388072,0,0,0,0,0,0.012158615952232422,0
ENSG00000185624,P4HB,0.0014783194187388072,0,0,0,0,0,0.012158615952232422,0
ENSG00000162704,ARPC5,0.0014783194187388072,0,0,0,0,0,0.012158615952232422,0
ENSG00000143125,PROK1,0.0014783194187388072,0,0,0,0,0,0.012158615952232422,0
ENSG00000100604,CHGA,0.0014783194187388072,0,0,0,0,0,0.012158615952232422,0
ENSG00000119715,ESRRB,0.0014783194187388072,0,0,0,0,0,0.012158615952232422,0
ENSG00000099308,MAST3,0.0014783194187388072,0,0,0,0,0,0.012158615952232422,0
ENSG00000239900,ADSL,0.0014783194187388072,0,0,0,0,0,0.012158615952232422,0
ENSG00000167085,PHB1,0.0014783194187388072,0,0,0,0,0,0.012158615952232422,0
ENSG00000142082,SIRT3,0.0014783194187388072,0,0,0,0,0,0.012158615952232422,0
ENSG00000198804,MT-CO1,0.0014783194187388072,0,0,0,0,0,0.012158615952232422,0
ENSG00000185294,SPPL2C,0.0014783194187388072,0,0,0,0,0,0.012158615952232422,0
ENSG00000103642,LACTB,0.0014783194187388072,0,0,0,0,0,0.012158615952232422,0
ENSG00000163931,TKT,0.0014783194187388072,0,0,0,0,0,0.012158615952232422,0
ENSG00000171557,FGG,0.0014783194187388072,0,0,0,0,0,0.012158615952232422,0
ENSG00000157227,MMP14,0.0014783194187388072,0,0,0,0,0,0.012158615952232422,0
ENSG00000183688,RFLNB,0.0014783194187388072,0,0,0,0,0,0.012158615952232422,0
ENSG00000056558,TRAF1,0.0014783194187388072,0,0,0,0,0,0.012158615952232422,0
ENSG00000242887,IGHJ3,0.0014783194187388072,0,0,0,0,0,0.012158615952232422,0
ENSG00000211685,IGLC7,0.0014783194187388072,0,0,0,0,0,0.012158615952232422,0
ENSG00000164548,TRA2A,0.0014783194187388072,0,0,0,0,0,0.012158615952232422,0
ENSG00000171865,RNASEH1,0.0014783194187388072,0,0,0,0,0,0.012158615952232422,0
ENSG00000136942,RPL35,0.0014783194187388072,0,0,0,0,0,0.012158615952232422,0
ENSG00000181374,CCL13,0.0014783194187388072,0,0,0,0,0,0.012158615952232422,0
ENSG00000139618,BRCA2,0.0014783194187388072,0,0,0,0,0,0.012158615952232422,0
ENSG00000106236,NPTX2,0.0014783194187388072,0,0,0,0,0,0.012158615952232422,0
ENSG00000078053,AMPH,0.0014783194187388072,0,0,0,0,0,0.012158615952232422,0
ENSG00000095794,CREM,0.0014783194187388072,0,0,0,0,0,0.012158615952232422,0
ENSG00000072110,ACTN1,0.0014783194187388072,0,0,0,0,0,0.012158615952232422,0
ENSG00000143924,EML4,0.0014783194187388072,0,0,0,0,0,0.012158615952232422,0
ENSG00000188641,DPYD,0.0014783194187388072,0,0,0,0,0,0.012158615952232422,0
ENSG00000163873,GRIK3,0.0014783194187388072,0,0,0,0,0,0.012158615952232422,0
ENSG00000123130,ACOT9,0.0014783194187388072,0,0,0,0,0,0.012158615952232422,0
ENSG00000109519,GRPEL1,0.0014783194187388072,0,0,0,0,0,0.012158615952232422,0
ENSG00000030304,MUSK,0.0014783194187388072,0,0,0,0,0,0.012158615952232422,0
ENSG00000181195,PENK,0.0014783194187388072,0,0,0,0,0,0.012158615952232422,0
ENSG00000101441,CST4,0.0014783194187388072,0,0,0,0,0,0.012158615952232422,0
ENSG00000122707,RECK,0.0014783194187388072,0,0,0,0,0,0.012158615952232422,0
ENSG00000080573,COL5A3,0.0014783194187388072,0,0,0,0,0,0.012158615952232422,0
ENSG00000054267,ARID4B,0.0014783194187388072,0,0,0,0,0,0.012158615952232422,0
ENSG00000160789,LMNA,0.0014783194187388072,0,0,0,0,0,0.012158615952232422,0
ENSG00000109084,TMEM97,0.0014783194187388072,0,0,0,0,0,0.012158615952232422,0
ENSG00000099250,NRP1,0.0014783194187388072,0,0,0,0,0,0.012158615952232422,0
ENSG00000138376,BARD1,0.0014783194187388072,0,0,0,0,0,0.012158615952232422,0
ENSG00000108528,SLC25A11,0.0014783194187388072,0,0,0,0,0,0.012158615952232422,0
ENSG00000049239,H6PD,0.0014783194187388072,0,0,0,0,0,0.012158615952232422,0
ENSG00000134569,LRP4,0.0014783194187388072,0,0,0,0,0,0.012158615952232422,0
ENSG00000112685,EXOC2,0.0014783194187388072,0,0,0,0,0,0.012158615952232422,0
ENSG00000171634,BPTF,0.0014783194187388072,0,0,0,0,0,0.012158615952232422,0
ENSG00000050165,DKK3,0.0014783194187388072,0,0,0,0,0,0.012158615952232422,0
ENSG00000163106,HPGDS,0.0014783194187388072,0,0,0,0,0,0.012158615952232422,0
ENSG00000160791,CCR5,0.0014783194187388072,0,0,0,0,0,0.012158615952232422,0
ENSG00000104938,CLEC4M,0.0014783194187388072,0,0,0,0,0,0.012158615952232422,0
ENSG00000183709,IFNL2,0.0014783194187388072,0,0,0,0,0,0.012158615952232422,0
ENSG00000186665,C17orf58,0.0014783194187388072,0,0,0,0,0,0.012158615952232422,0
ENSG00000149357,LAMTOR1,0.0014783194187388072,0,0,0,0,0,0.012158615952232422,0
ENSG00000177156,TALDO1,0.0014783194187388072,0,0,0,0,0,0.012158615952232422,0
ENSG00000178385,PLEKHM3,0.0014783194187388072,0,0,0,0,0,0.012158615952232422,0
ENSG00000130827,PLXNA3,0.0014783194187388072,0,0,0,0,0,0.012158615952232422,0
ENSG00000170561,IRX2,0.0014783194187388072,0,0,0,0,0,0.012158615952232422,0
ENSG00000134248,LAMTOR5,0.0014783194187388072,0,0,0,0,0,0.012158615952232422,0
ENSG00000110680,CALCA,0.0014783194187388072,0,0,0,0,0,0.012158615952232422,0
ENSG00000275718,CCL15,0.0014783194187388072,0,0,0,0,0,0.012158615952232422,0
ENSG00000125731,SH2D3A,0.0014783194187388072,0,0,0,0,0,0.012158615952232422,0
ENSG00000134827,TCN1,0.0014783194187388072,0,0,0,0,0,0.012158615952232422,0
ENSG00000084754,HADHA,0.0014783194187388072,0,0,0,0,0,0.012158615952232422,0
ENSG00000113448,PDE4D,0.0014783194187388072,0,0,0,0,0,0.012158615952232422,0
ENSG00000112562,SMOC2,0.0014783194187388072,0,0,0,0,0,0.012158615952232422,0
ENSG00000136826,KLF4,0.0014783194187388072,0,0,0,0,0,0.012158615952232422,0
ENSG00000145451,GLRA3,0.0014783194187388072,0,0,0,0,0,0.012158615952232422,0
ENSG00000100170,SLC5A1,0.0014783194187388072,0,0,0,0,0,0.012158615952232422,0
ENSG00000102794,ACOD1,0.0014783194187388072,0,0,0,0,0,0.012158615952232422,0
ENSG00000131747,TOP2A,0.0014783194187388072,0,0,0,0,0,0.012158615952232422,0
ENSG00000148346,LCN2,0.0014783194187388072,0,0,0,0,0,0.012158615952232422,0
ENSG00000183072,NKX2-5,0.0014783194187388072,0,0,0,0,0,0.012158615952232422,0
ENSG00000104112,SCG3,0.0014783194187388072,0,0,0,0,0,0.012158615952232422,0
ENSG00000147883,CDKN2B,0.0014783194187388072,0,0,0,0,0,0.012158615952232422,0
ENSG00000061273,HDAC7,0.0014783194187388072,0,0,0,0,0,0.012158615952232422,0
ENSG00000020922,MRE11,0.0014783194187388072,0,0,0,0,0,0.012158615952232422,0
ENSG00000149257,SERPINH1,0.0014783194187388072,0,0,0,0,0,0.012158615952232422,0
ENSG00000174498,IGDCC3,0.0014783194187388072,0,0,0,0,0,0.012158615952232422,0
ENSG00000213462,ERV3-1,0.0014783194187388072,0,0,0,0,0,0.012158615952232422,0
ENSG00000124225,PMEPA1,0.0014783194187388072,0,0,0,0,0,0.012158615952232422,0
ENSG00000119508,NR4A3,0.0014783194187388072,0,0,0,0,0,0.012158615952232422,0
ENSG00000179921,GPBAR1,0.0014783194187388072,0,0,0,0,0,0.012158615952232422,0
ENSG00000138029,HADHB,0.0014783194187388072,0,0,0,0,0,0.012158615952232422,0
ENSG00000183230,CTNNA3,0.0014783194187388072,0,0,0,0,0,0.012158615952232422,0
ENSG00000011600,TYROBP,0.0014783194187388072,0,0,0,0,0,0.012158615952232422,0
ENSG00000095015,MAP3K1,0.0014783194187388072,0,0,0,0,0,0.012158615952232422,0
ENSG00000213928,IRF9,0.0014783194187388072,0,0,0,0,0,0.012158615952232422,0
ENSG00000172005,MAL,0.0014783194187388072,0,0,0,0,0,0.012158615952232422,0
ENSG00000118503,TNFAIP3,0.0014783194187388072,0,0,0,0,0,0.012158615952232422,0
ENSG00000115297,TLX2,0.0014783194187388072,0,0,0,0,0,0.012158615952232422,0
ENSG00000185885,IFITM1,0.0014783194187388072,0,0,0,0,0,0.012158615952232422,0
ENSG00000110046,ATG2A,0.0014783194187388072,0,0,0,0,0,0.012158615952232422,0
ENSG00000096264,NCR2,0.0014783194187388072,0,0,0,0,0,0.012158615952232422,0
ENSG00000138071,ACTR2,0.0014783194187388072,0,0,0,0,0,0.012158615952232422,0
ENSG00000102805,CLN5,0.0014783194187388072,0,0,0,0,0,0.012158615952232422,0
ENSG00000092621,PHGDH,0.0014783194187388072,0,0,0,0,0,0.012158615952232422,0
ENSG00000188042,ARL4C,0.0014783194187388072,0,0,0,0,0,0.012158615952232422,0
ENSG00000147257,GPC3,0.0014783194187388072,0,0,0,0,0,0.012158615952232422,0
ENSG00000186318,BACE1,0.0014783194187388072,0,0,0,0,0,0.012158615952232422,0
ENSG00000163606,CD200R1,0.0014783194187388072,0,0,0,0,0,0.012158615952232422,0
ENSG00000164111,ANXA5,0.0014783194187388072,0,0,0,0,0,0.012158615952232422,0
