ensembl,symbol,score,genetic_association,somatic_mutation,known_drug,affected_pathway,rna_expression,literature,animal_model
ENSG00000232810,TNF,0.3301518434112599,0,0,0,0,0.023515254670434627,0.21225407665868623,0
ENSG00000108576,SLC6A4,0.324024004541275,0,0,0,0,0,0,0
ENSG00000103546,SLC6A2,0.324024004541275,0,0,0,0,0,0,0
ENSG00000168918,INPP5D,0.2875870240068395,0,0,0,0,0,0.34221437815554173,0
ENSG00000091831,ESR1,0.2674121502313841,0,0,0,0,0,0.043146199663824776,0.2672463786300686
ENSG00000165995,CACNB2,0.26726906351233576,0,0,0,0,0,0,0.2513185917326442
ENSG00000211891,IGHE,0.26504734781934186,0,0,0,0,0,0.20862405934900216,0
ENSG00000140009,ESR2,0.2627661436272857,0,0,0,0,0,0.10317936592797235,0
ENSG00000188778,ADRB3,0.2614777471894265,0,0,0,0,0,0.09118961964174316,0
ENSG00000196557,CACNA1H,0.26018421769803,0,0,0,0,0,0.01823792392834863,0
ENSG00000151062,CACNA2D4,0.25962984791600296,0,0,0,0,0,0,0
ENSG00000100346,CACNA1I,0.25962984791600296,0,0,0,0,0,0,0
ENSG00000102001,CACNA1F,0.25962984791600296,0,0,0,0,0,0,0
ENSG00000006116,CACNG3,0.25962984791600296,0,0,0,0,0,0,0
ENSG00000006283,CACNA1G,0.25962984791600296,0,0,0,0,0,0,0
ENSG00000166862,CACNG2,0.25962984791600296,0,0,0,0,0,0,0
ENSG00000167535,CACNB3,0.25962984791600296,0,0,0,0,0,0,0
ENSG00000105605,CACNG7,0.25962984791600296,0,0,0,0,0,0,0
ENSG00000067191,CACNB1,0.25962984791600296,0,0,0,0,0,0,0
ENSG00000007402,CACNA2D2,0.25962984791600296,0,0,0,0,0,0,0
ENSG00000157388,CACNA1D,0.25962984791600296,0,0,0,0,0,0,0
ENSG00000075429,CACNG5,0.25962984791600296,0,0,0,0,0,0,0
ENSG00000081248,CACNA1S,0.25962984791600296,0,0,0,0,0,0,0
ENSG00000141837,CACNA1A,0.25962984791600296,0,0,0,0,0,0,0
ENSG00000148408,CACNA1B,0.25962984791600296,0,0,0,0,0,0,0
ENSG00000075461,CACNG4,0.25962984791600296,0,0,0,0,0,0,0
ENSG00000151067,CACNA1C,0.25962984791600296,0,0,0,0,0,0,0
ENSG00000198216,CACNA1E,0.25962984791600296,0,0,0,0,0,0,0
ENSG00000153956,CACNA2D1,0.25962984791600296,0,0,0,0,0,0,0
ENSG00000130433,CACNG6,0.25962984791600296,0,0,0,0,0,0,0
ENSG00000182389,CACNB4,0.25962984791600296,0,0,0,0,0,0,0
ENSG00000142408,CACNG8,0.25962984791600296,0,0,0,0,0,0,0
ENSG00000108878,CACNG1,0.25962984791600296,0,0,0,0,0,0,0
ENSG00000157445,CACNA2D3,0.25962984791600296,0,0,0,0,0,0,0
ENSG00000113580,NR3C1,0.25870589827929125,0,0,0,0,0,0,0
ENSG00000106348,IMPDH1,0.12935294913964562,0,0,0,0,0,0,0
ENSG00000178035,IMPDH2,0.12935294913964562,0,0,0,0,0,0,0
ENSG00000169432,SCN9A,0.11945210738821999,0,0,0,0,0,0.16245261869510544,0
ENSG00000153253,SCN3A,0.11584576624656379,0,0,0,0,0.04380947194799449,0,0
ENSG00000132639,SNAP25,0.11521576302788027,0,0,0,0,0,0,0
ENSG00000168356,SCN11A,0.11507780441958715,0,0,0,0,0.0185446941149335,0,0
ENSG00000007314,SCN4A,0.11453597851580409,0,0,0,0,0,0,0
ENSG00000196876,SCN8A,0.11451410988534938,0,0,0,0,0,0,0
ENSG00000185313,SCN10A,0.11451410988534938,0,0,0,0,0,0,0
ENSG00000136546,SCN7A,0.11451410988534938,0,0,0,0,0,0,0
ENSG00000183873,SCN5A,0.11451410988534938,0,0,0,0,0,0,0
ENSG00000144285,SCN1A,0.11451410988534938,0,0,0,0,0,0,0
ENSG00000136531,SCN2A,0.11451410988534938,0,0,0,0,0,0,0
ENSG00000117601,SERPINC1,0.10818423635187187,0,0,0,0,0,0,0
ENSG00000134259,NGF,0.10213257814827216,0,0,0,0,0,0.3203527281510628,0
ENSG00000112038,OPRM1,0.09239496367117545,0,0,0,0,0,0,0
ENSG00000109991,P2RX3,0.07663925801792704,0,0,0,0,0,0.08959200921176119,0
ENSG00000196262,PPIA,0.07391597093694036,0,0,0,0,0,0,0
ENSG00000175868,CALCB,0.07391597093694036,0,0,0,0,0,0,0
ENSG00000082556,OPRK1,0.07391597093694036,0,0,0,0,0,0,0
ENSG00000116329,OPRD1,0.07391597093694036,0,0,0,0,0,0,0
ENSG00000110680,CALCA,0.07391597093694036,0,0,0,0,0,0,0
ENSG00000100373,UPK3A,0.06450185778902447,0,0,0,0,0.21188739842189924,0.260464572843379,0.44184410370412625
ENSG00000138079,SLC3A1,0.06116546595031816,0,0,0,0,0,0,0.5030627350236165
ENSG00000196689,TRPV1,0.06057287798829224,0,0,0,0,0,0.16896330324979056,0
ENSG00000006128,TAC1,0.05902060177936342,0,0,0,0,0.02357426630201401,0.39801153062913375,0.33916459198752336
ENSG00000166736,HTR3A,0.05841394393219056,0,0,0,0,0,0,0.4804325110825239
ENSG00000156113,KCNMA1,0.050458737560102336,0,0,0,0,0,0,0.4150039589895731
ENSG00000198931,APRT,0.04954679926866784,0,0,0,0,0,0,0.4075036127740398
ENSG00000122786,CALD1,0.049324127406220296,0,0,0,0,0,0,0.40567222124623475
ENSG00000130700,GATA5,0.04906947565239231,0,0,0,0,0.023477917823858597,0,0.3977083277975225
ENSG00000169344,UMOD,0.04859831363604785,0,0,0,0,0,0.06079307976116211,0.3845044086127301
ENSG00000106031,HOXA13,0.047126143576855684,0,0,0,0,0.05924589461165448,0,0.372783165095446
ENSG00000110375,UPK2,0.045532708668856864,0,0,0,0,0.1512896784318839,0.0667035180712751,0.32925531998645396
ENSG00000133019,CHRM3,0.045340056572719216,0,0,0,0,0,0,0.37290475125496836
ENSG00000105668,UPK1A,0.045283933054572546,0,0,0,0,0.21409064079727871,0,0.3189204964270564
ENSG00000106546,AHR,0.04488177755291018,0,0,0,0,0,0,0.3691355803097763
ENSG00000168079,SCARA5,0.0444900229069444,0,0,0,0,0,0,0.36591354708243473
ENSG00000111199,TRPV4,0.04437067941220247,0,0,0,0,0,0.1358978637160978,0.3309575262197665
ENSG00000240520,UOX,0.043436720321093004,0,0,0,0,0,0,0.3572505332164691
ENSG00000117971,CHRNB4,0.04302648668239299,0,0,0,0,0,0,0.3538765172897247
ENSG00000218823,PAPOLB,0.042582990856771336,0,0,0,0,0,0,0.35022893250405485
ENSG00000164825,DEFB1,0.042336320813074736,0,0,0,0,0.05729828399382259,0,0.3338755940483023
ENSG00000090659,CD209,0.04157250038520544,0,0,0,0,0.06402532569685736,0,0.32591170059959007
ENSG00000112818,MEP1A,0.041407726918874,0,0,0,0,0,0,0.34056283282203015
ENSG00000172987,HPSE2,0.04111945463221992,0,0,0,0,0,0,0.3381919027113448
ENSG00000080644,CHRNA3,0.04076465797172261,0,0,0,0,0,0,0.33527383488280904
ENSG00000075891,PAX2,0.040720308389160444,0,0,0,0,0,0,0.33490907640424206
ENSG00000135480,KRT7,0.040400232655577774,0,0,0,0,0.03430408560913792,0.04863446380892969,0.3163063939973264
ENSG00000103495,MAZ,0.04004767305363428,0,0,0,0,0,0,0.32937690614597626
ENSG00000133048,CHI3L1,0.0398679653268677,0,0,0,0,0.28230406850127504,0.18237923928348632,0
ENSG00000197448,GSTK1,0.03963374361638742,0,0,0,0,0,0,0.3259724936793512
ENSG00000104938,CLEC4M,0.03962635201929372,0,0,0,0,0,0,0.32591170059959007
ENSG00000118432,CNR1,0.03949371391589022,0,0,0,0,0,0.08342161500559467,0
ENSG00000141052,MYOCD,0.03910154862564145,0,0,0,0,0,0,0.32159539193654757
ENSG00000155252,PI4K2A,0.038798493144799995,0,0,0,0,0,0,0.31910287566633994
ENSG00000178295,GEN1,0.03828108134824141,0,0,0,0,0,0,0.3148473600830586
ENSG00000141522,ARHGDIA,0.038007592255774734,0,0,0,0,0,0,0.31259801613189553
ENSG00000169031,COL4A3,0.03794320641843007,0,0,0,0,0.015876555340991343,0,0.3080993282295696
ENSG00000163017,ACTG2,0.03780801913424499,0,0,0,0,0,0,0.31095660297834415
ENSG00000103335,PIEZO1,0.03779323594005761,0,0,0,0,0,0.06079307976116211,0.2956367468785313
ENSG00000025708,TYMP,0.03776737742615758,0,0,0,0,0.026627766215077626,0.3039653988058105,0
ENSG00000151914,DST,0.03763062080399634,0,0,0,0,0,0,0.30949756906407627
ENSG00000133392,MYH11,0.037364523308623346,0,0,0,0,0,0,0.3073090181926744
ENSG00000122641,INHBA,0.037213752358544495,0,0,0,0,0.09303830928751665,0,0.28280940704892615
ENSG00000177479,ARIH2,0.03658840561378548,0,0,0,0,0,0,0.3009257448177524
ENSG00000172818,OVOL1,0.03651896736063561,0,0,0,0,0.07334217814749401,0,0.282019097012031
ENSG00000164172,MOCS2,0.03623360895328817,0,0,0,0,0,0,0.29800767698921665
ENSG00000165376,CLDN2,0.0361917232364239,0,0,0,0,0,0.1479298274188278,0.2606807260158631
ENSG00000148156,ACTL7B,0.03613751819107014,0,0,0,0,0,0,0.29721736695232154
ENSG00000187498,COL4A1,0.036102955693898584,0,0,0,0,0.06743754030239894,0,0.2800737184596738
ENSG00000121741,ZMYM2,0.03610056020560168,0,0,0,0,0,0,0.29691340155351575
ENSG00000038002,AGA,0.03593055347244671,0,0,0,0,0,0,0.29551516071900896
ENSG00000145685,LHFPL2,0.03587881229279085,0,0,0,0,0,0,0.2950896091606809
ENSG00000137106,GRHPR,0.035775329933479136,0,0,0,0,0,0,0.2942385060440246
ENSG00000177551,NHLH2,0.0354574912584503,0,0,0,0,0,0,0.29162440361429465
ENSG00000133135,RNF128,0.03545058881469474,0,0,0,0,0.14008334817168358,0,0.2565467965921041
ENSG00000141469,SLC14A1,0.035421926255617714,0,0,0,0,0.16491665932552263,0,0.2501027301374209
ENSG00000138039,LHCGR,0.03540575007879443,0,0,0,0,0,0,0.29119885205596646
ENSG00000182107,CDC50B,0.03540332506970243,0,0,0,0,0.14752581854374372,0,0.2542974526409411
ENSG00000142163,OR1E3,0.03527270133110794,0,0,0,0,0,0,0.29010457662026556
ENSG00000180016,OR1E1,0.03527270133110794,0,0,0,0,0,0,0.29010457662026556
ENSG00000127780,OR1E2,0.03527270133110794,0,0,0,0,0,0,0.29010457662026556
ENSG00000151892,GFRA1,0.03499551635249276,0,0,0,0,0.028572744605784964,0,0.28068164925728545
ENSG00000007171,NOS2,0.03497845584623559,0,0,0,0,0,0.2876845192220522,0
ENSG00000136244,IL6,0.034913916240816856,0,0,0,0,0.027298402132305073,0.28032910493786894,0
ENSG00000123500,COL10A1,0.034843988699673686,0,0,0,0,0,0,0.2865785779941182
ENSG00000081052,COL4A4,0.03481442231129891,0,0,0,0,0,0,0.28633540567507354
ENSG00000240972,MIF,0.03479183687573484,0,0,0,0,0,0.28614964904247,0
ENSG00000109163,GNRHR,0.034710939951987194,0,0,0,0,0,0,0.2854843025584173
ENSG00000159640,ACE,0.03458528280139439,0,0,0,0,0,0,0.2844508202024775
ENSG00000118007,STAG1,0.03455571641301962,0,0,0,0,0,0,0.2842076478834329
ENSG00000167971,CASKIN1,0.03445962565080159,0,0,0,0,0,0,0.2834173378465377
ENSG00000175984,DENND2C,0.03445345316926234,0,0,0,0,0.048917743178290986,0,0.271137135734783
ENSG00000204103,MAFB,0.03439310127695835,0,0,0,0,0,0,0.2828702001286873
ENSG00000184650,ODF4,0.0343265769031151,0,0,0,0,0,0,0.2823230624108368
ENSG00000135111,TBX3,0.03425263392025886,0,0,0,0,0.07513935793367328,0,0.2629300699670261
ENSG00000170498,KISS1,0.03414178697577275,0,0,0,0,0,0,0.28080323541680774
ENSG00000133818,RRAS2,0.03403830461646103,0,0,0,0,0,0,0.2799521323001515
ENSG00000170962,PDGFD,0.03392003906296193,0,0,0,0,0,0,0.27897944302397293
ENSG00000183691,NOG,0.03390525586877454,0,0,0,0,0,0,0.2788578568644506
ENSG00000165689,ENTR1,0.03386090628621238,0,0,0,0,0,0,0.2784930983858836
ENSG00000154734,ADAMTS1,0.03381655670365022,0,0,0,0,0,0,0.27812833990731667
ENSG00000148120,AOPEP,0.033720465941432194,0,0,0,0,0,0,0.27733802987042155
ENSG00000146904,EPHA1,0.033690899553057416,0,0,0,0,0,0,0.27709485755137686
ENSG00000163431,LMOD1,0.03364654997049526,0,0,0,0,0,0,0.27673009907280993
ENSG00000177463,NR2C2,0.033639158373401555,0,0,0,0,0,0,0.27666930599304873
ENSG00000166147,FBN1,0.033632485465553266,0,0,0,0,0.035526802365246316,0,0.26773272326815795
ENSG00000148943,LIN7C,0.03351350122280876,0,0,0,0,0,0,0.27563582363710903
ENSG00000140675,SLC5A2,0.033410018863497044,0,0,0,0,0,0,0.2747847205204527
ENSG00000226926,PDZPH1P,0.033387844072215955,0,0,0,0,0,0,0.2746023412811692
ENSG00000095303,PTGS1,0.03338230037439569,0,0,0,0,0,0,0.26505782775866676
ENSG00000115738,ID2,0.0333434944896538,0,0,0,0,0,0,0.27423758280260224
ENSG00000080293,SCTR,0.033262186921623166,0,0,0,0,0,0,0.2735688589252295
ENSG00000099194,SCD,0.03316609615940514,0,0,0,0,0,0,0.27277854888833436
ENSG00000109667,SLC2A9,0.03313652977103036,0,0,0,0,0,0,0.2725353765692897
ENSG00000113070,HBEGF,0.03308590529240935,0,0,0,0,0,0.2721190094530003,0
ENSG00000132874,SLC14A2,0.033070005397187116,0,0,0,0,0,0,0.2719882388514393
ENSG00000234745,HLA-B,0.0329665230378754,0,0,0,0,0,0,0.271137135734783
ENSG00000204632,HLA-G,0.0329665230378754,0,0,0,0,0,0,0.271137135734783
ENSG00000204525,HLA-C,0.0329665230378754,0,0,0,0,0,0,0.271137135734783
ENSG00000204642,HLA-F,0.0329665230378754,0,0,0,0,0,0,0.271137135734783
ENSG00000206341,HLA-H,0.0329665230378754,0,0,0,0,0,0,0.271137135734783
ENSG00000204592,HLA-E,0.0329665230378754,0,0,0,0,0,0,0.271137135734783
ENSG00000206503,HLA-A,0.0329665230378754,0,0,0,0,0,0,0.271137135734783
ENSG00000172410,INSL5,0.03287782387275107,0,0,0,0,0,0,0.270407618777649
ENSG00000126603,GLIS2,0.03281129949890783,0,0,0,0,0,0,0.2698604810597986
ENSG00000135446,CDK4,0.032641292765752866,0,0,0,0,0,0,0.26846224022529186
ENSG00000137869,CYP19A1,0.03263390116865917,0,0,0,0,0,0.03647584785669726,0.2592824851813564
ENSG00000130338,TULP4,0.0326043347802844,0,0,0,0,0,0,0.2681582748264861
ENSG00000118777,ABCG2,0.032596943183190695,0,0,0,0,0,0.030396539880581056,0.2604983467765796
ENSG00000171722,SPATA46,0.03257476839190961,0,0,0,0,0,0,0.2679151025074414
ENSG00000198914,POU3F3,0.032375195270379874,0,0,0,0,0,0,0.26627368935389
ENSG00000167986,DDB1,0.032338237284911406,0,0,0,0,0,0,0.2659697239550842
ENSG00000114698,PLSCR4,0.032338237284911406,0,0,0,0,0,0,0.2659697239550842
ENSG00000152463,OLAH,0.03232345409072402,0,0,0,0,0,0,0.2658481377955619
ENSG00000115966,ATF2,0.03229388770234924,0,0,0,0,0,0,0.26560496547651724
ENSG00000204624,DISP3,0.032219971731412306,0,0,0,0,0,0,0.2649970346789056
ENSG00000104763,ASAH1,0.03214605576047536,0,0,0,0,0,0,0.264389103881294
ENSG00000130368,MAS1,0.032057356595351034,0,0,0,0,0,0,0.26365958692416
ENSG00000142208,AKT1,0.032006732116730024,0,0,0,0,0,0.26324321980787063,0
ENSG00000108312,UBTF,0.03192430784766454,0,0,0,0,0,0,0.26256531148845913
ENSG00000133105,RXFP2,0.031798650697071745,0,0,0,0,0,0,0.2615318291325194
ENSG00000167258,CDK12,0.03136993806563749,0,0,0,0,0,0,0.258005830506372
ENSG00000254647,INS,0.03136624226709065,0,0,0,0,0,0.03343619386863916,0.24961638549933163
ENSG00000255398,HCAR3,0.031288630497606856,0,0,0,0,0,0,0.2573371066289992
ENSG00000184481,FOXO4,0.031288630497606856,0,0,0,0,0,0,0.2573371066289992
ENSG00000182782,HCAR2,0.031288630497606856,0,0,0,0,0,0,0.2573371066289992
ENSG00000101213,PTK6,0.031288630497606856,0,0,0,0,0,0,0.2573371066289992
ENSG00000148426,PROSER2,0.03127384730341947,0,0,0,0,0,0,0.2572155204694769
ENSG00000074803,SLC12A1,0.03125167251213839,0,0,0,0,0,0,0.2570331412301934
ENSG00000183011,NAA38,0.031229497720857303,0,0,0,0,0,0,0.2568507619909099
ENSG00000116014,KISS1R,0.03121471452666991,0,0,0,0,0,0,0.25672917583138755
ENSG00000213918,DNASE1,0.031118623764451896,0,0,0,0,0,0,0.2559388657944925
ENSG00000106397,PLOD3,0.031118623764451896,0,0,0,0,0,0,0.2559388657944925
ENSG00000115204,MPV17,0.03090426744873477,0,0,0,0,0,0,0.25417586648141877
ENSG00000105392,CRX,0.03090426744873477,0,0,0,0,0,0,0.25417586648141877
ENSG00000170486,KRT72,0.030874701060359985,0,0,0,0,0,0,0.25393269416237413
ENSG00000143799,PARP1,0.03080078508942305,0,0,0,0,0,0,0.2533247633647625
ENSG00000165606,DRGX,0.03067512793883025,0,0,0,0,0,0,0.25229128100882275
ENSG00000163510,CWC22,0.030638169953361785,0,0,0,0,0,0,0.25198731561001697
ENSG00000156234,CXCL13,0.0305770466249488,0,0,0,0,0.15044466978860566,0.21387343199308834,0
ENSG00000120159,CAAP1,0.03049772960858159,0,0,0,0,0,0,0.2508322470945548
ENSG00000165617,DACT1,0.03046077162311312,0,0,0,0,0,0,0.25052828169574903
ENSG00000085662,AKR1B1,0.03046077162311312,0,0,0,0,0,0,0.25052828169574903
ENSG00000170820,FSHR,0.030453380026019432,0,0,0,0,0,0,0.2504674886159879
ENSG00000170873,MTSS1,0.030445988428925735,0,0,0,0,0,0,0.2504066955362267
ENSG00000176697,BDNF,0.030439442107269937,0,0,0,0,0,0.2503528545260203,0
ENSG00000167580,AQP2,0.030357289263801407,0,0,0,0,0,0,0.24967717857909277
ENSG00000187391,MAGI2,0.030342506069614018,0,0,0,0,0,0,0.24955559241957043
ENSG00000010671,BTK,0.030163120284480288,0,0,0,0,0.019631573595169777,0.24317231904464845,0
ENSG00000123610,TNFAIP6,0.02977506164923052,0,0,0,0,0.10413396144322874,0.2188550871401836,0
ENSG00000096006,CRISP3,0.028969527851313247,0,0,0,0,0.2382633678465204,0,0
ENSG00000073282,TP63,0.028939749594494416,0,0,0,0,0.15517785809061682,0.19922398846730835,0
ENSG00000145692,BHMT,0.027529549547570746,0,0,0,0,0.22642009300833366,0,0
ENSG00000162711,NLRP3,0.026716676255929106,0,0,0,0,0,0.21973451880453304,0
ENSG00000054938,CHRDL2,0.026378105064193677,0,0,0,0,0.2169498992963129,0,0
ENSG00000090339,ICAM1,0.026303618282493297,0,0,0,0,0.027579927358902214,0.2094422919571636,0
ENSG00000260265,LINC02562,0.026169754954044812,0,0,0,0,0.21523629874368908,0,0
ENSG00000160683,CXCR5,0.02607639937236262,0,0,0,0,0.0189294374089527,0.20973612517600929,0
ENSG00000117600,PLPPR4,0.025854598402999782,0,0,0,0,0.21264425576541604,0,0
ENSG00000115353,TACR1,0.025839791506705397,0,0,0,0,0,0.21252247466506255,0
ENSG00000169550,MUC15,0.025593735349327674,0,0,0,0,0.21049875618966693,0,0
ENSG00000138798,EGF,0.025484574400216044,0,0,0,0,0,0.20960094882787106,0
ENSG00000039068,CDH1,0.024863033035846208,0,0,0,0,0.03672896616775086,0.19530676554180976,0
ENSG00000164266,SPINK1,0.02480268935730102,0,0,0,0,0.20399270323812674,0,0
ENSG00000107295,SH3GL2,0.024524854991546177,0,0,0,0,0.20170762106391896,0,0
ENSG00000138398,PPIG,0.02399307863728019,0,0,0,0,0,0.19733396244722137,0
ENSG00000164406,LEAP2,0.023926722966233698,0,0,0,0,0.19678821224582352,0,0
ENSG00000113520,IL4,0.023724973449342938,0,0,0,0,0,0.19512889906673003,0
ENSG00000068078,FGFR3,0.023685612400752468,0,0,0,0,0.19480516938610593,0,0
ENSG00000065320,NTN1,0.023406724130031115,0,0,0,0,0,0.19251141924368,0
ENSG00000108691,CCL2,0.023386566015731493,0,0,0,0,0.06426383783782649,0.17627966694744976,0
ENSG00000112715,VEGFA,0.0230650466978459,0,0,0,0,0,0.18970125208709276,0
ENSG00000188373,GPR15LG,0.02293603554784253,0,0,0,0,0.18864018435939894,0,0
ENSG00000167749,KLK4,0.022544371135766808,0,0,0,0,0,0.18541889327154443,0
ENSG00000109320,NFKB1,0.022516559984376537,0,0,0,0,0,0.1851901571102944,0
ENSG00000113805,CNTN3,0.022412768866326035,0,0,0,0,0.18433651457023664,0,0
ENSG00000136869,TLR4,0.022396799372111146,0,0,0,0,0,0.1842051715433853,0
ENSG00000141510,TP53,0.022185866105979297,0,0,0,0,0,0.18247032551353665,0
ENSG00000131981,LGALS3,0.022174791281082105,0,0,0,0,0,0.18237923928348632,0
ENSG00000109084,TMEM97,0.021899666098595293,0,0,0,0,0.18011643911307465,0,0
ENSG00000144481,TRPM8,0.02185328857796258,0,0,0,0,0,0.17973500161381556,0
ENSG00000179796,LRRC3B,0.021614154472785065,0,0,0,0,0.17776821438970222,0,0
ENSG00000105329,TGFB1,0.02157730384934184,0,0,0,0,0,0.17746513200279238,0
ENSG00000170312,CDK1,0.021542856907277454,0,0,0,0,0.01568616665326619,0.173260277319312,0
ENSG00000149968,MMP3,0.021288102985398828,0,0,0,0,0.17508656469645426,0,0
ENSG00000139055,ERP27,0.021034391952913487,0,0,0,0,0.17299988777959058,0,0
ENSG00000157404,KIT,0.020881261789685652,0,0,0,0,0,0.17174045032528293,0
ENSG00000156076,WIF1,0.020849272403303875,0,0,0,0,0.16843769577950138,0.012158615952232422,0
ENSG00000174226,SNX31,0.020560020662873674,0,0,0,0,0.1690983640214303,0,0
ENSG00000198400,NTRK1,0.0202036987227637,0,0,0,0,0,0.16616775134717643,0
ENSG00000145287,PLAC8,0.02019315285736788,0,0,0,0,0.05639326482116752,0.15198269940290526,0
ENSG00000175356,SCUBE2,0.02002196967892218,0,0,0,0,0.16467309895782983,0,0
ENSG00000151790,TDO2,0.020001152969114346,0,0,0,0,0.1645018894230471,0,0
ENSG00000169429,CXCL8,0.019831713059163873,0,0,0,0,0.1373702027514353,0.10295243097103511,0
ENSG00000172461,FUT9,0.01980887441936726,0,0,0,0,0.16292047135291074,0,0
ENSG00000105974,CAV1,0.019218152443604492,0,0,0,0,0,0.15806200737902149,0
ENSG00000156127,BATF,0.019218152443604492,0,0,0,0,0,0.15806200737902149,0
ENSG00000198948,MFAP3L,0.019084566121851724,0,0,0,0,0.15696331060072377,0,0
ENSG00000166923,GREM1,0.018789963673627955,0,0,0,0,0.15454031731447165,0,0
ENSG00000164379,FOXQ1,0.018722468579315244,0,0,0,0,0.15398519578930892,0,0
ENSG00000262406,MMP12,0.018593289929488152,0,0,0,0,0.1529227504391589,0,0
ENSG00000137033,IL33,0.01858546722591839,0,0,0,0,0.026637993320054572,0.1461989133422947,0
ENSG00000197822,OCLN,0.018485103075696726,0,0,0,0,0.0890264652722422,0.1297763383234808,0
ENSG00000160868,CYP3A4,0.01847899273423509,0,0,0,0,0,0.15198269940290526,0
ENSG00000110881,ASIC1,0.01829420280689274,0,0,0,0,0,0.1504628724088762,0
ENSG00000183844,FAM3B,0.018070709140062542,0,0,0,0,0.14862472185203457,0,0
ENSG00000132693,CRP,0.017644345658328783,0,0,0,0,0,0.14511804409028262,0
ENSG00000184564,SLITRK6,0.017421921540720534,0,0,0,0,0.14328869016972057,0,0
ENSG00000248485,PCP4L1,0.01707456824604662,0,0,0,0,0.14043184119909294,0,0
ENSG00000105205,CLC,0.017007491829222805,0,0,0,0,0.13988016313731902,0,0
ENSG00000115884,SDC1,0.016976833918864388,0,0,0,0,0.01745364398314592,0.13526460246858568,0
ENSG00000136026,CKAP4,0.01690581448612721,0,0,0,0,0,0.13904390559373794,0
ENSG00000164161,HHIP,0.01688958112057444,0,0,0,0,0.1389103923253154,0,0
ENSG00000100985,MMP9,0.016833809923570628,0,0,0,0,0.06746214352813873,0.12158615952232422,0
ENSG00000011465,DCN,0.016815883388153933,0,0,0,0,0,0.1383042564566438,0
ENSG00000173083,HPSE,0.016718875678246474,0,0,0,0,0.030832453972301253,0.1297982913800612,0
ENSG00000019102,VSIG2,0.016536264868092617,0,0,0,0,0.13600450029064717,0,0
ENSG00000158528,PPP1R9A,0.016376126958670006,0,0,0,0,0.13468742678448703,0,0
ENSG00000100226,GTPBP1,0.01626151360612688,0,0,0,0,0,0.13374477547455663,0
ENSG00000124145,SDC4,0.01623710463477688,0,0,0,0,0.04783144572049275,0.12158615952232422,0
ENSG00000135374,ELF5,0.01616366244620681,0,0,0,0,0.13293998683492447,0,0
ENSG00000169252,ADRB2,0.01607672367878453,0,0,0,0,0,0.13222494848052757,0
ENSG00000163220,S100A9,0.016065046557330532,0,0,0,0,0.042170996270577986,0.12158615952232422,0
ENSG00000174567,GOLT1A,0.01602120706754784,0,0,0,0,0.13176834543084828,0,0
ENSG00000196664,TLR7,0.01589193375144218,0,0,0,0,0,0.13070512148649854,0
ENSG00000116990,MYCL,0.015614730975787958,0,0,0,0,0.1284252339010754,0,0
ENSG00000169397,RNASE3,0.015537753057369338,0,0,0,0,0,0.12779211974794286,0
ENSG00000168032,ENTPD3,0.015536309961393473,0,0,0,0,0.12778025083143513,0,0
ENSG00000198944,SOWAHA,0.015534138930607354,0,0,0,0,0.12776239492748478,0,0
ENSG00000086548,CEACAM6,0.015519342668187436,0,0,0,0,0.12764070128671148,0,0
ENSG00000107485,GATA3,0.015513975544704931,0,0,0,0,0.12759655873377954,0,0
ENSG00000141579,ZNF750,0.015491813538955547,0,0,0,0,0.12741428465064006,0,0
ENSG00000115665,SLC5A7,0.015446571401991377,0,0,0,0,0.1270421852509887,0,0
ENSG00000119457,SLC46A2,0.015408134246205909,0,0,0,0,0.12672605423791553,0,0
ENSG00000170419,VSTM2A,0.01539951290074998,0,0,0,0,0.12665514694476804,0,0
ENSG00000124875,CXCL6,0.015375903571977512,0,0,0,0,0.1264609691792623,0,0
ENSG00000112379,ARFGEF3,0.015344300331617326,0,0,0,0,0.1262010445259601,0,0
ENSG00000198805,PNP,0.015337563969415128,0,0,0,0,0,0.12614564050441138,0
ENSG00000116688,MFN2,0.01532729786234055,0,0,0,0,0,0.12606120567140974,0
ENSG00000166741,NNMT,0.015321752237905288,0,0,0,0,0.12601559501591206,0,0
ENSG00000164695,CHMP4C,0.015270569584519873,0,0,0,0,0.12559463712410515,0,0
ENSG00000184557,SOCS3,0.015212525320661769,0,0,0,0,0.12511724509127722,0,0
ENSG00000275385,CCL18,0.015084528911558294,0,0,0,0,0.12102486923416482,0.012158615952232422,0
ENSG00000150893,FREM2,0.015076142974640785,0,0,0,0,0.12399555207492742,0,0
ENSG00000132170,PPARG,0.015055818077312065,0,0,0,0,0.09407922362057483,0.10030858160591748,0
ENSG00000242265,PEG10,0.01502694175649989,0,0,0,0,0.12359089073572407,0,0
ENSG00000143036,SLC44A3,0.014961131373813127,0,0,0,0,0.12304962532405787,0,0
ENSG00000158055,GRHL3,0.014884501699496129,0,0,0,0,0.12241937534644484,0,0
ENSG00000138207,RBP4,0.0148579092166657,0,0,0,0,0.1222006622714131,0,0
ENSG00000065621,GSTO2,0.014809515859440537,0,0,0,0,0.12180264528152472,0,0
ENSG00000215788,TNFRSF25,0.014783194187388075,0,0,0,0,0,0.12158615952232422,0
ENSG00000184584,STING1,0.014783194187388075,0,0,0,0,0,0.12158615952232422,0
ENSG00000177663,IL17RA,0.014783194187388075,0,0,0,0,0,0.12158615952232422,0
ENSG00000085741,WNT11,0.014783194187388075,0,0,0,0,0,0.12158615952232422,0
ENSG00000196136,SERPINA3,0.014783194187388075,0,0,0,0,0,0.12158615952232422,0
ENSG00000169439,SDC2,0.014783194187388075,0,0,0,0,0,0.12158615952232422,0
ENSG00000111319,SCNN1A,0.01474306870480191,0,0,0,0,0.12125614266231478,0,0
ENSG00000189221,MAOA,0.014742797710728709,0,0,0,0,0.12125391383894982,0,0
ENSG00000115255,REEP6,0.01473145479638104,0,0,0,0,0.12116062267495359,0,0
ENSG00000168280,KIF5C,0.014605840875340177,0,0,0,0,0.12012749586566575,0,0
ENSG00000078098,FAP,0.014574956036562376,0,0,0,0,0.11987347979262633,0,0
ENSG00000102243,VGLL1,0.014381438782968343,0,0,0,0,0.11828187385364196,0,0
ENSG00000016082,ISL1,0.01436043363487121,0,0,0,0,0.11810911448547327,0,0
ENSG00000196611,MMP1,0.01434957818464329,0,0,0,0,0.11801983252878867,0,0
ENSG00000178199,ZC3H12D,0.01433076574816781,0,0,0,0,0.11786510738121113,0,0
ENSG00000012223,LTF,0.014319143024249284,0,0,0,0,0.11776951488972864,0,0
ENSG00000159182,PRAC1,0.01427347807377014,0,0,0,0,0.11739393800944432,0,0
ENSG00000066382,MPPED2,0.014246122407815441,0,0,0,0,0.11716894804296979,0,0
ENSG00000134240,HMGCS2,0.01420715469843382,0,0,0,0,0.11684845342800114,0,0
ENSG00000134716,CYP2J2,0.014163713608074236,0,0,0,0,0.11649116695287726,0,0
ENSG00000129514,FOXA1,0.014111617423941767,0,0,0,0,0.11606269561751195,0,0
ENSG00000134028,ADAMDEC1,0.014078854430868176,0,0,0,0,0.1157932324384601,0,0
ENSG00000165140,FBP1,0.014069720052099013,0,0,0,0,0.11571810564109229,0,0
ENSG00000102554,KLF5,0.014029983763177871,0,0,0,0,0.11539128975121424,0,0
ENSG00000175426,PCSK1,0.013949253826018797,0,0,0,0,0.11472731666845352,0,0
ENSG00000121742,GJB6,0.013941602939831172,0,0,0,0,0.1146643910343379,0,0
ENSG00000211663,IGLV3-19,0.013928960226155414,0,0,0,0,0.1145604095143571,0,0
ENSG00000135378,PRRG4,0.013926546632389914,0,0,0,0,0.11454055862199417,0,0
ENSG00000109182,CWH43,0.01388476081960746,0,0,0,0,0.11419688617649035,0,0
ENSG00000016402,IL20RA,0.013869724148118993,0,0,0,0,0.11407321526240326,0,0
ENSG00000082175,PGR,0.013859558576286145,0,0,0,0,0.06688271870294288,0.09726892761785938,0
ENSG00000114638,UPK1B,0.01381874995902215,0,0,0,0,0.11365397191022317,0,0
ENSG00000154639,CXADR,0.013798309715920816,0,0,0,0,0.11348585867116999,0,0
ENSG00000170476,MZB1,0.01356138771173077,0,0,0,0,0.11153726513782011,0,0
ENSG00000155307,SAMSN1,0.01345997587431928,0,0,0,0,0.11070319127768746,0,0
ENSG00000227036,LINC00511,0.013410911347591946,0,0,0,0,0.11029965417346364,0,0
ENSG00000137857,DUOX1,0.013358573809510088,0,0,0,0,0.1098691977934984,0,0
ENSG00000140379,BCL2A1,0.013324612616915607,0,0,0,0,0.10958987987830224,0,0
ENSG00000132510,KDM6B,0.013304874768649264,0,0,0,0,0,0.1094275435700918,0
ENSG00000196549,MME,0.013304874768649264,0,0,0,0,0,0.1094275435700918,0
ENSG00000197249,SERPINA1,0.01326984152375289,0,0,0,0,0.10913940843173385,0,0
ENSG00000078081,LAMP3,0.013177414313902099,0,0,0,0,0.10837922972213475,0,0
ENSG00000184731,FAM110C,0.013151886086591538,0,0,0,0,0.10816926974469279,0,0
ENSG00000004468,CD38,0.013095972344580136,0,0,0,0,0.10770940044516833,0,0
ENSG00000172578,KLHL6,0.013042357297501441,0,0,0,0,0.10726843703873021,0,0
ENSG00000143297,FCRL5,0.012911072475230136,0,0,0,0,0.10618866921986754,0,0
ENSG00000172724,CCL19,0.012880744030481832,0,0,0,0,0.08694139185111399,0.07599134970145263,0
ENSG00000173198,CYSLTR1,0.0128613975926989,0,0,0,0,0.03404473821211327,0.09726892761785938,0
ENSG00000105825,TFPI2,0.012846628673766736,0,0,0,0,0.10565864341991976,0,0
ENSG00000123496,IL13RA2,0.012841310181483339,0,0,0,0,0.1056149008401369,0,0
ENSG00000185442,FAM174B,0.012797786270038919,0,0,0,0,0.10525693319303452,0,0
ENSG00000119125,GDA,0.012796810429689833,0,0,0,0,0.10524890727665623,0,0
ENSG00000167741,GGT6,0.012769385650191294,0,0,0,0,0.1050233488775236,0,0
ENSG00000171243,SOSTDC1,0.012761636184380384,0,0,0,0,0.10495961246343373,0,0
ENSG00000115112,TFCP2L1,0.012737336458170611,0,0,0,0,0.10475975644112627,0,0
ENSG00000110777,POU2AF1,0.012728614331176556,0,0,0,0,0.10468802025809094,0,0
ENSG00000038427,VCAN,0.012594859951047596,0,0,0,0,0.10358794126345505,0,0
ENSG00000163739,CXCL1,0.012572335956213,0,0,0,0,0.09618351173588646,0.028876712886552,0
ENSG00000117322,CR2,0.012481120604838561,0,0,0,0,0.10265247832379248,0,0
ENSG00000008277,ADAM22,0.012441969852408625,0,0,0,0,0.1023304782492466,0,0
ENSG00000122188,LAX1,0.012405423384326344,0,0,0,0,0.10202989742470324,0,0
ENSG00000101311,FERMT1,0.012396626080221188,0,0,0,0,0.10195754293847127,0,0
ENSG00000172156,CCL11,0.012385475745077265,0,0,0,0,0.09578652768919396,0.024317231904464845,0
ENSG00000203710,CR1,0.012338346067084659,0,0,0,0,0.10147821195733416,0,0
ENSG00000167608,TMC4,0.01233561971231217,0,0,0,0,0.1014557887244333,0,0
ENSG00000211598,IGKV4-1,0.012301334117172007,0,0,0,0,0.10117380272146338,0,0
ENSG00000170837,GPR27,0.012295051257282617,0,0,0,0,0.10112212858425834,0,0
ENSG00000211899,IGHM,0.012254934565082542,0,0,0,0,0.10079218402183707,0,0
ENSG00000099954,CECR2,0.012250021005010232,0,0,0,0,0.10075177185575161,0,0
ENSG00000128645,HOXD1,0.012214500980831529,0,0,0,0,0.10045963314260982,0,0
ENSG00000172016,REG3A,0.012196135204595159,0,0,0,0,0,0.10030858160591748,0
ENSG00000137843,PAK6,0.012122047487340264,0,0,0,0,0.09969923826004684,0,0
ENSG00000100368,CSF2RB,0.01211376792737694,0,0,0,0,0.09963114202281184,0,0
ENSG00000165272,AQP3,0.012094013065478748,0,0,0,0,0.09490918480185173,0.01823792392834863,0
ENSG00000095713,CRTAC1,0.012087306104763796,0,0,0,0,0.09941350357846009,0,0
ENSG00000125850,OVOL2,0.012075996604331169,0,0,0,0,0.09932048723122895,0,0
ENSG00000166670,MMP10,0.012036203791173384,0,0,0,0,0.09595355246290672,0.012158615952232422,0
ENSG00000144908,ALDH1L1,0.01194981339067123,0,0,0,0,0.09828267820628997,0,0
ENSG00000173212,MAB21L3,0.011901083136163717,0,0,0,0,0.09788189036416255,0,0
ENSG00000102678,FGF9,0.011893859052198072,0,0,0,0,0.09782247501628064,0,0
ENSG00000171873,ADRA1D,0.011826555349910457,0,0,0,0,0,0.09726892761785938,0
ENSG00000102882,MAPK3,0.011826555349910457,0,0,0,0,0,0.09726892761785938,0
ENSG00000168081,PNOC,0.0118243614762216,0,0,0,0,0.0972508838397067,0,0
ENSG00000111962,UST,0.011801809305532688,0,0,0,0,0.09706540079807174,0,0
ENSG00000171431,KRT20,0.011798123923083433,0,0,0,0,0.09133573869903029,0.02279740491043579,0
ENSG00000173467,AGR3,0.01179272939119559,0,0,0,0,0.0969907219499794,0,0
ENSG00000198673,TAFA2,0.01175535461746165,0,0,0,0,0.09668332862593024,0,0
ENSG00000166828,SCNN1G,0.011740390167730843,0,0,0,0,0.09656025170837979,0,0
ENSG00000164690,SHH,0.01167773055408063,0,0,0,0,0.09604490017580086,0,0
ENSG00000043591,ADRB1,0.011663236826148584,0,0,0,0,0.09592569476632838,0,0
ENSG00000138152,BTBD16,0.01165563001384166,0,0,0,0,0.09586313162314822,0,0
ENSG00000164199,ADGRV1,0.011647198499247691,0,0,0,0,0.09579378561676809,0,0
ENSG00000141736,ERBB2,0.011617319367283444,0,0,0,0,0.06606814964370895,0.07903100368951074,0
ENSG00000007062,PROM1,0.011616168336730761,0,0,0,0,0.09553857431114876,0,0
ENSG00000154589,LY96,0.01160196446577836,0,0,0,0,0.09542175286528516,0,0
ENSG00000196139,AKR1C3,0.011594515940123095,0,0,0,0,0.09536049156971892,0,0
ENSG00000049759,NEDD4L,0.011571089874522916,0,0,0,0,0.09516782107422654,0,0
ENSG00000163141,BNIPL,0.011548791210754422,0,0,0,0,0.09498442303076418,0,0
ENSG00000166869,CHP2,0.011494357833941192,0,0,0,0,0.0945367291729511,0,0
ENSG00000198796,ALPK2,0.011493470870575992,0,0,0,0,0.09452943423602171,0,0
ENSG00000126353,CCR7,0.01149245060771987,0,0,0,0,0.07411877303974435,0.07599134970145263,0
ENSG00000137699,TRIM29,0.011487401434903542,0,0,0,0,0.0944795154319712,0,0
ENSG00000099958,DERL3,0.01146536656265256,0,0,0,0,0.09429828697358786,0,0
ENSG00000181617,FDCSP,0.011455723237793012,0,0,0,0,0.0942189742878559,0,0
ENSG00000087128,TMPRSS11E,0.011407375710708538,0,0,0,0,0.0938213342334746,0,0
ENSG00000112115,IL17A,0.011395378852778304,0,0,0,0,0,0.09372266463179157,0
ENSG00000143476,DTL,0.011310869720314096,0,0,0,0,0.09302760910247623,0,0
ENSG00000151090,THRB,0.011293843745371804,0,0,0,0,0.09288757692275132,0,0
ENSG00000168621,GDNF,0.011272185567883404,0,0,0,0,0,0.09270944663577221,0
ENSG00000142949,PTPRF,0.011260974113969932,0,0,0,0,0.09261723668393627,0,0
ENSG00000065361,ERBB3,0.011233321248261392,0,0,0,0,0.09238980236232285,0,0
ENSG00000262160,ENSG00000262160,0.011226385798438938,0,0,0,0,0.09233276092068425,0,0
ENSG00000087842,PIR,0.011193313531124726,0,0,0,0,0.09206075407842405,0,0
ENSG00000196220,SRGAP3,0.011182920417287268,0,0,0,0,0.09197527466301782,0,0
ENSG00000170381,SEMA3E,0.01113396367209717,0,0,0,0,0.09157262402101682,0,0
ENSG00000086300,SNX10,0.011106368535908268,0,0,0,0,0.09134566450278452,0,0
ENSG00000177459,ERICH5,0.01109304125699326,0,0,0,0,0.0912360526936167,0,0
ENSG00000196482,ESRRG,0.011079066837960035,0,0,0,0,0.09112111840267335,0,0
ENSG00000120756,PLS1,0.011025027938756015,0,0,0,0,0.09067666897342645,0,0
ENSG00000118946,PCDH17,0.0110162911819564,0,0,0,0,0.09060481246579481,0,0
ENSG00000174175,SELP,0.01100339509617292,0,0,0,0,0.08593926607433751,0.01823792392834863,0
ENSG00000134285,FKBP11,0.010985023253526544,0,0,0,0,0.09034764562581322,0,0
ENSG00000046604,DSG2,0.010909744135688428,0,0,0,0,0.08972850346247929,0,0
ENSG00000158315,RHBDL2,0.01090682577819401,0,0,0,0,0.08970450108008739,0,0
ENSG00000171848,RRM2,0.01085639676289137,0,0,0,0,0.08928974157538093,0,0
ENSG00000162981,LRATD1,0.010844621124365739,0,0,0,0,0.08919289141931142,0,0
ENSG00000100526,CDKN3,0.010830052618803383,0,0,0,0,0.0890730709922201,0,0
ENSG00000249992,TMEM158,0.01082405556350994,0,0,0,0,0.08902374748930657,0,0
ENSG00000108700,CCL8,0.010813667867647333,0,0,0,0,0.07374004269439594,0.06079307976116211,0
ENSG00000138722,MMRN1,0.010810231172398526,0,0,0,0,0.08891004712105968,0,0
ENSG00000165078,CPA6,0.01080142736698339,0,0,0,0,0.08883763916402147,0,0
ENSG00000186810,CXCR3,0.01079348412655513,0,0,0,0,0.027482084062831265,0.08190178801156561,0
ENSG00000165323,FAT3,0.010791445214130047,0,0,0,0,0.08875553974668185,0,0
ENSG00000146094,DOK3,0.010775322834512031,0,0,0,0,0.08862293929543513,0,0
ENSG00000160862,AZGP1,0.010772395435805372,0,0,0,0,0.08859886255250518,0,0
ENSG00000188803,SHISA6,0.010769239743547095,0,0,0,0,0.08857290818178835,0,0
ENSG00000120149,MSX2,0.010748409509972932,0,0,0,0,0.08840158741916208,0,0
ENSG00000211669,IGLV3-10,0.010702902638288301,0,0,0,0,0.08802731067694558,0,0
ENSG00000124429,POF1B,0.010650283105396063,0,0,0,0,0.08759453499672867,0,0
ENSG00000166347,CYB5A,0.010636280673280984,0,0,0,0,0.08747937030882266,0,0
ENSG00000189403,HMGB1,0.010594622500961453,0,0,0,0,0,0.08713674765766569,0
ENSG00000164932,CTHRC1,0.010591367580197403,0,0,0,0,0.08710997717016253,0,0
ENSG00000104413,ESRP1,0.0105691724727427,0,0,0,0,0.08692743083806437,0,0
ENSG00000147571,CRH,0.010563824179737728,0,0,0,0,0,0.08688344315866084,0
ENSG00000163331,DAPL1,0.010559993552959149,0,0,0,0,0.08685193770776392,0,0
ENSG00000211648,IGLV1-47,0.010553014799657921,0,0,0,0,0.08679454011145323,0,0
ENSG00000143061,IGSF3,0.010526820295731551,0,0,0,0,0.0865791002618085,0,0
ENSG00000138193,PLCE1,0.01050347208057566,0,0,0,0,0.08638707005666328,0,0
ENSG00000111863,ADTRP,0.010493309970329297,0,0,0,0,0.0863034905580897,0,0
ENSG00000163362,INAVA,0.010462573072992254,0,0,0,0,0.08605069124723229,0,0
ENSG00000198780,FAM169A,0.01045969791126264,0,0,0,0,0.08602704413360597,0,0
ENSG00000125538,IL1B,0.010452475979203573,0,0,0,0,0.021684563728161476,0.08054650555229828,0
ENSG00000073756,PTGS2,0.010417736974780625,0,0,0,0,0.03808684797882324,0.07193847771737516,0
ENSG00000261371,PECAM1,0.010409350929262968,0,0,0,0,0.05064505443310669,0.07295169571339452,0
ENSG00000203697,CAPN8,0.010386716546484431,0,0,0,0,0.08542680011681218,0,0
ENSG00000114529,C3orf52,0.010365700167141867,0,0,0,0,0.08525394837591395,0,0
ENSG00000064886,CHI3L2,0.010359108734395057,0,0,0,0,0.0851997363441111,0,0
ENSG00000163251,FZD5,0.010351875662323711,0,0,0,0,0.08514024707247227,0,0
ENSG00000162105,SHANK2,0.010330026025093614,0,0,0,0,0.08496054210180835,0,0
ENSG00000147145,LPAR4,0.0103277037170225,0,0,0,0,0,0.08494144199962372,0
ENSG00000114013,CD86,0.010314132667257822,0,0,0,0,0.08482982526776875,0,0
ENSG00000275302,CCL4,0.010284001929871134,0,0,0,0,0.016800201499313695,0.08038196101753656,0
ENSG00000105639,JAK3,0.010281718355615048,0,0,0,0,0.08152357587304494,0.012158615952232422,0
ENSG00000146070,PLA2G7,0.01025778078787256,0,0,0,0,0.08436635245468993,0,0
ENSG00000117595,IRF6,0.010247701603013613,0,0,0,0,0.08428345498594395,0,0
ENSG00000150556,LYPD6B,0.010240969705206911,0,0,0,0,0.08422808768235322,0,0
ENSG00000157992,KRTCAP3,0.01020245773769763,0,0,0,0,0.08391134137125514,0,0
ENSG00000109929,SC5D,0.010168133115675318,0,0,0,0,0.0836290343869967,0,0
ENSG00000166387,PPFIBP2,0.010115859652523594,0,0,0,0,0.08319910499900475,0,0
ENSG00000151572,ANO4,0.010109187973255331,0,0,0,0,0.08314423297002979,0,0
ENSG00000172264,MACROD2,0.010101718702353914,0,0,0,0,0.08308280105269016,0,0
ENSG00000138755,CXCL9,0.010083249253981628,0,0,0,0,0.02775818860235201,0.07599134970145263,0
ENSG00000113889,KNG1,0.010078224744366971,0,0,0,0,0,0.08288957216809308,0
ENSG00000100867,DHRS2,0.010020201335764983,0,0,0,0,0.08241235166182868,0,0
ENSG00000035720,STAP1,0.01000324018556146,0,0,0,0,0.08227285264096842,0,0
ENSG00000179388,EGR3,0.009991219430932173,0,0,0,0,0.08217398649800844,0,0
ENSG00000160951,PTGER1,0.00997865607648695,0,0,0,0,0,0.08207065767756885,0
ENSG00000196562,SULF2,0.009946705732639153,0,0,0,0,0.08180787822986428,0,0
ENSG00000105664,COMP,0.009945451208440865,0,0,0,0,0.08179756024463292,0,0
ENSG00000134013,LOXL2,0.009938677400686574,0,0,0,0,0.08174184824763504,0,0
ENSG00000176532,PRR15,0.009928860821806284,0,0,0,0,0.08166111061336108,0,0
ENSG00000171954,CYP4F22,0.009905851466522488,0,0,0,0,0.08147186740201043,0,0
ENSG00000142973,CYP4B1,0.009903437967599306,0,0,0,0,0.08145201728968957,0,0
ENSG00000143546,S100A8,0.009865147269607041,0,0,0,0,0.07809743684830243,0.012158615952232422,0
ENSG00000196092,PAX5,0.009858976123240803,0,0,0,0,0.08108633550046965,0,0
ENSG00000095203,EPB41L4B,0.009845201282284957,0,0,0,0,0.08097304266343981,0,0
ENSG00000177455,CD19,0.00983637097592385,0,0,0,0,0.08090041674618247,0,0
ENSG00000100453,GZMB,0.00980313331187896,0,0,0,0,0.08062704957860786,0,0
ENSG00000188404,SELL,0.009796199547966912,0,0,0,0,0.08057002200294228,0,0
ENSG00000064787,BCAS1,0.009782183334704592,0,0,0,0,0.08045474397033242,0,0
ENSG00000081913,PHLPP1,0.009747786321138754,0,0,0,0,0.08017184159311307,0,0
ENSG00000137642,SORL1,0.009735875129287133,0,0,0,0,0.08007387656240222,0,0
ENSG00000142619,PADI3,0.00972891358827247,0,0,0,0,0.08001662053061359,0,0
ENSG00000187097,ENTPD5,0.009725505373352811,0,0,0,0,0.07998858925688107,0,0
ENSG00000102096,PIM2,0.00972366000731679,0,0,0,0,0.07997341182185663,0,0
ENSG00000157551,KCNJ15,0.009713104277901521,0,0,0,0,0.07988659495506244,0,0
ENSG00000183508,TENT5C,0.009697495216000806,0,0,0,0,0.07975821634715148,0,0
ENSG00000272841,MAP3K4-AS1,0.009692364900746422,0,0,0,0,0.0797160214519879,0,0
ENSG00000112175,BMP5,0.009680910860892223,0,0,0,0,0.07962181632289099,0,0
ENSG00000035115,SH3YL1,0.009651277148493077,0,0,0,0,0.07937809028930651,0,0
ENSG00000185652,NTF3,0.009609076221802246,0,0,0,0,0,0.07903100368951074,0
ENSG00000239951,IGKV3-20,0.009576959896826782,0,0,0,0,0.0787668591100484,0,0
ENSG00000198793,MTOR,0.009568011793503948,0,0,0,0,0,0.07869326435750429,0
ENSG00000164403,SHROOM1,0.009551398387265155,0,0,0,0,0.07855662539872754,0,0
ENSG00000147231,RADX,0.009543988023341967,0,0,0,0,0.07849567796891892,0,0
ENSG00000139835,GRTP1,0.00953402110600202,0,0,0,0,0.0784137038578926,0,0
ENSG00000083307,GRHL2,0.0095131786617299,0,0,0,0,0.07824228266691163,0,0
ENSG00000019991,HGF,0.009499372235862924,0,0,0,0,0.07812873005597946,0,0
ENSG00000135373,EHF,0.009460764691785715,0,0,0,0,0.07781119766389728,0,0
ENSG00000092009,CMA1,0.009424286294459896,0,0,0,0,0,0.07751117669548169,0
ENSG00000134317,GRHL1,0.009418108975124418,0,0,0,0,0.07746037058926246,0,0
ENSG00000171401,KRT13,0.009406712906393236,0,0,0,0,0.07736664225064273,0,0
ENSG00000171051,FPR1,0.009394283810655329,0,0,0,0,0.07726441765709739,0,0
ENSG00000170522,ELOVL6,0.009394154675781958,0,0,0,0,0.07726335557179198,0,0
ENSG00000067715,SYT1,0.00935383566276429,0,0,0,0,0.07693174699746025,0,0
ENSG00000182795,C1orf116,0.00935262387844683,0,0,0,0,0.07692178053152186,0,0
ENSG00000100292,HMOX1,0.00932151213262321,0,0,0,0,0.0513326579398367,0.06383273374922022,0
ENSG00000163435,ELF3,0.009318643354551757,0,0,0,0,0.07664230362371778,0,0
ENSG00000122862,SRGN,0.009317594902916148,0,0,0,0,0.07663368050707581,0,0
ENSG00000196839,ADA,0.009312209071333993,0,0,0,0,0.07658938408712707,0,0
ENSG00000108352,RAPGEFL1,0.009309493193055123,0,0,0,0,0.07656704701940868,0,0
ENSG00000173406,DAB1,0.009294638840635706,0,0,0,0,0.07644487561044423,0,0
ENSG00000135525,MAP7,0.009271419659373236,0,0,0,0,0.0762539066600827,0,0
ENSG00000139193,CD27,0.009268164843884,0,0,0,0,0.0762271370384249,0,0
ENSG00000180176,TH,0.009239496367117545,0,0,0,0,0,0.07599134970145263,0
ENSG00000117480,FAAH,0.009239496367117545,0,0,0,0,0,0.07599134970145263,0
ENSG00000232229,LINC00865,0.009217755288726164,0,0,0,0,0.0758125375860211,0,0
ENSG00000134762,DSC3,0.009216865639597357,0,0,0,0,0.07580522055970577,0,0
ENSG00000132849,PATJ,0.009207798016744548,0,0,0,0,0.059750252172971786,0.06079307976116211,0
ENSG00000143375,CGN,0.009205463505587215,0,0,0,0,0.07571144233646936,0,0
ENSG00000054690,PLEKHH1,0.009193724217455944,0,0,0,0,0.07561489114859246,0,0
ENSG00000042062,RIPOR3,0.009180092752919639,0,0,0,0,0.07550277752817826,0,0
ENSG00000078114,NEBL,0.009159729280492064,0,0,0,0,0.07533529569876958,0,0
ENSG00000177575,CD163,0.009153100727376837,0,0,0,0,0.07528077836602982,0,0
ENSG00000224220,DTNB-AS1,0.009139349060759402,0,0,0,0,0.07516767612913493,0,0
ENSG00000100644,HIF1A,0.009129238377136608,0,0,0,0,0,0.0750845195950153,0
ENSG00000125810,CD93,0.009126945152680291,0,0,0,0,0.07506565869452031,0,0
ENSG00000179348,GATA2,0.009126737053937488,0,0,0,0,0.07506394716136866,0,0
ENSG00000182022,CHST15,0.009108598613306174,0,0,0,0,0.07491476537371641,0,0
ENSG00000005187,ACSM3,0.009105217973544445,0,0,0,0,0.0748869608951885,0,0
ENSG00000100767,PAPLN,0.009100177922621014,0,0,0,0,0.07484550838987677,0,0
ENSG00000073849,ST6GAL1,0.009071032394503601,0,0,0,0,0.07460579748666282,0,0
ENSG00000131747,TOP2A,0.009053545671120496,0,0,0,0,0.054675584259121515,0.06079307976116211,0
ENSG00000163624,CDS1,0.009051920731740087,0,0,0,0,0.07444861131647208,0,0
ENSG00000150054,MPP7,0.009043753628596983,0,0,0,0,0.07438143999388742,0,0
ENSG00000026751,SLAMF7,0.009008193166519091,0,0,0,0,0.0740889686943777,0,0
ENSG00000168824,NSG1,0.00900549543402804,0,0,0,0,0.07406678086887478,0,0
ENSG00000132698,RAB25,0.008985678788849304,0,0,0,0,0.07390379648597635,0,0
ENSG00000147180,ZNF711,0.008985624443976388,0,0,0,0,0.07390334952002948,0,0
ENSG00000095739,BAMBI,0.008984780210202452,0,0,0,0,0.07389640601776531,0,0
ENSG00000166278,C2,0.008973084311900852,0,0,0,0,0.07380021169476383,0,0
ENSG00000133110,POSTN,0.008967554602232029,0,0,0,0,0.060076288985916326,0.0547137717850459,0
ENSG00000170458,CD14,0.00895708689290314,0,0,0,0,0.07366863899717588,0,0
ENSG00000111110,PPM1H,0.008956106164183098,0,0,0,0,0.07366057287580238,0,0
ENSG00000119888,EPCAM,0.008945506118320717,0,0,0,0,0.0735733915230561,0,0
ENSG00000049249,TNFRSF9,0.008942254945737188,0,0,0,0,0.07354665186291467,0,0
ENSG00000179023,KLHDC7A,0.00894015146238014,0,0,0,0,0.07352935151092302,0,0
ENSG00000197121,PGAP1,0.008936267056695034,0,0,0,0,0.0734974037489379,0,0
ENSG00000184588,PDE4B,0.008910441703902428,0,0,0,0,0.07328500002721441,0,0
ENSG00000169083,AR,0.008902334261340359,0,0,0,0,0.059539876443996234,0.0547137717850459,0
ENSG00000181634,TNFSF15,0.008869916512432843,0,0,0,0,0,0.07295169571339452,0
ENSG00000049247,UTS2,0.008869916512432843,0,0,0,0,0,0.07295169571339452,0
ENSG00000142185,TRPM2,0.008869916512432843,0,0,0,0,0,0.07295169571339452,0
ENSG00000101188,NTSR1,0.008869916512432843,0,0,0,0,0,0.07295169571339452,0
ENSG00000134184,GSTM1,0.008869916512432843,0,0,0,0,0,0.07295169571339452,0
ENSG00000163823,CCR1,0.008866363774496181,0,0,0,0,0.04851758412622165,0.06079307976116211,0
ENSG00000101916,TLR8,0.008847043289588649,0,0,0,0,0.07276357213967481,0,0
ENSG00000168952,STXBP6,0.008828993549263123,0,0,0,0,0.07261511987836121,0,0
ENSG00000106853,PTGR1,0.008821319362250637,0,0,0,0,0.07255200260380763,0,0
ENSG00000124225,PMEPA1,0.00879090373148515,0,0,0,0,0.07230184558852742,0,0
ENSG00000078589,P2RY10,0.008787690581019698,0,0,0,0,0.07227541864587149,0,0
ENSG00000171435,KSR2,0.008787069577340835,0,0,0,0,0.07227031112638652,0,0
ENSG00000161533,ACOX1,0.008782309263324304,0,0,0,0,0.07223115935092758,0,0
ENSG00000164251,F2RL1,0.00877469805982594,0,0,0,0,0.07216856009186501,0,0
ENSG00000000003,TSPAN6,0.008684655649192347,0,0,0,0,0.07142799545040134,0,0
ENSG00000180921,SACK1H,0.008665603260360663,0,0,0,0,0.07127129678579563,0,0
ENSG00000107643,MAPK8,0.008664594370941343,0,0,0,0,0,0.07126299905336225,0
ENSG00000157168,NRG1,0.008664594370941343,0,0,0,0,0,0.07126299905336225,0
ENSG00000101670,LIPG,0.00866415762766792,0,0,0,0,0.07125940700575471,0,0
ENSG00000108950,FAM20A,0.008653297167531297,0,0,0,0,0.0711700838444731,0,0
ENSG00000149043,SYT8,0.008647962778135527,0,0,0,0,0.07112621051697657,0,0
ENSG00000256812,CAPNS2,0.008645858006261994,0,0,0,0,0.07110889956742604,0,0
ENSG00000156738,MS4A1,0.00864242061570917,0,0,0,0,0.07108062833518769,0,0
ENSG00000130775,THEMIS2,0.008634190871178542,0,0,0,0,0.07101294181097342,0,0
ENSG00000184292,TACSTD2,0.008618836783913533,0,0,0,0,0.07088666027263607,0,0
ENSG00000079263,SP140,0.00859688173667368,0,0,0,0,0.07070608834466245,0,0
ENSG00000117009,KMO,0.008583432637045968,0,0,0,0,0.0705954746063838,0,0
ENSG00000184828,ZBTB7C,0.008582708761198751,0,0,0,0,0.07058952100237112,0,0
ENSG00000165304,MELK,0.008575874531987314,0,0,0,0,0.014643697298199388,0.06687238773727831,0
ENSG00000163293,NIPAL1,0.008573625215266101,0,0,0,0,0.07051481228578416,0,0
ENSG00000172548,NIPAL4,0.00857083606947569,0,0,0,0,0.07049187262060047,0,0
ENSG00000127324,TSPAN8,0.008561515282238969,0,0,0,0,0.07041521268435988,0,0
ENSG00000105398,SULT2A1,0.008538170109483148,0,0,0,0,0.07022320750180015,0,0
ENSG00000166922,SCG5,0.008533660390404194,0,0,0,0,0.07018611677456053,0,0
ENSG00000173267,SNCG,0.00852612615089737,0,0,0,0,0.07012415051510779,0,0
ENSG00000183421,RIPK4,0.008517262198259507,0,0,0,0,0.07005124786999846,0,0
ENSG00000136250,AOAH,0.008500336657748143,0,0,0,0,0,0.06991204172533642,0
ENSG00000155629,PIK3AP1,0.008498927172217365,0,0,0,0,0.06990044924197884,0,0
ENSG00000260912,ENSG00000260912,0.008493261039496417,0,0,0,0,0.06985384745158418,0,0
ENSG00000137801,THBS1,0.008479027748362372,0,0,0,0,0.0697367840358964,0,0
ENSG00000275234,ENSG00000275234,0.008469143165596703,0,0,0,0,0.06965548709548391,0,0
ENSG00000102934,PLLP,0.008464659109713842,0,0,0,0,0.06961860743828872,0,0
ENSG00000165238,WNK2,0.008377143372853241,0,0,0,0,0,0.06889882372931705,0
ENSG00000103528,SYT17,0.008360908746316198,0,0,0,0,0.06876530008977762,0,0
ENSG00000048462,TNFRSF17,0.008358955155226357,0,0,0,0,0.06874923254477484,0,0
ENSG00000181374,CCL13,0.008352159303085761,0,0,0,0,0.06869333924106909,0,0
ENSG00000123892,RAB38,0.00832419374986157,0,0,0,0,0.06846333318335612,0,0
ENSG00000259953,LINC02977,0.00831500778385761,0,0,0,0,0.068387782100568,0,0
ENSG00000121858,TNFSF10,0.008295014516256641,0,0,0,0,0,0.06822334506530414,0
ENSG00000163568,AIM2,0.008272581676534592,0,0,0,0,0.0680388434755658,0,0
ENSG00000065911,MTHFD2,0.008269225058252127,0,0,0,0,0.06801123656458472,0,0
ENSG00000198142,SOWAHC,0.008264396950630547,0,0,0,0,0.06797152721246315,0,0
ENSG00000102890,ELMO3,0.008246211320618705,0,0,0,0,0.06782195731007223,0,0
ENSG00000088992,TESC,0.008244035875697282,0,0,0,0,0.06780406510153493,0,0
ENSG00000189280,GJB5,0.008235131615087399,0,0,0,0,0.06773083093865928,0,0
ENSG00000083454,P2RX5,0.008233283633830234,0,0,0,0,0.06771563199443383,0,0
ENSG00000135960,EDAR,0.008231404968121515,0,0,0,0,0.06770018068224419,0,0
ENSG00000187837,H1-2,0.008229407687197751,0,0,0,0,0.0676837538049449,0,0
ENSG00000265107,GJA5,0.008227823873726723,0,0,0,0,0.06767072754046506,0,0
ENSG00000185920,PTCH1,0.008188784587681313,0,0,0,0,0.06734964423461196,0,0
ENSG00000182162,P2RY8,0.008174969126700363,0,0,0,0,0.06723601731329766,0,0
ENSG00000136040,PLXNC1,0.008158938656391205,0,0,0,0,0.06710417278122151,0,0
ENSG00000197561,ELANE,0.00813075680306344,0,0,0,0,0,0.06687238773727831,0
ENSG00000111057,KRT18,0.008122232405025352,0,0,0,0,0.05768331583566066,0.03647584785669726,0
ENSG00000160856,FCRL3,0.008114419702208137,0,0,0,0,0.06673802128537716,0,0
ENSG00000108405,P2RX1,0.00811022458891429,0,0,0,0,0,0.0667035180712751,0
ENSG00000148346,LCN2,0.008064678077709742,0,0,0,0,0.06632891530905703,0,0
ENSG00000121895,TMEM156,0.008063899094481398,0,0,0,0,0.06632250846775697,0,0
ENSG00000196104,SPOCK3,0.008062752621642662,0,0,0,0,0.06631307916393456,0,0
ENSG00000131781,FMO5,0.008037251518029847,0,0,0,0,0.06610334226860863,0,0
ENSG00000166483,WEE1,0.008032157098430977,0,0,0,0,0.06606144260158334,0,0
ENSG00000186197,EDARADD,0.00802262071495288,0,0,0,0,0.06598300946811186,0,0
ENSG00000173376,NDNF,0.00802051123497967,0,0,0,0,0.06596565979622901,0,0
ENSG00000168447,SCNN1B,0.008018548800922868,0,0,0,0,0.06594951952118033,0,0
ENSG00000102547,CAB39L,0.007999833072472788,0,0,0,0,0.06579558976039498,0,0
ENSG00000213088,ACKR1,0.007990906888239016,0,0,0,0,0.05964286730792029,0.024317231904464845,0
ENSG00000100558,PLEK2,0.00798688785494567,0,0,0,0,0.06568912026108703,0,0
ENSG00000103888,CEMIP,0.007976051715368509,0,0,0,0,0.06559999712717335,0,0
ENSG00000115339,GALNT3,0.007965180271166142,0,0,0,0,0.06551058362612126,0,0
ENSG00000101445,PPP1R16B,0.007957313043855966,0,0,0,0,0.06544587866840992,0,0
ENSG00000155066,PROM2,0.00795662581335116,0,0,0,0,0.06544022645842562,0,0
ENSG00000118898,PPL,0.007953512122473215,0,0,0,0,0.06541461753311556,0,0
ENSG00000103404,USP31,0.007949605887199757,0,0,0,0,0.06538249023105418,0,0
ENSG00000177283,FZD8,0.00794596687572109,0,0,0,0,0,0.06535256074324927,0
ENSG00000187848,P2RX2,0.00794596687572109,0,0,0,0,0,0.06535256074324927,0
ENSG00000177606,JUN,0.007925434661571938,0,0,0,0,0,0.06518369107724604,0
ENSG00000152939,MARVELD2,0.007890661256775454,0,0,0,0,0.06489769302505737,0,0
ENSG00000138166,DUSP5,0.007877251224606712,0,0,0,0,0.06478740060179616,0,0
ENSG00000145103,ILDR1,0.007877162367268885,0,0,0,0,0.0647866697839286,0,0
ENSG00000144451,SPAG16,0.007870882042608239,0,0,0,0,0.06473501649801744,0,0
ENSG00000197375,SLC22A5,0.007858689818911331,0,0,0,0,0.06463474008707719,0,0
ENSG00000148671,ADIRF,0.00785490902280146,0,0,0,0,0.06460364447451139,0,0
ENSG00000102452,NALCN,0.007846986728835902,0,0,0,0,0.06453848661446643,0,0
ENSG00000176153,GPX2,0.007828771258729697,0,0,0,0,0.06438867128862862,0,0
ENSG00000182103,FAM181B,0.0078081814798820716,0,0,0,0,0.06421932817483576,0,0
ENSG00000234715,SLC26A5-AS1,0.007793914683483354,0,0,0,0,0.06410198919106683,0,0
ENSG00000226777,FAM30A,0.0077837369728947945,0,0,0,0,0.0640182813856016,0,0
ENSG00000106366,SERPINE1,0.007779667593025213,0,0,0,0,0.06398481228117746,0,0
ENSG00000123329,ARHGAP9,0.007762546869539257,0,0,0,0,0.06384400083065367,0,0
ENSG00000074416,MGLL,0.007761176948378739,0,0,0,0,0,0.06383273374922022,0
ENSG00000116044,NFE2L2,0.007761176948378739,0,0,0,0,0,0.06383273374922022,0
ENSG00000214548,MEG3,0.007761176948378739,0,0,0,0,0,0.06383273374922022,0
ENSG00000057252,SOAT1,0.007761176948378739,0,0,0,0,0,0.06383273374922022,0
ENSG00000143412,ANXA9,0.0077547426271280945,0,0,0,0,0.06377981389982351,0,0
ENSG00000165949,IFI27,0.007738333488507682,0,0,0,0,0.06364485496465459,0,0
ENSG00000109321,AREG,0.007733958401425464,0,0,0,0,0.063608871534473,0,0
ENSG00000186472,PCLO,0.00771801130499763,0,0,0,0,0.06347771272091655,0,0
ENSG00000146648,EGFR,0.0077125156008452525,0,0,0,0,0,0.06343251264079257,0
ENSG00000064692,SNCAIP,0.007707177409825946,0,0,0,0,0.06338860804638577,0,0
ENSG00000184012,TMPRSS2,0.007684106428753103,0,0,0,0,0.06319885798631741,0,0
ENSG00000130508,PXDN,0.007670235669149999,0,0,0,0,0.06308477625483087,0,0
ENSG00000156218,ADAMTSL3,0.007669871919596624,0,0,0,0,0.06308178455285754,0,0
ENSG00000072133,RPS6KA6,0.007660330388988331,0,0,0,0,0.06300330908619439,0,0
ENSG00000158473,CD1D,0.007650679856742245,0,0,0,0,0.06292393712244458,0,0
ENSG00000249751,ECSCR,0.007641161248822832,0,0,0,0,0.06284565018619451,0,0
ENSG00000117090,SLAMF1,0.0076292799391020375,0,0,0,0,0.06274793092466449,0,0
ENSG00000105552,BCAT2,0.007628487724021995,0,0,0,0,0.06274141525640788,0,0
ENSG00000180785,OR51E1,0.00762790996292723,0,0,0,0,0.0627366633907594,0,0
ENSG00000198515,CNGA1,0.007612805577389537,0,0,0,0,0.06261243555432609,0,0
ENSG00000103044,HAS3,0.00760467745318462,0,0,0,0,0.06254558481870906,0,0
ENSG00000249853,HS3ST5,0.007602494107183803,0,0,0,0,0.06252762762679351,0,0
ENSG00000171517,LPAR3,0.007600052989156632,0,0,0,0,0.06250755035782835,0,0
ENSG00000170231,FABP6,0.007594610624032609,0,0,0,0,0.06246278897096158,0,0
ENSG00000215182,MUC5AC,0.007545588699812661,0,0,0,0,0,0.062059602256186314,0
ENSG00000061918,GUCY1B1,0.007544451560284581,0,0,0,0,0.0620502497153005,0,0
ENSG00000106258,CYP3A5,0.007542284557067219,0,0,0,0,0.06203242693657409,0,0
ENSG00000188171,ZNF626,0.007534037936613597,0,0,0,0,0.061964601614300396,0,0
ENSG00000116701,NCF2,0.007522070092126564,0,0,0,0,0.06186617063717232,0,0
ENSG00000204219,TCEA3,0.007522050416715215,0,0,0,0,0.061866008814384046,0,0
ENSG00000129354,AP1M2,0.007503479630195302,0,0,0,0,0.06171327114594487,0,0
ENSG00000140853,NLRC5,0.0074945936897018485,0,0,0,0,0.06164018765907134,0,0
ENSG00000170017,ALCAM,0.0074907431165981125,0,0,0,0,0.06160851815722291,0,0
ENSG00000211956,IGHV4-34,0.007481364176448977,0,0,0,0,0.06153137993535635,0,0
ENSG00000168502,MTCL1,0.007478502844389654,0,0,0,0,0.06150784656551751,0,0
ENSG00000100504,PYGL,0.0074752277873016935,0,0,0,0,0.061480910464395244,0,0
ENSG00000163082,SGPP2,0.007469119251666133,0,0,0,0,0.061430670077993056,0,0
ENSG00000187123,LYPD6,0.007458393418978204,0,0,0,0,0.06134245417636357,0,0
ENSG00000125730,C3,0.007453193736141485,0,0,0,0,0,0.06129968875917179,0
ENSG00000125245,GPR18,0.007447201125375152,0,0,0,0,0.0612504018108063,0,0
ENSG00000168350,DEGS2,0.007442087456426459,0,0,0,0,0.06120834382518704,0,0
ENSG00000121236,TRIM6,0.00743974129734384,0,0,0,0,0.06118904755748818,0,0
ENSG00000122378,PRXL2A,0.007438903912845433,0,0,0,0,0.06118216038791478,0,0
ENSG00000085265,FCN1,0.007417095310058725,0,0,0,0,0.06100279290996838,0,0
ENSG00000112378,PERP,0.007412179453623426,0,0,0,0,0.06096236185716918,0,0
ENSG00000008516,MMP25,0.0073915970936940375,0,0,0,0,0,0.06079307976116211,0
ENSG00000160113,NR2F6,0.0073915970936940375,0,0,0,0,0,0.06079307976116211,0
ENSG00000169860,P2RY1,0.0073915970936940375,0,0,0,0,0,0.06079307976116211,0
ENSG00000175591,P2RY2,0.0073915970936940375,0,0,0,0,0,0.06079307976116211,0
ENSG00000168959,GRM5,0.0073915970936940375,0,0,0,0,0,0.06079307976116211,0
ENSG00000128271,ADORA2A,0.0073915970936940375,0,0,0,0,0,0.06079307976116211,0
ENSG00000138735,PDE5A,0.0073915970936940375,0,0,0,0,0,0.06079307976116211,0
ENSG00000164342,TLR3,0.0073915970936940375,0,0,0,0,0,0.06079307976116211,0
ENSG00000188822,CNR2,0.0073915970936940375,0,0,0,0,0,0.06079307976116211,0
ENSG00000137752,CASP1,0.0073915970936940375,0,0,0,0,0,0.06079307976116211,0
ENSG00000096717,SIRT1,0.0073915970936940375,0,0,0,0,0,0.06079307976116211,0
ENSG00000205420,KRT6A,0.0073915970936940375,0,0,0,0,0,0.06079307976116211,0
ENSG00000128917,DLL4,0.0073915970936940375,0,0,0,0,0,0.06079307976116211,0
ENSG00000111339,ART4,0.0073915970936940375,0,0,0,0,0,0.06079307976116211,0
ENSG00000181019,NQO1,0.0073915970936940375,0,0,0,0,0,0.06079307976116211,0
ENSG00000163464,CXCR1,0.0073915970936940375,0,0,0,0,0,0.06079307976116211,0
ENSG00000077238,IL4R,0.0073915970936940375,0,0,0,0,0,0.06079307976116211,0
ENSG00000123560,PLP1,0.0073915970936940375,0,0,0,0,0,0.06079307976116211,0
ENSG00000169515,CCDC8,0.0073915970936940375,0,0,0,0,0,0.06079307976116211,0
ENSG00000033050,ABCF2,0.0073915970936940375,0,0,0,0,0,0.06079307976116211,0
ENSG00000162924,REL,0.0073915970936940375,0,0,0,0,0,0.06079307976116211,0
ENSG00000044090,CUL7,0.0073915970936940375,0,0,0,0,0,0.06079307976116211,0
ENSG00000072201,LNX1,0.007385891044824876,0,0,0,0,0.06074614967560321,0,0
ENSG00000182606,TRAK1,0.007383505529801693,0,0,0,0,0.06072652972023531,0,0
ENSG00000057294,PKP2,0.00737979882290907,0,0,0,0,0.060696043463352244,0,0
ENSG00000134258,VTCN1,0.007339650474894214,0,0,0,0,0.06036583854387302,0,0
ENSG00000163207,IVL,0.0073330415729426475,0,0,0,0,0.06031148283449351,0,0
ENSG00000233901,LINC01503,0.007319263621424299,0,0,0,0,0.06019816441426807,0,0
ENSG00000144837,PLA1A,0.007316327237022909,0,0,0,0,0.06017401376741051,0,0
ENSG00000232040,SCAND3,0.0073117863076218115,0,0,0,0,0.060136666347120754,0,0
ENSG00000139874,SSTR1,0.007293993809531686,0,0,0,0,0.05999032980552732,0,0
ENSG00000173947,CIMAP3,0.007284731153599037,0,0,0,0,0.059914147977192266,0,0
ENSG00000196167,COLCA1,0.007279636927723896,0,0,0,0,0.059872249903471085,0,0
ENSG00000184905,TCEAL2,0.0072792519644162695,0,0,0,0,0.05986908372642315,0,0
ENSG00000104611,SH2D4A,0.0072688993962142165,0,0,0,0,0.05978393778347433,0,0
ENSG00000112294,ALDH5A1,0.007264621789387129,0,0,0,0,0.05974875609138132,0,0
ENSG00000165152,PGAP4,0.007255684195992511,0,0,0,0,0.05967524777900652,0,0
ENSG00000064989,CALCRL,0.0072550138357216605,0,0,0,0,0.05966973432029145,0,0
ENSG00000167767,KRT80,0.007252756660250323,0,0,0,0,0.05965116990901137,0,0
ENSG00000211639,IGLV4-60,0.00723593939761648,0,0,0,0,0.059512854308782594,0,0
ENSG00000135919,SERPINE2,0.007235271016766521,0,0,0,0,0.05950735713005283,0,0
ENSG00000166145,SPINT1,0.007234941200774898,0,0,0,0,0.05950464451874148,0,0
ENSG00000224189,HAGLR,0.007232712108798479,0,0,0,0,0.05948631108354478,0,0
ENSG00000123700,KCNJ2,0.007231078901687556,0,0,0,0,0.059472878575129846,0,0
ENSG00000167984,NLRC3,0.0072206465178743075,0,0,0,0,0.05938707617908219,0,0
ENSG00000137077,CCL21,0.007220059773752881,0,0,0,0,0.05938225043144997,0,0
ENSG00000118473,SGIP1,0.007212848428919512,0,0,0,0,0.059322939858094406,0,0
ENSG00000151702,FLI1,0.007202442327514217,0,0,0,0,0.059237353624873645,0,0
ENSG00000168528,SERINC2,0.00720037223994958,0,0,0,0,0.05922032794059535,0,0
ENSG00000141934,PLPP2,0.0071892855531558685,0,0,0,0,0.05912914415094964,0,0
ENSG00000113368,LMNB1,0.00717510166687565,0,0,0,0,0.059012487071427255,0,0
ENSG00000152642,GPD1L,0.007166627033856445,0,0,0,0,0.05894278643237014,0,0
ENSG00000171903,CYP4F11,0.00715809633212539,0,0,0,0,0.05887262464944543,0,0
ENSG00000127954,STEAP4,0.0071411237619747985,0,0,0,0,0.0587330317038563,0,0
ENSG00000103067,ESRP2,0.007134904114032747,0,0,0,0,0.058681877460918734,0,0
ENSG00000140030,GPR65,0.0071343507575745875,0,0,0,0,0.058677326314140736,0,0
ENSG00000125845,BMP2,0.0071232220269825,0,0,0,0,0.05858579673021598,0,0
ENSG00000114315,HES1,0.0071229318409930945,0,0,0,0,0.05858341006062672,0,0
ENSG00000102524,TNFSF13B,0.007120156653505056,0,0,0,0,0.058560585197180576,0,0
ENSG00000187867,PALM3,0.007113994403087762,0,0,0,0,0.05850990302709227,0,0
ENSG00000280018,ENSG00000280018,0.007104860814109442,0,0,0,0,0.058434782725454305,0,0
ENSG00000162040,HS3ST6,0.007103960761655748,0,0,0,0,0.05842738013574154,0,0
ENSG00000105369,CD79A,0.00710379094793278,0,0,0,0,0.05386650250025538,0.01823792392834863,0
ENSG00000124256,ZBP1,0.007099159367241156,0,0,0,0,0.05838789048960537,0,0
ENSG00000253368,TRNP1,0.007093425346536671,0,0,0,0,0.05834073034632087,0,0
ENSG00000105519,CAPS,0.007089089371678422,0,0,0,0,0.05830506859933188,0,0
ENSG00000112414,ADGRG6,0.007069423802203214,0,0,0,0,0.05814332675673672,0,0
ENSG00000197943,PLCG2,0.007065405028782184,0,0,0,0,0.05811027387113841,0,0
ENSG00000162630,B3GALT2,0.007049169580033142,0,0,0,0,0.057976743469217454,0,0
ENSG00000177694,NAALADL2,0.0070466678209252925,0,0,0,0,0.057956167450387036,0,0
ENSG00000205744,DENND1C,0.00704509885344264,0,0,0,0,0.05794326328852505,0,0
ENSG00000187474,FPR3,0.00703970529203093,0,0,0,0,0.05789890329366297,0,0
ENSG00000167306,MYO5B,0.007031006173420396,0,0,0,0,0.057827356345846626,0,0
ENSG00000162522,NHSL3,0.00703030599530795,0,0,0,0,0.05782159764670523,0,0
ENSG00000134215,VAV3,0.007028296379387341,0,0,0,0,0.05780506931874008,0,0
ENSG00000005469,CROT,0.007019950173691485,0,0,0,0,0.057736424945658095,0,0
ENSG00000143367,TUFT1,0.00700324158761331,0,0,0,0,0.05759900316883894,0,0
ENSG00000231292,IGKV1OR2-108,0.00699358374257995,0,0,0,0,0.057519571060190205,0,0
ENSG00000151136,ABTB3,0.006991078731739485,0,0,0,0,0.057498968297093604,0,0
ENSG00000081237,PTPRC,0.006967487352666185,0,0,0,0,0.05730493816104864,0,0
ENSG00000130487,KLHDC7B,0.006963443806121355,0,0,0,0,0.05727168152591258,0,0
ENSG00000112312,GMNN,0.00695925381268832,0,0,0,0,0.057237220420721845,0,0
ENSG00000179674,ARL14,0.006946706874781692,0,0,0,0,0.057134026620079395,0,0
ENSG00000168421,RHOH,0.00694214966626331,0,0,0,0,0.05709654531023059,0,0
ENSG00000008394,MGST1,0.006936167707279625,0,0,0,0,0.05704734596873327,0,0
ENSG00000145623,OSMR,0.00692992116978486,0,0,0,0,0.056995970569433674,0,0
ENSG00000103187,COTL1,0.006923239410205917,0,0,0,0,0.05694101563373053,0,0
ENSG00000057149,SERPINB3,0.006921440371093448,0,0,0,0,0.056926219220063565,0,0
ENSG00000124772,CPNE5,0.006901531475904515,0,0,0,0,0.056762476115855415,0,0
ENSG00000115361,ACADL,0.006901398132755117,0,0,0,0,0.056761379419077405,0,0
ENSG00000178075,GRAMD1C,0.006900384777182187,0,0,0,0,0.05675304495422623,0,0
ENSG00000154451,GBP5,0.006894775118359629,0,0,0,0,0.05670690764020466,0,0
ENSG00000074696,HACD3,0.006888495116407957,0,0,0,0,0.05665525700845228,0,0
ENSG00000147676,MAL2,0.0068780372414776305,0,0,0,0,0.05656924495764475,0,0
ENSG00000205038,PKHD1L1,0.006865470573309515,0,0,0,0,0.056465888883092466,0,0
ENSG00000163563,MNDA,0.00685847442208868,0,0,0,0,0.05640834819549842,0,0
ENSG00000072694,FCGR2B,0.006852038361240508,0,0,0,0,0.05635541403857252,0,0
ENSG00000154096,THY1,0.00684740482074168,0,0,0,0,0.056317304927165183,0,0
ENSG00000134516,DOCK2,0.006839755249511169,0,0,0,0,0.05625439010807257,0,0
ENSG00000114812,VIPR1,0.0068317444369155374,0,0,0,0,0.05618850421590275,0,0
ENSG00000171295,ZNF440,0.00683101346165289,0,0,0,0,0.05618249222189355,0,0
ENSG00000143217,NECTIN4,0.006830910621698781,0,0,0,0,0.0561816464023158,0,0
ENSG00000162747,FCGR3B,0.006817243344243444,0,0,0,0,0.0560692382342395,0,0
ENSG00000170485,NPAS2,0.006812143954132754,0,0,0,0,0.05602729768664162,0,0
ENSG00000118785,SPP1,0.006810307763727716,0,0,0,0,0.05145271473561119,0.01823792392834863,0
ENSG00000136999,CCN3,0.006809418364494801,0,0,0,0,0.05600488074668183,0,0
ENSG00000174946,GPR171,0.006799902357384678,0,0,0,0,0.05592661520110076,0,0
ENSG00000138185,ENTPD1,0.006792469116973818,0,0,0,0,0.055865479620866416,0,0
ENSG00000010932,FMO1,0.006790108410605573,0,0,0,0,0.055846063707266407,0,0
ENSG00000167880,EVPL,0.006789811479303297,0,0,0,0,0.055843621560039754,0,0
ENSG00000007908,SELE,0.006777506863887773,0,0,0,0,0.051182939787797976,0.01823792392834863,0
ENSG00000164309,CMYA5,0.006775758250419393,0,0,0,0,0.055728039087995944,0,0
ENSG00000136010,ALDH1L2,0.006771853038245856,0,0,0,0,0.05569592020054296,0,0
ENSG00000204261,PSMB8-AS1,0.006770530096104327,0,0,0,0,0.055685039503704375,0,0
ENSG00000110324,IL10RA,0.006770085875265903,0,0,0,0,0.055681385955963676,0,0
ENSG00000105991,HOXA1,0.006752738946897622,0,0,0,0,0.05553871405616495,0,0
ENSG00000211938,IGHV3-7,0.006718011021297409,0,0,0,0,0.05525309005309874,0,0
ENSG00000143850,PLEKHA6,0.00670276447594632,0,0,0,0,0.05512769300617343,0,0
ENSG00000214290,POU2AF3,0.006692672653804767,0,0,0,0,0.05504469160057595,0,0
ENSG00000134061,CD180,0.006678644225770072,0,0,0,0,0.054929313106100844,0,0
ENSG00000110723,EXPH5,0.00666883971751915,0,0,0,0,0.05484867474817063,0,0
ENSG00000254087,LYN,0.006660297461383907,0,0,0,0,0.05477841793465827,0,0
ENSG00000143867,OSR1,0.006656429341687262,0,0,0,0,0.054746604118745004,0,0
ENSG00000146469,VIP,0.006652437384324632,0,0,0,0,0,0.0547137717850459,0
ENSG00000122585,NPY,0.006652437384324632,0,0,0,0,0,0.0547137717850459,0
ENSG00000135046,ANXA1,0.006652437384324632,0,0,0,0,0,0.0547137717850459,0
ENSG00000121594,CD80,0.006646679855872608,0,0,0,0,0.05466641829946296,0,0
ENSG00000154274,PGCKA1,0.006644615768438082,0,0,0,0,0.05464944196397679,0,0
ENSG00000134470,IL15RA,0.006638908851941658,0,0,0,0,0.05460250474251307,0,0
ENSG00000150681,RGS18,0.006638600543429935,0,0,0,0,0.054599969022058256,0,0
ENSG00000167208,SNX20,0.006636392071324065,0,0,0,0,0.05458180517746815,0,0
ENSG00000167232,ZNF91,0.006634006752009443,0,0,0,0,0.05456218683172886,0,0
ENSG00000091879,ANGPT2,0.006629589023866009,0,0,0,0,0.05452585269500812,0,0
ENSG00000145244,CORIN,0.006620640187093715,0,0,0,0,0.054452251910120666,0,0
ENSG00000125354,SEPTIN6,0.006610880440794397,0,0,0,0,0.054371981702247815,0,0
ENSG00000137265,IRF4,0.00660435961990551,0,0,0,0,0.05431835042616751,0,0
ENSG00000184489,PTP4A3,0.00660351844238862,0,0,0,0,0.054311432060457174,0,0
ENSG00000134871,COL4A2,0.0065953009949079764,0,0,0,0,0.05424384667481026,0,0
ENSG00000137462,TLR2,0.006579457189140087,0,0,0,0,0.054113537387715946,0,0
ENSG00000142871,CCN1,0.00657528664155492,0,0,0,0,0.05407923621724102,0,0
ENSG00000221818,EBF2,0.006572403307915987,0,0,0,0,0.05405552189276313,0,0
ENSG00000121316,PLBD1,0.00655795281302479,0,0,0,0,0.05393667205863752,0,0
ENSG00000078070,MCCC1,0.006555902617368343,0,0,0,0,0.05391980997775183,0,0
ENSG00000140105,WARS1,0.006553185284946242,0,0,0,0,0.05389746095025745,0,0
ENSG00000172575,RASGRP1,0.006538401023225445,0,0,0,0,0.05377586601067814,0,0
ENSG00000078399,HOXA9,0.006533501423762116,0,0,0,0,0.05373556866530118,0,0
ENSG00000016602,CLCA4,0.006510700820378666,0,0,0,0,0.05354804235907499,0,0
ENSG00000278291,ENSG00000278291,0.006509095445152876,0,0,0,0,0.05353483875734846,0,0
ENSG00000172830,SSH3,0.006501861076586099,0,0,0,0,0.05347533882252695,0,0
ENSG00000086570,FAT2,0.006487141944130329,0,0,0,0,0.05335427954642515,0,0
ENSG00000174640,SLCO2A1,0.0064772337586328586,0,0,0,0,0.053272788482504746,0,0
ENSG00000165197,VEGFD,0.006476169615284016,0,0,0,0,0.05326403630747905,0,0
ENSG00000197405,C5AR1,0.006465832997990724,0,0,0,0,0.05317902155469879,0,0
ENSG00000170190,SLC16A5,0.006463800616107105,0,0,0,0,0.053162305985331317,0,0
ENSG00000070159,PTPN3,0.006463008450621714,0,0,0,0,0.05315579072497188,0,0
ENSG00000087303,NID2,0.006456596039528952,0,0,0,0,0.05310305107830524,0,0
ENSG00000108960,MMD,0.006451058057705083,0,0,0,0,0.0530575032803846,0,0
ENSG00000115165,CYTIP,0.006440293426828743,0,0,0,0,0.05296896827838577,0,0
ENSG00000152669,CCNO,0.006431822980431758,0,0,0,0,0.0528993020727069,0,0
ENSG00000147257,GPC3,0.006426040772379936,0,0,0,0,0.05285174560678564,0,0
ENSG00000156265,MAP3K7CL,0.006424389739690846,0,0,0,0,0.052838166489758025,0,0
ENSG00000112297,CRYBG1,0.006423590665072276,0,0,0,0,0.05283159440440136,0,0
ENSG00000131378,RFTN1,0.006409565083884596,0,0,0,0,0.052716239324162105,0,0
ENSG00000137496,IL18BP,0.0064028383065600405,0,0,0,0,0.052660914134592986,0,0
ENSG00000137573,SULF1,0.006383930913163029,0,0,0,0,0.0525054080023877,0,0
ENSG00000131771,PPP1R1B,0.006377683447656101,0,0,0,0,0.052454024970540386,0,0
ENSG00000099219,ERMP1,0.006374112010910037,0,0,0,0,0.052424651259255356,0,0
ENSG00000154102,CLMB,0.006368564116920321,0,0,0,0,0.05237902193753394,0,0
ENSG00000070087,PFN2,0.006364759855008861,0,0,0,0,0.05234773332765921,0,0
ENSG00000009790,TRAF3IP3,0.006361605337806237,0,0,0,0,0.052321788621329,0,0
ENSG00000143119,CD53,0.0063476465156855726,0,0,0,0,0.05220698260906984,0,0
ENSG00000169442,CD52,0.006337878427496257,0,0,0,0,0.0521266437923189,0,0
ENSG00000211659,IGLV3-25,0.0063340738378389145,0,0,0,0,0.05209535248685872,0,0
ENSG00000120156,TEK,0.006329893330981912,0,0,0,0,0.042942007440979826,0.03647584785669726,0
ENSG00000139194,RBP5,0.006329673524654348,0,0,0,0,0.05205916158156281,0,0
ENSG00000181847,TIGIT,0.0063099506446276515,0,0,0,0,0.05189694838144051,0,0
ENSG00000140403,DNAJA4,0.006306017635550693,0,0,0,0,0.051864600875010415,0,0
ENSG00000169435,RASSF6,0.006302291728941855,0,0,0,0,0.05183395670775096,0,0
ENSG00000214652,ZNF727,0.0063020915149236715,0,0,0,0,0.05183231002346575,0,0
ENSG00000152256,PDK1,0.00630191497140833,0,0,0,0,0.05183085802007954,0,0
ENSG00000115457,IGFBP2,0.00629672654545913,0,0,0,0,0.05178818518651375,0,0
ENSG00000158714,SLAMF8,0.006295179623941906,0,0,0,0,0.05177546234434733,0,0
ENSG00000165168,CYBB,0.0062880982981396195,0,0,0,0,0.051717221128158686,0,0
ENSG00000107551,RASSF4,0.00627735814977579,0,0,0,0,0.051628887485530094,0,0
ENSG00000161249,DMKN,0.00625923337514259,0,0,0,0,0.0514798180955238,0,0
ENSG00000141198,TOM1L1,0.006257043802621166,0,0,0,0,0.05146180969284025,0,0
ENSG00000164985,PSIP1,0.006252867926238815,0,0,0,0,0,0.05142746469503165,0
ENSG00000088726,TMEM40,0.006252844844629564,0,0,0,0,0.051427274857558845,0,0
ENSG00000187720,THSD4,0.006249552477395656,0,0,0,0,0.05140019638705825,0,0
ENSG00000196878,LAMB3,0.006247053186171009,0,0,0,0,0.05137964066563019,0,0
ENSG00000095370,SH2D3C,0.006237232703529777,0,0,0,0,0.05129887092440459,0,0
ENSG00000088367,EPB41L1,0.00623534204757286,0,0,0,0,0.05128332099697581,0,0
ENSG00000128383,APOBEC3A,0.006219686147323772,0,0,0,0,0.0511545571614324,0,0
ENSG00000121807,CCR2,0.006210961575679005,0,0,0,0,0.05108280087207312,0,0
ENSG00000172594,SMPDL3A,0.006206562904021523,0,0,0,0,0.05104662346771425,0,0
ENSG00000162877,PM20D1,0.006203392412426512,0,0,0,0,0.05102054737807158,0,0
ENSG00000185507,IRF7,0.006195108591436923,0,0,0,0,0.05095241609551333,0,0
ENSG00000166562,SEC11C,0.00618960535331144,0,0,0,0,0.05090715405132092,0,0
ENSG00000138413,IDH1,0.006187597334813554,0,0,0,0,0.05089063886155119,0,0
ENSG00000197142,ACSL5,0.006183914520343609,0,0,0,0,0.05086034911077351,0,0
ENSG00000268001,CARD8-AS1,0.006173555566458879,0,0,0,0,0.0507751506480091,0,0
ENSG00000169836,TACR3,0.006171074063723419,0,0,0,0,0.050754741230150946,0,0
ENSG00000170370,EMX2,0.0061703487365572796,0,0,0,0,0.050748775689591165,0,0
ENSG00000185811,IKZF1,0.006149039720702612,0,0,0,0,0.05057351712448486,0,0
ENSG00000198873,GRK5,0.006143121983509294,0,0,0,0,0.05052484598283051,0,0
ENSG00000204291,COL15A1,0.006141371092666667,0,0,0,0,0.05051044557040278,0,0
ENSG00000134909,ARHGAP32,0.006138265879756824,0,0,0,0,0.05048490637316156,0,0
ENSG00000034971,MYOC,0.0061167350979348745,0,0,0,0,0.05030782386717126,0,0
ENSG00000140254,DUOXA1,0.006112884295621088,0,0,0,0,0.05027615248015718,0,0
ENSG00000106541,AGR2,0.0061095375727353175,0,0,0,0,0.05024862695505697,0,0
ENSG00000214456,PLIN5,0.006106163205726463,0,0,0,0,0.05022087406753992,0,0
ENSG00000172716,SLFN11,0.0061037746004653365,0,0,0,0,0.050201228696138175,0,0
ENSG00000106819,ASPN,0.006102708770236326,0,0,0,0,0.05019246264716354,0,0
ENSG00000106483,SFRP4,0.006099933262159039,0,0,0,0,0.05016963514699254,0,0
ENSG00000143942,CHAC2,0.006087642294361253,0,0,0,0,0.04550906562122514,0.01823792392834863,0
ENSG00000183918,SH2D1A,0.006081391545981045,0,0,0,0,0.05001713657107865,0,0
ENSG00000169508,GPR183,0.006076861454954231,0,0,0,0,0.04997987829230242,0,0
ENSG00000211947,IGHV3-21,0.006073251845855821,0,0,0,0,0.04995019062791207,0,0
ENSG00000106852,LHX6,0.006066817312908337,0,0,0,0,0.04989726903738924,0,0
ENSG00000106462,EZH2,0.0060651253952815325,0,0,0,0,0.04988335365727154,0,0
ENSG00000182866,LCK,0.0060593504460578415,0,0,0,0,0.046796202904397614,0.012158615952232422,0
ENSG00000164604,GPR85,0.006053929589564889,0,0,0,0,0.04979127240591342,0,0
ENSG00000105851,PIK3CG,0.006041946455816095,0,0,0,0,0.049692715680412156,0,0
ENSG00000101447,SACK1D,0.006039831157958102,0,0,0,0,0.04967531815863581,0,0
ENSG00000164761,TNFRSF11B,0.006032960725357635,0,0,0,0,0.04961881145896325,0,0
ENSG00000146950,SHROOM2,0.006024946995249363,0,0,0,0,0.04955290157135963,0,0
ENSG00000170542,SERPINB9,0.006020584393813778,0,0,0,0,0.04951702083088124,0,0
ENSG00000011638,LDAF1,0.0060129896192756644,0,0,0,0,0.04945455669377919,0,0
ENSG00000167617,CDC42EP5,0.006012265645714772,0,0,0,0,0.049448602286108645,0,0
ENSG00000103021,CFAP263,0.006009102657058862,0,0,0,0,0.049422587905291485,0,0
ENSG00000102471,NDFIP2,0.00600756484863335,0,0,0,0,0.049409940014844465,0,0
ENSG00000160307,S100B,0.006006844040680033,0,0,0,0,0.04940401164309435,0,0
ENSG00000136167,LCP1,0.0059956944369723994,0,0,0,0,0.04931231038571903,0,0
ENSG00000110799,VWF,0.005990859191140687,0,0,0,0,0.04927254232452926,0,0
ENSG00000023445,BIRC3,0.00598943116809698,0,0,0,0,0.04926079737716587,0,0
ENSG00000149573,MPZL2,0.005982372488946623,0,0,0,0,0.0492027424210912,0,0
ENSG00000206052,DOK6,0.00596224377276339,0,0,0,0,0.04903719137266337,0,0
ENSG00000152952,PLOD2,0.005958161707367356,0,0,0,0,0.049003617934600424,0,0
ENSG00000135905,DOCK10,0.005939060773037041,0,0,0,0,0.04884652000169953,0,0
ENSG00000130193,THEM6,0.0059243165073309826,0,0,0,0,0.04872525401415635,0,0
ENSG00000124171,PARD6B,0.0059213062992392,0,0,0,0,0.04870049619547362,0,0
ENSG00000134827,TCN1,0.005920166384553644,0,0,0,0,0.04869112082997122,0,0
ENSG00000162618,ADGRL4,0.005914752297389273,0,0,0,0,0.04864659201858642,0,0
ENSG00000170421,KRT8,0.005913277674955229,0,0,0,0,0,0.04863446380892969,0
ENSG00000108342,CSF3,0.005913277674955229,0,0,0,0,0,0.04863446380892969,0
ENSG00000152785,BMP3,0.005909895391170907,0,0,0,0,0.04860664580894014,0,0
ENSG00000204252,HLA-DOA,0.005905243612361122,0,0,0,0,0.048568386694349625,0,0
ENSG00000126860,EVI2A,0.0059045432386852946,0,0,0,0,0.04856262638677367,0,0
ENSG00000106789,CORO2A,0.0058898145240712735,0,0,0,0,0.048441488301058266,0,0
ENSG00000263155,MYZAP,0.005887743486799378,0,0,0,0,0.04842445480579835,0,0
ENSG00000164543,STK17A,0.00587464158554611,0,0,0,0,0.04831669664233023,0,0
ENSG00000104415,CCN4,0.005872293204178451,0,0,0,0,0.04829738209718064,0,0
ENSG00000168461,RAB31,0.0058717698684938105,0,0,0,0,0.04829307785986698,0,0
ENSG00000107984,DKK1,0.005870575052950995,0,0,0,0,0.04828325095565758,0,0
ENSG00000151715,TMEM45B,0.00586711080368789,0,0,0,0,0.04825475882072449,0,0
ENSG00000030419,IKZF2,0.005866252040891414,0,0,0,0,0.04824769582276609,0,0
ENSG00000104894,CD37,0.005858322589041468,0,0,0,0,0.04818247909183966,0,0
ENSG00000172243,CLEC7A,0.0058482579558936714,0,0,0,0,0.048099701305393094,0,0
ENSG00000066279,ASPM,0.005847066606088511,0,0,0,0,0.048089902905560075,0,0
ENSG00000111913,RIPOR2,0.005836360616760136,0,0,0,0,0.04800185020802908,0,0
ENSG00000171345,KRT19,0.005835749133722035,0,0,0,0,0.047996820992199714,0,0
ENSG00000166228,PCBD1,0.005808748358674049,0,0,0,0,0.04777474986869302,0,0
ENSG00000134460,IL2RA,0.005808748358674049,0,0,0,0,0.04777474986869302,0,0
ENSG00000177989,CIMAP1B,0.005807163811089687,0,0,0,0,0.04776171756640971,0,0
ENSG00000167107,ACSF2,0.005803438168684721,0,0,0,0,0.04773107557212679,0,0
ENSG00000169245,CXCL10,0.0057876205243624305,0,0,0,0,0,0.047600981452989924,0
ENSG00000113083,LOX,0.005781911029356009,0,0,0,0,0.04755402302426044,0,0
ENSG00000158458,NRG2,0.005771549162825195,0,0,0,0,0.047468800606087824,0,0
ENSG00000115590,IL1R2,0.005762025758234291,0,0,0,0,0.04739047421903589,0,0
ENSG00000076662,ICAM3,0.005760458043811697,0,0,0,0,0.04737758036311714,0,0
ENSG00000047597,XK,0.005753792994791768,0,0,0,0,0.04732276286541745,0,0
ENSG00000158869,FCER1G,0.005752659867595459,0,0,0,0,0.04731344332443713,0,0
ENSG00000165105,RASEF,0.005727608500593665,0,0,0,0,0.047107405341987374,0,0
ENSG00000204580,DDR1,0.005727204293738565,0,0,0,0,0.047104080894067576,0,0
ENSG00000102879,CORO1A,0.005722629658176301,0,0,0,0,0.0470664562533993,0,0
ENSG00000104881,PPP1R13L,0.005715914190243568,0,0,0,0,0.04701122407928412,0,0
ENSG00000136634,IL10,0.005707955533463728,0,0,0,0,0,0.0469457671488974,0
ENSG00000146674,IGFBP3,0.005707955533463728,0,0,0,0,0,0.0469457671488974,0
ENSG00000153563,CD8A,0.005697689426389152,0,0,0,0,0,0.04686133231589579,0
ENSG00000167642,SPINT2,0.005692781327473171,0,0,0,0,0.04682096506574772,0,0
ENSG00000139508,SLC46A3,0.005692342337021812,0,0,0,0,0.046817354535954814,0,0
ENSG00000204267,TAP2,0.005691858710538814,0,0,0,0,0.04681337689174846,0,0
ENSG00000211949,IGHV3-23,0.00568829159822427,0,0,0,0,0.04678403874727084,0,0
ENSG00000250305,TRMT9B,0.005672044190389488,0,0,0,0,0.04665040998641012,0,0
ENSG00000114023,FAM162A,0.005661491629096416,0,0,0,0,0.04656361917621815,0,0
ENSG00000227507,LTB,0.00565621437424131,0,0,0,0,0.04652021575862656,0,0
ENSG00000128590,DNAJB9,0.0056442056571034535,0,0,0,0,0.046421448619463394,0,0
ENSG00000103522,IL21R,0.005626854099195327,0,0,0,0,0.046278738643457114,0,0
ENSG00000168646,AXIN2,0.005597564993169629,0,0,0,0,0.04603784686645909,0,0
ENSG00000151338,MIPOL1,0.0055929205797869246,0,0,0,0,0.045999648329709916,0,0
ENSG00000163564,PYHIN1,0.005592109075942029,0,0,0,0,0.04599297401868567,0,0
ENSG00000005102,MEOX1,0.00558929442667551,0,0,0,0,0.04596982459709379,0,0
ENSG00000124466,LYPD3,0.005588018277173805,0,0,0,0,0.045959328751952216,0,0
ENSG00000221890,NPTXR,0.005587766309104262,0,0,0,0,0.04595725641024381,0,0
ENSG00000152804,HHEX,0.0055853104395626315,0,0,0,0,0.04593705781567286,0,0
ENSG00000090382,LYZ,0.005584166975431991,0,0,0,0,0.04592765325733223,0,0
ENSG00000248890,HHIP-AS1,0.00558110311117443,0,0,0,0,0.04590245413705738,0,0
ENSG00000018236,CNTN1,0.005580657059649291,0,0,0,0,0.04589878553261349,0,0
ENSG00000122679,RAMP3,0.005562979964328147,0,0,0,0,0.045753398134980465,0,0
ENSG00000141433,ADCYAP1,0.005559096980882389,0,0,0,0,0,0.045721462070373996,0
ENSG00000106025,TSPAN12,0.005554728667239725,0,0,0,0,0.04568553434916112,0,0
ENSG00000115008,IL1A,0.005543697820270526,0,0,0,0,0,0.04559480982087158,0
ENSG00000136052,SLC41A2,0.00553731381487464,0,0,0,0,0.045542303800277066,0,0
ENSG00000254560,BBOX1-AS1,0.0055264267962910505,0,0,0,0,0.045452762205852495,0,0
ENSG00000005073,HOXA11,0.005514566594762119,0,0,0,0,0.04535521655118648,0,0
ENSG00000116133,DHCR24,0.0055126524018144244,0,0,0,0,0.04533947304094474,0,0
ENSG00000163376,KBTBD8,0.00549913929497563,0,0,0,0,0.04522833286765623,0,0
ENSG00000189056,RELN,0.005492132629256106,0,0,0,0,0.045170705702302444,0,0
ENSG00000017427,IGF1,0.005488744657666342,0,0,0,0,0.03466797226230134,0.03647584785669726,0
ENSG00000127507,ADGRE2,0.005461253036336863,0,0,0,0,0.04491673277445803,0,0
ENSG00000108924,HLF,0.005454937413767204,0,0,0,0,0.04486478917664664,0,0
ENSG00000267795,SMIM22,0.005448774543815095,0,0,0,0,0.0448141019111197,0,0
ENSG00000116132,PRRX1,0.005438798523346132,0,0,0,0,0.04473205293031337,0,0
ENSG00000142273,CBLC,0.00543751342960518,0,0,0,0,0.044721483522199804,0,0
ENSG00000204516,MICB,0.005430212581701552,0,0,0,0,0.0446614368200726,0,0
ENSG00000163993,S100P,0.005419155038966337,0,0,0,0,0.044570492729243044,0,0
ENSG00000096696,DSP,0.005403257854340147,0,0,0,0,0.04443974442130532,0,0
ENSG00000100385,IL2RB,0.0054030557431804516,0,0,0,0,0.044438082133751465,0,0
ENSG00000042493,CAPG,0.005393357503638487,0,0,0,0,0.04435831779560587,0,0
ENSG00000175707,KDF1,0.005388877015046013,0,0,0,0,0.044321467478019745,0,0
ENSG00000143110,C1orf162,0.005381594026824752,0,0,0,0,0.04426156766499929,0,0
ENSG00000155849,ELMO1,0.005370311680215741,0,0,0,0,0.044168774647658046,0,0
ENSG00000204257,HLA-DMA,0.0053684032839646555,0,0,0,0,0.0441530788130451,0,0
ENSG00000140465,CYP1A1,0.005362651772233847,0,0,0,0,0.04410577481270982,0,0
ENSG00000172456,FGGY,0.005360409271635412,0,0,0,0,0.04408733109668783,0,0
ENSG00000103569,AQP9,0.005345255078763966,0,0,0,0,0.04396269361384454,0,0
ENSG00000066056,TIE1,0.005345050542760526,0,0,0,0,0.043961011382871513,0,0
ENSG00000152661,GJA1,0.005338375678779025,0,0,0,0,0,0.0439061131608393,0
ENSG00000082074,FYB1,0.005336042644288737,0,0,0,0,0.04388692483792939,0,0
ENSG00000166821,PEX11A,0.005333525746734114,0,0,0,0,0.043866224311121825,0,0
ENSG00000246100,LINC00900,0.005327415877946656,0,0,0,0,0.04381597296005141,0,0
ENSG00000224032,EPB41L4A-AS1,0.0053227440189700485,0,0,0,0,0.04377754869371254,0,0
ENSG00000163638,ADAMTS9,0.005321498765782062,0,0,0,0,0.04376730695902103,0,0
ENSG00000101336,HCK,0.005321095014351622,0,0,0,0,0.04376398625679615,0,0
ENSG00000137648,TMPRSS4,0.0053178000506890295,0,0,0,0,0.04373688643165539,0,0
ENSG00000185862,EVI2B,0.005308254276909818,0,0,0,0,0.04365837606652243,0,0
ENSG00000163600,ICOS,0.005305501180548589,0,0,0,0,0.04363573289420705,0,0
ENSG00000134242,PTPN22,0.005289139759624085,0,0,0,0,0.04350116641897021,0,0
ENSG00000136828,RALGPS1,0.005287457703082549,0,0,0,0,0.04348733214253493,0,0
ENSG00000156475,PPP2R2B,0.005286239819715504,0,0,0,0,0.04347731551422928,0,0
ENSG00000145088,EAF2,0.005281497849213207,0,0,0,0,0.04343831460721054,0,0
ENSG00000081041,CXCL2,0.005275190312176064,0,0,0,0,0.04338643750983431,0,0
ENSG00000158050,DUSP2,0.0052722809873759005,0,0,0,0,0.04336250941792323,0,0
ENSG00000061656,SPAG4,0.0052718260056702345,0,0,0,0,0.04335876736613499,0,0
ENSG00000205213,LGR4,0.005271654490629622,0,0,0,0,0.043357356720044295,0,0
ENSG00000106004,HOXA5,0.0052708064571592396,0,0,0,0,0.04335038196671946,0,0
ENSG00000062282,DGAT2,0.005269737251466345,0,0,0,0,0.04334158815583593,0,0
ENSG00000117594,HSD11B1,0.0052657986518931015,0,0,0,0,0.043309194669696405,0,0
ENSG00000163347,CLDN1,0.005265701541959909,0,0,0,0,0.04330839597736519,0,0
ENSG00000085276,MECOM,0.005262035255887059,0,0,0,0,0.043278242166378364,0,0
ENSG00000183615,FAM167B,0.005250599554532035,0,0,0,0,0.04318418786447467,0,0
ENSG00000211946,IGHV3-20,0.005246598071228362,0,0,0,0,0.04315127718352715,0,0
ENSG00000154080,CHST9,0.0052456423338736674,0,0,0,0,0.0431434166066453,0,0
ENSG00000081277,PKP1,0.005244510998785692,0,0,0,0,0.04313411180507562,0,0
ENSG00000102265,TIMP1,0.00524008629494402,0,0,0,0,0.043097720295885295,0,0
ENSG00000170577,SIX2,0.005236241633168421,0,0,0,0,0.04306609941246646,0,0
ENSG00000179241,LDLRAD3,0.0052292583721286565,0,0,0,0,0.04300866474171775,0,0
ENSG00000170915,PAQR8,0.005228478342027539,0,0,0,0,0.0430022492902866,0,0
ENSG00000102445,RUBCNL,0.005218043606049043,0,0,0,0,0.04291642754857281,0,0
ENSG00000186469,GNG2,0.00521784857388023,0,0,0,0,0.04291482348303131,0,0
ENSG00000152689,RASGRP3,0.0052154657190932215,0,0,0,0,0.042895225407095935,0,0
ENSG00000128218,VPREB3,0.00520537438814263,0,0,0,0,0.04281222804135762,0,0
ENSG00000260337,ENSG00000260337,0.0052028304722709215,0,0,0,0,0.042791305299149936,0,0
ENSG00000171488,LRRC8C,0.005202791372703526,0,0,0,0,0.04279098372005286,0,0
ENSG00000159200,RCAN1,0.005198246381850259,0,0,0,0,0.042753602895861005,0,0
ENSG00000239819,IGKV1D-8,0.005194211907587236,0,0,0,0,0.042720420876798365,0,0
ENSG00000227039,ITGB2-AS1,0.0051888432066949045,0,0,0,0,0.0426762653502695,0,0
ENSG00000055732,MCOLN3,0.005188282814190694,0,0,0,0,0.04267165633468407,0,0
ENSG00000137507,LRRC32,0.00518732292916004,0,0,0,0,0.04266376164474218,0,0
ENSG00000111537,IFNG,0.005186155646122767,0,0,0,0,0.0365748532088215,0.024317231904464845,0
ENSG00000128052,KDR,0.005174117965585825,0,0,0,0,0,0.04255515583281347,0
ENSG00000185477,GPRIN3,0.005169849468750504,0,0,0,0,0.04252004906694398,0,0
ENSG00000139998,RAB15,0.0051678222046841055,0,0,0,0,0.04250337558968009,0,0
ENSG00000001084,GCLC,0.005153262100286341,0,0,0,0,0.042383624258977924,0,0
ENSG00000186517,ARHGAP30,0.005150410450051276,0,0,0,0,0.04236017051846776,0,0
ENSG00000128228,SDF2L1,0.005145783950324883,0,0,0,0,0.042322119314740544,0,0
ENSG00000260314,MRC1,0.005132753065682577,0,0,0,0,0.04221494523593502,0,0
ENSG00000115525,ST3GAL5,0.005124013511249624,0,0,0,0,0.04214306571883137,0,0
ENSG00000164691,TAGAP,0.005108205500446464,0,0,0,0,0.042013050831731846,0,0
ENSG00000211751,TRBC1,0.005105202648542905,0,0,0,0,0.04198835351490436,0,0
ENSG00000133134,BEX2,0.005082478185910558,0,0,0,0,0.04180145343744797,0,0
ENSG00000113263,ITK,0.005074758362840213,0,0,0,0,0.04173796082364495,0,0
ENSG00000174123,TLR10,0.0050673807199322326,0,0,0,0,0.04167728251176336,0,0
ENSG00000137502,RAB30,0.005058223411600687,0,0,0,0,0.04160196712745051,0,0
ENSG00000112812,PRSS16,0.005041347697977116,0,0,0,0,0.04146317079002305,0,0
ENSG00000178562,CD28,0.005025801522035123,0,0,0,0,0.041335309395246954,0,0
ENSG00000144362,PHOSPHO2,0.00502267821707751,0,0,0,0,0.04130962139778175,0,0
ENSG00000197565,COL4A6,0.005018429517683179,0,0,0,0,0.04127467745834799,0,0
ENSG00000143653,SCCPDH,0.0050150964177731044,0,0,0,0,0.041247263977050704,0,0
ENSG00000150782,IL18,0.005013978954203143,0,0,0,0,0.03515876528733395,0.024317231904464845,0
ENSG00000123131,PRDX4,0.004995313605369396,0,0,0,0,0.041084557855881734,0,0
ENSG00000128918,ALDH1A2,0.004993821878414522,0,0,0,0,0.04107228896803517,0,0
ENSG00000182492,BGN,0.004989328038243475,0,0,0,0,0,0.04103532883878443,0
ENSG00000184502,GAST,0.004989328038243475,0,0,0,0,0,0.04103532883878443,0
ENSG00000101405,OXT,0.004989328038243475,0,0,0,0,0,0.04103532883878443,0
ENSG00000131203,IDO1,0.004983157493233142,0,0,0,0,0.03794492446075945,0.012158615952232422,0
ENSG00000147168,IL2RG,0.00497862060721064,0,0,0,0,0.040947264283781606,0,0
ENSG00000131389,SLC6A6,0.00497567599090449,0,0,0,0,0.040923045932632775,0,0
ENSG00000140832,MARVELD3,0.00497039066035237,0,0,0,0,0.040879576095499304,0,0
ENSG00000175161,CADM2,0.004967366675886625,0,0,0,0,0.04085470497137115,0,0
ENSG00000148798,INA,0.0049671949540623424,0,0,0,0,0.040853292624563275,0,0
ENSG00000178184,PARD6G,0.004965734677270344,0,0,0,0,0.04084128240236583,0,0
ENSG00000075884,ARHGAP15,0.004961480992251848,0,0,0,0,0.04080629745806618,0,0
ENSG00000164684,ZNF704,0.004952971927194504,0,0,0,0,0.04073631362856804,0,0
ENSG00000115648,MLPH,0.00494629915644852,0,0,0,0,0.04068143262260322,0,0
ENSG00000087116,ADAMTS2,0.004946113195035214,0,0,0,0,0.04067990316058191,0,0
ENSG00000140279,DUOX2,0.004941879825503779,0,0,0,0,0.040645085303450255,0,0
ENSG00000206073,SERPINB4,0.004933763158859891,0,0,0,0,0.016409923780901566,0.03647584785669726,0
ENSG00000107242,PIP5K1B,0.004932857461616717,0,0,0,0,0.04057087978595955,0,0
ENSG00000137101,CD72,0.004929763868066722,0,0,0,0,0.040545436153541614,0,0
ENSG00000179776,CDH5,0.004927925445256853,0,0,0,0,0.04053031582391617,0,0
ENSG00000146038,DCDC2,0.004926361456257145,0,0,0,0,0.04051745260818625,0,0
ENSG00000104369,JPH1,0.004926016906941024,0,0,0,0,0.04051461882087465,0,0
ENSG00000186529,CYP4F3,0.004913431968013347,0,0,0,0,0.040411112476261744,0,0
ENSG00000163629,PTPN13,0.00491160452726892,0,0,0,0,0.040396082469955054,0,0
ENSG00000168874,ATOH8,0.004904388534890356,0,0,0,0,0.04033673367230478,0,0
ENSG00000020633,RUNX3,0.0048930803394000985,0,0,0,0,0.0402437280577292,0,0
ENSG00000230937,MIR205HG,0.004885059274043593,0,0,0,0,0.040177757840493815,0,0
ENSG00000162894,FCMR,0.004879419041210524,0,0,0,0,0.04013136906684368,0,0
ENSG00000116962,NID1,0.00487566619039983,0,0,0,0,0.04010050329375374,0,0
ENSG00000137558,PI15,0.004866276774072487,0,0,0,0,0.04002327890929886,0,0
ENSG00000007312,CD79B,0.004865903283535549,0,0,0,0,0.04002020709143403,0,0
ENSG00000011201,ANOS1,0.004857333120437343,0,0,0,0,0.03994972075374663,0,0
ENSG00000145649,GZMA,0.004850209158559158,0,0,0,0,0.03989112887202116,0,0
ENSG00000163421,PROK2,0.004842627246353885,0,0,0,0,0.039828770522723336,0,0
ENSG00000184613,NELL2,0.0048313301791196445,0,0,0,0,0.039735856433828494,0,0
ENSG00000173334,TRIB1,0.0048313301791196445,0,0,0,0,0.039735856433828494,0,0
ENSG00000166803,PCLAF,0.004830769546542836,0,0,0,0,0.013021590348159345,0.03647584785669726,0
ENSG00000115604,IL18R1,0.004830028580842637,0,0,0,0,0.03972515128217208,0,0
ENSG00000122861,PLAU,0.0048246032944380445,0,0,0,0,0.039680530361288435,0,0
ENSG00000175471,MCTP1,0.004809149676196037,0,0,0,0,0.03955343021845375,0,0
ENSG00000154864,PIEZO2,0.004804538110901123,0,0,0,0,0,0.03951550184475537,0
ENSG00000134853,PDGFRA,0.004804538110901123,0,0,0,0,0,0.03951550184475537,0
ENSG00000184500,PROS1,0.004804538110901123,0,0,0,0,0,0.03951550184475537,0
ENSG00000163631,ALB,0.004804538110901123,0,0,0,0,0,0.03951550184475537,0
ENSG00000122224,LY9,0.004787385809831993,0,0,0,0,0.03937443068059889,0,0
ENSG00000107731,UNC5B,0.00478226129275627,0,0,0,0,0.039332283473253446,0,0
ENSG00000163508,EOMES,0.0047773969626339575,0,0,0,0,0.0392922762048158,0,0
ENSG00000112303,VNN2,0.004769536588281846,0,0,0,0,0.0392276276100827,0,0
ENSG00000267107,PCAT19,0.004763261825202972,0,0,0,0,0.03917602006607009,0,0
ENSG00000077984,CST7,0.004738638262108685,0,0,0,0,0.03897350060833718,0,0
ENSG00000129194,SOX15,0.0047379437184458095,0,0,0,0,0.03896778825040431,0,0
ENSG00000102575,ACP5,0.004736241296821529,0,0,0,0,0.03895378647889537,0,0
ENSG00000163032,VSNL1,0.004732959629944349,0,0,0,0,0.0389267960147663,0,0
ENSG00000153233,PTPRR,0.004727041240599152,0,0,0,0,0.03887811950941035,0,0
ENSG00000172296,SPTLC3,0.004697577391519076,0,0,0,0,0.03863579053713398,0,0
ENSG00000103316,CRYM,0.004697070139339546,0,0,0,0,0.038631618580543495,0,0
ENSG00000198523,PLN,0.004696460183185601,0,0,0,0,0.03862660192275662,0,0
ENSG00000101265,RASSF2,0.004696388672433705,0,0,0,0,0.038626013773972435,0,0
ENSG00000155465,SLC7A7,0.004696201303718726,0,0,0,0,0.03862447273742917,0,0
ENSG00000147394,ZNF185,0.00469095866515428,0,0,0,0,0.038581354025685646,0,0
ENSG00000159423,ALDH4A1,0.004682989167910109,0,0,0,0,0.03851580793659556,0,0
ENSG00000164574,GALNT10,0.004680838070814761,0,0,0,0,0.038498115979683695,0,0
ENSG00000242574,HLA-DMB,0.00466871265663333,0,0,0,0,0.038398389051642966,0,0
ENSG00000136059,VILL,0.004649465572295841,0,0,0,0,0.03824008909042119,0,0
ENSG00000169248,CXCL11,0.004631858627893102,0,0,0,0,0.035055624669400064,0.012158615952232422,0
ENSG00000065717,TLE2,0.00462920996434929,0,0,0,0,0.03807349440541651,0,0
ENSG00000124491,F13A1,0.004627358070560862,0,0,0,0,0.03805826328210688,0,0
ENSG00000070540,WIPI1,0.004622890311237609,0,0,0,0,0.03802151765792724,0,0
ENSG00000006453,BAIAP2L1,0.004608563493297078,0,0,0,0,0.037903685019765,0,0
ENSG00000147041,SYTL5,0.004599489902754861,0,0,0,0,0.03782905818248464,0,0
ENSG00000218416,GPC1-AS1,0.004597895086198113,0,0,0,0,0.03781594142180222,0,0
ENSG00000102287,GABRE,0.00458767520713814,0,0,0,0,0.03773188679666953,0,0
ENSG00000166669,ATF7IP2,0.004586775470413223,0,0,0,0,0.03772448680370608,0,0
ENSG00000155926,SLA,0.004584516253859366,0,0,0,0,0.03770590560529721,0,0
ENSG00000108846,ABCC3,0.004582287490478427,0,0,0,0,0.037687574872673574,0,0
ENSG00000136689,IL1RN,0.0045595525982729335,0,0,0,0,0.0314212810398216,0.024317231904464845,0
ENSG00000171747,LGALS4,0.004551842617514859,0,0,0,0,0.03743717735141641,0,0
ENSG00000102802,MEDAG,0.004544169360385067,0,0,0,0,0.03737406772479494,0,0
ENSG00000088882,CPXM1,0.004532995051485145,0,0,0,0,0.037282163276592756,0,0
ENSG00000162745,OLFML2B,0.004532055683401351,0,0,0,0,0.03727443733074921,0,0
ENSG00000156535,CD109,0.00452480186213805,0,0,0,0,0.037214777404884304,0,0
ENSG00000215845,TSTD1,0.004520147393768116,0,0,0,0,0.037176496169682695,0,0
ENSG00000121933,TMIGD3,0.004517363800185874,0,0,0,0,0.03715360216930323,0,0
ENSG00000197705,KLHL14,0.004507736028679526,0,0,0,0,0.03707441740399628,0,0
ENSG00000148341,SH3GLB2,0.004476105589534097,0,0,0,0,0.03681426905101191,0,0
ENSG00000240583,AQP1,0.004456037360480627,0,0,0,0,0.03664921548626151,0,0
ENSG00000124508,BTN2A2,0.004444076823256857,0,0,0,0,0.03655084460859945,0,0
ENSG00000132185,FCRLA,0.004436398030662847,0,0,0,0,0.0364876894548864,0,0
ENSG00000164111,ANXA5,0.0044349582562164215,0,0,0,0,0,0.03647584785669726,0
ENSG00000125144,MT1G,0.0044349582562164215,0,0,0,0,0,0.03647584785669726,0
ENSG00000115263,GCG,0.0044349582562164215,0,0,0,0,0,0.03647584785669726,0
ENSG00000138115,CYP2C8,0.0044349582562164215,0,0,0,0,0,0.03647584785669726,0
ENSG00000026025,VIM,0.0044349582562164215,0,0,0,0,0,0.03647584785669726,0
ENSG00000177272,KCNA3,0.0044349582562164215,0,0,0,0,0,0.03647584785669726,0
ENSG00000005421,PON1,0.0044349582562164215,0,0,0,0,0,0.03647584785669726,0
ENSG00000250722,SELENOP,0.0044349582562164215,0,0,0,0,0,0.03647584785669726,0
ENSG00000095752,IL11,0.0044349582562164215,0,0,0,0,0,0.03647584785669726,0
ENSG00000189077,TMEM120A,0.0044349582562164215,0,0,0,0,0,0.03647584785669726,0
ENSG00000198417,MT1F,0.0044349582562164215,0,0,0,0,0,0.03647584785669726,0
ENSG00000205358,MT1H,0.0044349582562164215,0,0,0,0,0,0.03647584785669726,0
ENSG00000053918,KCNQ1,0.0044349582562164215,0,0,0,0,0,0.03647584785669726,0
ENSG00000067560,RHOA,0.0044349582562164215,0,0,0,0,0,0.03647584785669726,0
ENSG00000100300,TSPO,0.0044349582562164215,0,0,0,0,0,0.03647584785669726,0
ENSG00000205362,MT1A,0.0044349582562164215,0,0,0,0,0,0.03647584785669726,0
ENSG00000151704,KCNJ1,0.0044349582562164215,0,0,0,0,0,0.03647584785669726,0
ENSG00000187688,TRPV2,0.0044349582562164215,0,0,0,0,0,0.03647584785669726,0
ENSG00000151632,AKR1C2,0.0044349582562164215,0,0,0,0,0,0.03647584785669726,0
ENSG00000169688,MT1B,0.0044349582562164215,0,0,0,0,0,0.03647584785669726,0
ENSG00000079277,MKNK1,0.0044349582562164215,0,0,0,0,0,0.03647584785669726,0
ENSG00000124102,PI3,0.0044349582562164215,0,0,0,0,0,0.03647584785669726,0
ENSG00000169715,MT1E,0.0044349582562164215,0,0,0,0,0,0.03647584785669726,0
ENSG00000142798,HSPG2,0.0044349582562164215,0,0,0,0,0,0.03647584785669726,0
ENSG00000268221,OPN1MW,0.0044349582562164215,0,0,0,0,0,0.03647584785669726,0
ENSG00000172638,EFEMP2,0.0044349582562164215,0,0,0,0,0,0.03647584785669726,0
ENSG00000147437,GNRH1,0.0044349582562164215,0,0,0,0,0,0.03647584785669726,0
ENSG00000133636,NTS,0.0044349582562164215,0,0,0,0,0,0.03647584785669726,0
ENSG00000187193,MT1X,0.0044349582562164215,0,0,0,0,0,0.03647584785669726,0
ENSG00000181104,F2R,0.0044349582562164215,0,0,0,0,0,0.03647584785669726,0
ENSG00000137968,SLC44A5,0.004434091339488188,0,0,0,0,0.03646871779574592,0,0
ENSG00000163898,LIPH,0.004426977466591754,0,0,0,0,0.03641020889206493,0,0
ENSG00000261150,EPPK1,0.004419253799745105,0,0,0,0,0.03634668466466114,0,0
ENSG00000047457,CP,0.00440541626664141,0,0,0,0,0.03167339522643013,0.01823792392834863,0
ENSG00000112796,ENPP5,0.004401286329444416,0,0,0,0,0.036198909043066725,0,0
ENSG00000132746,ALDH3B2,0.004378846527672163,0,0,0,0,0.0360143501931087,0,0
ENSG00000177706,FAM20C,0.004360074401089185,0,0,0,0,0.035859956579092696,0,0
ENSG00000138271,GPR87,0.004358845181095325,0,0,0,0,0.035849846711335634,0,0
ENSG00000113396,SLC27A6,0.00434544408720353,0,0,0,0,0.03573962780200876,0,0
ENSG00000163519,TRAT1,0.0043444452696639975,0,0,0,0,0.03573141290696267,0,0
ENSG00000082482,KCNK2,0.004340857410219888,0,0,0,0,0.03570190412522135,0,0
ENSG00000162069,BICDL2,0.004340482364246066,0,0,0,0,0.03569881951447868,0,0
ENSG00000206538,VGLL3,0.004335822925264178,0,0,0,0,0.03566049739788093,0,0
ENSG00000134817,APLNR,0.004335165653237926,0,0,0,0,0.03565509158500852,0,0
ENSG00000174600,CMKLR1,0.004334262626231512,0,0,0,0,0.03564766453072897,0,0
ENSG00000102886,GDPD3,0.004329912859264348,0,0,0,0,0.03561188934888054,0,0
ENSG00000189143,CLDN4,0.00430599538194785,0,0,0,0,0.03541517717859354,0,0
ENSG00000132704,FCRL2,0.004296646003120422,0,0,0,0,0.035338282087374606,0,0
ENSG00000136859,ANGPTL2,0.004286586007190217,0,0,0,0,0.03525554244028215,0,0
ENSG00000224137,LINC01857,0.00428656891306507,0,0,0,0,0.035255401847592856,0,0
ENSG00000071991,CDH19,0.0042695440943878345,0,0,0,0,0.035115379177709044,0,0
ENSG00000235026,DPP10-AS1,0.004265636459474388,0,0,0,0,0.03508324036414014,0,0
ENSG00000119514,GALNT12,0.0042528151890494454,0,0,0,0,0.03497779028268915,0,0
ENSG00000163735,CXCL5,0.004250435270548218,0,0,0,0,0.03495821635658953,0,0
ENSG00000178878,APOLD1,0.004234340860994672,0,0,0,0,0.0348258459485038,0,0
ENSG00000130600,H19,0.004231503465458255,0,0,0,0,0.03480250944747799,0,0
ENSG00000090530,P3H2,0.004221032254148317,0,0,0,0,0.03471638771001152,0,0
ENSG00000108932,SLC16A6,0.004212994865986507,0,0,0,0,0.034650283243899696,0,0
ENSG00000145703,IQGAP2,0.004199688861428488,0,0,0,0,0.034540846408240976,0,0
ENSG00000204388,HSPA1B,0.004182660539535865,0,0,0,0,0.034400794925740656,0,0
ENSG00000104814,MAP4K1,0.004180910796654436,0,0,0,0,0.03438640395485793,0,0
ENSG00000116748,AMPD1,0.004171763328376657,0,0,0,0,0.03431116950125138,0,0
ENSG00000008517,IL32,0.00416294347305289,0,0,0,0,0.03423862953980827,0,0
ENSG00000115902,SLC1A4,0.004162245714518871,0,0,0,0,0.034232890740780814,0,0
ENSG00000149380,P4HA3,0.00416041288464571,0,0,0,0,0.03421781641093634,0,0
ENSG00000112183,RBM24,0.004157132824636555,0,0,0,0,0.0341908391626867,0,0
ENSG00000225783,MIAT,0.004141960988126616,0,0,0,0,0.03406605656761548,0,0
ENSG00000188257,PLA2G2A,0.004140468338182437,0,0,0,0,0.034053780088532305,0,0
ENSG00000173369,C1QB,0.004108959530560413,0,0,0,0,0.03379463210864864,0,0
ENSG00000245648,KLRK1-AS1,0.004092438645108036,0,0,0,0,0.03365875409821321,0,0
ENSG00000100997,ABHD12,0.004079330530613827,0,0,0,0,0.03355094483319731,0,0
ENSG00000100362,PVALB,0.004075224768043841,0,0,0,0,0.0335171764948756,0,0
ENSG00000140285,FGF7,0.00407072355651486,0,0,0,0,0.03348015573900451,0,0
ENSG00000169398,PTK2,0.00406537840153172,0,0,0,0,0,0.03343619386863916,0
ENSG00000165322,ARHGAP12,0.00406537840153172,0,0,0,0,0,0.03343619386863916,0
ENSG00000198759,EGFL6,0.00406257248448294,0,0,0,0,0.03341311626622287,0,0
ENSG00000240065,PSMB9,0.004062448876016957,0,0,0,0,0.03341209963352002,0,0
ENSG00000109654,TRIM2,0.0040560374661872374,0,0,0,0,0.03335936822186176,0,0
ENSG00000102962,CCL22,0.004053249471358596,0,0,0,0,0.028776957040814503,0.01823792392834863,0
ENSG00000281103,TRG-AS1,0.004049399954629714,0,0,0,0,0.03330477720933534,0,0
ENSG00000160255,ITGB2,0.00404115128851499,0,0,0,0,0.03323693506227575,0,0
ENSG00000125735,TNFSF14,0.004040811430686655,0,0,0,0,0.03323413986066998,0,0
ENSG00000183044,ABAT,0.004009444026852636,0,0,0,0,0.03297615487325651,0,0
ENSG00000089012,SIRPG,0.0040073969246617195,0,0,0,0,0.032959318234950324,0,0
ENSG00000277734,TRAC,0.004007117666913293,0,0,0,0,0.03295702144599405,0,0
ENSG00000180353,HCLS1,0.004000183245742456,0,0,0,0,0.032899988464624455,0,0
ENSG00000162078,ZG16B,0.004000083519642928,0,0,0,0,0.0328991682553184,0,0
ENSG00000125848,FLRT3,0.003991384180826349,0,0,0,0,0.03282761949639094,0,0
ENSG00000113088,GZMK,0.003985880116862462,0,0,0,0,0.03278235065999121,0,0
ENSG00000183486,MX2,0.003983530092545764,0,0,0,0,0.032763022602209556,0,0
ENSG00000225698,IGHV3-72,0.003951064810245698,0,0,0,0,0.03249600798123942,0,0
ENSG00000198300,PEG3,0.003924578624825946,0,0,0,0,0.03227816916205303,0,0
ENSG00000179344,HLA-DQB1,0.003920283671484966,0,0,0,0,0.03224284480146911,0,0
ENSG00000105852,PON3,0.003916180823574784,0,0,0,0,0.0322091004351177,0,0
ENSG00000189334,S100A14,0.003908416823228482,0,0,0,0,0.03214524447999252,0,0
ENSG00000072818,ACAP1,0.003908190674479379,0,0,0,0,0.03214338449239203,0,0
ENSG00000205189,ZBTB10,0.003903048305943691,0,0,0,0,0.032101090463565955,0,0
ENSG00000121281,ADCY7,0.003902240632737761,0,0,0,0,0.032094447658092835,0,0
ENSG00000149781,FERMT3,0.003898019795821057,0,0,0,0,0.032059732876959145,0,0
ENSG00000136573,BLK,0.003890860567132722,0,0,0,0,0.032000850939109794,0,0
ENSG00000109101,FOXN1,0.0038904552759580825,0,0,0,0,0.03199751757307346,0,0
ENSG00000198369,SPRED2,0.003878449502905185,0,0,0,0,0.031898774647891315,0,0
ENSG00000170921,TANC2,0.003877977199869915,0,0,0,0,0.03189489013474339,0,0
ENSG00000005844,ITGAL,0.00386935228852324,0,0,0,0,0.03182395351349834,0,0
ENSG00000164949,GEM,0.003867308357782871,0,0,0,0,0.03180714295916881,0,0
ENSG00000153294,ADGRF4,0.0038543864875645348,0,0,0,0,0.031700865482611425,0,0
ENSG00000148926,ADM,0.0038498448871787066,0,0,0,0,0.03166351254372701,0,0
ENSG00000141696,P3H4,0.0038497901529656437,0,0,0,0,0,0.03166306237560527,0
ENSG00000136286,MYO1G,0.0038469299568982293,0,0,0,0,0.031639538348868575,0,0
ENSG00000243566,UPK3B,0.00384596814760208,0,0,0,0,0.03163162783257356,0,0
ENSG00000167286,CD3D,0.0038443722235325206,0,0,0,0,0.03161850196301876,0,0
ENSG00000085831,TTC39A,0.0038350468464717203,0,0,0,0,0.03154180427721771,0,0
ENSG00000178826,TMEM139,0.003826284381018356,0,0,0,0,0.03146973632566969,0,0
ENSG00000137491,SLCO2B1,0.0038262734018610725,0,0,0,0,0.031469646026269435,0,0
ENSG00000164116,GUCY1A1,0.00381401703794802,0,0,0,0,0.03136884208640322,0,0
ENSG00000087237,CETP,0.003807503227495328,0,0,0,0,0.03131526846849899,0,0
ENSG00000198959,TGM2,0.0037819741078695076,0,0,0,0,0.03110530115210281,0,0
ENSG00000125772,GPCPD1,0.003769133837028503,0,0,0,0,0.030999694799443506,0,0
ENSG00000139190,VAMP1,0.0037457455790652493,0,0,0,0,0.03080733525741061,0,0
ENSG00000206337,HCP5,0.0037330803486370708,0,0,0,0,0.03070316854568999,0,0
ENSG00000130821,SLC6A8,0.0037307880004541537,0,0,0,0,0.03068431485221104,0,0
ENSG00000011600,TYROBP,0.003727384489251824,0,0,0,0,0.03065632226476769,0,0
ENSG00000066294,CD84,0.0037260603013396744,0,0,0,0,0.030645431321938733,0,0
ENSG00000178078,STAP2,0.0037036038501789656,0,0,0,0,0.03046073553708186,0,0
ENSG00000128617,OPN1SW,0.0036957985468470188,0,0,0,0,0,0.030396539880581056,0
ENSG00000106278,PTPRZ1,0.0036948680722398925,0,0,0,0,0.03038888708020656,0,0
ENSG00000043462,LCP2,0.003683129681832832,0,0,0,0,0.030292343275770454,0,0
ENSG00000074370,ATP2A3,0.003680566184593809,0,0,0,0,0.030271259484250978,0,0
ENSG00000104067,TJP1,0.003675266332697868,0,0,0,0,0,0.030227670214577826,0
ENSG00000180448,ARHGAP45,0.0036751793546550104,0,0,0,0,0.030226954853197888,0,0
ENSG00000142765,SYTL1,0.0036730405149352765,0,0,0,0,0.03020936370854675,0,0
ENSG00000162772,ATF3,0.0036694873403784116,0,0,0,0,0.030180140196834356,0,0
ENSG00000187479,C11orf96,0.0036676289282176677,0,0,0,0,0.030164855462387234,0,0
ENSG00000175463,TBC1D10C,0.0036673402245152205,0,0,0,0,0.030162480984045448,0,0
ENSG00000162511,LAPTM5,0.003658073093929952,0,0,0,0,0.030086262353391457,0,0
ENSG00000143851,PTPN7,0.003655783347688417,0,0,0,0,0.030067430059892507,0,0
ENSG00000186818,LILRB4,0.0036474551618717217,0,0,0,0,0.02999893389347509,0,0
ENSG00000140968,IRF8,0.0036249968760154274,0,0,0,0,0.0298142230189436,0,0
ENSG00000137331,IER3,0.0036218812936191346,0,0,0,0,0.029788598536613264,0,0
ENSG00000204287,HLA-DRA,0.0036159600056843394,0,0,0,0,0.029739898191458374,0,0
ENSG00000186074,CD300LF,0.0036153371142851093,0,0,0,0,0.02973477514619009,0,0
ENSG00000173372,C1QA,0.0036153371142851093,0,0,0,0,0.02973477514619009,0,0
ENSG00000267508,ZNF285,0.0036064663535169037,0,0,0,0,0.0296618165067935,0,0
ENSG00000160219,GAB3,0.0035954842527347744,0,0,0,0,0.029571492897385365,0,0
ENSG00000253522,MIR3142HG,0.0035910396834070175,0,0,0,0,0.02953493800211424,0,0
ENSG00000168386,FILIP1L,0.0035852893521673163,0,0,0,0,0.029487643710870124,0,0
ENSG00000160182,TFF1,0.0035835099993614997,0,0,0,0,0.029473009209601178,0,0
ENSG00000187535,IFT140,0.0035775971870900584,0,0,0,0,0.02942437857355945,0,0
ENSG00000109861,CTSC,0.003577502989473202,0,0,0,0,0.02942360383392439,0,0
ENSG00000104998,IL27RA,0.0035710201028529877,0,0,0,0,0.02937028455280158,0,0
ENSG00000116824,CD2,0.003548533300959321,0,0,0,0,0.02918533914468925,0,0
ENSG00000261488,TBILA,0.00354742970220328,0,0,0,0,0.029176262463919196,0,0
ENSG00000171608,PIK3CD,0.0035433163509941763,0,0,0,0,0.0291424317119219,0,0
ENSG00000135744,AGT,0.0035346890346544023,0,0,0,0,0.01901697362422746,0.024317231904464845,0
ENSG00000269404,SPIB,0.003525965676575806,0,0,0,0,0.028999729002283436,0,0
ENSG00000005381,MPO,0.0035110086195046675,0,0,0,0,0,0.028876712886552,0
ENSG00000142168,SOD1,0.0035110086195046675,0,0,0,0,0,0.028876712886552,0
ENSG00000167371,PRRT2,0.0035110086195046675,0,0,0,0,0,0.028876712886552,0
ENSG00000128340,RAC2,0.0035104726238514524,0,0,0,0,0.028872304525803374,0,0
ENSG00000118523,CCN2,0.0035080099547728336,0,0,0,0,0.02885205000762224,0,0
ENSG00000081377,CDC14B,0.0035072386532064475,0,0,0,0,0.028845706345075318,0,0
ENSG00000179583,CIITA,0.0035052879316967217,0,0,0,0,0.028829662401279498,0,0
ENSG00000134709,HOOK1,0.0034955703374573354,0,0,0,0,0.02874973887809591,0,0
ENSG00000135074,ADAM19,0.003495552011070355,0,0,0,0,0.028749588150520887,0,0
ENSG00000121210,TMEM131L,0.003493706611028547,0,0,0,0,0.02873441043581176,0,0
ENSG00000162337,LRP5,0.0034874430303512335,0,0,0,0,0.028682894862806407,0,0
ENSG00000198046,ZNF667,0.0034682166846746617,0,0,0,0,0.028524765469196918,0,0
ENSG00000153292,ADGRF1,0.0034495685204434623,0,0,0,0,0.028371391398460056,0,0
ENSG00000160791,CCR5,0.00343708204183231,0,0,0,0,0.028268694852568593,0,0
ENSG00000130598,TNNI2,0.0034363232355600288,0,0,0,0,0.028262453959071645,0,0
ENSG00000113532,ST8SIA4,0.0034300746048734664,0,0,0,0,0.02821106134406422,0,0
ENSG00000198879,SFMBT2,0.0034300746048734664,0,0,0,0,0.02821106134406422,0,0
ENSG00000160593,JAML,0.0034278918937049483,0,0,0,0,0.028193109373403302,0,0
ENSG00000133106,EPSTI1,0.003427799059448249,0,0,0,0,0.028192345846887915,0,0
ENSG00000187608,ISG15,0.0034210757686318535,0,0,0,0,0.028137049332524693,0,0
ENSG00000181885,CLDN7,0.0034202435463811685,0,0,0,0,0.028130204620478893,0,0
ENSG00000132681,ATP1A4,0.003418079372816378,0,0,0,0,0.028112405114570548,0,0
ENSG00000163534,FCRL1,0.0034155868487707793,0,0,0,0,0.028091905050620907,0,0
ENSG00000183579,ZNRF3,0.0034122553752763867,0,0,0,0,0.02806450494597511,0,0
ENSG00000120217,CD274,0.0033944397976392354,0,0,0,0,0.02115777335774931,0.02262853524443256,0
ENSG00000204472,AIF1,0.0033943446610727014,0,0,0,0,0.027917196121730218,0,0
ENSG00000116141,MARK1,0.0033943446610727014,0,0,0,0,0.027917196121730218,0,0
ENSG00000029153,BMAL2,0.00339382197443951,0,0,0,0,0.027912897222618308,0,0
ENSG00000077420,APBB1IP,0.0033927180702813904,0,0,0,0,0.027903818030032102,0,0
ENSG00000137942,FNBP1L,0.0033914732065167767,0,0,0,0,0.02789357949819999,0,0
ENSG00000125347,IRF1,0.0033880785157749172,0,0,0,0,0.027865659455695187,0,0
ENSG00000096996,IL12RB1,0.0033880785157749172,0,0,0,0,0.027865659455695187,0,0
ENSG00000168394,TAP1,0.003371763764446634,0,0,0,0,0.02773147682016842,0,0
ENSG00000145423,SFRP2,0.0033600780788633857,0,0,0,0,0.02763536649289797,0,0
ENSG00000100629,CEP128,0.003343865797919944,0,0,0,0,0.02750202663738205,0,0
ENSG00000133328,PLAAT2,0.003342790699178002,0,0,0,0,0.027493184358407488,0,0
ENSG00000132965,ALOX5AP,0.0033409334108238523,0,0,0,0,0.027477908866842937,0,0
ENSG00000116218,NPHS2,0.0033306175698978725,0,0,0,0,0.027393064991795744,0,0
ENSG00000163221,S100A12,0.0033263289038136957,0,0,0,0,0.02735779234151198,0,0
ENSG00000100979,PLTP,0.003325747037710485,0,0,0,0,0.027353006713727566,0,0
ENSG00000100055,CYTH4,0.0033211101094616073,0,0,0,0,0.027314869739362264,0,0
ENSG00000138964,PARVG,0.003311314478214669,0,0,0,0,0.027234304391419523,0,0
ENSG00000135077,HAVCR2,0.003308086044398601,0,0,0,0,0.02720775174900733,0,0
ENSG00000203760,CENPW,0.003305069628586985,0,0,0,0,0.027182942874185833,0,0
ENSG00000137078,SIT1,0.003290896533484352,0,0,0,0,0.027066374548002044,0,0
ENSG00000272398,CD24,0.0032891162245509793,0,0,0,0,0.027051732182946944,0,0
ENSG00000153898,MCOLN2,0.0032742524143415707,0,0,0,0,0.026929482987250623,0,0
ENSG00000214595,EML6,0.003263708782589908,0,0,0,0,0.026842765619146513,0,0
ENSG00000005059,MCUB,0.0032599532578660947,0,0,0,0,0.02681187785413635,0,0
ENSG00000112319,EYA4,0.0032544346328183403,0,0,0,0,0.02676648925835016,0,0
ENSG00000011422,PLAUR,0.0032425503252574202,0,0,0,0,0.026668745340723273,0,0
ENSG00000181896,ZNF101,0.0032392487276743796,0,0,0,0,0.02664159095410549,0,0
ENSG00000185038,MROH2A,0.0032379912507855403,0,0,0,0,0.026631248684115382,0,0
ENSG00000167895,TMC8,0.003236632123646209,0,0,0,0,0.02662007037940808,0,0
ENSG00000081320,STK17B,0.0032342509856115053,0,0,0,0,0.026600486423108628,0,0
ENSG00000164659,ELAPOR2,0.003225637960414872,0,0,0,0,0.026529647560934917,0,0
ENSG00000117228,GBP1,0.0032232997562356342,0,0,0,0,0.026510416719296166,0,0
ENSG00000151388,ADAMTS12,0.0032205342720598154,0,0,0,0,0.02648767166190901,0,0
ENSG00000023902,PLEKHO1,0.0032127414190696517,0,0,0,0,0.026423578404742402,0,0
ENSG00000074410,CA12,0.003205945779637389,0,0,0,0,0.026367686850481954,0,0
ENSG00000132122,SPATA6,0.0032030495649352656,0,0,0,0,0.026343866584149812,0,0
ENSG00000119508,NR4A3,0.003199468853995199,0,0,0,0,0.026314416596140203,0,0
ENSG00000028137,TNFRSF1B,0.003189954977901885,0,0,0,0,0.026236168577363307,0,0
ENSG00000147251,DOCK11,0.003188699159903022,0,0,0,0,0.02622583995111344,0,0
ENSG00000164292,RHOBTB3,0.0031848183858254916,0,0,0,0,0.02619392205772182,0,0
ENSG00000000938,FGR,0.0031848183858254916,0,0,0,0,0.02619392205772182,0,0
ENSG00000152078,TLCD4,0.0031848183858254916,0,0,0,0,0.02619392205772182,0,0
ENSG00000259969,ENSG00000259969,0.0031802976620519323,0,0,0,0,0.02615674082104718,0,0
ENSG00000167851,CD300A,0.0031680550170011877,0,0,0,0,0.02605604971361487,0,0
ENSG00000204482,LST1,0.003162125125363922,0,0,0,0,0.026007278606273686,0,0
ENSG00000148935,GAS2,0.0031601400793889838,0,0,0,0,0.025990952356783305,0,0
ENSG00000163736,PPBP,0.003159896845352697,0,0,0,0,0.02598895184918242,0,0
ENSG00000172752,COL6A5,0.0031587786168250005,0,0,0,0,0.02597975484409492,0,0
ENSG00000204442,NALF1,0.0031537053709614973,0,0,0,0,0.02593802932300408,0,0
ENSG00000173200,PARP15,0.0031489718640391783,0,0,0,0,0.025899098025717323,0,0
ENSG00000105997,HOXA3,0.0031375890140514563,0,0,0,0,0.025805478406243833,0,0
ENSG00000141506,PIK3R5,0.0031375890140514563,0,0,0,0,0.025805478406243833,0,0
ENSG00000172215,CXCR6,0.0031334451534469478,0,0,0,0,0.025771396726052703,0,0
ENSG00000184838,PRR16,0.0031262201138480333,0,0,0,0,0.025711973518449966,0,0
ENSG00000139725,RHOF,0.003116308735241709,0,0,0,0,0.02563045619242155,0,0
ENSG00000160181,TFF2,0.0031106304435962405,0,0,0,0,0,0.025583754399489053,0
ENSG00000089041,P2RX7,0.003099262809431371,0,0,0,0,0.01685072803189951,0.021277577916406734,0
ENSG00000161405,IKZF3,0.003095974565354145,0,0,0,0,0.02546321536527929,0,0
ENSG00000106538,RARRES2,0.003091964666531511,0,0,0,0,0.0254302354698834,0,0
ENSG00000002549,LAP3,0.003076505946341301,0,0,0,0,0.0253030933654618,0,0
ENSG00000171004,HS6ST2,0.0030718199951203762,0,0,0,0,0.02526455319576374,0,0
ENSG00000171310,CHST11,0.0030670743186326133,0,0,0,0,0.025225521808421567,0,0
ENSG00000110079,MS4A4A,0.003064677415262684,0,0,0,0,0.02520580818822543,0,0
ENSG00000114270,COL7A1,0.0030599571459513373,0,0,0,0,0.02516698576526306,0,0
ENSG00000100721,TCL1A,0.003048464717283835,0,0,0,0,0.025072464902751626,0,0
ENSG00000106236,NPTX2,0.0030451196700907917,0,0,0,0,0.025044953159587893,0,0
ENSG00000088827,SIGLEC1,0.003039890929928832,0,0,0,0,0.02500194875692807,0,0
ENSG00000162892,IL24,0.0030346928947717275,0,0,0,0,0.02495919689127555,0,0
ENSG00000271503,CCL5,0.0030296180477722826,0,0,0,0,0.021117890716376844,0.015198269940290528,0
ENSG00000141753,IGFBP4,0.0030250894780598963,0,0,0,0,0.024880212434906828,0,0
ENSG00000068366,ACSL4,0.0030194754063017607,0,0,0,0,0.024834038826165573,0,0
ENSG00000204161,TMEM273,0.0030161301565140974,0,0,0,0,0.024806525416738005,0,0
ENSG00000121380,BCL2L14,0.003006173153141914,0,0,0,0,0.02472463284433255,0,0
ENSG00000157214,STEAP2,0.0029932213289900543,0,0,0,0,0.024618109008044408,0,0
ENSG00000147138,GPR174,0.002986718885970259,0,0,0,0,0.02456462888295993,0,0
ENSG00000163219,ARHGAP25,0.002977490213201597,0,0,0,0,0.024488726553246434,0,0
ENSG00000132329,RAMP1,0.002977056655097065,0,0,0,0,0.024485160702443706,0,0
ENSG00000149177,PTPRJ,0.0029744303790450216,0,0,0,0,0.02446356057902209,0,0
ENSG00000140368,PSTPIP1,0.002972497160103793,0,0,0,0,0.024447660587207033,0,0
ENSG00000116711,PLA2G4A,0.002972497160103793,0,0,0,0,0.024447660587207033,0,0
ENSG00000111252,SH2B3,0.002966958202930018,0,0,0,0,0.024402104767403725,0,0
ENSG00000164237,CMBL,0.002963652236813529,0,0,0,0,0.024374914451256915,0,0
ENSG00000140836,ZFHX3,0.0029580443701437246,0,0,0,0,0.02432879187701133,0,0
ENSG00000162692,VCAM1,0.0029566388374776143,0,0,0,0,0,0.024317231904464845,0
ENSG00000087088,BAX,0.0029566388374776143,0,0,0,0,0,0.024317231904464845,0
ENSG00000080824,HSP90AA1,0.0029566388374776143,0,0,0,0,0,0.024317231904464845,0
ENSG00000125510,OPRL1,0.0029566388374776143,0,0,0,0,0,0.024317231904464845,0
ENSG00000044574,HSPA5,0.0029566388374776143,0,0,0,0,0,0.024317231904464845,0
ENSG00000078549,ADCYAP1R1,0.0029566388374776143,0,0,0,0,0,0.024317231904464845,0
ENSG00000258839,MC1R,0.0029566388374776143,0,0,0,0,0,0.024317231904464845,0
ENSG00000164305,CASP3,0.0029566388374776143,0,0,0,0,0,0.024317231904464845,0
ENSG00000121691,CAT,0.0029566388374776143,0,0,0,0,0,0.024317231904464845,0
ENSG00000112062,MAPK14,0.0029566388374776143,0,0,0,0,0,0.024317231904464845,0
ENSG00000182963,GJC1,0.0029566388374776143,0,0,0,0,0,0.024317231904464845,0
ENSG00000104332,SFRP1,0.0029413634333555062,0,0,0,0,0.024191597505104582,0,0
ENSG00000010610,CD4,0.0029361066233284643,0,0,0,0,0,0.024148362238461615,0
ENSG00000173705,SUSD5,0.002928729543982805,0,0,0,0,0.024087688561666154,0,0
ENSG00000140022,STON2,0.002925516028319663,0,0,0,0,0.024061258615397867,0,0
ENSG00000163545,NUAK2,0.002924369489284703,0,0,0,0,0.024051828767136647,0,0
ENSG00000229474,PATL2,0.0028989067698486355,0,0,0,0,0.02384240756709132,0,0
ENSG00000107742,SPOCK2,0.0028874428537538463,0,0,0,0,0.023748121209665216,0,0
ENSG00000172201,ID4,0.002885973892083558,0,0,0,0,0.023736039557641173,0,0
ENSG00000141441,GAREM1,0.002885973892083558,0,0,0,0,0.023736039557641173,0,0
ENSG00000197632,SERPINB2,0.0028753438072815786,0,0,0,0,0.02364861114602145,0,0
ENSG00000115935,WIPF1,0.0028628492388281463,0,0,0,0,0.02354584806424866,0,0
ENSG00000124126,PREX1,0.002859442382970478,0,0,0,0,0.023517827968285002,0,0
ENSG00000115085,ZAP70,0.002852409444927365,0,0,0,0,0.023459984723044395,0,0
ENSG00000100060,MFNG,0.0028497739174709377,0,0,0,0,0.02343830851033415,0,0
ENSG00000133477,SACK1F,0.0028360213856811526,0,0,0,0,0.02332519915772515,0,0
ENSG00000110876,SELPLG,0.002832526259627994,0,0,0,0,0.023296453072916733,0,0
ENSG00000172673,THEMIS,0.0028251611003220025,0,0,0,0,0.023235877433921907,0,0
ENSG00000110031,LPXN,0.0028248815182479858,0,0,0,0,0.02323357797751079,0,0
ENSG00000110934,BIN2,0.002818849933044418,0,0,0,0,0.02318397047919631,0,0
ENSG00000141668,CBLN2,0.0028143741751544948,0,0,0,0,0.023147159069842584,0,0
ENSG00000146013,GFRA3,0.0028138129337733414,0,0,0,0,0.023142543072566597,0,0
ENSG00000123219,CENPK,0.002805943877426117,0,0,0,0,0.023077823071719957,0,0
ENSG00000112299,VNN1,0.0028029478878875452,0,0,0,0,0.023053182195239098,0,0
ENSG00000142512,SIGLEC10,0.0028021927093103776,0,0,0,0,0.02304697113815715,0,0
ENSG00000129173,E2F8,0.002793956621118069,0,0,0,0,0.022979232439734033,0,0
ENSG00000102683,SGCG,0.0027934574724021565,0,0,0,0,0.01993547314299709,0.012158615952232422,0
ENSG00000197629,MPEG1,0.0027869244229284393,0,0,0,0,0.02292139527950743,0,0
ENSG00000168679,SLC16A4,0.002780173157898229,0,0,0,0,0.02286586868785642,0,0
ENSG00000144218,AFF3,0.002780020955671724,0,0,0,0,0.02286461688232935,0,0
ENSG00000117472,TSPAN1,0.002780006669916187,0,0,0,0,0.022864499387413872,0,0
ENSG00000130208,APOC1,0.0027766127889790916,0,0,0,0,0.022836586005245792,0,0
ENSG00000118292,C1orf54,0.002776135020442021,0,0,0,0,0.022832656540420614,0,0
ENSG00000180096,SEPTIN1,0.0027730825217683586,0,0,0,0,0.02280755089775821,0,0
ENSG00000089250,NOS1,0.002771848910135263,0,0,0,0,0,0.02279740491043579,0
ENSG00000119227,PIGZ,0.0027648989175700057,0,0,0,0,0.022740243860259003,0,0
ENSG00000271856,LINC01215,0.002757126590568198,0,0,0,0,0.022676319421553626,0,0
ENSG00000166863,TAC3,0.0027520752600328864,0,0,0,0,0.022634774145716668,0,0
ENSG00000152782,PANK1,0.0027497383302268787,0,0,0,0,0.022615553785313894,0,0
ENSG00000126882,FAM78A,0.002744430782146516,0,0,0,0,0.02257190121744585,0,0
ENSG00000171759,PAH,0.0027413289650522433,0,0,0,0,0.022546389949498428,0,0
ENSG00000159618,ADGRG5,0.0027403064726987513,0,0,0,0,0.022537980338096033,0,0
ENSG00000128203,ASPHD2,0.0027403064726987513,0,0,0,0,0.022537980338096033,0,0
ENSG00000068831,RASGRP2,0.002729907546443343,0,0,0,0,0.022452453117758932,0,0
ENSG00000213694,S1PR3,0.002726933992101973,0,0,0,0,0.022427996762257183,0,0
ENSG00000142347,MYO1F,0.0027074185109200507,0,0,0,0,0.022267489338890962,0,0
ENSG00000102760,RGCC,0.0027066484669894812,0,0,0,0,0.022261156019921152,0,0
ENSG00000172349,IL16,0.0027019768964264747,0,0,0,0,0.02222273412567464,0,0
ENSG00000111058,ACSS3,0.0027006718724372,0,0,0,0,0.022212000798835452,0,0
ENSG00000143786,CNIH3,0.0026990364937408916,0,0,0,0,0.0221985504299552,0,0
ENSG00000104951,IL4I1,0.0026937685461209697,0,0,0,0,0.022155223560839356,0,0
ENSG00000140749,IGSF6,0.0026903129354730352,0,0,0,0,0.022126802475236268,0,0
ENSG00000060140,STYK1,0.0026761771723806047,0,0,0,0,0.022010541190662713,0,0
ENSG00000278535,DHRS11,0.0026746104376073683,0,0,0,0,0.021997655391988,0,0
ENSG00000143156,NME7,0.002662268209704041,0,0,0,0,0.02189614525340137,0,0
ENSG00000115956,PLEK,0.002661136575292264,0,0,0,0,0.021886837990007058,0,0
ENSG00000169413,RNASE6,0.0026429820991006425,0,0,0,0,0.021737524315959406,0,0
ENSG00000247982,LINC00926,0.0026418557601568843,0,0,0,0,0.021728260605779048,0,0
ENSG00000152766,ANKRD22,0.0026401374056359856,0,0,0,0,0.021714127792244596,0,0
ENSG00000008323,PLEKHG6,0.0026377643155749302,0,0,0,0,0.021694610027472864,0,0
ENSG00000111801,BTN3A3,0.0026364904742524563,0,0,0,0,0.02168413316622913,0,0
ENSG00000086730,LAT2,0.002627831979147065,0,0,0,0,0.021612920331319233,0,0
ENSG00000101955,SRPX,0.002623563424060794,0,0,0,0,0.021577813086357797,0,0
ENSG00000105374,NKG7,0.0026096158954388407,0,0,0,0,0.021463099958837783,0,0
ENSG00000163687,DNASE1L3,0.002600099639908091,0,0,0,0,0.021384832370091363,0,0
ENSG00000166523,CLEC4E,0.002593523469196659,0,0,0,0,0.021330745862735034,0,0
ENSG00000159189,C1QC,0.002589355657852417,0,0,0,0,0.021296467196802855,0,0
ENSG00000104321,TRPA1,0.0025870589827929123,0,0,0,0,0,0.021277577916406734,0
ENSG00000214285,NPS,0.0025870589827929123,0,0,0,0,0,0.021277577916406734,0
ENSG00000159164,SV2A,0.0025870589827929123,0,0,0,0,0,0.021277577916406734,0
ENSG00000170345,FOS,0.0025870589827929123,0,0,0,0,0,0.021277577916406734,0
ENSG00000026508,CD44,0.0025870589827929123,0,0,0,0,0,0.021277577916406734,0
ENSG00000145416,MARCHF1,0.0025832650929971364,0,0,0,0,0.021246374613245578,0,0
ENSG00000073737,DHRS9,0.0025830714019179236,0,0,0,0,0.021244781577656874,0,0
ENSG00000198821,CD247,0.002579041056586889,0,0,0,0,0.021211633517492227,0,0
ENSG00000088325,TPX2,0.002578191197301505,0,0,0,0,0.021204643747532198,0,0
ENSG00000139187,KLRG1,0.0025701644942890704,0,0,0,0,0.02113862716271721,0,0
ENSG00000115232,ITGA4,0.002568898219231851,0,0,0,0,0.02112821253113254,0,0
ENSG00000152413,HOMER1,0.0025684111149564853,0,0,0,0,0.02112420628340435,0,0
ENSG00000056558,TRAF1,0.0025626574198329395,0,0,0,0,0.021076884325492776,0,0
ENSG00000105967,TFEC,0.00255582314729323,0,0,0,0,0.021020675028591226,0,0
ENSG00000115415,STAT1,0.0025536427836705604,0,0,0,0,0.021002742365603635,0,0
ENSG00000117215,PLA2G2D,0.0025513914641915954,0,0,0,0,0.0209842261176375,0,0
ENSG00000141968,VAV1,0.002537926592714544,0,0,0,0,0.020873482661886034,0,0
ENSG00000118503,TNFAIP3,0.002537558880393306,0,0,0,0,0.020870458367651536,0,0
ENSG00000144802,NFKBIZ,0.0025345059012665356,0,0,0,0,0.020845348773444725,0,0
ENSG00000101160,CTSZ,0.002529426243845139,0,0,0,0,0.02080357051972445,0,0
ENSG00000065413,ANKRD44,0.0025280493665305035,0,0,0,0,0.020792246226564403,0,0
ENSG00000157502,PWWP3B,0.0025111259753892094,0,0,0,0,0.020653057759655168,0,0
ENSG00000100365,NCF4,0.0025035979525842044,0,0,0,0,0.020591142630214613,0,0
ENSG00000151458,ANKRD50,0.002498600256244909,0,0,0,0,0.02055003847527683,0,0
ENSG00000146285,SCML4,0.0024966110781921846,0,0,0,0,0.02053367824101547,0,0
ENSG00000178752,ERFE,0.002477212387053626,0,0,0,0,0.020374131371414764,0,0
ENSG00000198833,UBE2J1,0.0024719318926108465,0,0,0,0,0.020330701309444515,0,0
ENSG00000163518,FCRL4,0.0024539178318220274,0,0,0,0,0.02018254249877403,0,0
ENSG00000077616,NAALAD2,0.0024442645971530777,0,0,0,0,0.02010314830862217,0,0
ENSG00000162739,SLAMF6,0.0024319529736918626,0,0,0,0,0.020001889879952463,0,0
ENSG00000132182,NUP210,0.002426639596852307,0,0,0,0,0.01995818937275304,0,0
ENSG00000176890,TYMS,0.002417107702918354,0,0,0,0,0.019879793164077637,0,0
ENSG00000189292,ALKAL2,0.0024168139661736436,0,0,0,0,0.019877377290874104,0,0
ENSG00000177098,SCN4B,0.00241320560930096,0,0,0,0,0.019847699925564923,0,0
ENSG00000133321,PLAAT4,0.002402242829830905,0,0,0,0,0.019757535226612975,0,0
ENSG00000235162,C12orf75,0.002391813591844077,0,0,0,0,0.019671758703793254,0,0
ENSG00000146374,RSPO3,0.0023876291822782763,0,0,0,0,0.01963734352379053,0,0
ENSG00000114200,BCHE,0.002382090607326153,0,0,0,0,0.019591790847615195,0,0
ENSG00000152213,ARL11,0.002379421582220074,0,0,0,0,0.019569839129454474,0,0
ENSG00000124107,SLPI,0.002376480546941236,0,0,0,0,0.019545650230895682,0,0
ENSG00000111796,KLRB1,0.0023735145501337963,0,0,0,0,0.01952125603324118,0,0
ENSG00000100450,GZMH,0.002372888542161822,0,0,0,0,0.019516107355345327,0,0
ENSG00000172322,CLEC12A,0.0023661567729684942,0,0,0,0,0.01946074110955078,0,0
ENSG00000160654,CD3G,0.0023629409881903082,0,0,0,0,0.01943429250067277,0,0
ENSG00000087510,TFAP2C,0.002355787077823012,0,0,0,0,0.019375454303994774,0,0
ENSG00000166501,PRKCB,0.0023372395304591008,0,0,0,0,0.019222907768790612,0,0
ENSG00000129596,CDO1,0.0023364827999295245,0,0,0,0,0.01921668394748933,0,0
ENSG00000115687,PASK,0.0022952959146605827,0,0,0,0,0.018877937453392033,0,0
ENSG00000019582,CD74,0.0022891187892786144,0,0,0,0,0.018827132942366792,0,0
ENSG00000186265,BTLA,0.002277689430026115,0,0,0,0,0.01873313080184848,0,0
ENSG00000197641,SERPINB13,0.002277689430026115,0,0,0,0,0.01873313080184848,0,0
ENSG00000157303,SUSD3,0.0022770092836085494,0,0,0,0,0.01872753685579214,0,0
ENSG00000105388,CEACAM5,0.002271701135910511,0,0,0,0,0.018683879356296368,0,0
ENSG00000166415,WDR72,0.0022694336086397328,0,0,0,0,0.018665229805396113,0,0
ENSG00000164120,HPGD,0.0022633723584083248,0,0,0,0,0.018615378323490438,0,0
ENSG00000112149,CD83,0.002235163963162822,0,0,0,0,0.01838337498235091,0,0
ENSG00000204385,SLC44A4,0.002223238856746726,0,0,0,0,0.018285295509630116,0,0
ENSG00000130203,APOE,0.0022215705062995925,0,0,0,0,0.01827157396061756,0,0
ENSG00000105509,HAS1,0.0022174791281082107,0,0,0,0,0,0.01823792392834863,0
ENSG00000115138,POMC,0.0022174791281082107,0,0,0,0,0,0.01823792392834863,0
ENSG00000068878,PSME4,0.0022174791281082107,0,0,0,0,0,0.01823792392834863,0
ENSG00000177666,PNPLA2,0.0022174791281082107,0,0,0,0,0,0.01823792392834863,0
ENSG00000035403,VCL,0.0022174791281082107,0,0,0,0,0,0.01823792392834863,0
ENSG00000134046,MBD2,0.0022174791281082107,0,0,0,0,0,0.01823792392834863,0
ENSG00000115239,ASB3,0.0022174791281082107,0,0,0,0,0,0.01823792392834863,0
ENSG00000124575,H1-3,0.0022174791281082107,0,0,0,0,0,0.01823792392834863,0
ENSG00000163069,SGCB,0.0022174791281082107,0,0,0,0,0,0.01823792392834863,0
ENSG00000087250,MT3,0.0022174791281082107,0,0,0,0,0,0.01823792392834863,0
ENSG00000178691,SUZ12,0.0022174791281082107,0,0,0,0,0,0.01823792392834863,0
ENSG00000115306,SPTBN1,0.0022174791281082107,0,0,0,0,0,0.01823792392834863,0
ENSG00000196639,HRH1,0.0022174791281082107,0,0,0,0,0,0.01823792392834863,0
ENSG00000186188,FFAR4,0.0022174791281082107,0,0,0,0,0,0.01823792392834863,0
ENSG00000042832,TG,0.0022174791281082107,0,0,0,0,0,0.01823792392834863,0
ENSG00000116690,PRG4,0.0022174791281082107,0,0,0,0,0,0.01823792392834863,0
ENSG00000138772,ANXA3,0.0022174791281082107,0,0,0,0,0,0.01823792392834863,0
ENSG00000135124,P2RX4,0.0022174791281082107,0,0,0,0,0,0.01823792392834863,0
ENSG00000125148,MT2A,0.0022174791281082107,0,0,0,0,0,0.01823792392834863,0
ENSG00000182326,C1S,0.0022174791281082107,0,0,0,0,0,0.01823792392834863,0
ENSG00000070193,FGF10,0.0022174791281082107,0,0,0,0,0,0.01823792392834863,0
ENSG00000168610,STAT3,0.0022174791281082107,0,0,0,0,0,0.01823792392834863,0
ENSG00000068912,ERLEC1,0.0022174791281082107,0,0,0,0,0,0.01823792392834863,0
ENSG00000129214,SHBG,0.0022174791281082107,0,0,0,0,0,0.01823792392834863,0
ENSG00000244731,C4A,0.0022174791281082107,0,0,0,0,0,0.01823792392834863,0
ENSG00000183696,UPP1,0.0022174791281082107,0,0,0,0,0,0.01823792392834863,0
ENSG00000143842,SOX13,0.0022174791281082107,0,0,0,0,0,0.01823792392834863,0
ENSG00000198589,LRBA,0.0022174791281082107,0,0,0,0,0,0.01823792392834863,0
ENSG00000126561,STAT5A,0.0022174791281082107,0,0,0,0,0,0.01823792392834863,0
ENSG00000179299,NSUN7,0.002213674640269358,0,0,0,0,0.01820663346030688,0,0
ENSG00000115607,IL18RAP,0.0022075385573799345,0,0,0,0,0.018156166508200403,0,0
ENSG00000177409,SAMD9L,0.0021951592570219653,0,0,0,0,0.018054351462749477,0,0
ENSG00000112799,LY86,0.00218516653559757,0,0,0,0,0.017972165122925488,0,0
ENSG00000162654,GBP4,0.0021512575258636583,0,0,0,0,0.017693276391945494,0,0
ENSG00000105989,WNT2,0.0021500182813220256,0,0,0,0,0.017683084076088977,0,0
ENSG00000002726,AOC1,0.002139704207747991,0,0,0,0,0.017598254736840537,0,0
ENSG00000117091,CD48,0.0021377155893682583,0,0,0,0,0.017581899105677038,0,0
ENSG00000103449,SALL1,0.002122724272584222,0,0,0,0,0.017458601216814255,0,0
ENSG00000186340,THBS2,0.0021118779550039343,0,0,0,0,0.017369394372689074,0,0
ENSG00000109943,CRTAM,0.00210479226217906,0,0,0,0,0.017311117239397655,0,0
ENSG00000170006,TMEM154,0.0020871898476600057,0,0,0,0,0.017166344063008095,0,0
ENSG00000146192,FGD2,0.002075655162684886,0,0,0,0,0.017071475658409777,0,0
ENSG00000101224,CDC25B,0.0020721006334508975,0,0,0,0,0.01704224100499237,0,0
ENSG00000115009,CCL20,0.0020692411581593457,0,0,0,0,0.0170187229063635,0,0
ENSG00000163328,GPR155,0.002063634356401242,0,0,0,0,0.016972609090612337,0,0
ENSG00000126787,DLGAP5,0.00203685942441034,0,0,0,0,0.016752395440505344,0,0
ENSG00000164181,ELOVL7,0.002025713565376441,0,0,0,0,0.01666072498164977,0,0
ENSG00000136928,GABBR2,0.0020045296044065215,0,0,0,0,0.0164864949454915,0,0
ENSG00000279166,ENSG00000279166,0.0019822615360935484,0,0,0,0,0.016303348538034782,0,0
ENSG00000244158,CALHM6-AS1,0.0019700378936021606,0,0,0,0,0.016202813719438564,0,0
ENSG00000177494,ZBED2,0.001969324276323252,0,0,0,0,0.01619694448825541,0,0
ENSG00000240891,PLCXD2,0.0019484359253159644,0,0,0,0,0.01602514573180688,0,0
ENSG00000175497,DPP10,0.001937278151839227,0,0,0,0,0.015933377281182458,0,0
ENSG00000112394,SLC16A10,0.0019338595018707158,0,0,0,0,0.015905260183134932,0,0
ENSG00000198074,AKR1B10,0.0019145490049746771,0,0,0,0,0.01574643867769464,0,0
ENSG00000196188,CTSE,0.0018802864111796588,0,0,0,0,0.015464641852055722,0,0
ENSG00000181631,P2RY13,0.0018614631961972274,0,0,0,0,0.015309828055350718,0,0
ENSG00000149948,HMGA2,0.001828070394324653,0,0,0,0,0.015035184938043906,0,0
ENSG00000169605,GKN1,0.0018154586219945449,0,0,0,0,0.014931457898883727,0,0
ENSG00000127083,OMD,0.0018118042302802044,0,0,0,0,0.014901401914479766,0,0
ENSG00000121966,CXCR4,0.001782160659410763,0,0,0,0,0.014657594798720025,0,0
ENSG00000115221,ITGB6,0.0017481510825903292,0,0,0,0,0.014377878941635244,0,0
ENSG00000145850,TIMD4,0.0017314557361462035,0,0,0,0,0.014240566055779513,0,0
ENSG00000069493,CLEC2D,0.0017139127747190274,0,0,0,0,0.014096281858498368,0,0
ENSG00000244879,GABPB1-AS1,0.0017023314542261101,0,0,0,0,0.014001029894472062,0,0
ENSG00000180828,BHLHE22,0.001687656371272174,0,0,0,0,0.013880332908798773,0,0
ENSG00000118849,RARRES1,0.0016857028251339348,0,0,0,0,0.013864265733505843,0,0
ENSG00000111536,IL26,0.0016730450710243372,0,0,0,0,0.013760160511667055,0,0
ENSG00000157456,CCNB2,0.0016356124610058193,0,0,0,0,0.013452291506135673,0,0
ENSG00000151725,CENPU,0.001607273066137063,0,0,0,0,0.013219210742830927,0,0
ENSG00000221923,ZNF880,0.0015908622363442566,0,0,0,0,0.013084237898411136,0,0
ENSG00000120669,SOHLH2,0.0015801113583531995,0,0,0,0,0.012995816008672252,0,0
ENSG00000177807,KCNJ10,0.0015446580805407422,0,0,0,0,0.01270422625905155,0,0
ENSG00000211785,TRAV12-1,0.0015190211689204546,0,0,0,0,0.01249337239442578,0,0
ENSG00000174136,RGMB,0.0014931599159235668,0,0,0,0,0.012280673407152158,0,0
ENSG00000145321,GC,0.0014783194187388072,0,0,0,0,0,0.012158615952232422,0
ENSG00000049130,KITLG,0.0014783194187388072,0,0,0,0,0,0.012158615952232422,0
ENSG00000173020,GRK2,0.0014783194187388072,0,0,0,0,0,0.012158615952232422,0
ENSG00000117407,ARTN,0.0014783194187388072,0,0,0,0,0,0.012158615952232422,0
ENSG00000010278,CD9,0.0014783194187388072,0,0,0,0,0,0.012158615952232422,0
ENSG00000109471,IL2,0.0014783194187388072,0,0,0,0,0,0.012158615952232422,0
ENSG00000148053,NTRK2,0.0014783194187388072,0,0,0,0,0,0.012158615952232422,0
ENSG00000175445,LPL,0.0014783194187388072,0,0,0,0,0,0.012158615952232422,0
ENSG00000171223,JUNB,0.0014783194187388072,0,0,0,0,0,0.012158615952232422,0
ENSG00000091664,SLC17A6,0.0014783194187388072,0,0,0,0,0,0.012158615952232422,0
ENSG00000166949,SMAD3,0.0014783194187388072,0,0,0,0,0,0.012158615952232422,0
ENSG00000135372,NAT10,0.0014783194187388072,0,0,0,0,0,0.012158615952232422,0
ENSG00000116016,EPAS1,0.0014783194187388072,0,0,0,0,0,0.012158615952232422,0
ENSG00000277632,CCL3,0.0014783194187388072,0,0,0,0,0,0.012158615952232422,0
ENSG00000104219,ZDHHC2,0.0014783194187388072,0,0,0,0,0,0.012158615952232422,0
ENSG00000100427,MLC1,0.0014783194187388072,0,0,0,0,0,0.012158615952232422,0
ENSG00000049768,FOXP3,0.0014783194187388072,0,0,0,0,0,0.012158615952232422,0
ENSG00000108684,ASIC2,0.0014783194187388072,0,0,0,0,0,0.012158615952232422,0
ENSG00000115596,WNT6,0.0014783194187388072,0,0,0,0,0,0.012158615952232422,0
ENSG00000072415,PALS1,0.0014783194187388072,0,0,0,0,0,0.012158615952232422,0
ENSG00000177697,CD151,0.0014783194187388072,0,0,0,0,0,0.012158615952232422,0
ENSG00000126218,F10,0.0014783194187388072,0,0,0,0,0,0.012158615952232422,0
ENSG00000036828,CASR,0.0014783194187388072,0,0,0,0,0,0.012158615952232422,0
ENSG00000107562,CXCL12,0.0014783194187388072,0,0,0,0,0,0.012158615952232422,0
ENSG00000213199,ASIC3,0.0014783194187388072,0,0,0,0,0,0.012158615952232422,0
ENSG00000128564,VGF,0.0014783194187388072,0,0,0,0,0,0.012158615952232422,0
ENSG00000158769,F11R,0.0014783194187388072,0,0,0,0,0,0.012158615952232422,0
ENSG00000064205,CCN5,0.0014783194187388072,0,0,0,0,0,0.012158615952232422,0
ENSG00000110400,NECTIN1,0.0014783194187388072,0,0,0,0,0,0.012158615952232422,0
ENSG00000183695,MRGPRX2,0.0014783194187388072,0,0,0,0,0,0.012158615952232422,0
ENSG00000049540,ELN,0.0014783194187388072,0,0,0,0,0,0.012158615952232422,0
ENSG00000172602,RND1,0.0014783194187388072,0,0,0,0,0,0.012158615952232422,0
ENSG00000161202,DVL3,0.0014783194187388072,0,0,0,0,0,0.012158615952232422,0
ENSG00000173530,TNFRSF10D,0.0014783194187388072,0,0,0,0,0,0.012158615952232422,0
ENSG00000084093,REST,0.0014783194187388072,0,0,0,0,0,0.012158615952232422,0
ENSG00000002933,TMEM176A,0.0014449348279966712,0,0,0,0,0.011884040368355981,0,0
ENSG00000100079,LGALS2,0.0014324810056819373,0,0,0,0,0.011781612408104084,0,0
ENSG00000162631,NTNG1,0.001415730470669137,0,0,0,0,0.011643845617224195,0,0
