mirna,p,fdr,d_sev_mild,med_control,med_mild,med_moderate,med_severe
hsa-miR-548ap-3p,1.0,1.0,0.0,0.0,0.0,0.0,0.0
hsa-miR-548t-3p,0.4881743138811171,1.0,0.0,0.0,0.0,0.0,0.0
hsa-miR-548e-3p,0.4905224049490865,1.0,0.0,0.0,0.0,0.0,0.0
hsa-miR-548az-3p,1.0,1.0,0.0,0.0,0.0,0.0,0.0
hsa-miR-548f-3p,1.0,1.0,0.0,0.0,0.0,0.0,0.0
hsa-miR-548bc,0.27622632794050495,1.0,0.0,0.0,0.0,0.0,0.0
hsa-miR-1537-3p,0.16361737537478657,1.0,0.7653625871036215,0.0,0.0,1.0727530019832812,0.7653625871036215
hsa-miR-553,1.0,1.0,0.0,0.0,0.0,0.0,0.0
hsa-miR-7844-5p,0.4796093688044928,1.0,0.0,0.0,0.0,0.0,0.0
hsa-miR-548av-3p,1.0,1.0,0.0,0.0,0.0,0.0,0.0
hsa-miR-548g-3p,1.0,1.0,0.0,0.0,0.0,0.0,0.0
hsa-miR-6835-3p,1.0,1.0,0.0,0.0,0.0,0.0,0.0
hsa-miR-4422,0.1466628024321118,1.0,0.0,0.0,0.0,0.0,0.0
hsa-miR-4429,0.4502172920078331,1.0,0.0,0.0,0.0,0.0,0.0
hsa-miR-320d,0.28196578730985605,1.0,0.30210591152108623,6.893469420091346,6.55472877344961,6.477435778828161,6.856834684970696
hsa-miR-320b,0.25910814090238393,1.0,-0.202257700131673,8.501787968222857,8.325802935756668,8.156440022138893,8.123545235624995
hsa-miR-320a-3p,5.174500807007404e-07,4.86403075858696e-05,0.13821580371299014,13.346678390920472,12.530237326058765,12.33252223210949,12.668453129771756
hsa-miR-320c,0.10962585323440457,0.8668220229630994,-0.043789380087863705,9.27498767735183,8.922462223282155,8.661265185281504,8.878672843194291
hsa-miR-548an,0.578641687056999,1.0,0.0,0.0,0.0,0.0,0.0
hsa-miR-4484,1.0,1.0,0.0,0.0,0.0,0.0,0.0
hsa-miR-10526-3p,0.40003455224373086,1.0,0.0,0.0,0.0,0.0,0.0
hsa-miR-548bb-5p,1.0,1.0,0.0,0.0,0.0,0.0,0.0
hsa-miR-548ak,0.86345578995052,1.0,0.0,0.0,0.0,0.0,0.0
hsa-miR-548w,0.2515063310509128,1.0,0.0,0.0,0.0,0.0,0.0
hsa-miR-548y,1.0,1.0,0.0,0.0,0.0,0.0,0.0
hsa-miR-548h-5p,0.11088127405104703,0.8668220229630994,0.0,0.0,0.0,0.0,0.0
hsa-miR-548ar-5p,0.4521574627583772,1.0,0.0,0.0,0.0,0.0,0.0
hsa-miR-548a-5p,0.18942254192895536,1.0,0.0,0.0,0.0,0.0,0.0
hsa-miR-548i,0.6313865928494169,1.0,0.0,0.0,0.0,0.0,0.0
hsa-miR-548as-5p,0.869089988718796,1.0,0.0,0.0,0.0,0.0,0.0
hsa-miR-548ap-5p,3.8745418126637144e-05,0.0016448054920856284,0.0,0.0,0.0,0.0,0.0
hsa-miR-548j-5p,0.8536676712803484,1.0,0.3989890343078426,2.350174970517699,2.964499397040877,3.055251580010031,3.3634884313487197
hsa-miR-548au-5p,0.49734653436133447,1.0,0.34734152547928177,0.0,1.7241552257412163,1.0874442721876716,2.071496751220498
hsa-miR-548c-5p,0.024964273051225606,0.3691346442181224,-0.32788590332678247,0.0,3.2485571128524113,3.56102767311441,2.920671209525629
hsa-miR-548ab,0.40092041173080084,1.0,0.0,0.0,0.0,0.0,0.0
hsa-miR-548b-5p,0.411228486236371,1.0,0.0,0.0,0.0,0.0,0.0
hsa-miR-548ad-5p,0.016070616646522137,0.2610979198373226,0.4294680797360577,0.0,2.6400010279470925,2.8585472093535667,3.06946910768315
hsa-miR-548ay-5p,0.21737503547511253,1.0,0.0,0.0,0.0,1.4262427309037253,0.0
hsa-miR-548d-5p,0.030226102453211865,0.40589337580027357,0.0,0.0,0.0,0.0,0.0
hsa-miR-548av-5p,1.0,1.0,0.0,0.0,0.0,0.0,0.0
hsa-miR-548k,0.9229662353586485,1.0,0.0,0.0,0.0,0.0,0.0
hsa-miR-548l,0.48800111890858566,1.0,0.0,0.0,0.0,0.0,0.0
hsa-miR-548ah-5p,0.26831522580752565,1.0,0.0,0.0,0.0,0.0,0.0
hsa-miR-106a-5p,0.11896866104906119,0.8895611246622984,-0.25277609141297486,0.0,2.0945150114962714,1.5079462165682465,1.8417389200832965
hsa-miR-548at-5p,0.7979686041207559,1.0,0.0,0.0,0.0,0.0,0.0
hsa-miR-3646,1.0,1.0,0.0,0.0,0.0,0.0,0.0
hsa-miR-224-3p,1.0,1.0,0.0,0.0,0.0,0.0,0.0
hsa-miR-522-3p,0.21237863329792372,1.0,0.0,0.0,0.0,0.0,0.0
hsa-miR-3606-3p,1.0,1.0,0.0,0.0,0.0,0.0,0.0
hsa-miR-495-3p,0.1589453960151158,1.0,0.0,0.0,0.0,0.0,0.0
hsa-miR-122b-3p,1.0,1.0,0.0,0.0,0.0,0.0,0.0
hsa-miR-543,0.3092630145359555,1.0,0.0,0.0,0.0,0.0,0.0
hsa-miR-451a,0.0005938629100051242,0.018388790342746906,0.22346375722082534,10.141769362627787,10.928339092182561,11.228266474312022,11.151802849403387
hsa-miR-649,1.0,1.0,0.0,0.0,0.0,0.0,0.0
hsa-miR-5583-5p,1.0,1.0,0.0,0.0,0.0,0.0,0.0
hsa-miR-3129-3p,1.0,1.0,0.0,0.0,0.0,0.0,0.0
hsa-miR-606,1.0,1.0,0.0,0.0,0.0,0.0,0.0
hsa-miR-618,1.0,1.0,0.0,0.0,0.0,0.0,0.0
hsa-miR-641,0.0014895093814623617,0.04041637826813336,0.0,0.0,0.0,0.0,0.0
hsa-miR-3617-5p,0.13956373956602072,0.974716361476493,0.0,0.0,0.0,0.0,0.0
hsa-miR-3667-5p,0.9317520941859553,1.0,0.0,0.0,0.0,0.0,0.0
hsa-miR-548ao-3p,1.0,1.0,0.0,0.0,0.0,0.0,0.0
hsa-miR-4432,1.0,1.0,0.0,0.0,0.0,0.0,0.0
hsa-miR-4662a-3p,1.0,1.0,0.0,0.0,0.0,0.0,0.0
hsa-miR-3156-5p,1.0,1.0,0.0,0.0,0.0,0.0,0.0
hsa-miR-4662b,1.0,1.0,0.0,0.0,0.0,0.0,0.0
hsa-miR-10527-5p,0.02294696225576143,0.3471057738917476,3.1986917013536633,2.56529422410698,0.0,2.609785840178633,3.1986917013536633
hsa-miR-498-3p,1.0,1.0,0.0,0.0,0.0,0.0,0.0
hsa-miR-518e-3p,0.397248021309349,1.0,0.0,0.0,0.0,0.0,0.0
hsa-miR-320e,0.5790781296834382,1.0,-0.9919399504766307,1.5772234048588956,0.9919399504766307,0.0,0.0
hsa-miR-651-3p,0.40003455224373086,1.0,0.0,0.0,0.0,0.0,0.0
hsa-miR-3173-3p,0.7802047941750668,1.0,0.0,0.0,0.0,0.0,0.0
hsa-miR-541-5p,1.0,1.0,0.0,0.0,0.0,0.0,0.0
hsa-miR-3910,1.0,1.0,0.0,0.0,0.0,0.0,0.0
hsa-miR-548ba,1.0,1.0,0.0,0.0,0.0,0.0,0.0
hsa-miR-570-5p,1.0,1.0,0.0,0.0,0.0,0.0,0.0
hsa-miR-548ag,0.7752447099520104,1.0,0.0,0.0,0.0,0.0,0.0
hsa-miR-3974,1.0,1.0,0.0,0.0,0.0,0.0,0.0
hsa-miR-4735-3p,1.0,1.0,0.0,0.0,0.0,0.0,0.0
hsa-miR-562,1.0,1.0,0.0,0.0,0.0,0.0,0.0
hsa-miR-3184-3p,1.0,1.0,0.0,0.0,0.0,0.0,0.0
hsa-miR-519b-3p,0.40003455224373086,1.0,0.0,0.0,0.0,0.0,0.0
hsa-miR-519a-3p,0.2601091854201731,1.0,0.0,0.0,0.0,0.0,0.0
hsa-miR-519c-3p,0.3445763310450093,1.0,0.0,0.0,0.0,0.0,0.0
hsa-miR-372-3p,0.27622632794050495,1.0,0.0,0.0,0.0,0.0,0.0
hsa-miR-520a-3p,1.0,1.0,0.0,0.0,0.0,0.0,0.0
hsa-miR-520b-3p,0.27622632794050495,1.0,0.0,0.0,0.0,0.0,0.0
hsa-miR-520c-3p,0.5808439989188321,1.0,0.0,0.0,0.0,0.0,0.0
hsa-miR-520e-3p,0.40003455224373086,1.0,0.0,0.0,0.0,0.0,0.0
hsa-miR-520d-3p,0.8503231707793171,1.0,0.0,0.0,0.0,0.0,0.0
hsa-miR-148a-5p,1.0,1.0,0.0,0.0,0.0,0.0,0.0
hsa-miR-1277-5p,0.4881743138811171,1.0,0.0,0.0,0.0,0.0,0.0
hsa-miR-4517,1.0,1.0,0.0,0.0,0.0,0.0,0.0
hsa-miR-216b-5p,1.0,1.0,0.0,0.0,0.0,0.0,0.0
hsa-miR-4506,0.27622632794050495,1.0,0.0,0.0,0.0,0.0,0.0
hsa-miR-513b-3p,1.0,1.0,0.0,0.0,0.0,0.0,0.0
hsa-miR-944,1.0,1.0,0.0,0.0,0.0,0.0,0.0
hsa-miR-4760-3p,1.0,1.0,0.0,0.0,0.0,0.0,0.0
hsa-miR-3529-3p,1.0,1.0,0.0,0.0,0.0,0.0,0.0
hsa-miR-338-5p,0.21771366004067552,1.0,0.0,0.0,0.0,0.0,0.0
hsa-miR-362-3p,0.5348563118651122,1.0,0.0,0.0,0.0,0.0,0.0
hsa-miR-329-3p,0.270111498386334,1.0,0.0,0.0,0.0,0.0,0.0
hsa-miR-6757-3p,1.0,1.0,0.0,0.0,0.0,0.0,0.0
hsa-miR-552-3p,1.0,1.0,0.0,0.0,0.0,0.0,0.0
hsa-miR-376c-3p,0.138380307285992,0.974716361476493,-0.5038702173874716,0.24744682719501498,3.6855242781427116,3.8719386781473513,3.18165406075524
hsa-miR-499a-3p,1.0,1.0,0.0,0.0,0.0,0.0,0.0
hsa-miR-499b-3p,1.0,1.0,0.0,0.0,0.0,0.0,0.0
hsa-miR-181c-5p,0.028548418610184468,0.3934001978115472,0.0,0.0,0.0,0.0,0.0
hsa-miR-181a-5p,0.09587673061451227,0.8196320788527811,-0.2574650433293826,7.773284247579102,8.485829445284587,8.424393791034536,8.228364401955204
hsa-miR-181b-5p,0.6621802560826764,1.0,-0.06023214150496958,6.870552347824285,7.16183337608178,6.952451489406032,7.10160123457681
hsa-miR-181d-5p,0.1236289075090355,0.9089142026921269,-1.7810403774905608,0.0,1.7810403774905608,0.0,0.0
hsa-miR-1255b-2-3p,1.0,1.0,0.0,0.0,0.0,0.0,0.0
hsa-miR-634,1.0,1.0,0.0,0.0,0.0,0.0,0.0
hsa-miR-181c-3p,0.03603270465038769,0.45815496927449467,0.9819502620784839,0.0,0.0,0.0,0.9819502620784839
hsa-miR-4482-5p,0.27622632794050495,1.0,0.0,0.0,0.0,0.0,0.0
hsa-miR-5195-5p,1.0,1.0,0.0,0.0,0.0,0.0,0.0
hsa-miR-100-5p,0.00032856364958214787,0.010946576274686244,0.23826972210435837,3.6612724520683564,5.068796669487953,4.4191193951315855,5.307066391592311
hsa-miR-99a-5p,0.001338728437221392,0.0367034713204865,-0.14510145569377553,3.1911282632411817,4.82849530965592,4.425346583960751,4.683393853962144
hsa-miR-6813-3p,0.30020776218200557,1.0,0.0,0.0,0.0,0.0,0.0
hsa-miR-521,1.0,1.0,0.0,0.0,0.0,0.0,0.0
hsa-miR-122-3p,0.07075901294075933,0.684466351733338,0.0,0.0,0.0,0.0,0.0
hsa-miR-548al,1.0,1.0,0.0,0.0,0.0,0.0,0.0
hsa-miR-4681,1.0,1.0,0.0,0.0,0.0,0.0,0.0
hsa-miR-4661-5p,1.0,1.0,0.0,0.0,0.0,0.0,0.0
hsa-miR-3923,1.0,1.0,0.0,0.0,0.0,0.0,0.0
hsa-miR-4798-3p,1.0,1.0,0.0,0.0,0.0,0.0,0.0
hsa-miR-3145-5p,1.0,1.0,0.0,0.0,0.0,0.0,0.0
hsa-miR-4636,0.40003455224373086,1.0,0.0,0.0,0.0,0.0,0.0
hsa-miR-5684,1.0,1.0,0.0,0.0,0.0,0.0,0.0
hsa-miR-4714-5p,1.0,1.0,0.0,0.0,0.0,0.0,0.0
hsa-miR-3664-5p,1.0,1.0,0.0,0.0,0.0,0.0,0.0
hsa-miR-4724-5p,0.6325398622931779,1.0,0.0,0.0,0.0,0.0,0.0
hsa-miR-1243,1.0,1.0,0.0,0.0,0.0,0.0,0.0
hsa-miR-193b-3p,0.27622632794050495,1.0,0.0,0.0,0.0,0.0,0.0
hsa-miR-193a-3p,1.0,1.0,0.0,0.0,0.0,0.0,0.0
hsa-miR-452-5p,0.05063268316873131,0.5623005151902988,0.0,0.0,0.0,0.0,0.0
hsa-miR-5197-3p,1.0,1.0,0.0,0.0,0.0,0.0,0.0
hsa-miR-483-5p,0.1070369011168076,0.8668220229630994,0.6899380757409244,6.500887005483461,6.837839804823619,6.653602554725702,7.5277778805645434
hsa-miR-4499,1.0,1.0,0.0,0.0,0.0,0.0,0.0
hsa-miR-3925-5p,1.0,1.0,0.0,0.0,0.0,0.0,0.0
hsa-miR-6856-5p,0.40003455224373086,1.0,0.0,0.0,0.0,0.0,0.0
hsa-miR-3916,1.0,1.0,0.0,0.0,0.0,0.0,0.0
hsa-miR-576-3p,0.8045552249823497,1.0,0.0,0.0,0.0,0.0,0.0
hsa-miR-3942-5p,1.0,1.0,0.0,0.0,0.0,0.0,0.0
hsa-miR-6838-5p,0.27622632794050495,1.0,0.0,0.0,0.0,0.0,0.0
hsa-miR-646,1.0,1.0,0.0,0.0,0.0,0.0,0.0
hsa-miR-1179,0.6411251368751913,1.0,0.0,0.0,0.0,0.0,0.0
hsa-miR-6779-3p,1.0,1.0,0.0,0.0,0.0,0.0,0.0
hsa-miR-129-2-3p,1.0,1.0,0.0,0.0,0.0,0.0,0.0
hsa-miR-129-1-3p,0.40003455224373086,1.0,0.0,0.0,0.0,0.0,0.0
hsa-miR-6819-3p,1.0,1.0,0.0,0.0,0.0,0.0,0.0
hsa-miR-596,1.0,1.0,0.0,0.0,0.0,0.0,0.0
hsa-miR-4670-5p,1.0,1.0,0.0,0.0,0.0,0.0,0.0
hsa-miR-6854-5p,1.0,1.0,0.0,0.0,0.0,0.0,0.0
hsa-miR-22-3p,0.4726569400004694,1.0,0.24955031476490674,9.07450620000795,8.872972625952407,8.851074519383362,9.122522940717314
hsa-miR-208b-5p,1.0,1.0,0.0,0.0,0.0,0.0,0.0
hsa-miR-3914,1.0,1.0,0.0,0.0,0.0,0.0,0.0
hsa-miR-6888-5p,1.0,1.0,0.0,0.0,0.0,0.0,0.0
hsa-miR-28-5p,8.605729014356127e-06,0.00045300557531570646,-0.28372272155669354,3.495739779474161,5.763836462431313,5.666453180110126,5.48011374087462
hsa-miR-708-5p,0.2333769760644051,1.0,0.0,0.0,0.0,0.0,0.0
hsa-miR-940,0.060903079881179864,0.6310901820758481,0.0,0.0,0.0,0.0,0.0
hsa-miR-4747-3p,0.40003455224373086,1.0,0.0,0.0,0.0,0.0,0.0
hsa-miR-3142,1.0,1.0,0.0,0.0,0.0,0.0,0.0
hsa-miR-9500,1.0,1.0,0.0,0.0,0.0,0.0,0.0
hsa-miR-7845-5p,0.40003455224373086,1.0,0.0,0.0,0.0,0.0,0.0
hsa-miR-4739,1.0,1.0,0.0,0.0,0.0,0.0,0.0
hsa-miR-3158-3p,0.3360273423621073,1.0,0.0,0.0,0.0,0.0,0.0
hsa-miR-6743-5p,1.0,1.0,0.0,0.0,0.0,0.0,0.0
hsa-miR-6085,1.0,1.0,0.0,0.0,0.0,0.0,0.0
hsa-miR-4716-3p,0.5294573815225845,1.0,0.0,0.0,0.0,0.0,0.0
hsa-miR-4678,1.0,1.0,0.0,0.0,0.0,0.0,0.0
hsa-miR-4464,0.4796093688044928,1.0,0.0,0.0,0.0,0.0,0.0
hsa-miR-1244,1.0,1.0,0.0,0.0,0.0,0.0,0.0
hsa-miR-5588-3p,1.0,1.0,0.0,0.0,0.0,0.0,0.0
hsa-miR-6838-3p,1.0,1.0,0.0,0.0,0.0,0.0,0.0
hsa-miR-1245a,1.0,1.0,0.0,0.0,0.0,0.0,0.0
hsa-miR-371b-3p,1.0,1.0,0.0,0.0,0.0,0.0,0.0
hsa-miR-371a-3p,1.0,1.0,0.0,0.0,0.0,0.0,0.0
hsa-miR-519e-3p,1.0,1.0,0.0,0.0,0.0,0.0,0.0
hsa-miR-512-3p,0.17827191064393064,1.0,0.0,0.0,0.0,0.0,0.0
hsa-miR-520f-3p,0.14704550976564312,1.0,0.0,0.0,0.0,0.0,0.0
hsa-miR-648,1.0,1.0,0.0,0.0,0.0,0.0,0.0
hsa-miR-148b-5p,0.41242386482745585,1.0,0.0,0.0,0.0,0.0,0.0
hsa-miR-4715-5p,1.0,1.0,0.0,0.0,0.0,0.0,0.0
hsa-miR-5590-3p,0.18563947169073558,1.0,0.0,0.0,0.0,0.0,0.0
hsa-miR-369-3p,0.3500837706607456,1.0,0.0,0.0,0.0,0.0,0.0
hsa-miR-5692b,1.0,1.0,0.0,0.0,0.0,0.0,0.0
hsa-miR-5692c,1.0,1.0,0.0,0.0,0.0,0.0,0.0
hsa-miR-7705,0.4905224049490865,1.0,0.0,0.0,0.0,0.0,0.0
hsa-miR-1295b-3p,0.4905224049490865,1.0,0.0,0.0,0.0,0.0,0.0
hsa-miR-410-3p,1.0,1.0,0.0,0.0,0.0,0.0,0.0
hsa-miR-656-3p,1.0,1.0,0.0,0.0,0.0,0.0,0.0
hsa-miR-34c-3p,0.5808439989188321,1.0,0.0,0.0,0.0,0.0,0.0
hsa-miR-5094,1.0,1.0,0.0,0.0,0.0,0.0,0.0
hsa-miR-154-3p,0.383359559547296,1.0,0.0,0.0,0.0,0.0,0.0
hsa-miR-487a-3p,1.0,1.0,0.0,0.0,0.0,0.0,0.0
hsa-miR-96-3p,0.7360989078864115,1.0,0.0,0.0,0.0,0.0,0.0
hsa-miR-382-3p,0.18563947169073558,1.0,0.0,0.0,0.0,0.0,0.0
hsa-miR-5092,1.0,1.0,0.0,0.0,0.0,0.0,0.0
hsa-miR-4733-5p,1.0,1.0,0.0,0.0,0.0,0.0,0.0
hsa-miR-500b-5p,0.27622632794050495,1.0,0.0,0.0,0.0,0.0,0.0
hsa-miR-362-5p,0.01960295631993285,0.3071129823456146,0.0,0.0,0.0,0.0,0.0
hsa-miR-501-5p,0.3358999718358025,1.0,0.0,0.0,0.0,0.0,0.0
hsa-miR-5188,1.0,1.0,0.0,0.0,0.0,0.0,0.0
hsa-miR-487b-3p,0.04007739306901592,0.48656897160747503,0.0,0.0,0.0,0.0,0.0
hsa-miR-3200-5p,0.00430902985386869,0.09146263367243863,0.3997320679856,0.0,3.1751496686549605,3.238105699103375,3.5748817366405605
hsa-miR-425-5p,0.0006703694302893835,0.020516422564205317,-0.06741184840155867,7.301248358726695,8.362318537162883,8.11038616033791,8.294906688761325
hsa-miR-4712-3p,1.0,1.0,0.0,0.0,0.0,0.0,0.0
hsa-miR-501-3p,0.6143712422490639,1.0,1.1282971280645482,0.672455714420351,0.0,0.0,1.1282971280645482
hsa-miR-502-3p,0.2268843526804555,1.0,0.0,0.0,0.0,0.0,0.0
hsa-miR-1246,0.026616014489039594,0.3849085172261111,-0.3191980165391506,8.16323853925931,8.961599978919256,8.25265085034523,8.642401962380106
hsa-miR-652-3p,8.263186678370711e-08,1.0356527303557957e-05,-0.28404732639666364,8.002912335347148,9.143499454437851,9.046865678758268,8.859452128041188
hsa-miR-889-5p,0.5808439989188321,1.0,0.0,0.0,0.0,0.0,0.0
hsa-miR-4495,1.0,1.0,0.0,0.0,0.0,0.0,0.0
hsa-miR-3668,1.0,1.0,0.0,0.0,0.0,0.0,0.0
hsa-miR-4657,0.2651738320874305,1.0,0.0,0.0,0.0,0.0,0.0
hsa-miR-4491,0.40003455224373086,1.0,0.0,0.0,0.0,0.0,0.0
hsa-miR-511-3p,0.18563947169073558,1.0,0.0,0.0,0.0,0.0,0.0
hsa-miR-4781-3p,0.17221557545388969,1.0,0.0,0.0,0.0,0.0,0.0
hsa-miR-4307,1.0,1.0,0.0,0.0,0.0,0.0,0.0
hsa-miR-10399-5p,0.4019572211235328,1.0,2.3295616398611823,0.0,0.0,1.8130479596725628,2.3295616398611823
hsa-miR-3938,1.0,1.0,0.0,0.0,0.0,0.0,0.0
hsa-miR-4778-5p,1.0,1.0,0.0,0.0,0.0,0.0,0.0
hsa-miR-363-3p,0.029430920058751416,0.4013584538582059,0.9826190848840817,4.114342622370538,4.2555964721438535,4.3786367262836,5.238215557027935
hsa-miR-367-3p,1.0,1.0,0.0,0.0,0.0,0.0,0.0
hsa-miR-4699-3p,1.0,1.0,0.0,0.0,0.0,0.0,0.0
hsa-miR-5002-5p,1.0,1.0,0.0,0.0,0.0,0.0,0.0
hsa-miR-3613-3p,0.29717086839183704,1.0,0.0,0.0,0.0,0.0,0.0
hsa-miR-3973,1.0,1.0,0.0,0.0,0.0,0.0,0.0
hsa-miR-520h,0.40003455224373086,1.0,0.0,0.0,0.0,0.0,0.0
hsa-miR-520g-3p,0.409468378772591,1.0,0.0,0.0,0.0,0.0,0.0
hsa-miR-4709-5p,1.0,1.0,0.0,0.0,0.0,0.0,0.0
hsa-miR-4761-5p,1.0,1.0,0.0,0.0,0.0,0.0,0.0
hsa-miR-216b-3p,1.0,1.0,0.0,0.0,0.0,0.0,0.0
hsa-miR-3681-3p,1.0,1.0,0.0,0.0,0.0,0.0,0.0
hsa-miR-4717-3p,0.5537094112933669,1.0,0.0,0.0,0.0,0.0,0.0
hsa-miR-6865-3p,1.0,1.0,0.0,0.0,0.0,0.0,0.0
hsa-miR-6760-3p,1.0,1.0,0.0,0.0,0.0,0.0,0.0
hsa-miR-6500-3p,1.0,1.0,0.0,0.0,0.0,0.0,0.0
hsa-miR-499b-5p,1.0,1.0,0.0,0.0,0.0,0.0,0.0
hsa-miR-6847-5p,0.5826826676120351,1.0,0.0,0.0,0.0,0.0,0.0
hsa-miR-10b-3p,0.09209877373492886,0.8080132415677759,0.0,0.0,0.0,0.0,0.0
hsa-miR-383-3p,1.0,1.0,0.0,0.0,0.0,0.0,0.0
hsa-miR-214-3p,0.012952135693686662,0.21713389264830124,0.0,0.0,0.0,0.0,0.0
hsa-miR-5685,1.0,1.0,0.0,0.0,0.0,0.0,0.0
hsa-miR-4433a-3p,0.4881743138811171,1.0,0.0,0.0,0.0,0.0,0.0
hsa-miR-6715b-5p,1.0,1.0,0.0,0.0,0.0,0.0,0.0
hsa-miR-4514,1.0,1.0,0.0,0.0,0.0,0.0,0.0
hsa-miR-3937,1.0,1.0,0.0,0.0,0.0,0.0,0.0
hsa-miR-4441,1.0,1.0,0.0,0.0,0.0,0.0,0.0
hsa-miR-3918,1.0,1.0,0.0,0.0,0.0,0.0,0.0
hsa-miR-9900,1.0,1.0,0.0,0.0,0.0,0.0,0.0
hsa-miR-125a-3p,0.4619189985456612,1.0,-1.242622757532187,4.175629350189384,4.6049312302694245,3.7824428089553384,3.3623084727372374
hsa-miR-936,1.0,1.0,0.0,0.0,0.0,0.0,0.0
hsa-miR-199a-3p,0.0008514744793903568,0.024900898108393545,0.08388130025253737,7.995738246910625,9.048455487958838,8.93271770021508,9.132336788211376
hsa-miR-622,1.0,1.0,0.0,0.0,0.0,0.0,0.0
hsa-miR-1-5p,1.0,1.0,0.0,0.0,0.0,0.0,0.0
hsa-miR-4793-5p,1.0,1.0,0.0,0.0,0.0,0.0,0.0
hsa-miR-6785-3p,0.40003455224373086,1.0,0.0,0.0,0.0,0.0,0.0
hsa-miR-4317,1.0,1.0,0.0,0.0,0.0,0.0,0.0
hsa-miR-1250-3p,1.0,1.0,0.0,0.0,0.0,0.0,0.0
hsa-miR-3691-3p,0.4796093688044928,1.0,0.0,0.0,0.0,0.0,0.0
hsa-miR-181a-2-3p,0.06874609405200496,0.6726383626203608,1.3441126851910035,2.0386085300966026,2.889251495947189,4.056190737669745,4.233364181138192
hsa-miR-6849-3p,1.0,1.0,0.0,0.0,0.0,0.0,0.0
hsa-miR-4738-5p,0.40003455224373086,1.0,0.0,0.0,0.0,0.0,0.0
hsa-miR-665,1.0,1.0,0.0,0.0,0.0,0.0,0.0
hsa-miR-4645-5p,1.0,1.0,0.0,0.0,0.0,0.0,0.0
hsa-miR-6837-5p,1.0,1.0,0.0,0.0,0.0,0.0,0.0
hsa-miR-181a-3p,0.028268819550830507,0.39306771101702764,2.028335983591054,0.0,0.0,1.1856199330935624,2.028335983591054
hsa-miR-4726-3p,1.0,1.0,0.0,0.0,0.0,0.0,0.0
hsa-miR-4286,0.05418948253589823,0.5893666034482816,0.0,0.0,0.0,0.0,0.0
hsa-miR-6840-5p,0.27622632794050495,1.0,0.0,0.0,0.0,0.0,0.0
hsa-miR-6795-3p,1.0,1.0,0.0,0.0,0.0,0.0,0.0
hsa-miR-6801-3p,1.0,1.0,0.0,0.0,0.0,0.0,0.0
hsa-miR-7108-3p,1.0,1.0,0.0,0.0,0.0,0.0,0.0
hsa-miR-1247-5p,0.42031579436095057,1.0,0.0,0.0,0.0,0.0,0.0
hsa-miR-454-5p,0.7155405095773284,1.0,0.0,0.0,0.0,0.0,0.0
hsa-miR-4655-3p,1.0,1.0,0.0,0.0,0.0,0.0,0.0
hsa-miR-4780,1.0,1.0,0.0,0.0,0.0,0.0,0.0
hsa-miR-6832-3p,0.27622632794050495,1.0,0.0,0.0,0.0,0.0,0.0
hsa-miR-4671-5p,1.0,1.0,0.0,0.0,0.0,0.0,0.0
hsa-miR-4485-5p,1.0,1.0,0.0,0.0,0.0,0.0,0.0
hsa-miR-6827-3p,1.0,1.0,0.0,0.0,0.0,0.0,0.0
hsa-miR-1973,0.27136541810964293,1.0,0.0,0.0,0.0,0.0,0.0
hsa-miR-132-5p,0.20776922977427847,1.0,0.0,0.0,0.0,0.0,0.0
hsa-miR-660-3p,0.5851712717904991,1.0,0.0,0.0,0.0,0.0,0.0
hsa-miR-10401-3p,0.6721978355240491,1.0,0.0,0.0,0.0,0.0,0.0
hsa-miR-3140-5p,0.40003455224373086,1.0,0.0,0.0,0.0,0.0,0.0
hsa-miR-544b,0.9351829524017781,1.0,0.0,0.0,0.0,0.0,0.0
hsa-miR-4722-3p,1.0,1.0,0.0,0.0,0.0,0.0,0.0
hsa-miR-3690,0.11493954635794897,0.8668220229630994,0.0,0.0,0.0,0.0,0.0
hsa-miR-8073,1.0,1.0,0.0,0.0,0.0,0.0,0.0
hsa-miR-221-5p,0.4550172652392611,1.0,0.0,0.0,0.0,0.0,0.0
hsa-miR-6742-3p,1.0,1.0,0.0,0.0,0.0,0.0,0.0
hsa-miR-4421,1.0,1.0,0.0,0.0,0.0,0.0,0.0
hsa-miR-3667-3p,0.4905224049490865,1.0,0.0,0.0,0.0,0.0,0.0
hsa-miR-1248,1.0,1.0,0.0,0.0,0.0,0.0,0.0
hsa-miR-6841-3p,1.0,1.0,0.0,0.0,0.0,0.0,0.0
hsa-miR-1915-5p,1.0,1.0,0.0,0.0,0.0,0.0,0.0
hsa-miR-212-5p,1.0,1.0,0.0,0.0,0.0,0.0,0.0
hsa-miR-1249-3p,0.002172078612131824,0.05393312176538642,0.0,0.0,0.0,0.0,0.0
hsa-miR-5091,1.0,1.0,0.0,0.0,0.0,0.0,0.0
hsa-miR-105-3p,1.0,1.0,0.0,0.0,0.0,0.0,0.0
hsa-miR-6075,1.0,1.0,0.0,0.0,0.0,0.0,0.0
hsa-miR-7112-5p,1.0,1.0,0.0,0.0,0.0,0.0,0.0
hsa-miR-6777-5p,0.5944268692828909,1.0,0.0,0.0,0.0,0.0,0.0
hsa-miR-137-5p,1.0,1.0,0.0,0.0,0.0,0.0,0.0
hsa-miR-125b-1-3p,0.45203324607767126,1.0,0.0,0.0,0.0,0.0,0.0
hsa-miR-1250-5p,0.5161651890584913,1.0,0.0,0.0,0.0,0.0,0.0
hsa-miR-1306-3p,0.16834389113215442,1.0,0.0,0.0,0.0,0.0,0.0
hsa-miR-5707,1.0,1.0,0.0,0.0,0.0,0.0,0.0
hsa-miR-4509,1.0,1.0,0.0,0.0,0.0,0.0,0.0
hsa-miR-190b-3p,1.0,1.0,0.0,0.0,0.0,0.0,0.0
hsa-miR-616-5p,0.40003455224373086,1.0,0.0,0.0,0.0,0.0,0.0
hsa-miR-371b-5p,1.0,1.0,0.0,0.0,0.0,0.0,0.0
hsa-miR-373-5p,1.0,1.0,0.0,0.0,0.0,0.0,0.0
hsa-miR-371a-5p,1.0,1.0,0.0,0.0,0.0,0.0,0.0
hsa-miR-4264,1.0,1.0,0.0,0.0,0.0,0.0,0.0
hsa-miR-6758-3p,0.40003455224373086,1.0,0.0,0.0,0.0,0.0,0.0
hsa-miR-5695,0.09694456447453405,0.8256581591961741,0.0,0.0,0.0,0.0,0.0
hsa-miR-766-3p,0.06489024452863046,0.654372121070327,0.0,0.0,0.0,0.0,0.0
hsa-miR-3925-3p,1.0,1.0,0.0,0.0,0.0,0.0,0.0
hsa-miR-136-5p,0.14444217754442085,0.9952141656987321,0.0,0.0,0.0,0.0,0.0
hsa-miR-6814-3p,1.0,1.0,0.0,0.0,0.0,0.0,0.0
hsa-miR-1307-3p,1.172474628553236e-06,8.817009206720335e-05,0.03945990088056561,5.584067699124679,7.100868550034708,7.0816441928241645,7.140328450915273
hsa-miR-4638-5p,0.4905224049490865,1.0,0.0,0.0,0.0,0.0,0.0
hsa-miR-1251-5p,1.0,1.0,0.0,0.0,0.0,0.0,0.0
hsa-miR-130b-5p,0.027108945304607696,0.389894776184303,0.0,0.0,0.0,0.0,0.0
hsa-miR-5187-3p,1.0,1.0,0.0,0.0,0.0,0.0,0.0
hsa-miR-3660,1.0,1.0,0.0,0.0,0.0,0.0,0.0
hsa-miR-6751-3p,1.0,1.0,0.0,0.0,0.0,0.0,0.0
hsa-miR-3920,1.0,1.0,0.0,0.0,0.0,0.0,0.0
hsa-miR-29a-5p,0.6979256593881482,1.0,0.0,0.0,0.0,0.0,0.0
hsa-miR-17-3p,2.6274650766854085e-07,2.7661952327343983e-05,0.2956931566395973,3.9182077235127966,5.842095866686191,5.741324144387617,6.137789023325788
hsa-miR-20a-3p,0.000191009830370513,0.007028635623320054,-0.5890741854190731,0.0,2.3656884705855408,3.4531824738635484,1.7766142851664677
hsa-miR-18a-3p,0.17652169041664237,1.0,0.0,0.0,0.0,0.0,0.0
hsa-miR-93-3p,0.07076454065883504,0.684466351733338,0.37618982614252383,0.0,3.4185452158708265,2.853968878709033,3.7947350420133503
hsa-miR-6128,1.0,1.0,0.0,0.0,0.0,0.0,0.0
hsa-miR-378i,0.4852675476570544,1.0,2.085680604096872,2.1376275260361304,1.0935047262855064,2.346418425623899,3.1791853303823787
hsa-miR-422a,0.8719409627754404,1.0,0.0,0.0,0.0,0.0,0.0
hsa-miR-378f,0.06015967006795926,0.6283343318209078,0.0,0.0,0.0,0.0,0.0
hsa-miR-378b,0.40003455224373086,1.0,0.0,0.0,0.0,0.0,0.0
hsa-miR-378d,0.5425555630219958,1.0,0.0,0.0,0.0,0.0,0.0
hsa-miR-378c,0.28023073865940834,1.0,0.0,0.0,0.0,0.0,0.0
hsa-miR-378a-3p,0.06308505587354309,0.6435653761983156,0.24605523505405902,7.111954217226974,7.489205077335421,7.1025318958632315,7.73526031238948
hsa-miR-378e,1.0,1.0,0.0,0.0,0.0,0.0,0.0
hsa-miR-378h,0.18150800236821615,1.0,0.0,0.0,0.0,0.0,0.0
hsa-miR-378j,1.0,1.0,0.0,0.0,0.0,0.0,0.0
hsa-miR-6868-5p,1.0,1.0,0.0,0.0,0.0,0.0,0.0
hsa-miR-4799-3p,1.0,1.0,0.0,0.0,0.0,0.0,0.0
hsa-miR-5588-5p,0.8853957121463165,1.0,0.0,0.0,0.0,0.0,0.0
hsa-miR-3176,1.0,1.0,0.0,0.0,0.0,0.0,0.0
hsa-miR-664a-5p,0.6168524111773119,1.0,0.14159803387643066,5.691606067745683,5.197299879336171,5.553876799979058,5.338897913212602
hsa-miR-4646-5p,0.15897758718389027,1.0,0.0,0.0,0.0,0.0,0.0
hsa-miR-6506-5p,1.0,1.0,0.0,0.0,0.0,0.0,0.0
hsa-miR-6860,1.0,1.0,0.0,0.0,0.0,0.0,0.0
hsa-miR-378g,0.6979561097345142,1.0,0.0,0.0,0.0,0.0,0.0
hsa-miR-4667-5p,0.5616673008306039,1.0,0.0,0.0,0.0,0.0,0.0
hsa-miR-637,1.0,1.0,0.0,0.0,0.0,0.0,0.0
hsa-miR-6861-5p,0.4796093688044928,1.0,0.0,0.0,0.0,0.0,0.0
hsa-miR-20b-3p,0.27622632794050495,1.0,0.0,0.0,0.0,0.0,0.0
hsa-miR-6773-3p,1.0,1.0,0.0,0.0,0.0,0.0,0.0
hsa-miR-367-5p,1.0,1.0,0.0,0.0,0.0,0.0,0.0
hsa-miR-302a-5p,1.0,1.0,0.0,0.0,0.0,0.0,0.0
hsa-miR-600,1.0,1.0,0.0,0.0,0.0,0.0,0.0
hsa-miR-412-3p,1.0,1.0,0.0,0.0,0.0,0.0,0.0
hsa-miR-635,1.0,1.0,0.0,0.0,0.0,0.0,0.0
hsa-miR-6774-5p,1.0,1.0,0.0,0.0,0.0,0.0,0.0
hsa-miR-643,0.907621550096316,1.0,0.0,0.0,0.0,0.0,0.0
hsa-miR-302b-5p,1.0,1.0,0.0,0.0,0.0,0.0,0.0
hsa-miR-302d-5p,1.0,1.0,0.0,0.0,0.0,0.0,0.0
hsa-miR-3124-3p,1.0,1.0,0.0,0.0,0.0,0.0,0.0
hsa-miR-5681a,1.0,1.0,0.0,0.0,0.0,0.0,0.0
hsa-miR-6730-5p,0.6241513074636109,1.0,0.0,0.0,0.0,0.0,0.0
hsa-miR-4680-5p,1.0,1.0,0.0,0.0,0.0,0.0,0.0
hsa-miR-3185,1.0,1.0,0.0,0.0,0.0,0.0,0.0
hsa-miR-10522-5p,1.0,1.0,0.0,0.0,0.0,0.0,0.0
hsa-miR-4699-5p,1.0,1.0,0.0,0.0,0.0,0.0,0.0
hsa-miR-1252-5p,1.0,1.0,0.0,0.0,0.0,0.0,0.0
hsa-miR-605-3p,0.4905224049490865,1.0,0.0,0.0,0.0,0.0,0.0
hsa-miR-4493,1.0,1.0,0.0,0.0,0.0,0.0,0.0
hsa-miR-7515,1.0,1.0,0.0,0.0,0.0,0.0,0.0
hsa-miR-3179,0.30652152850522535,1.0,0.0,0.0,0.0,0.0,0.0
hsa-miR-548ao-5p,1.0,1.0,0.0,0.0,0.0,0.0,0.0
hsa-miR-548ax,0.02778410350171069,0.3919959244766004,0.4810219061472819,0.0,0.0,2.335128527890079,0.4810219061472819
hsa-miR-4795-5p,0.4905224049490865,1.0,0.0,0.0,0.0,0.0,0.0
hsa-miR-10393-5p,1.0,1.0,0.0,0.0,0.0,0.0,0.0
hsa-miR-219b-3p,1.0,1.0,0.0,0.0,0.0,0.0,0.0
hsa-miR-219a-2-3p,1.0,1.0,0.0,0.0,0.0,0.0,0.0
hsa-miR-642a-3p,0.13659376857257766,0.9664376314059796,0.6884393487623557,2.0498745652983756,3.1322901417685687,1.8130479596725628,3.8207294905309244
hsa-miR-642b-3p,0.851648548790798,1.0,0.0,0.0,0.0,0.0,0.0
hsa-miR-3117-5p,1.0,1.0,0.0,0.0,0.0,0.0,0.0
hsa-miR-4645-3p,0.2651738320874305,1.0,0.0,0.0,0.0,0.0,0.0
hsa-miR-3913-3p,0.27622632794050495,1.0,0.0,0.0,0.0,0.0,0.0
hsa-miR-591,1.0,1.0,0.0,0.0,0.0,0.0,0.0
hsa-miR-4725-5p,1.0,1.0,0.0,0.0,0.0,0.0,0.0
hsa-miR-504-5p,1.0,1.0,0.0,0.0,0.0,0.0,0.0
hsa-miR-631,1.0,1.0,0.0,0.0,0.0,0.0,0.0
hsa-miR-6855-3p,0.27622632794050495,1.0,0.0,0.0,0.0,0.0,0.0
hsa-miR-4513,1.0,1.0,0.0,0.0,0.0,0.0,0.0
hsa-miR-617,1.0,1.0,0.0,0.0,0.0,0.0,0.0
hsa-miR-1253,1.0,1.0,0.0,0.0,0.0,0.0,0.0
hsa-miR-6088,1.0,1.0,0.0,0.0,0.0,0.0,0.0
hsa-miR-4708-5p,1.0,1.0,0.0,0.0,0.0,0.0,0.0
hsa-miR-5186,1.0,1.0,0.0,0.0,0.0,0.0,0.0
hsa-miR-4468,1.0,1.0,0.0,0.0,0.0,0.0,0.0
hsa-miR-3670,1.0,1.0,0.0,0.0,0.0,0.0,0.0
hsa-miR-3160-3p,0.27622632794050495,1.0,0.0,0.0,0.0,0.0,0.0
hsa-miR-4487,0.05568106010435065,0.5947480179522334,0.0,0.0,0.0,0.0,0.0
hsa-miR-27b-5p,0.015841755216349958,0.2599902456420191,0.0,0.0,0.0,2.803700777407378,0.0
hsa-miR-4751,1.0,1.0,0.0,0.0,0.0,0.0,0.0
hsa-miR-1185-5p,0.4905224049490865,1.0,0.0,0.0,0.0,0.0,0.0
hsa-miR-6884-5p,0.21769629079555075,1.0,0.0,0.0,0.0,0.0,0.0
hsa-miR-485-5p,0.6671396644685978,1.0,-0.3920283453137632,0.29928583136097187,2.7839775258756383,2.3827401963702917,2.391949180561875
hsa-miR-3188,0.07955723736600516,0.720750852191111,0.0,0.0,0.0,0.0,0.0
hsa-miR-4458,1.0,1.0,0.0,0.0,0.0,0.0,0.0
hsa-let-7d-5p,0.5220556687388895,1.0,-0.1579772802316004,13.071973334790293,13.001325665561383,12.97012406289104,12.843348385329783
hsa-miR-202-3p,0.19900240583664164,1.0,0.0,0.0,0.0,0.0,0.0
hsa-miR-655-5p,1.0,1.0,0.0,0.0,0.0,0.0,0.0
hsa-miR-377-5p,0.4905224049490865,1.0,0.0,0.0,0.0,0.0,0.0
hsa-miR-4785,0.7360989078864115,1.0,0.0,0.0,0.0,0.0,0.0
hsa-miR-924,1.0,1.0,0.0,0.0,0.0,0.0,0.0
hsa-miR-4424,1.0,1.0,0.0,0.0,0.0,0.0,0.0
hsa-miR-219a-1-3p,0.40814470814724546,1.0,0.0,0.0,0.0,0.0,0.0
hsa-miR-3145-3p,0.18905829685278172,1.0,0.0,0.0,0.0,0.0,0.0
hsa-miR-383-5p,1.0,1.0,0.0,0.0,0.0,0.0,0.0
hsa-miR-369-5p,0.20847654200228444,1.0,-0.650757826862189,1.0981753392021996,3.2184667072363005,3.185680347633487,2.5677088803741115
hsa-miR-3171,1.0,1.0,0.0,0.0,0.0,0.0,0.0
hsa-miR-219b-5p,1.0,1.0,0.0,0.0,0.0,0.0,0.0
hsa-miR-4445-5p,1.0,1.0,0.0,0.0,0.0,0.0,0.0
hsa-miR-1468-3p,1.0,1.0,0.0,0.0,0.0,0.0,0.0
hsa-miR-4708-3p,1.0,1.0,0.0,0.0,0.0,0.0,0.0
hsa-miR-8064,1.0,1.0,0.0,0.0,0.0,0.0,0.0
hsa-miR-298,1.0,1.0,0.0,0.0,0.0,0.0,0.0
hsa-miR-4771,1.0,1.0,0.0,0.0,0.0,0.0,0.0
hsa-miR-2467-3p,1.0,1.0,0.0,0.0,0.0,0.0,0.0
hsa-miR-107,0.9572004459181656,1.0,-0.06182464388942854,7.515323591862501,7.568881784360206,7.386139606252618,7.507057140470778
hsa-miR-103a-3p,9.701723212435002e-09,1.687608427494194e-06,0.09931078493910128,9.799277821418475,11.290769121847761,11.246628218424636,11.390079906786863
hsa-miR-6132,1.0,1.0,0.0,0.0,0.0,0.0,0.0
hsa-miR-3665,1.0,1.0,0.0,0.0,0.0,0.0,0.0
hsa-miR-6499-3p,1.0,1.0,0.0,0.0,0.0,0.0,0.0
hsa-miR-5689,1.0,1.0,0.0,0.0,0.0,0.0,0.0
hsa-miR-6076,1.0,1.0,0.0,0.0,0.0,0.0,0.0
hsa-miR-4480,0.27622632794050495,1.0,0.0,0.0,0.0,0.0,0.0
hsa-miR-4755-3p,0.3373180511937141,1.0,0.0,0.0,0.0,0.0,0.0
hsa-miR-4313,1.0,1.0,0.0,0.0,0.0,0.0,0.0
hsa-miR-210-5p,0.40003455224373086,1.0,0.0,0.0,0.0,0.0,0.0
hsa-miR-4707-3p,0.7696707416045867,1.0,0.0,0.0,0.0,0.0,0.0
hsa-miR-3648,0.27622632794050495,1.0,0.0,0.0,0.0,0.0,0.0
hsa-miR-6743-3p,1.0,1.0,0.0,0.0,0.0,0.0,0.0
hsa-miR-6811-3p,1.0,1.0,0.0,0.0,0.0,0.0,0.0
hsa-miR-5581-5p,1.0,1.0,0.0,0.0,0.0,0.0,0.0
hsa-miR-381-5p,0.4881743138811171,1.0,0.0,0.0,0.0,0.0,0.0
hsa-miR-2277-5p,0.7360989078864115,1.0,0.0,0.0,0.0,0.0,0.0
hsa-miR-4706,0.7721176336131789,1.0,0.0,0.0,0.0,0.0,0.0
hsa-miR-4746-3p,1.0,1.0,0.0,0.0,0.0,0.0,0.0
hsa-miR-6853-5p,1.0,1.0,0.0,0.0,0.0,0.0,0.0
hsa-miR-548v,1.0,1.0,0.0,0.0,0.0,0.0,0.0
hsa-miR-222-3p,0.011288803199662177,0.19547453961520297,1.7976702857043423,0.0,1.7241552257412163,3.571607788861578,3.5218255114455586
hsa-miR-221-3p,0.025776125151723492,0.37690422999631235,0.16757564070841457,7.1010283903054505,7.9649130553285685,7.957394245079858,8.132488696036983
hsa-miR-549a-5p,1.0,1.0,0.0,0.0,0.0,0.0,0.0
hsa-miR-7106-3p,1.0,1.0,0.0,0.0,0.0,0.0,0.0
hsa-miR-423-3p,0.0798325359929899,0.720750852191111,3.608521594693874,0.8843715195500215,0.0,3.450352249807672,3.608521594693874
hsa-miR-6502-5p,0.4881743138811171,1.0,0.0,0.0,0.0,0.0,0.0
hsa-miR-3194-3p,1.0,1.0,0.0,0.0,0.0,0.0,0.0
hsa-miR-4663,1.0,1.0,0.0,0.0,0.0,0.0,0.0
hsa-miR-133a-5p,1.0,1.0,0.0,0.0,0.0,0.0,0.0
hsa-miR-138-5p,0.045792135917359214,0.536745689438873,0.0,0.0,0.0,0.0,0.0
hsa-miR-1537-5p,0.11493954635794897,0.8668220229630994,0.0,0.0,0.0,0.0,0.0
hsa-miR-4718,1.0,1.0,0.0,0.0,0.0,0.0,0.0
hsa-miR-626,1.0,1.0,0.0,0.0,0.0,0.0,0.0
hsa-miR-6876-3p,0.40003455224373086,1.0,0.0,0.0,0.0,0.0,0.0
hsa-miR-2115-5p,0.7360989078864115,1.0,0.0,0.0,0.0,0.0,0.0
hsa-miR-103a-2-5p,0.1772664642231908,1.0,0.0,0.0,0.0,0.0,0.0
hsa-miR-3140-3p,0.852314320343326,1.0,0.0,0.0,0.0,0.0,0.0
hsa-miR-4261,1.0,1.0,0.0,0.0,0.0,0.0,0.0
hsa-miR-5093,1.0,1.0,0.0,0.0,0.0,0.0,0.0
hsa-miR-6828-5p,1.0,1.0,0.0,0.0,0.0,0.0,0.0
hsa-miR-671-5p,0.08010693833160401,0.720750852191111,0.26009435094092037,0.0,3.3456394869447568,2.6907267767668155,3.605733837885677
hsa-miR-613,1.0,1.0,0.0,0.0,0.0,0.0,0.0
hsa-miR-492,1.0,1.0,0.0,0.0,0.0,0.0,0.0
hsa-miR-659-5p,1.0,1.0,0.0,0.0,0.0,0.0,0.0
hsa-miR-4740-5p,1.0,1.0,0.0,0.0,0.0,0.0,0.0
hsa-miR-4515,1.0,1.0,0.0,0.0,0.0,0.0,0.0
hsa-miR-4434,1.0,1.0,0.0,0.0,0.0,0.0,0.0
hsa-miR-5703,1.0,1.0,0.0,0.0,0.0,0.0,0.0
hsa-miR-5192,0.5041085272344412,1.0,0.0,0.0,0.0,0.0,0.0
hsa-miR-6081,1.0,1.0,0.0,0.0,0.0,0.0,0.0
hsa-miR-4633-3p,1.0,1.0,0.0,0.0,0.0,0.0,0.0
hsa-miR-6500-5p,1.0,1.0,0.0,0.0,0.0,0.0,0.0
hsa-miR-766-5p,0.018880777234921483,0.29936268483321293,0.0,0.0,0.0,2.335128527890079,0.0
hsa-miR-7154-3p,1.0,1.0,0.0,0.0,0.0,0.0,0.0
hsa-miR-11181-3p,0.40003455224373086,1.0,0.0,0.0,0.0,0.0,0.0
hsa-miR-6894-5p,0.5808439989188321,1.0,0.0,0.0,0.0,0.0,0.0
hsa-miR-650,1.0,1.0,0.0,0.0,0.0,0.0,0.0
hsa-miR-3612,1.0,1.0,0.0,0.0,0.0,0.0,0.0
hsa-miR-6797-5p,1.0,1.0,0.0,0.0,0.0,0.0,0.0
hsa-miR-1249-5p,0.27622632794050495,1.0,0.0,0.0,0.0,0.0,0.0
hsa-miR-6851-5p,0.11493954635794897,0.8668220229630994,0.0,0.0,0.0,0.0,0.0
hsa-miR-5191,1.0,1.0,0.0,0.0,0.0,0.0,0.0
hsa-miR-1255a,0.0015806462118862082,0.04245164111922959,0.0,0.0,0.0,0.0,0.0
hsa-miR-3167,1.0,1.0,0.0,0.0,0.0,0.0,0.0
hsa-miR-31-5p,0.01113948954354866,0.19451614493871686,3.5167965000202965,0.0,0.0,0.0,3.5167965000202965
hsa-miR-593-5p,1.0,1.0,0.0,0.0,0.0,0.0,0.0
hsa-miR-564,1.0,1.0,0.0,0.0,0.0,0.0,0.0
hsa-miR-885-3p,0.07284751603667101,0.6896930295270436,-1.6078913988971948,0.0,3.3187029794823815,0.0,1.7108115805851867
hsa-miR-4763-3p,1.0,1.0,0.0,0.0,0.0,0.0,0.0
hsa-miR-4736,1.0,1.0,0.0,0.0,0.0,0.0,0.0
hsa-miR-34c-5p,0.03367565587832435,0.44317163135874843,0.0,0.0,0.0,0.0,0.0
hsa-miR-449b-5p,1.0,1.0,0.0,0.0,0.0,0.0,0.0
hsa-miR-3622b-5p,1.0,1.0,0.0,0.0,0.0,0.0,0.0
hsa-miR-1256,1.0,1.0,0.0,0.0,0.0,0.0,0.0
hsa-miR-4529-5p,1.0,1.0,0.0,0.0,0.0,0.0,0.0
hsa-miR-6775-3p,1.0,1.0,0.0,0.0,0.0,0.0,0.0
hsa-miR-4757-5p,1.0,1.0,0.0,0.0,0.0,0.0,0.0
hsa-miR-6735-3p,1.0,1.0,0.0,0.0,0.0,0.0,0.0
hsa-miR-6717-5p,1.0,1.0,0.0,0.0,0.0,0.0,0.0
hsa-miR-6722-5p,1.0,1.0,0.0,0.0,0.0,0.0,0.0
hsa-miR-25-5p,0.23909667118702807,1.0,0.8873384170399334,4.372198685634938,3.599413885904186,4.216987979704757,4.48675230294412
hsa-miR-663a,0.4881743138811171,1.0,0.0,0.0,0.0,0.0,0.0
hsa-miR-6822-3p,1.0,1.0,0.0,0.0,0.0,0.0,0.0
hsa-miR-604,1.0,1.0,0.0,0.0,0.0,0.0,0.0
hsa-miR-4430,1.0,1.0,0.0,0.0,0.0,0.0,0.0
hsa-miR-4505,1.0,1.0,0.0,0.0,0.0,0.0,0.0
hsa-miR-7974,1.0,1.0,0.0,0.0,0.0,0.0,0.0
hsa-miR-4668-5p,0.4498952381733141,1.0,0.0,0.0,0.0,0.0,0.0
hsa-miR-4747-5p,0.8601364496938015,1.0,0.0,0.0,0.0,0.0,0.0
hsa-miR-5196-5p,1.0,1.0,0.0,0.0,0.0,0.0,0.0
hsa-miR-3649,1.0,1.0,0.0,0.0,0.0,0.0,0.0
hsa-miR-92b-5p,0.7163604923325726,1.0,-1.0191119295228757,2.6331683557312675,1.9143056754589638,2.4484398302027186,0.8951937459360882
hsa-miR-3199,1.0,1.0,0.0,0.0,0.0,0.0,0.0
hsa-miR-365b-5p,0.03472102422286986,0.4501760381999678,0.0,0.0,0.0,0.0,0.0
hsa-miR-365a-5p,0.4905224049490865,1.0,0.0,0.0,0.0,0.0,0.0
hsa-miR-6878-5p,0.27622632794050495,1.0,0.0,0.0,0.0,0.0,0.0
hsa-miR-149-3p,1.0,1.0,0.0,0.0,0.0,0.0,0.0
hsa-miR-6883-5p,1.0,1.0,0.0,0.0,0.0,0.0,0.0
hsa-miR-638,1.0,1.0,0.0,0.0,0.0,0.0,0.0
hsa-miR-3945,1.0,1.0,0.0,0.0,0.0,0.0,0.0
hsa-miR-4253,1.0,1.0,0.0,0.0,0.0,0.0,0.0
hsa-miR-4726-5p,0.4905224049490865,1.0,0.0,0.0,0.0,0.0,0.0
hsa-miR-296-5p,0.5469258662990653,1.0,0.0,0.0,0.0,0.0,0.0
hsa-miR-6877-5p,0.3135539522314135,1.0,0.0,0.0,0.0,0.0,0.0
hsa-miR-5001-5p,0.33035858557084596,1.0,0.0,0.0,0.0,0.0,0.0
hsa-miR-27a-5p,1.5612034707102263e-05,0.0007471068245289665,0.0,0.0,0.0,0.0,0.0
hsa-miR-3144-5p,0.27622632794050495,1.0,0.0,0.0,0.0,0.0,0.0
hsa-miR-4652-5p,1.0,1.0,0.0,0.0,0.0,0.0,0.0
hsa-miR-185-3p,0.6682986094554413,1.0,0.0,0.0,0.0,0.0,0.0
hsa-miR-625-5p,0.00868758820110715,0.15878980656468067,0.31514043086409327,6.298720386748838,6.943744426670297,6.894613658839869,7.25888485753439
hsa-miR-5010-5p,0.7351216356322257,1.0,0.05235004579453495,5.711742315363539,5.450400185233996,5.453401263849726,5.502750231028531
hsa-miR-4697-5p,1.0,1.0,0.0,0.0,0.0,0.0,0.0
hsa-miR-4488,0.37184236897247747,1.0,0.0,0.0,0.0,0.0,0.0
hsa-miR-6885-5p,0.4905224049490865,1.0,0.0,0.0,0.0,0.0,0.0
hsa-miR-6835-5p,1.0,1.0,0.0,0.0,0.0,0.0,0.0
hsa-miR-342-5p,0.003829545845706742,0.0854183446262724,1.0607913312082022,0.0,2.986103088670638,3.983151973836268,4.04689441987884
hsa-miR-608,1.0,1.0,0.0,0.0,0.0,0.0,0.0
hsa-miR-6747-5p,1.0,1.0,0.0,0.0,0.0,0.0,0.0
hsa-miR-555,1.0,1.0,0.0,0.0,0.0,0.0,0.0
hsa-miR-6756-5p,1.0,1.0,0.0,0.0,0.0,0.0,0.0
hsa-miR-4455,1.0,1.0,0.0,0.0,0.0,0.0,0.0
hsa-miR-609,0.40003455224373086,1.0,0.0,0.0,0.0,0.0,0.0
hsa-miR-4650-3p,1.0,1.0,0.0,0.0,0.0,0.0,0.0
hsa-miR-3529-5p,0.7340550223817022,1.0,0.0,0.0,0.0,0.0,0.0
hsa-miR-5681b,1.0,1.0,0.0,0.0,0.0,0.0,0.0
hsa-miR-6503-5p,1.0,1.0,0.0,0.0,0.0,0.0,0.0
hsa-miR-3085-5p,1.0,1.0,0.0,0.0,0.0,0.0,0.0
hsa-miR-3907,1.0,1.0,0.0,0.0,0.0,0.0,0.0
hsa-miR-3165,0.6119359214916615,1.0,0.0,0.0,0.0,0.0,0.0
hsa-miR-6769a-5p,0.10335738217153753,0.8574351322358825,0.0,0.0,0.0,0.0,0.0
hsa-miR-323a-5p,0.03974281173192387,0.48656897160747503,0.0,0.0,0.0,0.0,0.0
hsa-miR-3650,1.0,1.0,0.0,0.0,0.0,0.0,0.0
hsa-miR-4694-5p,1.0,1.0,0.0,0.0,0.0,0.0,0.0
hsa-miR-409-5p,0.007458218622381811,0.14224660445006468,0.0,0.0,0.0,0.0,0.0
hsa-miR-152-5p,1.0,1.0,0.0,0.0,0.0,0.0,0.0
hsa-miR-563,1.0,1.0,0.0,0.0,0.0,0.0,0.0
hsa-miR-656-5p,1.0,1.0,0.0,0.0,0.0,0.0,0.0
hsa-miR-92a-1-5p,0.2734651606105764,1.0,2.17528493660027,0.0,0.0,0.4343180781837628,2.17528493660027
hsa-miR-323b-5p,0.40003455224373086,1.0,0.0,0.0,0.0,0.0,0.0
hsa-miR-494-5p,0.7720499926518986,1.0,0.0,0.0,0.0,0.0,0.0
hsa-miR-410-5p,0.40003455224373086,1.0,0.0,0.0,0.0,0.0,0.0
hsa-miR-6832-5p,0.4625621471908937,1.0,0.0,0.0,0.0,0.0,0.0
hsa-miR-567,1.0,1.0,0.0,0.0,0.0,0.0,0.0
hsa-miR-630,1.0,1.0,0.0,0.0,0.0,0.0,0.0
hsa-miR-616-3p,0.7750524940204402,1.0,0.0,0.0,0.0,0.0,0.0
hsa-miR-1257,1.0,1.0,0.0,0.0,0.0,0.0,0.0
hsa-miR-550a-3-5p,0.005180514238488079,0.10736309823386318,3.21571503673172,3.778044424972313,0.0,2.5810843014342377,3.21571503673172
hsa-miR-550a-5p,0.2920162137560326,1.0,0.39928462663689057,5.223326190220356,4.988492072400506,5.704885530001176,5.3877766990373965
hsa-miR-1271-3p,0.40003455224373086,1.0,0.0,0.0,0.0,0.0,0.0
hsa-miR-4800-5p,0.6325398622931779,1.0,0.0,0.0,0.0,0.0,0.0
hsa-miR-3691-5p,0.5804333867707225,1.0,0.0,0.0,0.0,0.0,0.0
hsa-miR-3688-5p,1.0,1.0,0.0,0.0,0.0,0.0,0.0
hsa-miR-891a-3p,1.0,1.0,0.0,0.0,0.0,0.0,0.0
hsa-miR-6778-5p,1.0,1.0,0.0,0.0,0.0,0.0,0.0
hsa-miR-1233-5p,0.7752447099520104,1.0,0.0,0.0,0.0,0.0,0.0
hsa-miR-491-5p,0.004019572560792945,0.08775725809945893,0.0,0.0,0.0,0.0,0.0
hsa-miR-6742-5p,1.0,1.0,0.0,0.0,0.0,0.0,0.0
hsa-miR-203a-5p,1.0,1.0,0.0,0.0,0.0,0.0,0.0
hsa-miR-644a,1.0,1.0,0.0,0.0,0.0,0.0,0.0
hsa-miR-569,1.0,1.0,0.0,0.0,0.0,0.0,0.0
hsa-miR-1258,0.9321430594188787,1.0,0.0,0.0,0.0,0.0,0.0
hsa-miR-22-5p,0.04028599336848201,0.48656897160747503,0.6991220733386356,3.1853535994986637,4.0128682429426075,3.893543288945876,4.711990316281243
hsa-miR-6501-5p,0.11493954635794897,0.8668220229630994,0.0,0.0,0.0,0.0,0.0
hsa-miR-4423-5p,1.0,1.0,0.0,0.0,0.0,0.0,0.0
hsa-miR-6740-5p,0.8998008065917891,1.0,0.0,0.0,0.0,0.0,0.0
hsa-miR-19b-1-5p,0.4960288520405559,1.0,0.0,0.0,0.0,0.0,0.0
hsa-miR-19b-2-5p,1.0,1.0,0.0,0.0,0.0,0.0,0.0
hsa-miR-19a-5p,0.27622632794050495,1.0,0.0,0.0,0.0,0.0,0.0
hsa-miR-9-3p,0.4943163820755939,1.0,0.0,0.0,0.0,0.0,0.0
hsa-miR-3143,0.8360912570122915,1.0,0.0,0.0,0.0,0.0,0.0
hsa-miR-208b-3p,0.03916957998950232,0.48656897160747503,0.0,0.0,0.0,0.0,0.0
hsa-miR-208a-3p,0.22354419886129195,1.0,0.0,0.0,0.0,0.0,0.0
hsa-miR-374c-5p,0.4905224049490865,1.0,0.0,0.0,0.0,0.0,0.0
hsa-miR-655-3p,0.40003455224373086,1.0,0.0,0.0,0.0,0.0,0.0
hsa-miR-466,1.0,1.0,0.0,0.0,0.0,0.0,0.0
hsa-miR-4666a-5p,1.0,1.0,0.0,0.0,0.0,0.0,0.0
hsa-miR-5591-3p,1.0,1.0,0.0,0.0,0.0,0.0,0.0
hsa-miR-4777-3p,1.0,1.0,0.0,0.0,0.0,0.0,0.0
hsa-miR-4693-5p,1.0,1.0,0.0,0.0,0.0,0.0,0.0
hsa-miR-4766-3p,0.9662786219862806,1.0,0.0,0.0,0.0,0.0,0.0
hsa-miR-4524b-5p,1.0,1.0,0.0,0.0,0.0,0.0,0.0
hsa-miR-4524a-5p,1.0,1.0,0.0,0.0,0.0,0.0,0.0
hsa-miR-3117-3p,0.5537199062460938,1.0,0.0,0.0,0.0,0.0,0.0
hsa-miR-4423-3p,0.40003455224373086,1.0,0.0,0.0,0.0,0.0,0.0
hsa-miR-4727-3p,1.0,1.0,0.0,0.0,0.0,0.0,0.0
hsa-miR-4460,1.0,1.0,0.0,0.0,0.0,0.0,0.0
hsa-miR-374b-5p,4.974918563795545e-06,0.00027279136791478906,-1.1555326746112522,0.0,4.3519564149652075,4.1162321674281435,3.1964237403539553
hsa-miR-1185-2-3p,0.2702199503790291,1.0,0.0,0.0,0.0,0.0,0.0
hsa-miR-1185-1-3p,0.07132359677662534,0.6846617093188544,0.0,0.0,0.0,0.0,0.0
hsa-miR-3144-3p,0.27622632794050495,1.0,0.0,0.0,0.0,0.0,0.0
hsa-miR-4633-5p,1.0,1.0,0.0,0.0,0.0,0.0,0.0
hsa-miR-3115,1.0,1.0,0.0,0.0,0.0,0.0,0.0
hsa-miR-3924,1.0,1.0,0.0,0.0,0.0,0.0,0.0
hsa-miR-556-3p,0.03141301967760409,0.41969069944900494,0.0,0.0,0.0,0.0,0.0
hsa-miR-4795-3p,1.0,1.0,0.0,0.0,0.0,0.0,0.0
hsa-miR-3671,1.0,1.0,0.0,0.0,0.0,0.0,0.0
hsa-miR-421,0.04512531954664225,0.532600184066199,0.026611306964040793,7.133002551567047,7.56172337626402,7.290383878884017,7.5883346832280605
hsa-miR-561-5p,1.0,1.0,0.0,0.0,0.0,0.0,0.0
hsa-miR-377-3p,0.062468112263910316,0.6422502792133279,0.0,0.0,0.0,0.0,0.0
hsa-miR-23b-3p,0.004062193557843319,0.08775725809945893,-1.3929074629993674,0.0,2.2881012089354558,2.4508225229793412,0.8951937459360882
hsa-miR-23a-3p,1.0425592304315386e-06,8.315199680290333e-05,-0.30941607417151396,6.1873830013746645,8.343337938590775,8.016184711356605,8.033921864419261
hsa-miR-23c,1.0,1.0,0.0,0.0,0.0,0.0,0.0
hsa-miR-3127-5p,0.29013588953544306,1.0,0.0,0.0,0.0,0.0,0.0
hsa-miR-539-3p,0.7381168171610721,1.0,0.0,0.0,0.0,0.0,0.0
hsa-miR-376a-3p,0.3931112205904598,1.0,-0.5534201197460913,3.408469658670741,4.972172045976878,4.253699316785115,4.418751926230787
hsa-miR-376b-3p,0.011050736322728653,0.19451614493871686,0.0,0.0,0.0,0.0,0.0
hsa-miR-5007-3p,1.0,1.0,0.0,0.0,0.0,0.0,0.0
hsa-miR-433-3p,0.777288245974873,1.0,0.0,0.0,0.0,0.0,0.0
hsa-miR-6516-3p,1.0,1.0,0.0,0.0,0.0,0.0,0.0
hsa-miR-5195-3p,1.0,1.0,0.0,0.0,0.0,0.0,0.0
hsa-miR-1260b,0.4828445553997548,1.0,0.0,0.0,0.0,0.0,0.0
hsa-miR-1260a,0.33416727830274395,1.0,0.0,0.0,0.0,0.0,0.0
hsa-miR-2355-5p,1.0,1.0,0.0,0.0,0.0,0.0,0.0
hsa-miR-623,1.0,1.0,0.0,0.0,0.0,0.0,0.0
hsa-miR-937-3p,0.2612794416781425,1.0,0.0,0.0,0.0,0.0,0.0
hsa-miR-7975,1.0,1.0,0.0,0.0,0.0,0.0,0.0
hsa-miR-7111-3p,0.11493954635794897,0.8668220229630994,0.0,0.0,0.0,0.0,0.0
hsa-miR-6881-3p,1.0,1.0,0.0,0.0,0.0,0.0,0.0
hsa-miR-502-5p,0.6936281619336888,1.0,0.0,0.0,0.0,0.0,0.0
hsa-miR-639,1.0,1.0,0.0,0.0,0.0,0.0,0.0
hsa-miR-4790-5p,1.0,1.0,0.0,0.0,0.0,0.0,0.0
hsa-miR-425-3p,0.7765380145404244,1.0,0.08377136711007882,5.514620434855987,5.7695510003637915,5.770217127171563,5.85332236747387
hsa-miR-3181,1.0,1.0,0.0,0.0,0.0,0.0,0.0
hsa-miR-517a-3p,0.038704838813462525,0.48656897160747503,0.0,0.0,0.0,0.0,0.0
hsa-miR-517c-3p,0.9351080380568587,1.0,0.0,0.0,0.0,0.0,0.0
hsa-miR-4799-5p,1.0,1.0,0.0,0.0,0.0,0.0,0.0
hsa-miR-4256,1.0,1.0,0.0,0.0,0.0,0.0,0.0
hsa-miR-4727-5p,1.0,1.0,0.0,0.0,0.0,0.0,0.0
hsa-miR-6828-3p,1.0,1.0,0.0,0.0,0.0,0.0,0.0
hsa-miR-516b-5p,0.5365325442105784,1.0,0.0,0.0,0.0,0.0,0.0
hsa-miR-3686,1.0,1.0,0.0,0.0,0.0,0.0,0.0
hsa-miR-6888-3p,1.0,1.0,0.0,0.0,0.0,0.0,0.0
hsa-miR-7843-3p,0.40003455224373086,1.0,0.0,0.0,0.0,0.0,0.0
hsa-miR-3616-5p,1.0,1.0,0.0,0.0,0.0,0.0,0.0
hsa-miR-215-5p,0.03883326021986255,0.48656897160747503,0.0,0.0,0.0,0.0,0.0
hsa-miR-3672,1.0,1.0,0.0,0.0,0.0,0.0,0.0
hsa-miR-5708,1.0,1.0,0.0,0.0,0.0,0.0,0.0
hsa-miR-640,1.0,1.0,0.0,0.0,0.0,0.0,0.0
hsa-miR-500a-3p,0.13914484159338658,0.974716361476493,0.0,0.0,0.0,0.0,0.0
hsa-miR-6811-5p,1.0,1.0,0.0,0.0,0.0,0.0,0.0
hsa-miR-6836-3p,1.0,1.0,0.0,0.0,0.0,0.0,0.0
hsa-miR-4737,1.0,1.0,0.0,0.0,0.0,0.0,0.0
hsa-miR-4754,0.4881743138811171,1.0,0.0,0.0,0.0,0.0,0.0
hsa-miR-5089-3p,0.27622632794050495,1.0,0.0,0.0,0.0,0.0,0.0
hsa-miR-628-5p,0.0007275221595804684,0.021759526409270372,0.0,0.0,0.0,0.0,0.0
hsa-miR-4531,1.0,1.0,0.0,0.0,0.0,0.0,0.0
hsa-miR-620,1.0,1.0,0.0,0.0,0.0,0.0,0.0
hsa-miR-6874-5p,1.0,1.0,0.0,0.0,0.0,0.0,0.0
hsa-miR-1261,0.40003455224373086,1.0,0.0,0.0,0.0,0.0,0.0
hsa-miR-4642,0.40003455224373086,1.0,0.0,0.0,0.0,0.0,0.0
hsa-miR-548s,1.0,1.0,0.0,0.0,0.0,0.0,0.0
hsa-miR-4435,0.012882373944154717,0.21713389264830124,0.0,0.0,0.0,0.0,0.0
hsa-miR-6810-5p,0.8482423144258923,1.0,0.0,0.0,0.0,0.0,0.0
hsa-miR-6812-5p,1.0,1.0,0.0,0.0,0.0,0.0,0.0
hsa-miR-1262,0.551136966471333,1.0,0.0,0.0,0.0,0.0,0.0
hsa-miR-4701-3p,0.18351209170477029,1.0,0.0,0.0,0.0,0.0,0.0
hsa-miR-1263,1.0,1.0,0.0,0.0,0.0,0.0,0.0
hsa-miR-5587-5p,1.0,1.0,0.0,0.0,0.0,0.0,0.0
hsa-miR-6843-3p,1.0,1.0,0.0,0.0,0.0,0.0,0.0
hsa-miR-218-1-3p,1.0,1.0,0.0,0.0,0.0,0.0,0.0
hsa-miR-135a-2-3p,0.12635136408964973,0.9212099453849255,0.0,0.0,0.0,0.0,0.0
hsa-miR-135b-3p,1.0,1.0,0.0,0.0,0.0,0.0,0.0
hsa-miR-568,1.0,1.0,0.0,0.0,0.0,0.0,0.0
hsa-miR-297,1.0,1.0,0.0,0.0,0.0,0.0,0.0
hsa-miR-10395-3p,0.5808439989188321,1.0,0.0,0.0,0.0,0.0,0.0
hsa-miR-3912-5p,1.0,1.0,0.0,0.0,0.0,0.0,0.0
hsa-miR-4433b-5p,0.05910630832498247,0.623485660401127,0.0,0.0,0.0,0.0,0.0
hsa-miR-8070,1.0,1.0,0.0,0.0,0.0,0.0,0.0
hsa-miR-550b-2-5p,1.0,1.0,0.0,0.0,0.0,0.0,0.0
hsa-miR-4296,1.0,1.0,0.0,0.0,0.0,0.0,0.0
hsa-miR-4477b,0.04878043528691012,0.560655483297587,0.0,0.0,0.0,0.0,0.0
hsa-miR-6509-5p,0.1410806584437601,0.9823393995343297,0.0,0.0,0.0,0.0,0.0
hsa-miR-384,1.0,1.0,0.0,0.0,0.0,0.0,0.0
hsa-miR-4263,1.0,1.0,0.0,0.0,0.0,0.0,0.0
hsa-miR-576-5p,0.017262473540715858,0.275392879977117,0.7593439206650099,0.0,3.5888249275720328,4.235192498389001,4.348168848237043
hsa-miR-4768-5p,1.0,1.0,0.0,0.0,0.0,0.0,0.0
hsa-miR-544a,1.0,1.0,0.0,0.0,0.0,0.0,0.0
hsa-miR-6875-3p,1.0,1.0,0.0,0.0,0.0,0.0,0.0
hsa-miR-510-3p,0.27622632794050495,1.0,0.0,0.0,0.0,0.0,0.0
hsa-miR-514b-3p,0.27622632794050495,1.0,0.0,0.0,0.0,0.0,0.0
hsa-miR-514a-3p,0.3445763310450093,1.0,0.0,0.0,0.0,0.0,0.0
hsa-miR-4774-3p,1.0,1.0,0.0,0.0,0.0,0.0,0.0
hsa-miR-3152-5p,1.0,1.0,0.0,0.0,0.0,0.0,0.0
hsa-miR-4529-3p,1.0,1.0,0.0,0.0,0.0,0.0,0.0
hsa-miR-450a-1-3p,0.40030323169179216,1.0,0.0,0.0,0.0,0.0,0.0
hsa-miR-450a-2-3p,0.3650361190809748,1.0,0.0,0.0,0.0,0.0,0.0
hsa-miR-3674,1.0,1.0,0.0,0.0,0.0,0.0,0.0
hsa-miR-4646-3p,0.40003455224373086,1.0,0.0,0.0,0.0,0.0,0.0
hsa-miR-2355-3p,0.16495932924189644,1.0,0.0,0.0,0.0,0.0,0.0
hsa-miR-6739-3p,1.0,1.0,0.0,0.0,0.0,0.0,0.0
hsa-miR-4446-5p,1.0,1.0,0.0,0.0,0.0,0.0,0.0
hsa-miR-2113,1.0,1.0,0.0,0.0,0.0,0.0,0.0
hsa-miR-548d-3p,0.2651738320874305,1.0,0.0,0.0,0.0,0.0,0.0
hsa-miR-548bb-3p,1.0,1.0,0.0,0.0,0.0,0.0,0.0
hsa-miR-548h-3p,0.9308993356338673,1.0,0.0,0.0,0.0,0.0,0.0
hsa-miR-548ac,1.0,1.0,0.0,0.0,0.0,0.0,0.0
hsa-miR-548ae-3p,1.0,1.0,0.0,0.0,0.0,0.0,0.0
hsa-miR-548aq-3p,0.27622632794050495,1.0,0.0,0.0,0.0,0.0,0.0
hsa-miR-548ah-3p,1.0,1.0,0.0,0.0,0.0,0.0,0.0
hsa-miR-548am-3p,1.0,1.0,0.0,0.0,0.0,0.0,0.0
hsa-miR-548j-3p,1.0,1.0,0.0,0.0,0.0,0.0,0.0
hsa-miR-548c-3p,1.0,1.0,0.0,0.0,0.0,0.0,0.0
hsa-miR-548at-3p,1.0,1.0,0.0,0.0,0.0,0.0,0.0
hsa-miR-548ay-3p,0.6311062300976302,1.0,0.0,0.0,0.0,0.0,0.0
hsa-miR-424-3p,0.06224514397479143,0.6422502792133279,0.5974564970811747,5.5067951773340855,5.172638260247414,5.147830999371118,5.770094757328589
hsa-miR-548a-3p,0.4992406500625446,1.0,0.0,0.0,0.0,0.0,0.0
hsa-miR-548e-5p,0.8503231707793171,1.0,0.0,0.0,0.0,0.0,0.0
hsa-miR-548n,0.08088388136023635,0.7227373222395507,0.0,0.0,0.0,0.0,0.0
hsa-miR-548t-5p,0.13961552746072867,0.974716361476493,0.0,0.0,0.0,0.0,0.0
hsa-miR-548az-5p,0.4905224049490865,1.0,0.0,0.0,0.0,0.0,0.0
hsa-miR-497-3p,1.0,1.0,0.0,0.0,0.0,0.0,0.0
hsa-miR-6771-3p,1.0,1.0,0.0,0.0,0.0,0.0,0.0
hsa-miR-186-5p,5.6273616028015e-07,5.107315771921913e-05,0.08688944472714333,5.90740324112803,7.113859140268584,6.95974408786834,7.200748584995727
hsa-miR-548u,0.4796093688044928,1.0,0.0,0.0,0.0,0.0,0.0
hsa-miR-583,1.0,1.0,0.0,0.0,0.0,0.0,0.0
hsa-miR-518b,0.3648435247013413,1.0,0.0,0.0,0.0,0.0,0.0
hsa-miR-518d-3p,1.0,1.0,0.0,0.0,0.0,0.0,0.0
hsa-miR-518c-3p,0.6395778300634658,1.0,0.0,0.0,0.0,0.0,0.0
hsa-miR-6768-3p,1.0,1.0,0.0,0.0,0.0,0.0,0.0
hsa-miR-548m,1.0,1.0,0.0,0.0,0.0,0.0,0.0
hsa-miR-6507-3p,1.0,1.0,0.0,0.0,0.0,0.0,0.0
hsa-miR-3609,1.0,1.0,0.0,0.0,0.0,0.0,0.0
hsa-miR-519d-3p,0.06961419589240825,0.6786094947734019,0.0,0.0,0.0,0.0,0.0
hsa-miR-20b-5p,6.221533247539073e-06,0.0003341852144392416,0.05334886549263729,8.226428420991665,9.205555720173706,9.248755975629386,9.258904585666343
hsa-miR-93-5p,8.938757975397382e-07,7.589293868143842e-05,-0.028521366041420748,12.659590864045851,13.385028165899737,13.377489046345142,13.356506799858316
hsa-miR-17-5p,9.276599950698136e-06,0.000478745315102696,-0.4959676203365966,6.606394377575604,7.70613605843813,7.585619124301831,7.210168438101533
hsa-miR-561-3p,1.0,1.0,0.0,0.0,0.0,0.0,0.0
hsa-miR-5692a,1.0,1.0,0.0,0.0,0.0,0.0,0.0
hsa-miR-1252-3p,1.0,1.0,0.0,0.0,0.0,0.0,0.0
hsa-miR-4694-3p,1.0,1.0,0.0,0.0,0.0,0.0,0.0
hsa-miR-10a-3p,0.18180054197156728,1.0,0.0,0.0,0.0,0.0,0.0
hsa-miR-7-1-3p,0.03934067049302081,0.48656897160747503,0.0,0.0,0.0,0.0,0.0
hsa-miR-7-2-3p,1.0,1.0,0.0,0.0,0.0,0.0,0.0
hsa-miR-196a-1-3p,1.0,1.0,0.0,0.0,0.0,0.0,0.0
hsa-miR-21-3p,0.5099018267817859,1.0,0.0,0.0,0.0,0.0,0.0
hsa-miR-6776-3p,1.0,1.0,0.0,0.0,0.0,0.0,0.0
hsa-miR-652-5p,0.00033769525062456385,0.010973011106714222,0.0,0.0,0.0,0.0,0.0
hsa-miR-3150a-5p,0.5808439989188321,1.0,0.0,0.0,0.0,0.0,0.0
hsa-miR-3150b-5p,0.40003455224373086,1.0,0.0,0.0,0.0,0.0,0.0
hsa-miR-490-3p,0.4881743138811171,1.0,0.0,0.0,0.0,0.0,0.0
hsa-miR-191-5p,1.4848857236648353e-08,2.171232902603248e-06,-0.3042374648430357,9.630509311966179,11.281445978524987,11.224048470356166,10.977208513681951
hsa-miR-708-3p,0.3488876627665808,1.0,0.0,0.0,0.0,0.0,0.0
hsa-miR-548b-3p,0.4905224049490865,1.0,0.0,0.0,0.0,0.0,0.0
hsa-miR-7109-3p,1.0,1.0,0.0,0.0,0.0,0.0,0.0
hsa-miR-99a-3p,0.07153570291135447,0.6846617093188544,0.0,0.0,0.0,0.0,0.0
hsa-miR-99b-3p,0.5332903218054834,1.0,0.0,0.0,0.0,0.0,0.0
hsa-miR-100-3p,1.0,1.0,0.0,0.0,0.0,0.0,0.0
hsa-miR-4428,1.0,1.0,0.0,0.0,0.0,0.0,0.0
hsa-miR-12118,1.0,1.0,0.0,0.0,0.0,0.0,0.0
hsa-miR-4753-5p,0.7396989521192687,1.0,0.0,0.0,0.0,0.0,0.0
hsa-miR-4475,1.0,1.0,0.0,0.0,0.0,0.0,0.0
hsa-miR-1264,0.4796093688044928,1.0,0.0,0.0,0.0,0.0,0.0
hsa-miR-34b-3p,0.4881743138811171,1.0,0.0,0.0,0.0,0.0,0.0
hsa-miR-34a-3p,0.4881743138811171,1.0,0.0,0.0,0.0,0.0,0.0
hsa-miR-5197-5p,1.0,1.0,0.0,0.0,0.0,0.0,0.0
hsa-miR-8066,1.0,1.0,0.0,0.0,0.0,0.0,0.0
hsa-miR-33a-3p,0.4905224049490865,1.0,0.0,0.0,0.0,0.0,0.0
hsa-miR-5571-5p,1.0,1.0,0.0,0.0,0.0,0.0,0.0
hsa-miR-32-3p,0.13281879669378818,0.9525315337821538,-0.1732282379990382,4.76515706871521,5.474026984069451,4.955688427706913,5.300798746070413
hsa-miR-624-3p,1.0,1.0,0.0,0.0,0.0,0.0,0.0
hsa-miR-4731-3p,1.0,1.0,0.0,0.0,0.0,0.0,0.0
hsa-miR-8485,1.0,1.0,0.0,0.0,0.0,0.0,0.0
hsa-miR-603,1.0,1.0,0.0,0.0,0.0,0.0,0.0
hsa-miR-6768-5p,0.27622632794050495,1.0,0.0,0.0,0.0,0.0,0.0
hsa-miR-4789-3p,0.40003455224373086,1.0,0.0,0.0,0.0,0.0,0.0
hsa-miR-3120-3p,0.099156652611486,0.8338029063048917,0.0,0.0,0.0,0.0,0.0
hsa-miR-4700-3p,1.0,1.0,0.0,0.0,0.0,0.0,0.0
hsa-miR-4438,1.0,1.0,0.0,0.0,0.0,0.0,0.0
hsa-miR-5580-3p,0.27622632794050495,1.0,0.0,0.0,0.0,0.0,0.0
hsa-miR-942-3p,0.170392338184527,1.0,0.0,0.0,0.0,0.0,0.0
hsa-miR-323a-3p,0.21249557076780623,1.0,1.0974193159099987,0.0,0.0,0.0,1.0974193159099987
hsa-miR-1911-3p,1.0,1.0,0.0,0.0,0.0,0.0,0.0
hsa-miR-6753-5p,1.0,1.0,0.0,0.0,0.0,0.0,0.0
hsa-miR-7153-3p,1.0,1.0,0.0,0.0,0.0,0.0,0.0
hsa-miR-1295b-5p,1.0,1.0,0.0,0.0,0.0,0.0,0.0
hsa-miR-4640-3p,1.0,1.0,0.0,0.0,0.0,0.0,0.0
hsa-miR-941,0.006446446459239143,0.12459565499995134,0.18880439765291968,3.4692031053697594,4.259130879144367,5.022333817178115,4.447935276797287
hsa-miR-99b-5p,0.07707624109573981,0.7143122062112225,-0.6207286530316392,4.7687372115972035,5.937716583235055,5.328748874031425,5.316987930203416
hsa-miR-6510-3p,1.0,1.0,0.0,0.0,0.0,0.0,0.0
hsa-miR-4655-5p,0.4395790489864755,1.0,0.0,0.0,0.0,0.0,0.0
hsa-miR-6800-3p,1.0,1.0,0.0,0.0,0.0,0.0,0.0
hsa-miR-3200-3p,0.13467920757981672,0.9580423631083179,0.0,0.0,0.0,0.0,0.0
hsa-miR-6782-3p,0.17827191064393064,1.0,0.0,0.0,0.0,0.0,0.0
hsa-miR-574-3p,0.12572964448511745,0.9192234007911919,0.0,0.0,0.0,0.0,0.0
hsa-miR-4445-3p,1.0,1.0,0.0,0.0,0.0,0.0,0.0
hsa-miR-28-3p,0.004067775641388294,0.08775725809945893,0.12287134097226549,6.974167255569236,7.6408165245416555,7.5462718143537275,7.763687865513921
hsa-miR-512-5p,1.0,1.0,0.0,0.0,0.0,0.0,0.0
hsa-miR-4418,1.0,1.0,0.0,0.0,0.0,0.0,0.0
hsa-miR-6807-3p,1.0,1.0,0.0,0.0,0.0,0.0,0.0
hsa-miR-892b,1.0,1.0,0.0,0.0,0.0,0.0,0.0
hsa-miR-1183,1.0,1.0,0.0,0.0,0.0,0.0,0.0
hsa-miR-4318,1.0,1.0,0.0,0.0,0.0,0.0,0.0
hsa-miR-892a,1.0,1.0,0.0,0.0,0.0,0.0,0.0
hsa-miR-4676-3p,1.0,1.0,0.0,0.0,0.0,0.0,0.0
hsa-miR-892c-3p,1.0,1.0,0.0,0.0,0.0,0.0,0.0
hsa-miR-374c-3p,1.0,1.0,0.0,0.0,0.0,0.0,0.0
hsa-miR-4773,0.15104469177023677,1.0,0.0,0.0,0.0,0.0,0.0
hsa-miR-3154,0.7481560578684673,1.0,0.0,0.0,0.0,0.0,0.0
hsa-miR-3123,1.0,1.0,0.0,0.0,0.0,0.0,0.0
hsa-miR-6873-5p,0.09804811592010973,0.8271238496850282,0.0,0.0,0.0,0.0,0.0
hsa-miR-5586-3p,0.2651738320874305,1.0,0.0,0.0,0.0,0.0,0.0
hsa-miR-5694,1.0,1.0,0.0,0.0,0.0,0.0,0.0
hsa-miR-6871-3p,1.0,1.0,0.0,0.0,0.0,0.0,0.0
hsa-miR-424-5p,0.22365494831094454,1.0,-0.387854205024734,8.10867584427269,8.01989720917703,7.661725879845047,7.632043004152296
hsa-miR-497-5p,0.05239739899729464,0.5746248090036645,-0.5975238881778653,1.6232259535288867,4.580057324576627,4.066056209420538,3.9825334363987617
hsa-miR-6165,1.0,1.0,0.0,0.0,0.0,0.0,0.0
hsa-miR-6510-5p,0.40003455224373086,1.0,0.0,0.0,0.0,0.0,0.0
hsa-miR-4274,1.0,1.0,0.0,0.0,0.0,0.0,0.0
hsa-miR-4519,1.0,1.0,0.0,0.0,0.0,0.0,0.0
hsa-miR-449b-3p,1.0,1.0,0.0,0.0,0.0,0.0,0.0
hsa-miR-6858-3p,1.0,1.0,0.0,0.0,0.0,0.0,0.0
hsa-miR-4323,1.0,1.0,0.0,0.0,0.0,0.0,0.0
hsa-miR-3940-3p,0.8064368008956316,1.0,0.0,0.0,0.0,0.0,0.0
hsa-miR-4687-5p,0.4994693812145138,1.0,0.0,0.0,0.0,0.0,0.0
hsa-miR-6746-3p,1.0,1.0,0.0,0.0,0.0,0.0,0.0
hsa-miR-6877-3p,1.0,1.0,0.0,0.0,0.0,0.0,0.0
hsa-miR-4293,1.0,1.0,0.0,0.0,0.0,0.0,0.0
hsa-miR-7846-3p,1.0,1.0,0.0,0.0,0.0,0.0,0.0
hsa-miR-6876-5p,0.2844189225009692,1.0,0.0,0.0,0.0,0.0,0.0
hsa-miR-4476,1.0,1.0,0.0,0.0,0.0,0.0,0.0
hsa-miR-8083,1.0,1.0,0.0,0.0,0.0,0.0,0.0
hsa-miR-4695-5p,1.0,1.0,0.0,0.0,0.0,0.0,0.0
hsa-miR-4433b-3p,0.8806908271973682,1.0,0.9098482038148399,3.3340787997561887,2.481223412381971,3.526429691623279,3.391071616196811
hsa-miR-4661-3p,1.0,1.0,0.0,0.0,0.0,0.0,0.0
hsa-miR-10524-5p,0.40003455224373086,1.0,0.0,0.0,0.0,0.0,0.0
hsa-miR-1265,0.40003455224373086,1.0,0.0,0.0,0.0,0.0,0.0
hsa-miR-3622a-5p,0.4881743138811171,1.0,0.0,0.0,0.0,0.0,0.0
hsa-miR-6511a-5p,1.0,1.0,0.0,0.0,0.0,0.0,0.0
hsa-miR-6808-5p,1.0,1.0,0.0,0.0,0.0,0.0,0.0
hsa-miR-6893-5p,0.40003455224373086,1.0,0.0,0.0,0.0,0.0,0.0
hsa-miR-2682-5p,1.0,1.0,0.0,0.0,0.0,0.0,0.0
hsa-miR-15a-3p,0.6723188375663788,1.0,0.0,0.0,0.0,0.0,0.0
hsa-miR-3186-5p,1.0,1.0,0.0,0.0,0.0,0.0,0.0
hsa-miR-5584-5p,0.27622632794050495,1.0,0.0,0.0,0.0,0.0,0.0
hsa-miR-6750-5p,0.028101927749131846,0.39306771101702764,0.0,0.0,0.0,0.0,0.0
hsa-miR-6822-5p,1.0,1.0,0.0,0.0,0.0,0.0,0.0
hsa-miR-6760-5p,1.0,1.0,0.0,0.0,0.0,0.0,0.0
hsa-miR-4756-5p,1.0,1.0,0.0,0.0,0.0,0.0,0.0
hsa-miR-1321,0.27622632794050495,1.0,0.0,0.0,0.0,0.0,0.0
hsa-miR-6735-5p,0.9447265878928086,1.0,0.0,0.0,0.0,0.0,0.0
hsa-miR-4436b-3p,0.7721176336131789,1.0,0.0,0.0,0.0,0.0,0.0
hsa-miR-6879-5p,1.0,1.0,0.0,0.0,0.0,0.0,0.0
hsa-miR-6895-5p,0.40003455224373086,1.0,0.0,0.0,0.0,0.0,0.0
hsa-miR-7160-3p,1.0,1.0,0.0,0.0,0.0,0.0,0.0
hsa-miR-4512,1.0,1.0,0.0,0.0,0.0,0.0,0.0
hsa-miR-5088-5p,0.4796093688044928,1.0,0.0,0.0,0.0,0.0,0.0
hsa-miR-4446-3p,0.027783820654617822,0.3919959244766004,0.0,0.0,0.0,0.0,0.0
hsa-miR-6813-5p,0.3689351095520652,1.0,0.0,0.0,0.0,0.0,0.0
hsa-miR-6794-5p,1.0,1.0,0.0,0.0,0.0,0.0,0.0
hsa-miR-1178-5p,1.0,1.0,0.0,0.0,0.0,0.0,0.0
hsa-miR-3927-3p,1.0,1.0,0.0,0.0,0.0,0.0,0.0
hsa-miR-370-5p,0.4905224049490865,1.0,0.0,0.0,0.0,0.0,0.0
hsa-miR-431-3p,0.17629305876822357,1.0,0.0,0.0,0.0,0.0,0.0
hsa-miR-12114,0.6325398622931779,1.0,0.0,0.0,0.0,0.0,0.0
hsa-miR-802,1.0,1.0,0.0,0.0,0.0,0.0,0.0
hsa-miR-8079,1.0,1.0,0.0,0.0,0.0,0.0,0.0
hsa-miR-8062,1.0,1.0,0.0,0.0,0.0,0.0,0.0
hsa-miR-3666,0.27622632794050495,1.0,0.0,0.0,0.0,0.0,0.0
hsa-miR-301a-3p,0.012040233676827277,0.20577853920395708,1.1696680717836692,0.0,0.0,0.0,1.1696680717836692
hsa-miR-301b-3p,0.770236602135126,1.0,0.0,0.0,0.0,0.0,0.0
hsa-miR-130b-3p,0.0931145357765846,0.8142108244650188,0.0704770936270922,8.93035355049648,8.553596476239285,8.663300734894321,8.624073569866377
hsa-miR-130a-3p,0.00043289789863373634,0.013894966697609685,-0.17210413372356648,10.711611819214312,10.137677428042908,10.051275074287894,9.965573294319341
hsa-miR-4295,1.0,1.0,0.0,0.0,0.0,0.0,0.0
hsa-miR-33b-3p,0.40003455224373086,1.0,0.0,0.0,0.0,0.0,0.0
hsa-miR-3677-5p,1.0,1.0,0.0,0.0,0.0,0.0,0.0
hsa-miR-140-5p,0.00019227270702091334,0.007028635623320054,-0.46832661247579743,3.5560721322291515,5.233935886626661,5.237035356587944,4.765609274150863
hsa-miR-4255,1.0,1.0,0.0,0.0,0.0,0.0,0.0
hsa-miR-101-5p,0.9985435956451252,1.0,0.0,0.0,0.0,0.0,0.0
hsa-miR-5000-5p,1.0,1.0,0.0,0.0,0.0,0.0,0.0
hsa-miR-6874-3p,1.0,1.0,0.0,0.0,0.0,0.0,0.0
hsa-miR-4259,0.13415007190172595,0.9580423631083179,0.0,0.0,0.0,0.0,0.0
hsa-miR-142-5p,1.9751892023436197e-05,0.0009283389251015013,-0.22300764318067934,7.772156239561765,9.747768550958519,9.444389750372107,9.52476090777784
hsa-miR-4666a-3p,1.0,1.0,0.0,0.0,0.0,0.0,0.0
hsa-miR-10397-3p,1.0,1.0,0.0,0.0,0.0,0.0,0.0
hsa-miR-3651,1.0,1.0,0.0,0.0,0.0,0.0,0.0
hsa-miR-2115-3p,0.07577131858881296,0.7114290705716295,0.0,0.0,0.0,0.0,0.0
hsa-miR-3617-3p,0.5808439989188321,1.0,0.0,0.0,0.0,0.0,0.0
hsa-miR-217-3p,0.27622632794050495,1.0,0.0,0.0,0.0,0.0,0.0
hsa-miR-136-3p,0.9031498324092972,1.0,0.0,0.0,0.0,0.0,0.0
hsa-miR-188-5p,0.6110365480430338,1.0,0.0,0.0,0.0,0.0,0.0
hsa-miR-4800-3p,1.0,1.0,0.0,0.0,0.0,0.0,0.0
hsa-miR-3675-3p,1.0,1.0,0.0,0.0,0.0,0.0,0.0
hsa-miR-3126-3p,1.0,1.0,0.0,0.0,0.0,0.0,0.0
hsa-miR-1298-3p,1.0,1.0,0.0,0.0,0.0,0.0,0.0
hsa-miR-200a-5p,0.0594585489212321,0.623485660401127,0.0,0.0,0.0,0.0,0.0
hsa-miR-200b-5p,0.33918480477634755,1.0,0.0,0.0,0.0,0.0,0.0
hsa-miR-141-5p,0.7555265687258569,1.0,0.0,0.0,0.0,0.0,0.0
hsa-miR-4757-3p,0.40003455224373086,1.0,0.0,0.0,0.0,0.0,0.0
hsa-miR-532-5p,0.00030926439949659657,0.010435691018910797,0.1540157956001984,6.759560808269587,7.384463240541324,7.347296840957449,7.538479036141522
hsa-miR-3146,0.6736644823429911,1.0,0.0,0.0,0.0,0.0,0.0
hsa-miR-4728-3p,1.0,1.0,0.0,0.0,0.0,0.0,0.0
hsa-miR-6871-5p,0.27622632794050495,1.0,0.0,0.0,0.0,0.0,0.0
hsa-miR-6890-5p,0.6313865928494169,1.0,0.0,0.0,0.0,0.0,0.0
hsa-miR-218-2-3p,1.0,1.0,0.0,0.0,0.0,0.0,0.0
hsa-miR-6504-3p,1.0,1.0,0.0,0.0,0.0,0.0,0.0
hsa-miR-126-5p,4.9191920274246704e-05,0.00205512911367964,-0.18021480100861886,12.249319617745439,13.198616462402802,12.847182119999276,13.018401661394183
hsa-miR-4272,1.0,1.0,0.0,0.0,0.0,0.0,0.0
hsa-miR-25-3p,0.8747526974626221,1.0,0.05890434805253264,9.315592992270425,9.244023710768474,9.321688524005152,9.302928058821006
hsa-miR-548o-3p,1.0,1.0,0.0,0.0,0.0,0.0,0.0
hsa-miR-6715a-3p,0.7360989078864115,1.0,0.0,0.0,0.0,0.0,0.0
hsa-miR-4762-5p,0.27136541810964293,1.0,0.0,0.0,0.0,0.0,0.0
hsa-miR-4714-3p,0.2911200264363444,1.0,0.0,0.0,0.0,0.0,0.0
hsa-miR-6830-5p,1.0,1.0,0.0,0.0,0.0,0.0,0.0
hsa-miR-16-2-3p,0.8986304747102845,1.0,0.0,0.0,0.0,0.0,0.0
hsa-miR-195-3p,0.10806621909104078,0.8668220229630994,0.0,0.0,0.0,0.0,0.0
hsa-miR-4275,1.0,1.0,0.0,0.0,0.0,0.0,0.0
hsa-miR-4733-3p,1.0,1.0,0.0,0.0,0.0,0.0,0.0
hsa-miR-181d-3p,0.43442940508811734,1.0,0.0,0.0,0.0,0.0,0.0
hsa-miR-1306-5p,0.10957280696702044,0.8668220229630994,0.7059943987178006,0.0,2.2881012089354558,0.0,2.9940956076532563
hsa-miR-6767-3p,1.0,1.0,0.0,0.0,0.0,0.0,0.0
hsa-miR-6890-3p,1.0,1.0,0.0,0.0,0.0,0.0,0.0
hsa-miR-3614-5p,0.044223015452203765,0.5262811281136348,0.0,0.0,0.0,0.0,0.0
hsa-miR-1324,1.0,1.0,0.0,0.0,0.0,0.0,0.0
hsa-miR-4494,1.0,1.0,0.0,0.0,0.0,0.0,0.0
hsa-miR-4756-3p,1.0,1.0,0.0,0.0,0.0,0.0,0.0
hsa-miR-6501-3p,0.7028026213291381,1.0,0.0,0.0,0.0,0.0,0.0
hsa-miR-4257,1.0,1.0,0.0,0.0,0.0,0.0,0.0
hsa-miR-4691-3p,1.0,1.0,0.0,0.0,0.0,0.0,0.0
hsa-miR-4768-3p,0.40003455224373086,1.0,0.0,0.0,0.0,0.0,0.0
hsa-miR-3155b,1.0,1.0,0.0,0.0,0.0,0.0,0.0
hsa-miR-3155a,1.0,1.0,0.0,0.0,0.0,0.0,0.0
hsa-miR-6754-5p,0.20502293925123416,1.0,0.0,0.0,0.0,0.0,0.0
hsa-miR-6798-5p,0.4796093688044928,1.0,0.0,0.0,0.0,0.0,0.0
hsa-miR-16-1-3p,0.27622632794050495,1.0,0.0,0.0,0.0,0.0,0.0
hsa-miR-1910-5p,1.0,1.0,0.0,0.0,0.0,0.0,0.0
hsa-miR-5190,1.0,1.0,0.0,0.0,0.0,0.0,0.0
hsa-miR-194-3p,1.0,1.0,0.0,0.0,0.0,0.0,0.0
hsa-miR-4302,1.0,1.0,0.0,0.0,0.0,0.0,0.0
hsa-miR-935,0.26240597743230093,1.0,0.0,0.0,0.0,0.0,0.0
hsa-miR-4328,1.0,1.0,0.0,0.0,0.0,0.0,0.0
hsa-miR-8060,1.0,1.0,0.0,0.0,0.0,0.0,0.0
hsa-miR-490-5p,0.6325398622931779,1.0,0.0,0.0,0.0,0.0,0.0
hsa-miR-10226,1.0,1.0,0.0,0.0,0.0,0.0,0.0
hsa-miR-323b-3p,0.9898952302287929,1.0,0.0,0.0,0.0,0.0,0.0
hsa-miR-324-3p,0.3439348644935809,1.0,0.0,0.0,0.0,0.0,0.0
hsa-miR-9902,1.0,1.0,0.0,0.0,0.0,0.0,0.0
hsa-miR-488-5p,1.0,1.0,0.0,0.0,0.0,0.0,0.0
hsa-miR-4530,1.0,1.0,0.0,0.0,0.0,0.0,0.0
hsa-miR-4685-5p,1.0,1.0,0.0,0.0,0.0,0.0,0.0
hsa-miR-199a-5p,0.00848588020143791,0.15870557189612208,-2.6767699161630447,0.0,3.2647845380283895,0.0,0.5880146218653447
hsa-miR-199b-5p,2.473532385234665e-05,0.0011034469894809556,-1.6328985519957686,0.0,3.4011146406300967,3.1971109939054143,1.768216088634328
hsa-miR-6884-3p,1.0,1.0,0.0,0.0,0.0,0.0,0.0
hsa-miR-6872-3p,1.0,1.0,0.0,0.0,0.0,0.0,0.0
hsa-miR-1224-3p,0.40003455224373086,1.0,0.0,0.0,0.0,0.0,0.0
hsa-miR-1915-3p,1.0,1.0,0.0,0.0,0.0,0.0,0.0
hsa-miR-4258,1.0,1.0,0.0,0.0,0.0,0.0,0.0
hsa-miR-1247-3p,1.0,1.0,0.0,0.0,0.0,0.0,0.0
hsa-miR-4783-3p,0.40003455224373086,1.0,0.0,0.0,0.0,0.0,0.0
hsa-miR-4292,1.0,1.0,0.0,0.0,0.0,0.0,0.0
hsa-miR-6791-5p,0.27622632794050495,1.0,0.0,0.0,0.0,0.0,0.0
hsa-miR-6886-5p,0.6603237478364119,1.0,0.0,0.0,0.0,0.0,0.0
hsa-miR-1203,1.0,1.0,0.0,0.0,0.0,0.0,0.0
hsa-miR-6850-3p,0.40003455224373086,1.0,0.0,0.0,0.0,0.0,0.0
hsa-miR-6891-3p,1.0,1.0,0.0,0.0,0.0,0.0,0.0
hsa-miR-4723-3p,1.0,1.0,0.0,0.0,0.0,0.0,0.0
hsa-miR-6769b-3p,0.4796093688044928,1.0,0.0,0.0,0.0,0.0,0.0
hsa-miR-4324,1.0,1.0,0.0,0.0,0.0,0.0,0.0
hsa-miR-6893-3p,1.0,1.0,0.0,0.0,0.0,0.0,0.0
hsa-miR-939-3p,1.0,1.0,0.0,0.0,0.0,0.0,0.0
hsa-miR-6852-5p,0.024772462411268327,0.3691346442181224,0.0,0.0,0.0,0.0,0.0
hsa-miR-1914-5p,1.0,1.0,0.0,0.0,0.0,0.0,0.0
hsa-miR-1266-3p,1.0,1.0,0.0,0.0,0.0,0.0,0.0
hsa-miR-6734-3p,0.11493954635794897,0.8668220229630994,0.0,0.0,0.0,0.0,0.0
hsa-miR-3189-3p,1.0,1.0,0.0,0.0,0.0,0.0,0.0
hsa-miR-106b-3p,0.002499523524587046,0.060713934357932264,0.08891472140448897,0.0,3.9722600652878493,3.69986188733929,4.061174786692338
hsa-miR-6078,1.0,1.0,0.0,0.0,0.0,0.0,0.0
hsa-miR-6880-3p,0.40003455224373086,1.0,0.0,0.0,0.0,0.0,0.0
hsa-miR-6812-3p,1.0,1.0,0.0,0.0,0.0,0.0,0.0
hsa-miR-4315,1.0,1.0,0.0,0.0,0.0,0.0,0.0
hsa-miR-4304,1.0,1.0,0.0,0.0,0.0,0.0,0.0
hsa-miR-10392-3p,1.0,1.0,0.0,0.0,0.0,0.0,0.0
hsa-miR-1908-3p,0.27136541810964293,1.0,0.0,0.0,0.0,0.0,0.0
hsa-miR-6746-5p,0.7762311433775111,1.0,0.0,0.0,0.0,0.0,0.0
hsa-miR-5090,0.8265810272926207,1.0,0.0,0.0,0.0,0.0,0.0
hsa-miR-4746-5p,0.4905224049490865,1.0,0.0,0.0,0.0,0.0,0.0
hsa-miR-6070,1.0,1.0,0.0,0.0,0.0,0.0,0.0
hsa-miR-1181,1.0,1.0,0.0,0.0,0.0,0.0,0.0
hsa-miR-4735-5p,1.0,1.0,0.0,0.0,0.0,0.0,0.0
hsa-miR-8067,1.0,1.0,0.0,0.0,0.0,0.0,0.0
hsa-miR-4305,1.0,1.0,0.0,0.0,0.0,0.0,0.0
hsa-miR-325,1.0,1.0,0.0,0.0,0.0,0.0,0.0
hsa-miR-26a-2-3p,0.5665668883156021,1.0,0.0,0.0,0.0,0.0,0.0
hsa-miR-26a-1-3p,0.02006497400604077,0.3124911928041379,0.0,0.0,0.0,0.0,0.0
hsa-miR-372-5p,1.0,1.0,0.0,0.0,0.0,0.0,0.0
hsa-miR-6511b-3p,0.04026611666115478,0.48656897160747503,0.0,0.0,0.0,0.0,0.0
hsa-miR-6511a-3p,0.17431352690805096,1.0,0.0,0.0,0.0,0.0,0.0
hsa-miR-6862-3p,1.0,1.0,0.0,0.0,0.0,0.0,0.0
hsa-miR-4330,1.0,1.0,0.0,0.0,0.0,0.0,0.0
hsa-miR-1266-5p,0.40003455224373086,1.0,0.0,0.0,0.0,0.0,0.0
hsa-miR-519d-5p,1.0,1.0,0.0,0.0,0.0,0.0,0.0
hsa-miR-532-3p,0.3040598010909617,1.0,1.2309049880338443,0.0,0.0,0.0,1.2309049880338443
hsa-miR-2116-3p,0.3092630145359555,1.0,0.0,0.0,0.0,0.0,0.0
hsa-miR-7113-3p,1.0,1.0,0.0,0.0,0.0,0.0,0.0
hsa-miR-3605-3p,0.3519079509491062,1.0,-0.10463275333584221,3.654508118512826,2.696586623319541,3.035923917552462,2.5919538699836986
hsa-miR-1976,0.16425573912945785,1.0,0.0,0.0,0.0,0.0,0.0
hsa-miR-8088,1.0,1.0,0.0,0.0,0.0,0.0,0.0
hsa-miR-520f-5p,1.0,1.0,0.0,0.0,0.0,0.0,0.0
hsa-miR-520b-5p,0.05565249572383422,0.5947480179522334,0.0,0.0,0.0,0.0,0.0
hsa-miR-517-5p,0.40003455224373086,1.0,0.0,0.0,0.0,0.0,0.0
hsa-miR-3059-3p,1.0,1.0,0.0,0.0,0.0,0.0,0.0
hsa-miR-6845-3p,1.0,1.0,0.0,0.0,0.0,0.0,0.0
hsa-miR-146a-3p,0.27622632794050495,1.0,0.0,0.0,0.0,0.0,0.0
hsa-miR-326,0.31615427756984127,1.0,0.0,0.0,0.0,0.0,0.0
hsa-miR-1236-3p,1.0,1.0,0.0,0.0,0.0,0.0,0.0
hsa-miR-6730-3p,1.0,1.0,0.0,0.0,0.0,0.0,0.0
hsa-miR-4750-3p,1.0,1.0,0.0,0.0,0.0,0.0,0.0
hsa-miR-4251,1.0,1.0,0.0,0.0,0.0,0.0,0.0
hsa-miR-4329,1.0,1.0,0.0,0.0,0.0,0.0,0.0
hsa-miR-1199-5p,1.0,1.0,0.0,0.0,0.0,0.0,0.0
hsa-miR-3151-3p,1.0,1.0,0.0,0.0,0.0,0.0,0.0
hsa-miR-4772-3p,0.269941789821242,1.0,0.0,0.0,0.0,0.0,0.0
hsa-miR-3158-5p,0.31043444292016864,1.0,0.0,0.0,0.0,0.0,0.0
hsa-miR-1184,1.0,1.0,0.0,0.0,0.0,0.0,0.0
hsa-miR-6068,1.0,1.0,0.0,0.0,0.0,0.0,0.0
hsa-miR-4520-5p,1.0,1.0,0.0,0.0,0.0,0.0,0.0
hsa-miR-3692-5p,1.0,1.0,0.0,0.0,0.0,0.0,0.0
hsa-miR-875-3p,1.0,1.0,0.0,0.0,0.0,0.0,0.0
hsa-miR-4638-3p,1.0,1.0,0.0,0.0,0.0,0.0,0.0
hsa-miR-4720-5p,1.0,1.0,0.0,0.0,0.0,0.0,0.0
hsa-miR-3187-5p,0.7381168171610721,1.0,0.0,0.0,0.0,0.0,0.0
hsa-miR-8089,1.0,1.0,0.0,0.0,0.0,0.0,0.0
hsa-miR-4456,1.0,1.0,0.0,0.0,0.0,0.0,0.0
hsa-miR-3120-5p,1.0,1.0,0.0,0.0,0.0,0.0,0.0
hsa-miR-6529-3p,1.0,1.0,0.0,0.0,0.0,0.0,0.0
hsa-miR-5008-3p,1.0,1.0,0.0,0.0,0.0,0.0,0.0
hsa-miR-134-3p,1.0,1.0,0.0,0.0,0.0,0.0,0.0
hsa-miR-26b-3p,0.7189606758001617,1.0,0.0,0.0,0.0,0.0,0.0
hsa-miR-1267,0.40003455224373086,1.0,0.0,0.0,0.0,0.0,0.0
hsa-miR-6837-3p,0.40003455224373086,1.0,0.0,0.0,0.0,0.0,0.0
hsa-miR-570-3p,0.9340706636084251,1.0,0.0,0.0,0.0,0.0,0.0
hsa-miR-15b-3p,0.12336241805709232,0.9089142026921269,1.2452623008739727,2.341146279834899,1.6517135349673526,4.237598688461269,2.8969758358413253
hsa-miR-6790-3p,1.0,1.0,0.0,0.0,0.0,0.0,0.0
hsa-miR-2114-3p,0.40003455224373086,1.0,0.0,0.0,0.0,0.0,0.0
hsa-miR-3616-3p,1.0,1.0,0.0,0.0,0.0,0.0,0.0
hsa-miR-6738-5p,0.6133719167193854,1.0,0.0,0.0,0.0,0.0,0.0
hsa-miR-6804-3p,1.0,1.0,0.0,0.0,0.0,0.0,0.0
hsa-miR-3166,0.27622632794050495,1.0,0.0,0.0,0.0,0.0,0.0
hsa-miR-6836-5p,1.0,1.0,0.0,0.0,0.0,0.0,0.0
hsa-miR-1909-3p,1.0,1.0,0.0,0.0,0.0,0.0,0.0
hsa-miR-324-5p,1.2697804798615273e-07,1.4530705317371914e-05,-0.08104750354762658,5.962733425745569,7.256853621477603,7.386709120507131,7.175806117929977
hsa-miR-4749-3p,0.4905224049490865,1.0,0.0,0.0,0.0,0.0,0.0
hsa-miR-6869-3p,1.0,1.0,0.0,0.0,0.0,0.0,0.0
hsa-miR-2682-3p,1.0,1.0,0.0,0.0,0.0,0.0,0.0
hsa-miR-4763-5p,1.0,1.0,0.0,0.0,0.0,0.0,0.0
hsa-miR-3195,0.27622632794050495,1.0,0.0,0.0,0.0,0.0,0.0
hsa-miR-6720-3p,1.0,1.0,0.0,0.0,0.0,0.0,0.0
hsa-miR-4479,0.29035877125823684,1.0,0.0,0.0,0.0,0.0,0.0
hsa-miR-4767,0.40003455224373086,1.0,0.0,0.0,0.0,0.0,0.0
hsa-miR-3621,1.0,1.0,0.0,0.0,0.0,0.0,0.0
hsa-miR-1301-5p,1.0,1.0,0.0,0.0,0.0,0.0,0.0
hsa-miR-9851-5p,1.0,1.0,0.0,0.0,0.0,0.0,0.0
hsa-miR-1251-3p,1.0,1.0,0.0,0.0,0.0,0.0,0.0
hsa-miR-1255b-5p,0.2659073528511154,1.0,-0.5947218839138602,4.6095496819308455,4.632982266486907,4.76682930666386,4.038260382573047
hsa-miR-196a-3p,1.0,1.0,0.0,0.0,0.0,0.0,0.0
hsa-miR-874-5p,0.4881743138811171,1.0,0.0,0.0,0.0,0.0,0.0
hsa-miR-1538,0.5419086920421312,1.0,0.0,0.0,0.0,0.0,0.0
hsa-miR-6789-3p,0.10443441721481178,0.8574351322358825,0.0,0.0,0.0,0.0,0.0
hsa-miR-4634,1.0,1.0,0.0,0.0,0.0,0.0,0.0
hsa-miR-10400-5p,0.30476746412928574,1.0,0.0,0.0,0.0,0.0,0.0
hsa-miR-1908-5p,0.09508691010329944,0.8178717235028893,0.3828605228998736,6.534149285294098,6.070239443905502,6.0543532368715205,6.453099966805375
hsa-miR-10396b-5p,1.0,1.0,0.0,0.0,0.0,0.0,0.0
hsa-miR-760,0.15469858346812043,1.0,0.0,0.16553871312007748,0.0,1.0727530019832812,0.0
hsa-miR-3652,0.40003455224373086,1.0,0.0,0.0,0.0,0.0,0.0
hsa-miR-8052,1.0,1.0,0.0,0.0,0.0,0.0,0.0
hsa-miR-6726-5p,0.30020776218200557,1.0,0.0,0.0,0.0,0.0,0.0
hsa-miR-6862-5p,0.5618996333892112,1.0,0.0,0.0,0.0,0.0,0.0
hsa-miR-6781-5p,0.07912441533886018,0.720750852191111,0.0,0.0,0.0,0.0,0.0
hsa-miR-9899,1.0,1.0,0.0,0.0,0.0,0.0,0.0
hsa-miR-1268a,0.5090484923304404,1.0,0.0,0.0,0.0,0.0,0.0
hsa-miR-1268b,0.9176437207993172,1.0,0.0,0.0,0.0,0.0,0.0
hsa-miR-4741,0.10452948950117101,0.8574351322358825,0.0,0.0,0.0,0.0,0.0
hsa-miR-3175,0.5808439989188321,1.0,0.0,0.0,0.0,0.0,0.0
hsa-miR-486-3p,0.8752783246810584,1.0,-0.17367606869937013,8.137501787438108,8.422053258307518,8.381820987916889,8.248377189608147
hsa-miR-6845-5p,0.19890683655034605,1.0,0.0,0.0,0.0,0.0,0.0
hsa-miR-6762-5p,0.40003455224373086,1.0,0.0,0.0,0.0,0.0,0.0
hsa-miR-128-1-5p,0.14976777965733076,1.0,0.0,0.0,0.0,0.0,0.0
hsa-miR-3196,0.45984072490128425,1.0,0.0,0.0,0.0,0.0,0.0
hsa-miR-1237-5p,0.5364905725028721,1.0,0.0,0.0,0.0,0.0,0.0
hsa-miR-7704,0.13441112812467962,0.9580423631083179,0.0,0.0,0.0,0.0,0.0
hsa-miR-4651,1.0,1.0,0.0,0.0,0.0,0.0,0.0
hsa-miR-193b-5p,0.48837596905203917,1.0,0.07230051900784495,4.4357109076152925,4.536545381558394,3.9436968843120757,4.608845900566239
hsa-miR-197-5p,0.3112744787066998,1.0,0.0,2.2543855463537605,0.0,2.1512989072131377,0.0
hsa-miR-363-5p,0.1269943865915589,0.9233404019585167,0.0,0.0,0.0,0.0,0.0
hsa-miR-6766-5p,0.4796093688044928,1.0,0.0,0.0,0.0,0.0,0.0
hsa-miR-12130,1.0,1.0,0.0,0.0,0.0,0.0,0.0
hsa-miR-9901,1.0,1.0,0.0,0.0,0.0,0.0,0.0
hsa-miR-8071,1.0,1.0,0.0,0.0,0.0,0.0,0.0
hsa-miR-505-3p,0.05183991529515899,0.5708897784805793,0.0,0.0,0.0,0.0,0.0
hsa-miR-4433a-5p,0.5808439989188321,1.0,0.0,0.0,0.0,0.0,0.0
hsa-miR-4449,0.17641020377667427,1.0,0.0,0.0,0.0,0.0,0.0
hsa-miR-200c-5p,0.5808439989188321,1.0,0.0,0.0,0.0,0.0,0.0
hsa-miR-1227-3p,1.0,1.0,0.0,0.0,0.0,0.0,0.0
hsa-miR-7847-3p,0.3875816822587718,1.0,0.0,0.0,0.0,0.0,0.0
hsa-miR-376b-5p,0.40003455224373086,1.0,0.0,0.0,0.0,0.0,0.0
hsa-miR-8056,1.0,1.0,0.0,0.0,0.0,0.0,0.0
hsa-miR-223-5p,0.0005879380656655971,0.018388790342746906,-0.615168730891126,8.05685381365807,9.44195601347454,8.893322286990783,8.826787282583414
hsa-miR-4711-3p,1.0,1.0,0.0,0.0,0.0,0.0,0.0
hsa-miR-10401-5p,0.27622632794050495,1.0,0.0,0.0,0.0,0.0,0.0
hsa-miR-124-5p,1.0,1.0,0.0,0.0,0.0,0.0,0.0
hsa-miR-633,1.0,1.0,0.0,0.0,0.0,0.0,0.0
hsa-miR-524-5p,0.40003455224373086,1.0,0.0,0.0,0.0,0.0,0.0
hsa-miR-520d-5p,1.0,1.0,0.0,0.0,0.0,0.0,0.0
hsa-miR-7151-3p,0.05604008679793081,0.5947480179522334,0.0,0.0,0.0,0.0,0.0
hsa-miR-6798-3p,1.0,1.0,0.0,0.0,0.0,0.0,0.0
hsa-miR-7848-3p,1.0,1.0,0.0,0.0,0.0,0.0,0.0
hsa-miR-3682-5p,1.0,1.0,0.0,0.0,0.0,0.0,0.0
hsa-miR-151a-3p,1.0214056633066586e-05,0.0005099718199850101,-0.024169630828637878,7.850026952381127,8.922848823150648,8.862668337101756,8.89867919232201
hsa-miR-585-5p,1.0,1.0,0.0,0.0,0.0,0.0,0.0
hsa-miR-4266,1.0,1.0,0.0,0.0,0.0,0.0,0.0
hsa-miR-4278,1.0,1.0,0.0,0.0,0.0,0.0,0.0
hsa-miR-331-5p,0.483948121590419,1.0,0.0,0.0,0.0,0.0,0.0
hsa-miR-6802-5p,0.637829444110247,1.0,0.0,0.0,0.0,0.0,0.0
hsa-miR-921,1.0,1.0,0.0,0.0,0.0,0.0,0.0
hsa-miR-4473,1.0,1.0,0.0,0.0,0.0,0.0,0.0
hsa-let-7b-3p,0.06583935771975208,0.6573151251118825,1.0817012473181435,0.0,0.0,0.0,1.0817012473181435
hsa-miR-98-3p,0.014497082736927253,0.24149570736450968,0.0,0.0,0.0,0.0,0.0
hsa-let-7a-3p,0.2742611206299008,1.0,0.0,0.0,0.0,0.0,0.0
hsa-let-7f-1-3p,0.7723036693178374,1.0,0.0,0.0,0.0,0.0,0.0
hsa-let-7f-2-3p,0.7340550223817022,1.0,0.0,0.0,0.0,0.0,0.0
hsa-let-7d-3p,0.107486744922684,0.8668220229630994,0.3943555271803101,5.217124102153762,4.386586662604706,4.809823010207296,4.780942189785016
hsa-let-7e-3p,0.496434675663436,1.0,0.0,0.0,0.0,0.0,0.0
hsa-miR-190a-3p,1.0,1.0,0.0,0.0,0.0,0.0,0.0
hsa-miR-8074,1.0,1.0,0.0,0.0,0.0,0.0,0.0
hsa-miR-4477a,0.6325398622931779,1.0,0.0,0.0,0.0,0.0,0.0
hsa-miR-6715b-3p,1.0,1.0,0.0,0.0,0.0,0.0,0.0
hsa-miR-520e-5p,1.0,1.0,0.0,0.0,0.0,0.0,0.0
hsa-miR-4465,1.0,1.0,0.0,0.0,0.0,0.0,0.0
hsa-miR-6794-3p,1.0,1.0,0.0,0.0,0.0,0.0,0.0
hsa-miR-181b-3p,1.0,1.0,0.0,0.0,0.0,0.0,0.0
hsa-miR-181b-2-3p,0.6448738388529616,1.0,0.0,0.0,0.0,0.0,0.0
hsa-miR-222-5p,0.6129243233554293,1.0,0.0,0.0,0.0,0.0,0.0
hsa-miR-4276,1.0,1.0,0.0,0.0,0.0,0.0,0.0
hsa-miR-452-3p,1.0,1.0,0.0,0.0,0.0,0.0,0.0
hsa-miR-1912-5p,1.0,1.0,0.0,0.0,0.0,0.0,0.0
hsa-miR-5696,1.0,1.0,0.0,0.0,0.0,0.0,0.0
hsa-miR-520a-5p,0.40003455224373086,1.0,0.0,0.0,0.0,0.0,0.0
hsa-miR-525-5p,0.4796093688044928,1.0,0.0,0.0,0.0,0.0,0.0
hsa-miR-188-3p,1.0,1.0,0.0,0.0,0.0,0.0,0.0
hsa-miR-3156-3p,1.0,1.0,0.0,0.0,0.0,0.0,0.0
hsa-miR-6763-3p,1.0,1.0,0.0,0.0,0.0,0.0,0.0
hsa-miR-6826-3p,1.0,1.0,0.0,0.0,0.0,0.0,0.0
hsa-miR-4497,0.40003455224373086,1.0,0.0,0.0,0.0,0.0,0.0
hsa-miR-1468-5p,0.9973849799634071,1.0,0.0,0.0,0.0,0.0,0.0
hsa-miR-155-3p,1.0,1.0,0.0,0.0,0.0,0.0,0.0
hsa-miR-337-3p,0.07099518010000049,0.684466351733338,0.0,0.0,0.0,0.0,0.0
hsa-miR-6792-3p,1.0,1.0,0.0,0.0,0.0,0.0,0.0
hsa-miR-6749-3p,0.5239515905810832,1.0,0.0,0.0,0.0,0.0,0.0
hsa-miR-6780a-3p,1.0,1.0,0.0,0.0,0.0,0.0,0.0
hsa-miR-378a-5p,0.2809243997750459,1.0,0.0,0.0,0.0,0.0,0.0
hsa-miR-1200,1.0,1.0,0.0,0.0,0.0,0.0,0.0
hsa-miR-1343-3p,0.27622632794050495,1.0,0.0,0.0,0.0,0.0,0.0
hsa-miR-4444,0.27622632794050495,1.0,0.0,0.0,0.0,0.0,0.0
hsa-miR-6726-3p,0.4881743138811171,1.0,0.0,0.0,0.0,0.0,0.0
hsa-miR-4665-3p,1.0,1.0,0.0,0.0,0.0,0.0,0.0
hsa-miR-1469,0.4905224049490865,1.0,0.0,0.0,0.0,0.0,0.0
hsa-miR-6771-5p,0.63110623009732,1.0,0.0,0.0,0.0,0.0,0.0
hsa-miR-4750-5p,0.19079151248652865,1.0,0.0,0.0,0.0,0.0,0.0
hsa-miR-6727-5p,1.0,1.0,0.0,0.0,0.0,0.0,0.0
hsa-miR-3677-3p,1.0,1.0,0.0,0.0,0.0,0.0,0.0
hsa-miR-518f-5p,1.0,1.0,0.0,0.0,0.0,0.0,0.0
hsa-miR-526a-5p,0.6325398622931779,1.0,0.0,0.0,0.0,0.0,0.0
hsa-miR-519c-5p,0.35700803696953876,1.0,0.0,0.0,0.0,0.0,0.0
hsa-miR-1287-3p,0.27622632794050495,1.0,0.0,0.0,0.0,0.0,0.0
hsa-miR-1229-3p,0.14585553043376973,1.0,0.0,0.0,0.0,0.0,0.0
hsa-miR-6867-3p,1.0,1.0,0.0,0.0,0.0,0.0,0.0
hsa-miR-4279,1.0,1.0,0.0,0.0,0.0,0.0,0.0
hsa-miR-10399-3p,0.28975792696566693,1.0,0.0,0.0,0.0,0.0,0.0
hsa-miR-4684-5p,1.0,1.0,0.0,0.0,0.0,0.0,0.0
hsa-miR-3191-5p,1.0,1.0,0.0,0.0,0.0,0.0,0.0
hsa-miR-3192-3p,1.0,1.0,0.0,0.0,0.0,0.0,0.0
hsa-miR-4314,1.0,1.0,0.0,0.0,0.0,0.0,0.0
hsa-miR-526b-5p,0.7721176336131789,1.0,0.0,0.0,0.0,0.0,0.0
hsa-miR-7158-3p,1.0,1.0,0.0,0.0,0.0,0.0,0.0
hsa-miR-127-5p,0.20331002242268326,1.0,0.0,0.0,0.0,0.0,0.0
hsa-miR-573,1.0,1.0,0.0,0.0,0.0,0.0,0.0
hsa-miR-5585-3p,0.45474882306676556,1.0,0.0,0.0,0.0,0.0,0.0
hsa-miR-192-5p,0.0003359473611161235,0.010973011106714222,0.8662484455713093,3.9765287650701318,4.817055312933199,5.021004452401134,5.6833037585045085
hsa-miR-3136-5p,0.2633080074000145,1.0,0.0,0.0,0.0,0.0,0.0
hsa-miR-943,0.40003455224373086,1.0,0.0,0.0,0.0,0.0,0.0
hsa-miR-3161,1.0,1.0,0.0,0.0,0.0,0.0,0.0
hsa-miR-518a-5p,1.0,1.0,0.0,0.0,0.0,0.0,0.0
hsa-miR-106a-3p,0.27622632794050495,1.0,0.0,0.0,0.0,0.0,0.0
hsa-miR-1273h-3p,0.4549867989480386,1.0,0.0,0.0,0.0,0.0,0.0
hsa-miR-3678-3p,0.2651738320874305,1.0,0.0,0.0,0.0,0.0,0.0
hsa-miR-7156-3p,1.0,1.0,0.0,0.0,0.0,0.0,0.0
hsa-miR-6511b-5p,0.27622632794050495,1.0,0.0,0.0,0.0,0.0,0.0
hsa-miR-192-3p,0.2865044074685514,1.0,0.0,0.0,0.0,0.0,0.0
hsa-miR-12121,1.0,1.0,0.0,0.0,0.0,0.0,0.0
hsa-miR-3972,1.0,1.0,0.0,0.0,0.0,0.0,0.0
hsa-miR-4659a-5p,0.5229116553123399,1.0,0.0,0.0,0.0,0.0,0.0
hsa-miR-3157-3p,0.40003455224373086,1.0,0.0,0.0,0.0,0.0,0.0
hsa-miR-874-3p,0.5196062220873849,1.0,0.0,0.0,0.0,0.0,0.0
hsa-miR-6514-3p,1.0,1.0,0.0,0.0,0.0,0.0,0.0
hsa-let-7i-3p,0.7857047300326866,1.0,0.0,0.0,0.0,0.0,0.0
hsa-miR-1269b,1.0,1.0,0.0,0.0,0.0,0.0,0.0
hsa-miR-1269a,1.0,1.0,0.0,0.0,0.0,0.0,0.0
hsa-miR-8058,1.0,1.0,0.0,0.0,0.0,0.0,0.0
hsa-miR-1270,0.8447441781524698,1.0,0.0,0.0,0.0,1.6312160606142168,0.0
hsa-miR-4309,1.0,1.0,0.0,0.0,0.0,0.0,0.0
hsa-miR-432-3p,1.0,1.0,0.0,0.0,0.0,0.0,0.0
hsa-miR-7150,1.0,1.0,0.0,0.0,0.0,0.0,0.0
hsa-miR-328-3p,0.4662877179626076,1.0,0.0,0.0,0.0,0.0,0.0
hsa-miR-6878-3p,1.0,1.0,0.0,0.0,0.0,0.0,0.0
hsa-miR-4730,1.0,1.0,0.0,0.0,0.0,0.0,0.0
hsa-miR-6770-3p,0.4905224049490865,1.0,0.0,0.0,0.0,0.0,0.0
hsa-miR-4298,1.0,1.0,0.0,0.0,0.0,0.0,0.0
hsa-miR-6788-5p,0.4881743138811171,1.0,0.0,0.0,0.0,0.0,0.0
hsa-miR-30c-2-3p,0.05581535834702646,0.5947480179522334,0.0,0.0,0.0,0.0,0.0
hsa-miR-30c-1-3p,0.001993982834398484,0.05046310403977702,0.7165880930276245,0.0,2.826161617402261,3.728661163887666,3.5427497104298853
hsa-miR-6779-5p,0.012204075873566186,0.2072330819304916,0.0,0.0,0.0,0.0,0.0
hsa-miR-1273h-5p,0.3620686784896002,1.0,0.0,0.0,0.0,0.0,0.0
hsa-miR-30b-3p,0.6067249536330876,1.0,-0.37878683126405743,1.879475353537198,2.9839691868958296,3.1845847212533376,2.605182355631772
hsa-miR-3689a-3p,1.0,1.0,0.0,0.0,0.0,0.0,0.0
hsa-miR-3689b-3p,1.0,1.0,0.0,0.0,0.0,0.0,0.0
hsa-miR-769-3p,0.19652339840303573,1.0,0.0,0.0,0.0,0.0,0.0
hsa-miR-6724-5p,0.6031938029130275,1.0,0.0,0.0,0.0,0.0,0.0
hsa-miR-10400-3p,0.40003455224373086,1.0,0.0,0.0,0.0,0.0,0.0
hsa-miR-4674,0.27622632794050495,1.0,0.0,0.0,0.0,0.0,0.0
hsa-miR-3150a-3p,0.2872032120904876,1.0,0.0,0.0,0.0,0.0,0.0
hsa-miR-6763-5p,0.5247278364360315,1.0,0.0,0.0,0.0,0.0,0.0
hsa-miR-4665-5p,0.1202186533335591,0.891311255137824,0.0,0.0,0.0,0.0,0.0
hsa-miR-7109-5p,0.11493954635794897,0.8668220229630994,0.0,0.0,0.0,0.0,0.0
hsa-miR-6803-5p,1.0,1.0,0.0,0.0,0.0,0.0,0.0
hsa-miR-3170,1.0,1.0,0.0,0.0,0.0,0.0,0.0
hsa-miR-6736-5p,0.30020776218200557,1.0,0.0,0.0,0.0,0.0,0.0
hsa-miR-4507,0.4796093688044928,1.0,0.0,0.0,0.0,0.0,0.0
hsa-miR-150-3p,0.054100060267065826,0.5893666034482816,1.8057592928770871,3.2148612558097294,0.0,0.0,1.8057592928770871
hsa-miR-29b-2-5p,0.8282927819787086,1.0,0.0,0.0,0.0,0.0,0.0
hsa-miR-2054,1.0,1.0,0.0,0.0,0.0,0.0,0.0
hsa-let-7c-3p,0.05063268316873131,0.5623005151902988,0.0,0.0,0.0,0.0,0.0
hsa-let-7a-2-3p,1.0,1.0,0.0,0.0,0.0,0.0,0.0
hsa-let-7g-3p,0.9364971834473449,1.0,0.0,0.0,0.0,0.0,0.0
hsa-miR-675-3p,0.26798234899200224,1.0,0.0,0.0,0.0,0.0,0.0
hsa-miR-676-3p,0.45252315024931344,1.0,0.0,0.0,0.0,0.0,0.0
hsa-miR-210-3p,0.21379527935195414,1.0,0.6214512290728118,5.8279580181529935,5.531480304453919,5.70885706167344,6.152931533526731
hsa-miR-4322,1.0,1.0,0.0,0.0,0.0,0.0,0.0
hsa-miR-4265,1.0,1.0,0.0,0.0,0.0,0.0,0.0
hsa-miR-744-3p,0.40003455224373086,1.0,0.0,0.0,0.0,0.0,0.0
hsa-miR-7702,1.0,1.0,0.0,0.0,0.0,0.0,0.0
hsa-miR-8061,1.0,1.0,0.0,0.0,0.0,0.0,0.0
hsa-miR-374b-3p,0.002900177158371323,0.06852101502723773,2.191666979981566,0.0,0.0,2.107798399110115,2.191666979981566
hsa-miR-6083,1.0,1.0,0.0,0.0,0.0,0.0,0.0
hsa-miR-374a-3p,0.01059207924956736,0.18964865703987274,2.052016716927172,0.0,0.0,2.7657973744638316,2.052016716927172
hsa-miR-491-3p,0.40003455224373086,1.0,0.0,0.0,0.0,0.0,0.0
hsa-miR-3180-5p,1.0,1.0,0.0,0.0,0.0,0.0,0.0
hsa-miR-3679-3p,1.0,1.0,0.0,0.0,0.0,0.0,0.0
hsa-miR-718,1.0,1.0,0.0,0.0,0.0,0.0,0.0
hsa-miR-4664-3p,0.4796093688044928,1.0,0.0,0.0,0.0,0.0,0.0
hsa-miR-1238-3p,0.27622632794050495,1.0,0.0,0.0,0.0,0.0,0.0
hsa-miR-6809-3p,1.0,1.0,0.0,0.0,0.0,0.0,0.0
hsa-miR-4762-3p,0.397409050000436,1.0,0.0,0.0,0.0,0.0,0.0
hsa-miR-6738-3p,1.0,1.0,0.0,0.0,0.0,0.0,0.0
hsa-miR-578,1.0,1.0,0.0,0.0,0.0,0.0,0.0
hsa-miR-8081,1.0,1.0,0.0,0.0,0.0,0.0,0.0
hsa-miR-4776-3p,1.0,1.0,0.0,0.0,0.0,0.0,0.0
hsa-miR-5004-3p,1.0,1.0,0.0,0.0,0.0,0.0,0.0
hsa-miR-12133,1.0,1.0,0.0,0.0,0.0,0.0,0.0
hsa-miR-1271-5p,0.0013047471841894692,0.0361483640924914,0.0,0.0,0.0,0.0,0.0
hsa-miR-887-5p,1.0,1.0,0.0,0.0,0.0,0.0,0.0
hsa-miR-4260,1.0,1.0,0.0,0.0,0.0,0.0,0.0
hsa-miR-659-3p,0.4881743138811171,1.0,0.0,0.0,0.0,0.0,0.0
hsa-miR-30d-3p,0.5225707914344737,1.0,1.5003116479690073,0.0,0.0,0.0,1.5003116479690073
hsa-miR-30e-3p,1.0384037520897403e-09,2.733078675500197e-07,-0.307017747172754,6.78633304753123,8.668061107648267,8.717041448111846,8.361043360475513
hsa-miR-30a-3p,0.0016235909836887137,0.04316456029362318,-0.20444701852176816,5.8983709139383365,6.861154745849849,6.671666119990959,6.656707727328081
hsa-miR-8055,1.0,1.0,0.0,0.0,0.0,0.0,0.0
hsa-miR-6885-3p,0.27622632794050495,1.0,0.0,0.0,0.0,0.0,0.0
hsa-miR-129-5p,0.9005062657221901,1.0,0.5880146218653447,0.0,0.0,0.0,0.5880146218653447
hsa-miR-12136,0.4064331736975054,1.0,0.0,0.0,0.0,0.0,0.0
hsa-miR-548ad-3p,1.0,1.0,0.0,0.0,0.0,0.0,0.0
hsa-miR-4668-3p,1.0,1.0,0.0,0.0,0.0,0.0,0.0
hsa-miR-3662,1.0,1.0,0.0,0.0,0.0,0.0,0.0
hsa-miR-4311,1.0,1.0,0.0,0.0,0.0,0.0,0.0
hsa-miR-518a-3p,0.4881743138811171,1.0,0.0,0.0,0.0,0.0,0.0
hsa-miR-526a-3p,1.0,1.0,0.0,0.0,0.0,0.0,0.0
hsa-miR-518f-3p,0.2842771299737338,1.0,0.0,0.0,0.0,0.0,0.0
hsa-miR-548aq-5p,0.0844057930569743,0.7480001593466543,0.0,0.0,0.0,0.0,0.0
hsa-miR-8054,1.0,1.0,0.0,0.0,0.0,0.0,0.0
hsa-miR-526b-3p,1.0,1.0,0.0,0.0,0.0,0.0,0.0
hsa-miR-551b-5p,0.18563947169073558,1.0,0.0,0.0,0.0,0.0,0.0
hsa-miR-614,1.0,1.0,0.0,0.0,0.0,0.0,0.0
hsa-miR-523-3p,1.0,1.0,0.0,0.0,0.0,0.0,0.0
hsa-miR-337-5p,0.006301139842324178,0.12376567212684504,0.0,0.0,0.0,0.0,0.0
hsa-miR-6750-3p,0.40003455224373086,1.0,0.0,0.0,0.0,0.0,0.0
hsa-miR-4511,0.517958161195611,1.0,0.0,0.0,0.0,0.0,0.0
hsa-miR-6507-5p,0.40003455224373086,1.0,0.0,0.0,0.0,0.0,0.0
hsa-miR-8087,1.0,1.0,0.0,0.0,0.0,0.0,0.0
hsa-miR-4426,0.40003455224373086,1.0,0.0,0.0,0.0,0.0,0.0
hsa-miR-4647,1.0,1.0,0.0,0.0,0.0,0.0,0.0
hsa-miR-6796-3p,0.40003455224373086,1.0,0.0,0.0,0.0,0.0,0.0
hsa-miR-8080,1.0,1.0,0.0,0.0,0.0,0.0,0.0
hsa-miR-6816-3p,1.0,1.0,0.0,0.0,0.0,0.0,0.0
hsa-miR-3714,1.0,1.0,0.0,0.0,0.0,0.0,0.0
hsa-miR-525-3p,1.0,1.0,0.0,0.0,0.0,0.0,0.0
hsa-miR-524-3p,1.0,1.0,0.0,0.0,0.0,0.0,0.0
hsa-miR-373-3p,0.6190102376695459,1.0,0.0,0.0,0.0,0.0,0.0
hsa-miR-12117,1.0,1.0,0.0,0.0,0.0,0.0,0.0
hsa-miR-595,1.0,1.0,0.0,0.0,0.0,0.0,0.0
hsa-miR-495-5p,1.0,1.0,0.0,0.0,0.0,0.0,0.0
hsa-miR-382-5p,0.4766089846057614,1.0,-0.9465266369693062,7.881354886915708,8.378506265372664,7.7651162028205984,7.431979628403358
hsa-miR-6082,1.0,1.0,0.0,0.0,0.0,0.0,0.0
hsa-miR-8084,1.0,1.0,0.0,0.0,0.0,0.0,0.0
hsa-miR-5583-3p,0.397248021309349,1.0,0.0,0.0,0.0,0.0,0.0
hsa-miR-3610,1.0,1.0,0.0,0.0,0.0,0.0,0.0
hsa-miR-409-3p,0.000273162591131496,0.009460051840238124,0.12131097995837514,2.681220957773073,5.4946037531125675,5.209785802992221,5.615914733070943
hsa-miR-10523-5p,1.0,1.0,0.0,0.0,0.0,0.0,0.0
hsa-miR-7849-3p,0.27622632794050495,1.0,0.0,0.0,0.0,0.0,0.0
hsa-miR-4643,1.0,1.0,0.0,0.0,0.0,0.0,0.0
hsa-miR-602,1.0,1.0,0.0,0.0,0.0,0.0,0.0
hsa-miR-4704-5p,1.0,1.0,0.0,0.0,0.0,0.0,0.0
hsa-miR-4797-5p,0.40003455224373086,1.0,0.0,0.0,0.0,0.0,0.0
hsa-miR-4262,1.0,1.0,0.0,0.0,0.0,0.0,0.0
hsa-miR-4523,0.40003455224373086,1.0,0.0,0.0,0.0,0.0,0.0
hsa-miR-619-3p,1.0,1.0,0.0,0.0,0.0,0.0,0.0
hsa-miR-625-3p,0.16228969427662338,1.0,0.0,0.0,0.0,0.0,0.0
hsa-miR-3680-5p,1.0,1.0,0.0,0.0,0.0,0.0,0.0
hsa-miR-888-3p,1.0,1.0,0.0,0.0,0.0,0.0,0.0
hsa-miR-3654,1.0,1.0,0.0,0.0,0.0,0.0,0.0
hsa-miR-12126,1.0,1.0,0.0,0.0,0.0,0.0,0.0
hsa-miR-5680,1.0,1.0,0.0,0.0,0.0,0.0,0.0
hsa-miR-4524b-3p,1.0,1.0,0.0,0.0,0.0,0.0,0.0
hsa-miR-4463,1.0,1.0,0.0,0.0,0.0,0.0,0.0
hsa-miR-6529-5p,1.0,1.0,0.0,0.0,0.0,0.0,0.0
hsa-miR-2278,0.40875183090340417,1.0,0.7832354377908204,0.0,0.0,0.0,0.7832354377908204
hsa-miR-6859-5p,0.37483609869142387,1.0,0.0,0.0,0.0,0.0,0.0
hsa-miR-3908,1.0,1.0,0.0,0.0,0.0,0.0,0.0
hsa-miR-4690-5p,1.0,1.0,0.0,0.0,0.0,0.0,0.0
hsa-miR-4676-5p,0.005920886637137341,0.11805889112837487,0.0,0.0,0.0,0.0,0.0
hsa-miR-575,1.0,1.0,0.0,0.0,0.0,0.0,0.0
hsa-miR-6769a-3p,1.0,1.0,0.0,0.0,0.0,0.0,0.0
hsa-miR-590-5p,0.5111931582824345,1.0,0.0,0.0,0.0,0.0,0.0
hsa-miR-4538,1.0,1.0,0.0,0.0,0.0,0.0,0.0
hsa-miR-4453,1.0,1.0,0.0,0.0,0.0,0.0,0.0
hsa-miR-208a-5p,1.0,1.0,0.0,0.0,0.0,0.0,0.0
hsa-miR-4496,1.0,1.0,0.0,0.0,0.0,0.0,0.0
hsa-miR-12124,1.0,1.0,0.0,0.0,0.0,0.0,0.0
hsa-miR-1910-3p,0.07622454327553173,0.7114290705716295,0.0,0.0,0.0,0.0,0.0
hsa-miR-4478,0.27622632794050495,1.0,0.0,0.0,0.0,0.0,0.0
hsa-miR-3929,1.0,1.0,0.0,0.0,0.0,0.0,0.0
hsa-miR-7843-5p,1.0,1.0,0.0,0.0,0.0,0.0,0.0
hsa-miR-4632-5p,0.14152365933796826,0.9828239350330672,0.0,0.0,0.0,0.0,0.0
hsa-miR-4761-3p,1.0,1.0,0.0,0.0,0.0,0.0,0.0
hsa-miR-3141,0.4881743138811171,1.0,0.0,0.0,0.0,0.0,0.0
hsa-miR-1182,1.0,1.0,0.0,0.0,0.0,0.0,0.0
hsa-miR-296-3p,0.588896073384441,1.0,0.0,0.0,0.0,0.0,0.0
hsa-miR-4748,0.8548278391641803,1.0,0.0,0.0,0.0,0.0,0.0
hsa-miR-329-5p,0.11674264700923308,0.8779047055094327,0.0,0.0,0.0,0.0,0.0
hsa-miR-515-3p,0.4352300863236118,1.0,0.0,0.0,0.0,0.0,0.0
hsa-miR-6849-5p,0.7752447099520104,1.0,0.0,0.0,0.0,0.0,0.0
hsa-miR-1296-3p,1.0,1.0,0.0,0.0,0.0,0.0,0.0
hsa-miR-4280,1.0,1.0,0.0,0.0,0.0,0.0,0.0
hsa-miR-3168,1.0,1.0,0.0,0.0,0.0,0.0,0.0
hsa-miR-3074-3p,0.27622632794050495,1.0,0.0,0.0,0.0,0.0,0.0
hsa-miR-6074,1.0,1.0,0.0,0.0,0.0,0.0,0.0
hsa-miR-7151-5p,1.0,1.0,0.0,0.0,0.0,0.0,0.0
hsa-miR-6866-3p,0.40003455224373086,1.0,0.0,0.0,0.0,0.0,0.0
hsa-miR-1285-5p,0.27622632794050495,1.0,0.0,0.0,0.0,0.0,0.0
hsa-miR-556-5p,0.008622681147851618,0.15870557189612208,1.8688418974199292,0.0,0.0,0.0,1.8688418974199292
hsa-miR-1272,1.0,1.0,0.0,0.0,0.0,0.0,0.0
hsa-miR-1322,1.0,1.0,0.0,0.0,0.0,0.0,0.0
hsa-miR-4787-3p,0.4881743138811171,1.0,0.0,0.0,0.0,0.0,0.0
hsa-miR-758-5p,0.7381168171610721,1.0,0.0,0.0,0.0,0.0,0.0
hsa-miR-12129,1.0,1.0,0.0,0.0,0.0,0.0,0.0
hsa-miR-205-3p,0.6723501384956343,1.0,0.0,0.0,0.0,0.0,0.0
hsa-miR-330-3p,0.26566801869520656,1.0,0.0,0.0,0.0,0.0,0.0
hsa-miR-500b-3p,1.0,1.0,0.0,0.0,0.0,0.0,0.0
hsa-miR-3919,1.0,1.0,0.0,0.0,0.0,0.0,0.0
hsa-miR-759,1.0,1.0,0.0,0.0,0.0,0.0,0.0
hsa-miR-1288-5p,1.0,1.0,0.0,0.0,0.0,0.0,0.0
hsa-miR-922,1.0,1.0,0.0,0.0,0.0,0.0,0.0
hsa-miR-761,1.0,1.0,0.0,0.0,0.0,0.0,0.0
hsa-miR-4310,1.0,1.0,0.0,0.0,0.0,0.0,0.0
hsa-miR-4690-3p,1.0,1.0,0.0,0.0,0.0,0.0,0.0
hsa-miR-873-5p,0.6367397385318578,1.0,0.0,0.0,0.0,0.0,0.0
hsa-miR-4436a,0.4796093688044928,1.0,0.0,0.0,0.0,0.0,0.0
hsa-miR-4269,1.0,1.0,0.0,0.0,0.0,0.0,0.0
hsa-miR-211-3p,0.00017318021160626316,0.006511575956395495,0.0,0.0,0.0,0.0,0.0
hsa-miR-764,1.0,1.0,0.0,0.0,0.0,0.0,0.0
hsa-miR-3129-5p,0.5348563118651122,1.0,0.0,0.0,0.0,0.0,0.0
hsa-miR-455-3p,0.008569425333878404,0.15870557189612208,0.0,0.0,0.0,0.0,0.0
hsa-miR-5693,1.0,1.0,0.0,0.0,0.0,0.0,0.0
hsa-miR-4277,1.0,1.0,0.0,0.0,0.0,0.0,0.0
hsa-miR-4289,0.5808439989188321,1.0,0.0,0.0,0.0,0.0,0.0
hsa-miR-186-3p,1.0,1.0,0.0,0.0,0.0,0.0,0.0
hsa-miR-6840-3p,1.0,1.0,0.0,0.0,0.0,0.0,0.0
hsa-miR-4707-5p,1.0,1.0,0.0,0.0,0.0,0.0,0.0
hsa-miR-5587-3p,0.27622632794050495,1.0,0.0,0.0,0.0,0.0,0.0
hsa-miR-331-3p,0.2038118246504763,1.0,0.0,0.0,0.0,0.0,0.0
hsa-miR-4740-3p,1.0,1.0,0.0,0.0,0.0,0.0,0.0
hsa-miR-1471,0.27622632794050495,1.0,0.0,0.0,0.0,0.0,0.0
hsa-miR-10398-3p,0.0727714180404542,0.6896930295270436,0.0,0.0,0.0,0.0,0.0
hsa-miR-1470,1.0,1.0,0.0,0.0,0.0,0.0,0.0
hsa-miR-2276-5p,1.0,1.0,0.0,0.0,0.0,0.0,0.0
hsa-miR-345-3p,0.6325398622931779,1.0,0.0,0.0,0.0,0.0,0.0
hsa-miR-4732-3p,0.26200835342895745,1.0,2.341800500376264,0.0,0.0,0.0,2.341800500376264
hsa-miR-146b-3p,0.4796093688044928,1.0,0.0,0.0,0.0,0.0,0.0
hsa-miR-4442,1.0,1.0,0.0,0.0,0.0,0.0,0.0
hsa-miR-6784-5p,1.0,1.0,0.0,0.0,0.0,0.0,0.0
hsa-miR-3927-5p,1.0,1.0,0.0,0.0,0.0,0.0,0.0
hsa-miR-3183,0.6770629846672224,1.0,0.0,0.0,0.0,0.0,0.0
hsa-miR-370-3p,0.11493954635794897,0.8668220229630994,0.0,0.0,0.0,0.0,0.0
hsa-miR-4254,1.0,1.0,0.0,0.0,0.0,0.0,0.0
hsa-miR-320a-5p,1.0,1.0,0.0,0.0,0.0,0.0,0.0
hsa-miR-551a,0.5027998182898197,1.0,0.0,0.0,0.0,0.0,0.0
hsa-miR-551b-3p,1.0,1.0,0.0,0.0,0.0,0.0,0.0
hsa-miR-375-5p,1.0,1.0,0.0,0.0,0.0,0.0,0.0
hsa-miR-4431,1.0,1.0,0.0,0.0,0.0,0.0,0.0
hsa-miR-611,1.0,1.0,0.0,0.0,0.0,0.0,0.0
hsa-miR-6825-3p,1.0,1.0,0.0,0.0,0.0,0.0,0.0
hsa-miR-10392-5p,1.0,1.0,0.0,0.0,0.0,0.0,0.0
hsa-miR-6125,1.0,1.0,0.0,0.0,0.0,0.0,0.0
hsa-miR-5739,1.0,1.0,0.0,0.0,0.0,0.0,0.0
hsa-miR-4285,1.0,1.0,0.0,0.0,0.0,0.0,0.0
hsa-miR-4508,0.00030185029886113776,0.01031779203379889,0.06610996283121562,5.828099094302022,4.580057324576627,4.399358931115963,4.646167287407843
hsa-miR-4787-5p,1.0,1.0,0.0,0.0,0.0,0.0,0.0
hsa-miR-598-5p,1.0,1.0,0.0,0.0,0.0,0.0,0.0
hsa-miR-6786-5p,1.0,1.0,0.0,0.0,0.0,0.0,0.0
hsa-miR-4521,0.10850722599490496,0.8668220229630994,0.0,0.0,0.0,0.0,0.0
hsa-miR-138-1-3p,0.40003455224373086,1.0,0.0,0.0,0.0,0.0,0.0
hsa-miR-554,1.0,1.0,0.0,0.0,0.0,0.0,0.0
hsa-miR-138-2-3p,0.11493954635794897,0.8668220229630994,0.0,0.0,0.0,0.0,0.0
hsa-miR-4518,1.0,1.0,0.0,0.0,0.0,0.0,0.0
hsa-miR-6870-3p,1.0,1.0,0.0,0.0,0.0,0.0,0.0
hsa-miR-4469,1.0,1.0,0.0,0.0,0.0,0.0,0.0
hsa-miR-3917,1.0,1.0,0.0,0.0,0.0,0.0,0.0
hsa-miR-301b-5p,1.0,1.0,0.0,0.0,0.0,0.0,0.0
hsa-miR-301a-5p,1.0,1.0,0.0,0.0,0.0,0.0,0.0
hsa-miR-130a-5p,0.7360989078864115,1.0,0.0,0.0,0.0,0.0,0.0
hsa-miR-4539,1.0,1.0,0.0,0.0,0.0,0.0,0.0
hsa-miR-4526,0.4796093688044928,1.0,0.0,0.0,0.0,0.0,0.0
hsa-miR-345-5p,0.25753960095276257,1.0,0.42505031182946595,3.6806837610001057,4.386586662604706,4.248251203436531,4.811636974434172
hsa-miR-4502,1.0,1.0,0.0,0.0,0.0,0.0,0.0
hsa-miR-3130-3p,0.6325398622931779,1.0,0.0,0.0,0.0,0.0,0.0
hsa-miR-191-3p,0.06825472521951899,0.6719399168458883,-0.3324362123824103,0.0,2.882867623832127,3.1940183487354346,2.5504314114497166
hsa-miR-4734,1.0,1.0,0.0,0.0,0.0,0.0,0.0
hsa-miR-204-3p,0.02063783710256171,0.31952227796436716,1.0218146919577806,0.0,0.0,0.0,1.0218146919577806
hsa-miR-619-5p,0.25004222262876213,1.0,0.0,0.0,0.0,0.0,0.0
hsa-miR-612,1.0,1.0,0.0,0.0,0.0,0.0,0.0
hsa-miR-4486,1.0,1.0,0.0,0.0,0.0,0.0,0.0
hsa-miR-3663-5p,1.0,1.0,0.0,0.0,0.0,0.0,0.0
hsa-miR-4299,1.0,1.0,0.0,0.0,0.0,0.0,0.0
hsa-miR-548q,0.7577521620307958,1.0,0.0,0.0,0.0,0.0,0.0
hsa-miR-29b-1-5p,0.8872499538449402,1.0,0.0,0.0,0.0,0.0,0.0
hsa-miR-3182,1.0,1.0,0.0,0.0,0.0,0.0,0.0
hsa-miR-3655,1.0,1.0,0.0,0.0,0.0,0.0,0.0
hsa-miR-1180-5p,0.40003455224373086,1.0,0.0,0.0,0.0,0.0,0.0
hsa-miR-539-5p,1.0,1.0,0.0,0.0,0.0,0.0,0.0
hsa-miR-873-3p,0.4796093688044928,1.0,0.0,0.0,0.0,0.0,0.0
hsa-miR-3928-3p,0.8921346990051842,1.0,0.0,0.0,0.0,0.0,0.0
hsa-miR-6089,0.3231204089744697,1.0,0.0,0.0,0.0,0.0,0.0
hsa-miR-3197,1.0,1.0,0.0,0.0,0.0,0.0,0.0
hsa-miR-1914-3p,0.5473597103409389,1.0,0.0,0.0,0.0,0.0,0.0
hsa-miR-6086,1.0,1.0,0.0,0.0,0.0,0.0,0.0
hsa-miR-4481,1.0,1.0,0.0,0.0,0.0,0.0,0.0
hsa-miR-144-5p,0.04786116261244795,0.552502543841943,0.0,0.0,0.0,0.0,0.0
hsa-miR-4454,0.35821026129719374,1.0,0.0,0.0,0.0,0.0,0.0
hsa-miR-4534,1.0,1.0,0.0,0.0,0.0,0.0,0.0
hsa-miR-8069,1.0,1.0,0.0,0.0,0.0,0.0,0.0
hsa-miR-145-3p,0.002295775049774622,0.05647177505613836,0.0,0.0,0.0,0.0,0.0
hsa-miR-4722-5p,0.16128880017797526,1.0,0.0,0.0,0.0,0.0,0.0
hsa-miR-657,1.0,1.0,0.0,0.0,0.0,0.0,0.0
hsa-miR-4252,1.0,1.0,0.0,0.0,0.0,0.0,0.0
hsa-miR-3194-5p,0.42045261615487317,1.0,0.0,0.0,0.0,0.0,0.0
hsa-miR-10396b-3p,1.0,1.0,0.0,0.0,0.0,0.0,0.0
hsa-miR-10396a-3p,1.0,1.0,0.0,0.0,0.0,0.0,0.0
hsa-miR-4312,1.0,1.0,0.0,0.0,0.0,0.0,0.0
hsa-miR-1273c,0.40003455224373086,1.0,0.0,0.0,0.0,0.0,0.0
hsa-miR-4783-5p,1.0,1.0,0.0,0.0,0.0,0.0,0.0
hsa-miR-658,1.0,1.0,0.0,0.0,0.0,0.0,0.0
hsa-miR-3960,5.619017454429905e-05,0.002275269836932232,-0.35949926308265034,6.3760720451897726,5.306169062806898,4.909645579394928,4.946669799724248
hsa-miR-8072,1.0,1.0,0.0,0.0,0.0,0.0,0.0
hsa-miR-10396a-5p,1.0,1.0,0.0,0.0,0.0,0.0,0.0
hsa-miR-187-5p,0.4881743138811171,1.0,0.0,0.0,0.0,0.0,0.0
hsa-miR-621,1.0,1.0,0.0,0.0,0.0,0.0,0.0
hsa-miR-7158-5p,1.0,1.0,0.0,0.0,0.0,0.0,0.0
hsa-miR-6847-3p,1.0,1.0,0.0,0.0,0.0,0.0,0.0
hsa-miR-4268,1.0,1.0,0.0,0.0,0.0,0.0,0.0
hsa-miR-4448,0.9591959925968541,1.0,0.0,0.0,0.0,0.0,0.0
hsa-miR-8077,1.0,1.0,0.0,0.0,0.0,0.0,0.0
hsa-miR-3135b,0.030096017004767925,0.40589337580027357,0.24084830418749714,7.047660519418111,6.196822879470758,6.015427764464212,6.437671183658255
hsa-miR-5589-5p,0.10654101514481772,0.8654813329048155,0.0,0.0,0.0,0.0,0.0
hsa-miR-6131,1.0,1.0,0.0,0.0,0.0,0.0,0.0
hsa-miR-103a-1-5p,1.0,1.0,0.0,0.0,0.0,0.0,0.0
hsa-miR-4327,1.0,1.0,0.0,0.0,0.0,0.0,0.0
hsa-miR-3160-5p,1.0,1.0,0.0,0.0,0.0,0.0,0.0
hsa-miR-6124,0.63110623009732,1.0,0.0,0.0,0.0,0.0,0.0
hsa-miR-6077,1.0,1.0,0.0,0.0,0.0,0.0,0.0
hsa-miR-3619-3p,1.0,1.0,0.0,0.0,0.0,0.0,0.0
hsa-miR-711,1.0,1.0,0.0,0.0,0.0,0.0,0.0
hsa-miR-6503-3p,0.27136541810964293,1.0,0.0,0.0,0.0,0.0,0.0
hsa-miR-4516,0.40723698500085437,1.0,-0.8014169605402848,2.6050419909053755,3.720784914357192,2.812289216408838,2.919367953816907
hsa-miR-505-5p,0.03503964237332393,0.45182022012507356,-0.36378951353289857,6.5897872058646145,7.113859140268584,7.004099066067169,6.7500696267356854
hsa-miR-3689d,1.0,1.0,0.0,0.0,0.0,0.0,0.0
hsa-miR-4294,1.0,1.0,0.0,0.0,0.0,0.0,0.0
hsa-miR-504-3p,0.8623216800888235,1.0,0.0,0.0,0.0,0.0,0.0
hsa-miR-3201,1.0,1.0,0.0,0.0,0.0,0.0,0.0
hsa-miR-1193,1.0,1.0,0.0,0.0,0.0,0.0,0.0
hsa-miR-4320,1.0,1.0,0.0,0.0,0.0,0.0,0.0
hsa-miR-6744-3p,1.0,1.0,0.0,0.0,0.0,0.0,0.0
hsa-miR-6069,1.0,1.0,0.0,0.0,0.0,0.0,0.0
hsa-miR-4284,1.0,1.0,0.0,0.0,0.0,0.0,0.0
hsa-miR-5787,1.0,1.0,0.0,0.0,0.0,0.0,0.0
hsa-miR-3153,1.0,1.0,0.0,0.0,0.0,0.0,0.0
hsa-miR-8059,1.0,1.0,0.0,0.0,0.0,0.0,0.0
hsa-miR-6090,1.0,1.0,0.0,0.0,0.0,0.0,0.0
hsa-miR-920,1.0,1.0,0.0,0.0,0.0,0.0,0.0
hsa-miR-6799-5p,0.7360989078864115,1.0,0.0,0.0,0.0,0.0,0.0
hsa-miR-2861,1.0,1.0,0.0,0.0,0.0,0.0,0.0
hsa-miR-3178,1.0,1.0,0.0,0.0,0.0,0.0,0.0
hsa-miR-4492,0.691172207785465,1.0,0.0,0.0,0.0,0.0,0.0
hsa-miR-762,0.04177302014237389,0.4997572227942185,0.0,0.0,0.0,0.0,0.0
hsa-miR-4675,1.0,1.0,0.0,0.0,0.0,0.0,0.0
hsa-miR-4271,1.0,1.0,0.0,0.0,0.0,0.0,0.0
hsa-miR-128-2-5p,1.0,1.0,0.0,0.0,0.0,0.0,0.0
hsa-miR-4525,0.8875706563269814,1.0,0.0,0.0,0.0,0.0,0.0
hsa-miR-328-5p,1.0,1.0,0.0,0.0,0.0,0.0,0.0
hsa-miR-6752-5p,1.0,1.0,0.0,0.0,0.0,0.0,0.0
hsa-miR-615-5p,1.0,1.0,0.0,0.0,0.0,0.0,0.0
hsa-miR-503-3p,1.0,1.0,0.0,0.0,0.0,0.0,0.0
hsa-miR-4483,1.0,1.0,0.0,0.0,0.0,0.0,0.0
hsa-miR-23a-5p,0.24663525306660844,1.0,0.0,0.0,0.0,0.0,0.0
hsa-miR-4281,0.40003455224373086,1.0,0.0,0.0,0.0,0.0,0.0
hsa-miR-4710,0.5527071544299127,1.0,0.0,0.0,0.0,0.0,0.0
hsa-miR-4466,0.14938027549119604,1.0,0.0,0.0,0.0,0.0,0.0
hsa-miR-92a-2-5p,0.5364905725028721,1.0,0.0,0.0,0.0,0.0,0.0
hsa-miR-5087,1.0,1.0,0.0,0.0,0.0,0.0,0.0
hsa-miR-376a-2-5p,0.8492758978306308,1.0,0.0,0.0,0.0,0.0,0.0
hsa-miR-6073,1.0,1.0,0.0,0.0,0.0,0.0,0.0
hsa-miR-3713,1.0,1.0,0.0,0.0,0.0,0.0,0.0
hsa-miR-198,1.0,1.0,0.0,0.0,0.0,0.0,0.0
hsa-miR-489-5p,1.0,1.0,0.0,0.0,0.0,0.0,0.0
hsa-miR-8078,1.0,1.0,0.0,0.0,0.0,0.0,0.0
hsa-miR-4316,1.0,1.0,0.0,0.0,0.0,0.0,0.0
hsa-miR-143-5p,1.0,1.0,0.0,0.0,0.0,0.0,0.0
hsa-miR-376c-5p,1.0,1.0,0.0,0.0,0.0,0.0,0.0
hsa-miR-663b,1.0,1.0,0.0,0.0,0.0,0.0,0.0
hsa-miR-4769-5p,0.40003455224373086,1.0,0.0,0.0,0.0,0.0,0.0
hsa-miR-3151-5p,0.6325398622931779,1.0,0.0,0.0,0.0,0.0,0.0
hsa-miR-4447,1.0,1.0,0.0,0.0,0.0,0.0,0.0
hsa-miR-4472,0.40003455224373086,1.0,0.0,0.0,0.0,0.0,0.0
hsa-miR-642b-5p,1.0,1.0,0.0,0.0,0.0,0.0,0.0
hsa-miR-2116-5p,0.8107021858428775,1.0,0.0,0.0,0.0,0.0,0.0
hsa-miR-3147,1.0,1.0,0.0,0.0,0.0,0.0,0.0
hsa-miR-6792-5p,1.0,1.0,0.0,0.0,0.0,0.0,0.0
hsa-miR-6892-5p,0.8952804684668473,1.0,0.0,0.0,0.0,0.0,0.0
hsa-miR-4724-3p,1.0,1.0,0.0,0.0,0.0,0.0,0.0
hsa-miR-877-5p,0.0037403548228123703,0.08414199909095862,0.043181181216977116,6.63608543531533,5.973712212126582,6.112991712772506,6.016893393343559
hsa-miR-376a-5p,0.2643773438629809,1.0,0.0,0.0,0.0,0.0,0.0
hsa-miR-5682,1.0,1.0,0.0,0.0,0.0,0.0,0.0
hsa-miR-6824-5p,0.4905224049490865,1.0,0.0,0.0,0.0,0.0,0.0
hsa-miR-6789-5p,0.4796093688044928,1.0,0.0,0.0,0.0,0.0,0.0
hsa-miR-6800-5p,0.44916955456761654,1.0,0.0,0.0,0.0,0.0,0.0
hsa-miR-4789-5p,1.0,1.0,0.0,0.0,0.0,0.0,0.0
hsa-miR-4420,1.0,1.0,0.0,0.0,0.0,0.0,0.0
hsa-miR-485-3p,0.22797170776686992,1.0,0.0,0.0,0.0,0.0,0.0
hsa-miR-4436b-5p,1.0,1.0,0.0,0.0,0.0,0.0,0.0
hsa-miR-145-5p,0.00013604383638785085,0.005344289214519753,1.6844597042205502,0.0,0.0,2.6882913892806264,1.6844597042205502
hsa-miR-642a-5p,0.1327762286019337,0.9525315337821538,0.0,0.0,0.0,0.0,0.0
hsa-miR-670-5p,1.0,1.0,0.0,0.0,0.0,0.0,0.0
hsa-miR-572,1.0,1.0,0.0,0.0,0.0,0.0,0.0
hsa-miR-5571-3p,1.0,1.0,0.0,0.0,0.0,0.0,0.0
hsa-miR-4691-5p,1.0,1.0,0.0,0.0,0.0,0.0,0.0
hsa-miR-11181-5p,1.0,1.0,0.0,0.0,0.0,0.0,0.0
hsa-miR-203a-3p,0.4054593761353861,1.0,0.0,0.0,0.0,0.0,0.0
hsa-miR-887-3p,0.16509879642013336,1.0,0.0,0.0,0.0,0.0,0.0
hsa-miR-6126,0.4796093688044928,1.0,0.0,0.0,0.0,0.0,0.0
hsa-miR-183-3p,0.0511030079268505,0.5651391464851703,-0.40639127317850043,0.0,2.428571710425266,3.0944921585680927,2.0221804372467655
hsa-miR-489-3p,0.005713567016197295,0.11567775682024062,0.0,0.0,0.0,0.0,0.0
hsa-miR-4439,1.0,1.0,0.0,0.0,0.0,0.0,0.0
hsa-miR-6864-3p,1.0,1.0,0.0,0.0,0.0,0.0,0.0
hsa-miR-6807-5p,0.23972874529322707,1.0,0.0,0.0,0.0,0.0,0.0
hsa-miR-1224-5p,0.4246388268180161,1.0,1.4168741795247872,3.331664490405644,0.0,3.1845847212533376,1.4168741795247872
hsa-miR-6858-5p,0.2915562981783159,1.0,0.0,0.0,0.0,0.0,0.0
hsa-miR-6765-5p,0.4881743138811171,1.0,0.0,0.0,0.0,0.0,0.0
hsa-miR-6834-5p,0.4796093688044928,1.0,0.0,0.0,0.0,0.0,0.0
hsa-miR-1226-5p,1.0,1.0,0.0,0.0,0.0,0.0,0.0
hsa-miR-6869-5p,0.9250357762759549,1.0,0.0,0.0,0.0,0.0,0.0
hsa-miR-937-5p,1.0,1.0,0.0,0.0,0.0,0.0,0.0
hsa-miR-627-5p,0.6686171610097478,1.0,-0.3225343949725783,4.107848401827786,4.018734350671635,3.738527376804203,3.696199955699057
hsa-miR-1238-5p,1.0,1.0,0.0,0.0,0.0,0.0,0.0
hsa-miR-4758-5p,0.4796093688044928,1.0,0.0,0.0,0.0,0.0,0.0
hsa-miR-4658,0.8482423144258923,1.0,0.0,0.0,0.0,0.0,0.0
hsa-miR-6790-5p,0.27622632794050495,1.0,0.0,0.0,0.0,0.0,0.0
hsa-miR-10395-5p,1.0,1.0,0.0,0.0,0.0,0.0,0.0
hsa-miR-548aw,0.5364905725028721,1.0,0.0,0.0,0.0,0.0,0.0
hsa-miR-5011-3p,1.0,1.0,0.0,0.0,0.0,0.0,0.0
hsa-miR-33b-5p,0.7758264778929945,1.0,0.0,0.0,0.0,0.0,0.0
hsa-miR-33a-5p,0.0810058928801928,0.7227373222395507,0.0,0.0,0.0,0.0,0.0
hsa-miR-4715-3p,1.0,1.0,0.0,0.0,0.0,0.0,0.0
hsa-miR-1202,1.0,1.0,0.0,0.0,0.0,0.0,0.0
hsa-miR-6850-5p,0.6295326414022193,1.0,0.0,0.0,0.0,0.0,0.0
hsa-miR-6821-5p,0.10452948950117101,0.8574351322358825,0.0,0.0,0.0,0.0,0.0
hsa-miR-3977,1.0,1.0,0.0,0.0,0.0,0.0,0.0
hsa-miR-3978,1.0,1.0,0.0,0.0,0.0,0.0,0.0
hsa-miR-4776-5p,1.0,1.0,0.0,0.0,0.0,0.0,0.0
hsa-miR-4535,1.0,1.0,0.0,0.0,0.0,0.0,0.0
hsa-miR-3198,0.4680923205989611,1.0,0.0,0.0,0.0,0.0,0.0
hsa-miR-8057,1.0,1.0,0.0,0.0,0.0,0.0,0.0
hsa-miR-647,1.0,1.0,0.0,0.0,0.0,0.0,0.0
hsa-miR-5089-5p,0.40003455224373086,1.0,0.0,0.0,0.0,0.0,0.0
hsa-miR-1228-5p,0.0028321149962669844,0.06776478791067912,0.8248368372841726,0.0,0.0,0.0,0.8248368372841726
hsa-miR-3620-5p,0.8129764515446257,1.0,0.0,0.0,0.0,0.0,0.0
hsa-miR-1227-5p,1.0,1.0,0.0,0.0,0.0,0.0,0.0
hsa-miR-1275,0.2938122129930224,1.0,0.0,0.0,0.0,0.0,0.0
hsa-miR-1225-5p,0.6663329307388268,1.0,0.0,0.0,0.0,0.0,0.0
hsa-miR-1229-5p,0.27622632794050495,1.0,0.0,0.0,0.0,0.0,0.0
hsa-miR-6741-5p,0.49332647161053766,1.0,0.0,0.0,0.0,0.0,0.0
hsa-miR-3940-5p,1.0,1.0,0.0,0.0,0.0,0.0,0.0
hsa-miR-6848-3p,1.0,1.0,0.0,0.0,0.0,0.0,0.0
hsa-miR-487a-5p,1.0,1.0,0.0,0.0,0.0,0.0,0.0
hsa-miR-487b-5p,1.0,1.0,0.0,0.0,0.0,0.0,0.0
hsa-miR-632,1.0,1.0,0.0,0.0,0.0,0.0,0.0
hsa-miR-1231,1.0,1.0,0.0,0.0,0.0,0.0,0.0
hsa-miR-511-5p,0.01726437127516121,0.275392879977117,0.0,0.0,0.0,0.0,0.0
hsa-miR-6808-3p,1.0,1.0,0.0,0.0,0.0,0.0,0.0
hsa-miR-147b-3p,0.06641238599500496,0.6582127269803342,0.0,0.0,0.0,0.0,0.0
hsa-miR-6833-5p,0.029373512062418474,0.4013584538582059,0.0,0.0,0.0,0.0,0.0
hsa-miR-7108-5p,0.06483719399164815,0.654372121070327,0.0,0.0,0.0,0.0,0.0
hsa-miR-147a,1.0,1.0,0.0,0.0,0.0,0.0,0.0
hsa-miR-2053,1.0,1.0,0.0,0.0,0.0,0.0,0.0
hsa-miR-4273,1.0,1.0,0.0,0.0,0.0,0.0,0.0
hsa-miR-653-5p,1.0,1.0,0.0,0.0,0.0,0.0,0.0
hsa-miR-2909,1.0,1.0,0.0,0.0,0.0,0.0,0.0
hsa-miR-607,1.0,1.0,0.0,0.0,0.0,0.0,0.0
hsa-miR-3692-3p,1.0,1.0,0.0,0.0,0.0,0.0,0.0
hsa-miR-3074-5p,0.634573819321989,1.0,0.0,0.0,0.0,0.0,0.0
hsa-miR-629-3p,0.026496497734377508,0.3849085172261111,0.0,0.0,0.0,0.0,0.0
hsa-miR-4652-3p,1.0,1.0,0.0,0.0,0.0,0.0,0.0
hsa-miR-3122,0.27622632794050495,1.0,0.0,0.0,0.0,0.0,0.0
hsa-miR-5572,1.0,1.0,0.0,0.0,0.0,0.0,0.0
hsa-miR-599,1.0,1.0,0.0,0.0,0.0,0.0,0.0
hsa-miR-552-5p,1.0,1.0,0.0,0.0,0.0,0.0,0.0
hsa-miR-557,1.0,1.0,0.0,0.0,0.0,0.0,0.0
hsa-miR-7850-5p,0.48134996727108326,1.0,0.0,0.0,0.0,0.0,0.0
hsa-miR-2681-5p,1.0,1.0,0.0,0.0,0.0,0.0,0.0
hsa-miR-548x-3p,1.0,1.0,0.0,0.0,0.0,0.0,0.0
hsa-miR-548aj-3p,1.0,1.0,0.0,0.0,0.0,0.0,0.0
hsa-miR-548as-3p,1.0,1.0,0.0,0.0,0.0,0.0,0.0
hsa-miR-548ar-3p,1.0,1.0,0.0,0.0,0.0,0.0,0.0
hsa-miR-5582-3p,1.0,1.0,0.0,0.0,0.0,0.0,0.0
hsa-miR-4282,1.0,1.0,0.0,0.0,0.0,0.0,0.0
hsa-miR-3133,0.40003455224373086,1.0,0.0,0.0,0.0,0.0,0.0
hsa-miR-7161-5p,1.0,1.0,0.0,0.0,0.0,0.0,0.0
hsa-miR-1276,0.5808439989188321,1.0,0.0,0.0,0.0,0.0,0.0
hsa-miR-12135,0.05063268316873131,0.5623005151902988,0.0,0.0,0.0,0.0,0.0
hsa-miR-559,1.0,1.0,0.0,0.0,0.0,0.0,0.0
hsa-miR-106b-5p,3.1586419298632164e-05,0.0013628763212131124,0.2639391491474745,6.3628102996205484,7.305864311066355,7.223479776597034,7.569803460213829
hsa-miR-20a-5p,2.6987176889266714e-05,0.0011838374928758333,0.05652537414339065,9.927655572526056,10.855772064356426,10.771155185922517,10.912297438499817
hsa-miR-4796-3p,0.35364009282986303,1.0,0.0,0.0,0.0,0.0,0.0
hsa-miR-3121-3p,0.30020776218200557,1.0,0.0,0.0,0.0,0.0,0.0
hsa-miR-605-5p,1.0,1.0,0.0,0.0,0.0,0.0,0.0
hsa-miR-513c-3p,1.0,1.0,0.0,0.0,0.0,0.0,0.0
hsa-miR-513a-3p,0.40003455224373086,1.0,0.0,0.0,0.0,0.0,0.0
hsa-miR-5688,1.0,1.0,0.0,0.0,0.0,0.0,0.0
hsa-miR-141-3p,0.008751787277503094,0.15886002837509067,0.13386766535002614,3.6603962257711666,5.037699454959064,4.458088924604748,5.17156712030909
hsa-miR-200a-3p,0.03538411027846207,0.4520921274413212,2.1578766073216498,0.0,0.0,2.2290026010966146,2.1578766073216498
hsa-miR-132-3p,0.7507956768758595,1.0,0.0,0.0,0.0,0.0,0.0
hsa-miR-212-3p,0.4905224049490865,1.0,0.0,0.0,0.0,0.0,0.0
hsa-miR-4803,1.0,1.0,0.0,0.0,0.0,0.0,0.0
hsa-miR-6732-3p,0.40003455224373086,1.0,0.0,0.0,0.0,0.0,0.0
hsa-miR-3912-3p,0.40003455224373086,1.0,0.0,0.0,0.0,0.0,0.0
hsa-miR-4485-3p,1.0,1.0,0.0,0.0,0.0,0.0,0.0
hsa-miR-582-3p,0.18394717109675604,1.0,0.0,0.0,0.0,0.0,0.0
hsa-miR-12120,1.0,1.0,0.0,0.0,0.0,0.0,0.0
hsa-miR-6891-5p,0.5529740083352863,1.0,0.0,0.0,0.0,0.0,0.0
hsa-miR-506-3p,1.0,1.0,0.0,0.0,0.0,0.0,0.0
hsa-miR-124-3p,0.5890824538973769,1.0,0.0,0.0,0.0,0.0,0.0
hsa-miR-3936,1.0,1.0,0.0,0.0,0.0,0.0,0.0
hsa-miR-18a-5p,5.3311602274292145e-09,1.079354901430284e-06,0.4203638823874396,4.591209851086506,6.057820534526364,6.300873702230104,6.478184416913804
hsa-miR-18b-5p,0.154132653632191,1.0,0.0,0.0,0.0,0.0,0.0
hsa-miR-302e,1.0,1.0,0.0,0.0,0.0,0.0,0.0
hsa-miR-302c-3p,1.0,1.0,0.0,0.0,0.0,0.0,0.0
hsa-miR-302d-3p,1.0,1.0,0.0,0.0,0.0,0.0,0.0
hsa-miR-302b-3p,1.0,1.0,0.0,0.0,0.0,0.0,0.0
hsa-miR-302a-3p,1.0,1.0,0.0,0.0,0.0,0.0,0.0
hsa-miR-200c-3p,1.8309250172201436e-06,0.00013024309852225453,-0.32967635383479266,0.0,4.8435189117190385,5.025411838578169,4.513842557884246
hsa-miR-200b-3p,0.024472602737915298,0.3680679451782461,0.0,0.0,0.0,0.0,0.0
hsa-miR-429,0.004787793898120095,0.10001169476073088,0.0,0.0,0.0,0.0,0.0
hsa-miR-500a-5p,0.16262622537780771,1.0,0.0,0.0,0.0,0.0,0.0
hsa-miR-216a-5p,0.4881743138811171,1.0,0.0,0.0,0.0,0.0,0.0
hsa-miR-580-5p,1.0,1.0,0.0,0.0,0.0,0.0,0.0
hsa-miR-5700,1.0,1.0,0.0,0.0,0.0,0.0,0.0
hsa-miR-365a-3p,0.00648541213335613,0.12459565499995134,0.0,0.0,0.0,0.0,0.0
hsa-miR-302f,1.0,1.0,0.0,0.0,0.0,0.0,0.0
hsa-miR-590-3p,1.0269189384196631e-05,0.0005099718199850101,-0.23740959231667436,4.550043831609608,6.257283906487269,5.938322795961276,6.019874314170595
hsa-miR-6882-5p,0.21580474744135392,1.0,0.0,0.0,0.0,0.0,0.0
hsa-miR-4801,1.0,1.0,0.0,0.0,0.0,0.0,0.0
hsa-miR-5683,0.27622632794050495,1.0,0.0,0.0,0.0,0.0,0.0
hsa-miR-6856-3p,1.0,1.0,0.0,0.0,0.0,0.0,0.0
hsa-miR-101-3p,0.5596842356410381,1.0,0.06825906230362477,7.601027876928593,7.530238264840436,7.543164211951933,7.59849732714406
hsa-miR-144-3p,1.5116849326732563e-06,0.00011052096507766696,0.27209221236251047,11.419827394706285,12.6279187508698,12.828605045442183,12.90001096323231
hsa-miR-4802-3p,1.0,1.0,0.0,0.0,0.0,0.0,0.0
hsa-miR-140-3p,0.18732167494122867,1.0,0.212592983821299,5.316498074086964,5.634236649108453,5.582146816390695,5.846829632929752
hsa-miR-6512-5p,1.0,1.0,0.0,0.0,0.0,0.0,0.0
hsa-miR-1912-3p,0.34584274550337807,1.0,0.0,0.0,0.0,0.0,0.0
hsa-miR-3130-5p,0.8853957121463165,1.0,0.0,0.0,0.0,0.0,0.0
hsa-miR-660-5p,0.001102270924106559,0.03153453339400503,-0.037988925788619454,8.79157505221889,8.511905246350965,8.2209732923136,8.473916320562346
hsa-miR-10b-5p,6.100190576689905e-07,5.3519005326159436e-05,-0.08371727017632047,7.318383643713611,9.194435213595376,8.784848579273483,9.110717943419056
hsa-miR-10a-5p,0.0020545864446048054,0.05150163354476045,-0.045724079943193274,8.912806405864444,9.551631267091084,9.188512637355547,9.50590718714789
hsa-miR-7851-3p,0.6249115043824649,1.0,0.0,0.0,0.0,0.0,0.0
hsa-miR-3939,0.4830208402550924,1.0,0.0,0.0,0.0,0.0,0.0
hsa-miR-433-5p,0.21485879555744875,1.0,0.0,0.0,0.0,0.0,0.0
hsa-miR-1277-3p,0.0001276956253017522,0.005092346754457755,0.0,0.0,0.0,0.0,0.0
hsa-miR-598-3p,0.5439335695591578,1.0,-0.1437495172060732,3.631794189980973,4.259130879144367,4.458088924604748,4.115381361938294
hsa-miR-4637,1.0,1.0,0.0,0.0,0.0,0.0,0.0
hsa-miR-888-5p,0.27622632794050495,1.0,0.0,0.0,0.0,0.0,0.0
hsa-miR-510-5p,0.05063268316873131,0.5623005151902988,0.0,0.0,0.0,0.0,0.0
hsa-miR-508-5p,1.0,1.0,0.0,0.0,0.0,0.0,0.0
hsa-miR-514a-5p,1.0,1.0,0.0,0.0,0.0,0.0,0.0
hsa-miR-509-5p,1.0,1.0,0.0,0.0,0.0,0.0,0.0
hsa-miR-509-3-5p,1.0,1.0,0.0,0.0,0.0,0.0,0.0
hsa-miR-217-5p,0.07601311818404248,0.7114290705716295,0.0,0.0,0.0,0.0,0.0
hsa-miR-9898,1.0,1.0,0.0,0.0,0.0,0.0,0.0
hsa-miR-890,1.0,1.0,0.0,0.0,0.0,0.0,0.0
hsa-miR-5003-3p,0.7721176336131789,1.0,0.0,0.0,0.0,0.0,0.0
hsa-miR-6502-3p,1.0,1.0,0.0,0.0,0.0,0.0,0.0
hsa-miR-6863,1.0,1.0,0.0,0.0,0.0,0.0,0.0
hsa-miR-6758-5p,0.08586118821331507,0.758344454286729,0.0,0.0,0.0,0.0,0.0
hsa-miR-3125,0.5261943113350811,1.0,0.0,0.0,0.0,0.0,0.0
hsa-miR-12127,1.0,1.0,0.0,0.0,0.0,0.0,0.0
hsa-miR-5007-5p,1.0,1.0,0.0,0.0,0.0,0.0,0.0
hsa-miR-577,1.0,1.0,0.0,0.0,0.0,0.0,0.0
hsa-miR-7161-3p,1.0,1.0,0.0,0.0,0.0,0.0,0.0
hsa-miR-548p,1.0,1.0,0.0,0.0,0.0,0.0,0.0
hsa-miR-451b,0.0346392633278921,0.4501760381999678,0.0,0.0,0.0,0.0,0.0
hsa-miR-4703-5p,1.0,1.0,0.0,0.0,0.0,0.0,0.0
hsa-miR-29a-3p,0.5180371479931729,1.0,0.2218457749859244,9.43104629082843,9.778268790822496,9.330214356312968,10.00011456580842
hsa-miR-29b-3p,1.095002348015996e-05,0.0005337122555515003,-0.44887391838897983,6.037278091908524,7.630033993895342,7.397482568253601,7.181160075506362
hsa-miR-29c-3p,0.15777380424532558,1.0,0.27780613241836427,8.394982738109064,8.81256295431727,8.762490062368737,9.090369086735635
hsa-miR-195-5p,0.0010259171666194239,0.029672681126838723,-0.29519334572060174,5.041797265968026,5.924818297651284,5.827555793050652,5.6296249519306825
hsa-miR-15a-5p,0.10898809884598867,0.8668220229630994,0.31781508788778545,11.197838065486916,10.840725884749558,10.734930397326043,11.158540972637343
hsa-miR-15b-5p,4.63140262695449e-06,0.00026412554833991507,-0.04688770164949396,9.050931224734178,10.40443788579382,10.146916169430085,10.357550184144326
hsa-miR-16-5p,0.00023970500005108882,0.008642514522389943,0.06175841891517564,18.861188921082572,18.576222405057074,18.46673135191807,18.63798082397225
hsa-miR-503-5p,0.7675936540005553,1.0,-0.05616925978450027,4.731683457712309,5.048146960010965,4.546881592976804,4.991977700226465
hsa-miR-3943,1.0,1.0,0.0,0.0,0.0,0.0,0.0
hsa-miR-3614-3p,0.02513940401883589,0.369647549595397,0.0,0.0,0.0,0.0,0.0
hsa-miR-4781-5p,0.11725196247327524,0.8792226929619955,0.0,0.0,0.0,0.0,0.0
hsa-miR-21-5p,0.1216109117940423,0.8991008984323579,0.3698283384197829,11.079276549345284,11.278069596263968,10.955728107587921,11.647897934683751
hsa-miR-1197,1.0,1.0,0.0,0.0,0.0,0.0,0.0
hsa-miR-4759,1.0,1.0,0.0,0.0,0.0,0.0,0.0
hsa-miR-3169,1.0,1.0,0.0,0.0,0.0,0.0,0.0
hsa-miR-3139,0.6708636964025901,1.0,0.0,0.0,0.0,0.0,0.0
hsa-miR-4779,0.16831214853884266,1.0,0.0,0.0,0.0,0.0,0.0
hsa-miR-2392,1.0,1.0,0.0,0.0,0.0,0.0,0.0
hsa-miR-3159,0.6389770396444283,1.0,0.0,0.0,0.0,0.0,0.0
hsa-miR-5582-5p,1.0,1.0,0.0,0.0,0.0,0.0,0.0
hsa-miR-449c-5p,1.0,1.0,0.0,0.0,0.0,0.0,0.0
hsa-miR-34b-5p,0.10991008740914102,0.8668220229630994,0.0,0.0,0.0,0.0,0.0
hsa-miR-4717-5p,1.0,1.0,0.0,0.0,0.0,0.0,0.0
hsa-miR-1245b-5p,1.0,1.0,0.0,0.0,0.0,0.0,0.0
hsa-miR-6757-5p,0.40003455224373086,1.0,0.0,0.0,0.0,0.0,0.0
hsa-miR-6783-5p,0.40606223063491675,1.0,0.0,0.0,0.0,0.0,0.0
hsa-miR-4688,0.11493954635794897,0.8668220229630994,0.0,0.0,0.0,0.0,0.0
hsa-miR-6805-5p,0.04014094858752016,0.48656897160747503,0.0,1.5392297275057056,0.0,0.0,0.0
hsa-miR-6732-5p,0.11493954635794897,0.8668220229630994,0.0,0.0,0.0,0.0,0.0
hsa-miR-6782-5p,0.4905224049490865,1.0,0.0,0.0,0.0,0.0,0.0
hsa-miR-6841-5p,1.0,1.0,0.0,0.0,0.0,0.0,0.0
hsa-miR-6755-5p,1.0,1.0,0.0,0.0,0.0,0.0,0.0
hsa-miR-6831-5p,1.0,1.0,0.0,0.0,0.0,0.0,0.0
hsa-miR-196a-5p,0.5186297493243408,1.0,0.79306676618998,3.016350713300635,3.1422133239711014,2.806818372560482,3.9352800901610814
hsa-miR-196b-5p,0.060404463343395706,0.6283974210269467,0.30200093628644886,5.538436123747909,4.617019310372006,5.1951970284077,4.919020246658455
hsa-miR-6865-5p,0.8939422041546883,1.0,0.0,0.0,0.0,0.0,0.0
hsa-miR-6815-5p,0.3944646426112761,1.0,2.221632039062626,1.6061465817576106,0.0,0.0,2.221632039062626
hsa-miR-154-5p,0.48067192346896825,1.0,0.0,0.0,0.0,0.0,0.0
hsa-miR-624-5p,0.7207713665279267,1.0,0.0,0.0,0.0,0.0,0.0
hsa-miR-1278,1.0,1.0,0.0,0.0,0.0,0.0,0.0
hsa-miR-411-5p,0.005499422878168737,0.11308188293234465,-1.0462012995153538,0.0,3.2582572611943545,3.7978784965483308,2.2120559616790008
hsa-miR-2114-5p,1.0,1.0,0.0,0.0,0.0,0.0,0.0
hsa-miR-3174,0.7796327077577907,1.0,0.0,0.0,0.0,0.0,0.0
hsa-miR-454-3p,4.1258431564186385e-08,5.715378519838872e-06,0.010947017855549745,3.0171656115982755,5.443635650380346,5.505098597344581,5.454582668235895
hsa-miR-12115,1.0,1.0,0.0,0.0,0.0,0.0,0.0
hsa-miR-3681-5p,0.40003455224373086,1.0,0.0,0.0,0.0,0.0,0.0
hsa-miR-6718-5p,0.1727857547844953,1.0,0.0,0.0,0.0,0.0,0.0
hsa-miR-203b-5p,1.0,1.0,0.0,0.0,0.0,0.0,0.0
hsa-miR-5584-3p,1.0,1.0,0.0,0.0,0.0,0.0,0.0
hsa-miR-3163,0.03291748280578833,0.43537092836600444,0.0,0.0,0.0,0.0,0.0
hsa-miR-381-3p,0.09591439220617651,0.8196320788527811,0.0,0.0,0.0,0.0,0.0
hsa-miR-300,1.0,1.0,0.0,0.0,0.0,0.0,0.0
hsa-miR-875-5p,1.0,1.0,0.0,0.0,0.0,0.0,0.0
hsa-miR-3976,1.0,1.0,0.0,0.0,0.0,0.0,0.0
hsa-miR-135a-3p,0.5411353242423669,1.0,0.0,0.0,0.0,0.0,0.0
hsa-miR-5011-5p,1.0,1.0,0.0,0.0,0.0,0.0,0.0
hsa-miR-8076,1.0,1.0,0.0,0.0,0.0,0.0,0.0
hsa-miR-2681-3p,0.4905224049490865,1.0,0.0,0.0,0.0,0.0,0.0
hsa-miR-5586-5p,0.18010492327619645,1.0,0.0,0.0,0.0,0.0,0.0
hsa-miR-4686,0.5808439989188321,1.0,0.0,0.0,0.0,0.0,0.0
hsa-miR-586,1.0,1.0,0.0,0.0,0.0,0.0,0.0
hsa-miR-3688-3p,0.7776642574031709,1.0,0.0,0.0,0.0,0.0,0.0
hsa-miR-1843,0.2836494699846063,1.0,0.09970521154387013,3.824258831583891,3.5807878496708985,3.2417994299701927,3.6804930612147686
hsa-miR-4802-5p,0.40003455224373086,1.0,0.0,0.0,0.0,0.0,0.0
hsa-miR-6514-5p,0.04438997357189473,0.5262811281136348,0.0,0.0,0.0,0.0,0.0
hsa-miR-183-5p,0.06593130434252925,0.6573151251118825,0.05544056133301556,6.15552882194865,6.652253292482246,6.728402527927468,6.707693853815262
hsa-miR-135b-5p,0.4881743138811171,1.0,0.0,0.0,0.0,0.0,0.0
hsa-miR-135a-5p,0.2651738320874305,1.0,0.0,0.0,0.0,0.0,0.0
hsa-miR-3675-5p,0.7348114019584249,1.0,0.0,0.0,0.0,0.0,0.0
hsa-miR-5579-5p,1.0,1.0,0.0,0.0,0.0,0.0,0.0
hsa-miR-411-3p,0.36675979144988846,1.0,0.0,0.0,0.0,0.0,0.0
hsa-miR-379-3p,0.18150800236821615,1.0,0.0,0.0,0.0,0.0,0.0
hsa-miR-380-3p,1.0,1.0,0.0,0.0,0.0,0.0,0.0
hsa-miR-7852-3p,0.40003455224373086,1.0,0.0,0.0,0.0,0.0,0.0
hsa-miR-6834-3p,1.0,1.0,0.0,0.0,0.0,0.0,0.0
hsa-miR-654-3p,0.027850774269424117,0.3919959244766004,0.0,0.0,0.0,0.0,0.0
hsa-miR-4501,1.0,1.0,0.0,0.0,0.0,0.0,0.0
hsa-miR-455-5p,0.17827191064393064,1.0,0.0,0.0,0.0,0.0,0.0
hsa-miR-299-3p,0.005590996569531186,0.11407366644190761,0.0,0.0,0.0,0.0,0.0
hsa-miR-12132,1.0,1.0,0.0,0.0,0.0,0.0,0.0
hsa-miR-892c-5p,1.0,1.0,0.0,0.0,0.0,0.0,0.0
hsa-miR-506-5p,1.0,1.0,0.0,0.0,0.0,0.0,0.0
hsa-miR-664a-3p,0.25718862451655433,1.0,0.0,0.0,0.0,0.0,0.0
hsa-miR-32-5p,0.9372498351217089,1.0,-0.5671221969771842,3.339113428043543,3.9848502783433193,4.118455849861844,3.417728081366135
hsa-miR-92b-3p,0.5468780990339352,1.0,-0.21472942621833235,3.2252392651726574,4.0128682429426075,4.247334473442296,3.798138816724275
hsa-miR-92a-3p,0.898385685990342,1.0,0.23756991872911293,9.76335718532907,9.682088091357214,9.78168770301629,9.919658010086327
hsa-miR-1323,0.6255751494631856,1.0,0.0,0.0,0.0,0.0,0.0
hsa-miR-8063,1.0,1.0,0.0,0.0,0.0,0.0,0.0
hsa-miR-4698,1.0,1.0,0.0,0.0,0.0,0.0,0.0
hsa-miR-7853-5p,1.0,1.0,0.0,0.0,0.0,0.0,0.0
hsa-miR-105-5p,0.40003455224373086,1.0,0.0,0.0,0.0,0.0,0.0
hsa-miR-3065-5p,0.004189724686083988,0.08965329572173217,0.0,0.0,0.0,0.0,0.0
hsa-miR-335-5p,0.49794418333627866,1.0,0.14758753918303924,9.695357586463057,9.787206478119622,9.287821921975896,9.93479401730266
hsa-miR-3922-5p,0.5808439989188321,1.0,0.0,0.0,0.0,0.0,0.0
hsa-miR-5697,0.9831987517602739,1.0,0.0,0.0,0.0,0.0,0.0
hsa-miR-224-5p,2.411922790013834e-06,0.00016033758265645122,-0.4896751679517086,1.7174877316052792,5.634257021787048,5.429332352279583,5.144581853835339
hsa-miR-6513-3p,0.035191164561413406,0.45182022012507356,0.0,0.0,0.0,0.0,0.0
hsa-miR-95-5p,0.4881743138811171,1.0,0.0,0.0,0.0,0.0,0.0
hsa-miR-6826-5p,0.14417996163010555,0.9952141656987321,0.0,0.0,0.0,0.0,0.0
hsa-miR-4705,0.029823409790983253,0.4046145080921027,0.0,0.0,0.0,0.0,0.0
hsa-miR-4719,1.0,1.0,0.0,0.0,0.0,0.0,0.0
hsa-miR-5003-5p,1.0,1.0,0.0,0.0,0.0,0.0,0.0
hsa-miR-4457,1.0,1.0,0.0,0.0,0.0,0.0,0.0
hsa-miR-125b-2-3p,0.3537007102727222,1.0,0.0,0.0,0.0,0.0,0.0
hsa-miR-1228-3p,0.40003455224373086,1.0,0.0,0.0,0.0,0.0,0.0
hsa-miR-128-3p,0.015903658642995852,0.2599902456420191,-0.2689474183696161,5.719222567099086,6.526162942416762,6.3959176482481634,6.257215524047146
hsa-miR-216a-3p,0.40003455224373086,1.0,0.0,0.0,0.0,0.0,0.0
hsa-miR-1226-3p,0.3428082408249816,1.0,0.0,0.0,0.0,0.0,0.0
hsa-miR-3620-3p,0.046189583529148565,0.5379247072952169,0.0,0.0,0.0,0.0,0.0
hsa-miR-3622a-3p,1.0,1.0,0.0,0.0,0.0,0.0,0.0
hsa-miR-3622b-3p,1.0,1.0,0.0,0.0,0.0,0.0,0.0
hsa-miR-6765-3p,1.0,1.0,0.0,0.0,0.0,0.0,0.0
hsa-miR-3186-3p,0.30020776218200557,1.0,0.0,0.0,0.0,0.0,0.0
hsa-miR-11401,0.2873053568672433,1.0,0.0,0.0,0.0,0.0,0.0
hsa-miR-4999-3p,1.0,1.0,0.0,0.0,0.0,0.0,0.0
hsa-miR-483-3p,0.010965740036528221,0.19451614493871686,0.0,0.0,0.0,0.0,0.0
hsa-miR-4639-3p,1.0,1.0,0.0,0.0,0.0,0.0,0.0
hsa-miR-1208,1.0,1.0,0.0,0.0,0.0,0.0,0.0
hsa-miR-589-3p,0.4497924407548092,1.0,0.0,0.0,0.0,0.0,0.0
hsa-miR-1245b-3p,1.0,1.0,0.0,0.0,0.0,0.0,0.0
hsa-miR-545-3p,0.04937744619325042,0.5623005151902988,0.0,0.0,0.0,0.0,0.0
hsa-miR-3065-3p,0.11493954635794897,0.8668220229630994,0.0,0.0,0.0,0.0,0.0
hsa-miR-3619-5p,0.27622632794050495,1.0,0.0,0.0,0.0,0.0,0.0
hsa-miR-7157-5p,1.0,1.0,0.0,0.0,0.0,0.0,0.0
hsa-miR-5690,1.0,1.0,0.0,0.0,0.0,0.0,0.0
hsa-miR-6736-3p,1.0,1.0,0.0,0.0,0.0,0.0,0.0
hsa-miR-1207-3p,1.0,1.0,0.0,0.0,0.0,0.0,0.0
hsa-miR-5000-3p,1.0,1.0,0.0,0.0,0.0,0.0,0.0
hsa-miR-4742-5p,0.10504551982386325,0.8574351322358825,0.0,0.0,0.0,0.0,0.0
hsa-miR-4692,1.0,1.0,0.0,0.0,0.0,0.0,0.0
hsa-miR-1972,0.7762311433775111,1.0,0.0,0.0,0.0,0.0,0.0
hsa-miR-4650-5p,1.0,1.0,0.0,0.0,0.0,0.0,0.0
hsa-miR-484,0.21768392899075525,1.0,1.1119018098967688,5.397983499352794,3.524303461523199,4.425346583960751,4.636205271419968
hsa-miR-4270,1.0,1.0,0.0,0.0,0.0,0.0,0.0
hsa-miR-6823-5p,0.3092630145359555,1.0,0.0,0.0,0.0,0.0,0.0
hsa-miR-3934-5p,1.0,1.0,0.0,0.0,0.0,0.0,0.0
hsa-miR-545-5p,0.09756067154635645,0.8256581591961741,0.0,0.0,0.0,0.0,0.0
hsa-miR-4704-3p,1.0,1.0,0.0,0.0,0.0,0.0,0.0
hsa-miR-148a-3p,0.9554349485678367,1.0,-0.16765369357839877,2.6114579119670642,2.571503959037888,3.1971109939054143,2.4038502654594893
hsa-miR-148b-3p,0.6656042318068294,1.0,0.0,0.0,0.0,0.0,0.0
hsa-miR-152-3p,0.17665653928586345,1.0,0.0,0.0,0.0,0.0,0.0
hsa-miR-6733-3p,1.0,1.0,0.0,0.0,0.0,0.0,0.0
hsa-miR-584-3p,0.4905224049490865,1.0,0.0,0.0,0.0,0.0,0.0
hsa-miR-103b,1.0,1.0,0.0,0.0,0.0,0.0,0.0
hsa-miR-1279,1.0,1.0,0.0,0.0,0.0,0.0,0.0
hsa-miR-6729-3p,0.5808439989188321,1.0,0.0,0.0,0.0,0.0,0.0
hsa-miR-5196-3p,0.40003455224373086,1.0,0.0,0.0,0.0,0.0,0.0
hsa-miR-4528,1.0,1.0,0.0,0.0,0.0,0.0,0.0
hsa-miR-4729,0.06521567989019778,0.6551437766068723,0.0,0.0,0.0,0.0,0.0
hsa-miR-153-5p,1.0,1.0,0.0,0.0,0.0,0.0,0.0
hsa-miR-6777-3p,0.4796093688044928,1.0,0.0,0.0,0.0,0.0,0.0
hsa-miR-338-3p,0.00015317282494383625,0.00592868934194378,0.43958966209395367,0.0,4.108016495089547,3.8687988872860415,4.547606157183501
hsa-miR-4267,1.0,1.0,0.0,0.0,0.0,0.0,0.0
hsa-miR-4673,0.27622632794050495,1.0,0.0,0.0,0.0,0.0,0.0
hsa-miR-7113-5p,0.5330231201468083,1.0,0.0,0.0,0.0,0.0,0.0
hsa-miR-4712-5p,1.0,1.0,0.0,0.0,0.0,0.0,0.0
hsa-miR-770-5p,0.40003455224373086,1.0,0.0,0.0,0.0,0.0,0.0
hsa-miR-1825,1.0,1.0,0.0,0.0,0.0,0.0,0.0
hsa-miR-4716-5p,1.0,1.0,0.0,0.0,0.0,0.0,0.0
hsa-miR-885-5p,0.18880078247276436,1.0,0.0,0.0,0.0,0.0,0.0
hsa-miR-6814-5p,1.0,1.0,0.0,0.0,0.0,0.0,0.0
hsa-miR-662,1.0,1.0,0.0,0.0,0.0,0.0,0.0
hsa-miR-4301,1.0,1.0,0.0,0.0,0.0,0.0,0.0
hsa-miR-6764-5p,0.5236451171625032,1.0,0.0,0.0,0.0,0.0,0.0
hsa-miR-6793-3p,0.40003455224373086,1.0,0.0,0.0,0.0,0.0,0.0
hsa-miR-361-3p,0.5120658881138525,1.0,0.0,0.0,0.0,0.0,0.0
hsa-miR-6887-3p,1.0,1.0,0.0,0.0,0.0,0.0,0.0
hsa-miR-6810-3p,0.11493954635794897,0.8668220229630994,0.0,0.0,0.0,0.0,0.0
hsa-miR-6756-3p,1.0,1.0,0.0,0.0,0.0,0.0,0.0
hsa-miR-3127-3p,1.0,1.0,0.0,0.0,0.0,0.0,0.0
hsa-miR-3162-3p,0.40003455224373086,1.0,0.0,0.0,0.0,0.0,0.0
hsa-miR-4667-3p,1.0,1.0,0.0,0.0,0.0,0.0,0.0
hsa-miR-6803-3p,0.03667378072796703,0.46406437921158283,0.0,0.0,0.0,0.0,0.0
hsa-miR-6892-3p,1.0,1.0,0.0,0.0,0.0,0.0,0.0
hsa-miR-125b-5p,3.6123254666889956e-06,0.00021608274155285082,0.6087724857565258,0.0,4.637750845494288,4.796840980066241,5.246523331250814
hsa-miR-125a-5p,4.716527648927055e-06,0.00026412554833991507,-0.5999413388240349,4.294771384817297,6.467676871556295,5.692408835697445,5.86773553273226
hsa-miR-4319,1.0,1.0,0.0,0.0,0.0,0.0,0.0
hsa-miR-6752-3p,1.0,1.0,0.0,0.0,0.0,0.0,0.0
hsa-miR-4308,1.0,1.0,0.0,0.0,0.0,0.0,0.0
hsa-miR-339-5p,0.10522475217028497,0.8574351322358825,0.0,0.0,0.0,0.0,0.0
hsa-miR-5088-3p,1.0,1.0,0.0,0.0,0.0,0.0,0.0
hsa-miR-6780b-3p,1.0,1.0,0.0,0.0,0.0,0.0,0.0
hsa-miR-6716-3p,1.0,1.0,0.0,0.0,0.0,0.0,0.0
hsa-miR-615-3p,0.4905224049490865,1.0,0.0,0.0,0.0,0.0,0.0
hsa-miR-671-3p,0.09989418692032585,0.8373296177525403,0.0,0.0,0.0,0.0,0.0
hsa-miR-3678-5p,1.0,1.0,0.0,0.0,0.0,0.0,0.0
hsa-miR-340-3p,0.5972277750609332,1.0,0.0,0.0,0.0,0.0,0.0
hsa-miR-5009-3p,0.27622632794050495,1.0,0.0,0.0,0.0,0.0,0.0
hsa-miR-6761-3p,1.0,1.0,0.0,0.0,0.0,0.0,0.0
hsa-miR-6072,1.0,1.0,0.0,0.0,0.0,0.0,0.0
hsa-miR-5193,0.5808439989188321,1.0,0.0,0.0,0.0,0.0,0.0
hsa-miR-877-3p,0.5265555624167189,1.0,0.0,0.0,0.0,0.0,0.0
hsa-miR-6727-3p,1.0,1.0,0.0,0.0,0.0,0.0,0.0
hsa-miR-6747-3p,0.40003455224373086,1.0,0.0,0.0,0.0,0.0,0.0
hsa-miR-1539,1.0,1.0,0.0,0.0,0.0,0.0,0.0
hsa-miR-3193,0.4796093688044928,1.0,0.0,0.0,0.0,0.0,0.0
hsa-miR-486-5p,2.2320228438896776e-06,0.00015459695066099029,0.08909661885247999,15.923549159568948,14.678794086718668,14.643673782133012,14.767890705571148
hsa-miR-6748-3p,1.0,1.0,0.0,0.0,0.0,0.0,0.0
hsa-miR-5699-3p,1.0,1.0,0.0,0.0,0.0,0.0,0.0
hsa-miR-205-5p,0.016448210890572725,0.26559319671157916,0.0,0.0,0.0,0.0,0.0
hsa-miR-1237-3p,0.19890683655034605,1.0,0.0,0.0,0.0,0.0,0.0
hsa-miR-10397-5p,0.40003455224373086,1.0,0.0,0.0,0.0,0.0,0.0
hsa-miR-3121-5p,1.0,1.0,0.0,0.0,0.0,0.0,0.0
hsa-miR-196b-3p,1.0,1.0,0.0,0.0,0.0,0.0,0.0
hsa-miR-1307-5p,0.37431763828997394,1.0,0.0,0.0,0.0,0.0,0.0
hsa-miR-3131,0.6313865928494169,1.0,0.0,0.0,0.0,0.0,0.0
hsa-miR-151b,0.548409664463122,1.0,2.3306839752769193,2.520250270250349,0.0,2.3772570428898128,2.3306839752769193
hsa-miR-151a-5p,0.000785162656162641,0.02321964169685473,-0.48339012957878325,11.958158910099456,12.631823641756853,12.527459190064816,12.14843351217807
hsa-miR-6767-5p,0.14896707356312702,1.0,0.0,0.0,0.0,0.0,0.0
hsa-miR-1281,1.0,1.0,0.0,0.0,0.0,0.0,0.0
hsa-miR-1292-3p,1.0,1.0,0.0,0.0,0.0,0.0,0.0
hsa-miR-579-5p,0.15742446259771647,1.0,0.0,0.0,0.0,0.0,0.0
hsa-miR-127-3p,0.09463394042085331,0.8178717235028893,-0.7250018661105702,0.0,3.2725350591152913,2.310445046467716,2.547533193004721
hsa-miR-1234-3p,0.5808439989188321,1.0,0.0,0.0,0.0,0.0,0.0
hsa-miR-7107-5p,1.0,1.0,0.0,0.0,0.0,0.0,0.0
hsa-miR-6741-3p,0.18563947169073558,1.0,0.0,0.0,0.0,0.0,0.0
hsa-miR-11400,0.08023556219300743,0.720750852191111,0.030132861129315902,0.0,3.2725350591152913,3.1845847212533376,3.302667920244607
hsa-miR-6749-5p,0.63110623009732,1.0,0.0,0.0,0.0,0.0,0.0
hsa-miR-6499-5p,1.0,1.0,0.0,0.0,0.0,0.0,0.0
hsa-miR-6889-5p,0.27622632794050495,1.0,0.0,0.0,0.0,0.0,0.0
hsa-miR-542-5p,0.8345073893695911,1.0,0.0,0.0,0.0,0.0,0.0
hsa-miR-6775-5p,1.0,1.0,0.0,0.0,0.0,0.0,0.0
hsa-miR-101-2-5p,1.0,1.0,0.0,0.0,0.0,0.0,0.0
hsa-miR-126-3p,2.656678631987042e-06,0.00016648519427118797,-0.3371343915137004,13.653498215053933,14.935453298986054,14.526796135565784,14.598318907472354
hsa-miR-6506-3p,1.0,1.0,0.0,0.0,0.0,0.0,0.0
hsa-miR-4536-3p,1.0,1.0,0.0,0.0,0.0,0.0,0.0
hsa-miR-1204,1.0,1.0,0.0,0.0,0.0,0.0,0.0
hsa-miR-6774-3p,0.4905224049490865,1.0,0.0,0.0,0.0,0.0,0.0
hsa-miR-187-3p,0.6195660026312966,1.0,0.0,0.0,0.0,0.0,0.0
hsa-miR-1282,1.0,1.0,0.0,0.0,0.0,0.0,0.0
hsa-miR-4744,1.0,1.0,0.0,0.0,0.0,0.0,0.0
hsa-miR-1283,0.07804460083934206,0.7207487347689414,0.0,0.0,0.0,0.0,0.0
hsa-miR-139-5p,2.7575071505465516e-06,0.00016878508884275636,-0.06729737072668307,8.209709406577467,9.859156831520108,9.433793807241555,9.791859460793425
hsa-miR-6508-5p,1.0,1.0,0.0,0.0,0.0,0.0,0.0
hsa-miR-520g-5p,1.0,1.0,0.0,0.0,0.0,0.0,0.0
hsa-miR-645,1.0,1.0,0.0,0.0,0.0,0.0,0.0
hsa-miR-628-3p,0.01554141036477279,0.25726410113259107,-0.18005777848133508,6.7200635559022235,7.408854881936958,7.12634435693443,7.228797103455623
hsa-miR-6080,1.0,1.0,0.0,0.0,0.0,0.0,0.0
hsa-miR-1284,0.19890683655034605,1.0,0.0,0.0,0.0,0.0,0.0
hsa-miR-6731-3p,0.40003455224373086,1.0,0.0,0.0,0.0,0.0,0.0
hsa-miR-342-3p,0.011159550868444622,0.19451614493871686,-0.35966342755159264,6.8553743386609804,7.978167521198734,7.762285467576112,7.618504093647141
hsa-miR-6784-3p,1.0,1.0,0.0,0.0,0.0,0.0,0.0
hsa-miR-1304-3p,0.7689354112373294,1.0,0.5187192466694384,0.0,0.0,2.3334942178296534,0.5187192466694384
hsa-miR-6787-3p,1.0,1.0,0.0,0.0,0.0,0.0,0.0
hsa-miR-3664-3p,0.4905224049490865,1.0,0.0,0.0,0.0,0.0,0.0
hsa-miR-4797-3p,0.4796093688044928,1.0,0.0,0.0,0.0,0.0,0.0
hsa-miR-150-5p,0.14862912560109678,1.0,-0.15180952568316375,5.621785868508104,6.369231632212689,6.25175805113629,6.217422106529526
hsa-miR-4685-3p,0.1196557256914484,0.8896437006211644,0.0,0.0,0.0,0.0,0.0
hsa-miR-4287,1.0,1.0,0.0,0.0,0.0,0.0,0.0
hsa-miR-6872-5p,1.0,1.0,0.0,0.0,0.0,0.0,0.0
hsa-miR-12125,1.0,1.0,0.0,0.0,0.0,0.0,0.0
hsa-miR-3615,0.1507032788725692,1.0,-0.23765273200782744,6.122457788615041,5.907690774774725,5.607134249732513,5.6700380427668975
hsa-miR-7110-3p,0.5808439989188321,1.0,0.0,0.0,0.0,0.0,0.0
hsa-miR-6817-3p,1.0,1.0,0.0,0.0,0.0,0.0,0.0
hsa-miR-4653-5p,1.0,1.0,0.0,0.0,0.0,0.0,0.0
hsa-miR-3921,1.0,1.0,0.0,0.0,0.0,0.0,0.0
hsa-miR-6728-3p,1.0,1.0,0.0,0.0,0.0,0.0,0.0
hsa-miR-518c-5p,1.0,1.0,0.0,0.0,0.0,0.0,0.0
hsa-miR-330-5p,0.14391821301137692,0.9952141656987321,0.0,0.0,0.0,0.0,0.0
hsa-miR-6824-3p,1.0,1.0,0.0,0.0,0.0,0.0,0.0
hsa-miR-6764-3p,1.0,1.0,0.0,0.0,0.0,0.0,0.0
hsa-miR-6515-3p,0.0973665165438107,0.8256581591961741,0.0,0.0,0.0,0.0,0.0
hsa-miR-4766-5p,0.3260135702721885,1.0,0.0,0.0,0.0,0.0,0.0
hsa-miR-12113,1.0,1.0,0.0,0.0,0.0,0.0,0.0
hsa-miR-4427,1.0,1.0,0.0,0.0,0.0,0.0,0.0
hsa-miR-4680-3p,0.40003455224373086,1.0,0.0,0.0,0.0,0.0,0.0
hsa-miR-6719-3p,1.0,1.0,0.0,0.0,0.0,0.0,0.0
hsa-miR-6761-5p,1.0,1.0,0.0,0.0,0.0,0.0,0.0
hsa-miR-4649-3p,1.0,1.0,0.0,0.0,0.0,0.0,0.0
hsa-miR-7162-3p,1.0,1.0,0.0,0.0,0.0,0.0,0.0
hsa-miR-4682,1.0,1.0,0.0,0.0,0.0,0.0,0.0
hsa-miR-2276-3p,0.18437752209299135,1.0,0.0,0.0,0.0,0.0,0.0
hsa-miR-4793-3p,1.0,1.0,0.0,0.0,0.0,0.0,0.0
hsa-miR-1205,1.0,1.0,0.0,0.0,0.0,0.0,0.0
hsa-miR-10394-5p,1.0,1.0,0.0,0.0,0.0,0.0,0.0
hsa-miR-6817-5p,1.0,1.0,0.0,0.0,0.0,0.0,0.0
hsa-miR-4769-3p,1.0,1.0,0.0,0.0,0.0,0.0,0.0
hsa-miR-1913,1.0,1.0,0.0,0.0,0.0,0.0,0.0
hsa-miR-767-3p,1.0,1.0,0.0,0.0,0.0,0.0,0.0
hsa-miR-6839-5p,1.0,1.0,0.0,0.0,0.0,0.0,0.0
hsa-miR-3128,1.0,1.0,0.0,0.0,0.0,0.0,0.0
hsa-miR-3190-5p,1.0,1.0,0.0,0.0,0.0,0.0,0.0
hsa-miR-3922-3p,1.0,1.0,0.0,0.0,0.0,0.0,0.0
hsa-miR-4794,1.0,1.0,0.0,0.0,0.0,0.0,0.0
hsa-miR-149-5p,0.16090384678021571,1.0,0.0,0.0,0.0,0.0,0.0
hsa-miR-3085-3p,1.0,1.0,0.0,0.0,0.0,0.0,0.0
hsa-miR-6504-5p,1.0,1.0,0.0,0.0,0.0,0.0,0.0
hsa-miR-3064-5p,0.7125899422415444,1.0,0.0,0.0,0.0,0.0,0.0
hsa-miR-3192-5p,0.7473349218762588,1.0,0.0,0.0,0.0,0.0,0.0
hsa-miR-1285-3p,0.00025813650134443305,0.009058870287180637,3.8191663563054914,4.227046216822089,0.0,2.8836527402832104,3.8191663563054914
hsa-miR-5189-5p,0.07940934214971578,0.720750852191111,0.0,0.0,0.0,0.0,0.0
hsa-miR-4700-5p,0.63110623009732,1.0,0.0,0.0,0.0,0.0,0.0
hsa-miR-7155-5p,1.0,1.0,0.0,0.0,0.0,0.0,0.0
hsa-miR-6776-5p,1.0,1.0,0.0,0.0,0.0,0.0,0.0
hsa-miR-4490,1.0,1.0,0.0,0.0,0.0,0.0,0.0
hsa-miR-4774-5p,0.27622632794050495,1.0,0.0,0.0,0.0,0.0,0.0
hsa-miR-7152-3p,1.0,1.0,0.0,0.0,0.0,0.0,0.0
hsa-miR-7978,1.0,1.0,0.0,0.0,0.0,0.0,0.0
hsa-miR-3137,0.40003455224373086,1.0,0.0,0.0,0.0,0.0,0.0
hsa-miR-4742-3p,0.5391067163816536,1.0,0.0,0.0,0.0,0.0,0.0
hsa-miR-215-3p,0.40003455224373086,1.0,0.0,0.0,0.0,0.0,0.0
hsa-miR-4677-3p,0.2609633997151249,1.0,0.0,0.0,0.0,0.0,0.0
hsa-miR-4679,1.0,1.0,0.0,0.0,0.0,0.0,0.0
hsa-miR-6889-3p,1.0,1.0,0.0,0.0,0.0,0.0,0.0
hsa-miR-7157-3p,1.0,1.0,0.0,0.0,0.0,0.0,0.0
hsa-miR-6737-3p,0.4905224049490865,1.0,0.0,0.0,0.0,0.0,0.0
hsa-miR-7114-5p,0.5843018568002645,1.0,0.0,0.0,0.0,0.0,0.0
hsa-miR-550b-3p,1.0,1.0,0.0,0.0,0.0,0.0,0.0
hsa-miR-676-5p,0.40003455224373086,1.0,0.0,0.0,0.0,0.0,0.0
hsa-miR-6754-3p,0.40003455224373086,1.0,0.0,0.0,0.0,0.0,0.0
hsa-miR-942-5p,0.5716527895474812,1.0,-0.48427101499854963,4.266351780592251,4.9255525977440096,3.8713813994967294,4.44128158274546
hsa-miR-4778-3p,1.0,1.0,0.0,0.0,0.0,0.0,0.0
hsa-miR-4635,0.18010492327619645,1.0,0.0,0.0,0.0,0.0,0.0
hsa-miR-432-5p,0.12854406172890998,0.9320329765027301,-1.0821335675405068,6.727799488859445,7.382834802645374,7.087801999902576,6.300701235104867
hsa-miR-581,0.40003455224373086,1.0,0.0,0.0,0.0,0.0,0.0
hsa-miR-9-5p,0.6307003031028358,1.0,0.0,0.0,0.0,0.0,0.0
hsa-miR-627-3p,1.0,1.0,0.0,0.0,0.0,0.0,0.0
hsa-miR-494-3p,0.17344322319389383,1.0,0.0,0.0,0.0,0.0,0.0
hsa-miR-4738-3p,0.7663826042700429,1.0,0.0,0.0,0.0,0.0,0.0
hsa-miR-4786-3p,1.0,1.0,0.0,0.0,0.0,0.0,0.0
hsa-miR-7706,0.8343342195667406,1.0,0.0,0.0,0.0,0.0,0.0
hsa-miR-3928-5p,0.05063268316873131,0.5623005151902988,0.0,0.0,0.0,0.0,0.0
hsa-miR-6806-3p,0.4905224049490865,1.0,0.0,0.0,0.0,0.0,0.0
hsa-miR-493-3p,0.13575409813556077,0.9630856773390726,-1.4995547824969642,0.0,1.4995547824969642,1.8569625140856814,0.0
hsa-miR-5585-5p,1.0,1.0,0.0,0.0,0.0,0.0,0.0
hsa-miR-4670-3p,0.27622632794050495,1.0,0.0,0.0,0.0,0.0,0.0
hsa-miR-4790-3p,1.0,1.0,0.0,0.0,0.0,0.0,0.0
hsa-miR-549a-3p,0.4881743138811171,1.0,0.0,0.0,0.0,0.0,0.0
hsa-miR-4462,1.0,1.0,0.0,0.0,0.0,0.0,0.0
hsa-miR-2277-3p,0.27136541810964293,1.0,0.0,0.0,0.0,0.0,0.0
hsa-miR-7114-3p,1.0,1.0,0.0,0.0,0.0,0.0,0.0
hsa-miR-6859-3p,1.0,1.0,0.0,0.0,0.0,0.0,0.0
hsa-miR-6846-3p,1.0,1.0,0.0,0.0,0.0,0.0,0.0
hsa-miR-29c-5p,0.7276551968649134,1.0,0.0,0.0,0.0,0.0,0.0
hsa-miR-6821-3p,1.0,1.0,0.0,0.0,0.0,0.0,0.0
hsa-miR-3661,0.27622632794050495,1.0,0.0,0.0,0.0,0.0,0.0
hsa-miR-6759-3p,1.0,1.0,0.0,0.0,0.0,0.0,0.0
hsa-miR-6786-3p,0.40003455224373086,1.0,0.0,0.0,0.0,0.0,0.0
hsa-miR-6831-3p,1.0,1.0,0.0,0.0,0.0,0.0,0.0
hsa-miR-10525-3p,1.0,1.0,0.0,0.0,0.0,0.0,0.0
hsa-miR-4522,1.0,1.0,0.0,0.0,0.0,0.0,0.0
hsa-miR-6857-3p,0.05937737485673287,0.623485660401127,0.0,0.0,0.0,0.0,0.0
hsa-miR-5002-3p,1.0,1.0,0.0,0.0,0.0,0.0,0.0
hsa-miR-6505-3p,1.0,1.0,0.0,0.0,0.0,0.0,0.0
hsa-miR-589-5p,0.717100094110632,1.0,1.4064411840969342,3.260619089700204,2.0986545402396635,3.4700625976030466,3.5050957243365977
hsa-miR-146b-5p,0.004653575877687095,0.09798569368057947,-0.29018488584683144,2.484260886942778,5.043722776386658,4.683446637080323,4.7535378905398264
hsa-miR-146a-5p,0.02177017097408782,0.3312086127387234,-0.10362374812775421,6.074715174608565,7.257298341273708,7.027393217598714,7.153674593145954
hsa-miR-7153-5p,1.0,1.0,0.0,0.0,0.0,0.0,0.0
hsa-miR-6770-5p,1.0,1.0,0.0,0.0,0.0,0.0,0.0
hsa-miR-4524a-3p,0.40003455224373086,1.0,0.0,0.0,0.0,0.0,0.0
hsa-miR-4786-5p,0.5808439989188321,1.0,0.0,0.0,0.0,0.0,0.0
hsa-miR-769-5p,0.0002460638429829538,0.008751892361231545,-1.5003450138119563,0.0,4.854517788826776,3.1827705439767198,3.3541727750148196
hsa-miR-4693-3p,1.0,1.0,0.0,0.0,0.0,0.0,0.0
hsa-miR-143-3p,8.355826058969203e-13,8.83463335017599e-10,-0.47296934549073555,9.671352981620359,12.28734737924065,11.417538256700556,11.814378033749914
hsa-miR-4770,1.0,1.0,0.0,0.0,0.0,0.0,0.0
hsa-miR-3663-3p,1.0,1.0,0.0,0.0,0.0,0.0,0.0
hsa-miR-1225-3p,1.0,1.0,0.0,0.0,0.0,0.0,0.0
hsa-miR-1233-3p,1.0,1.0,0.0,0.0,0.0,0.0,0.0
hsa-miR-4537,1.0,1.0,0.0,0.0,0.0,0.0,0.0
hsa-miR-6823-3p,1.0,1.0,0.0,0.0,0.0,0.0,0.0
hsa-miR-339-3p,0.9587305197215985,1.0,0.016003838400448167,5.430134802191276,5.666145468010199,5.647891504981639,5.682149306410647
hsa-miR-610,0.2780995863971251,1.0,0.43090119707103325,0.0,0.0,0.0,0.43090119707103325
hsa-miR-558,1.0,1.0,0.0,0.0,0.0,0.0,0.0
hsa-miR-5004-5p,0.40003455224373086,1.0,0.0,0.0,0.0,0.0,0.0
hsa-miR-3150b-3p,0.8504752022597794,1.0,0.0,0.0,0.0,0.0,0.0
hsa-miR-4784,0.9968352750708429,1.0,0.0,0.0,0.0,0.0,0.0
hsa-miR-3679-5p,0.9278260522612772,1.0,0.0,0.0,0.0,1.5079462165682465,0.0
hsa-miR-3605-5p,0.003048637291886941,0.07038608203724939,3.2457858924197702,3.7310952204378247,0.0,3.387673816385614,3.2457858924197702
hsa-miR-1827,0.2299198117177274,1.0,0.0,0.0,0.0,0.0,0.0
hsa-miR-5008-5p,1.0,1.0,0.0,0.0,0.0,0.0,0.0
hsa-miR-3975,1.0,1.0,0.0,0.0,0.0,0.0,0.0
hsa-miR-2467-5p,1.0,1.0,0.0,0.0,0.0,0.0,0.0
hsa-miR-3126-5p,1.0,1.0,0.0,0.0,0.0,0.0,0.0
hsa-miR-6875-5p,1.0,1.0,0.0,0.0,0.0,0.0,0.0
hsa-miR-6133,1.0,1.0,0.0,0.0,0.0,0.0,0.0
hsa-miR-4510,0.6523976878913695,1.0,0.0,0.0,0.0,0.0,0.0
hsa-miR-6130,0.989820401583996,1.0,0.0,0.0,0.0,0.0,0.0
hsa-miR-6127,1.0,1.0,0.0,0.0,0.0,0.0,0.0
hsa-miR-6129,0.5798089221724716,1.0,0.0,0.0,0.0,0.0,0.0
hsa-miR-4721,0.6311062300976302,1.0,0.0,0.0,0.0,0.0,0.0
hsa-miR-423-5p,7.210085547604491e-11,2.7109921658992887e-08,0.026870189299350145,14.827349185184415,13.77407855064389,13.716047530434052,13.800948739943241
hsa-miR-3184-5p,1.0,1.0,0.0,0.0,0.0,0.0,0.0
hsa-miR-5194,0.29753678420127394,1.0,0.0,0.0,0.0,0.0,0.0
hsa-miR-6804-5p,0.5364905725028721,1.0,0.0,0.0,0.0,0.0,0.0
hsa-let-7e-5p,0.0016813561435315885,0.04425329369775141,-0.41767223047325963,9.069868635885806,9.799485001982198,9.689427439986193,9.381812771508939
hsa-miR-98-5p,5.587684358399766e-10,1.6340872479231315e-07,-0.11937228664473842,10.721343627455674,11.626787416921056,11.773933144240333,11.507415130276318
hsa-let-7f-5p,1.0224797963036492e-06,8.315199680290333e-05,-0.27291871509060606,14.511058123266618,15.129451758624066,15.162612394691347,14.85653304353346
hsa-let-7a-5p,0.0025143688620876204,0.060713934357932264,-0.12895901185743597,16.040507653295865,16.251814570126275,16.32384374013703,16.12285555826884
hsa-let-7c-5p,1.025901779631729e-08,1.687608427494194e-06,-0.25728126769665494,9.552736884342064,11.019017919627556,10.754299473820685,10.761736651930901
hsa-let-7b-5p,0.06652149900333165,0.6582127269803342,-0.14896916550031136,16.30520275637045,16.366532500573953,16.39422478202361,16.217563335073642
hsa-miR-4500,0.4881743138811171,1.0,0.0,0.0,0.0,0.0,0.0
hsa-let-7g-5p,2.207664903311072e-05,0.0010018231078473693,-0.1565686144329863,15.006755291793125,15.755322047693765,15.625279826935438,15.598753433260779
hsa-let-7i-5p,1.3426494453155001e-12,8.83463335017599e-10,-0.13231665136782134,16.0208316487307,15.439221750139792,15.291599327317497,15.30690509877197
hsa-miR-7854-3p,0.752256533737228,1.0,0.0,0.0,0.0,0.0,0.0
hsa-miR-6134,0.40003455224373086,1.0,0.0,0.0,0.0,0.0,0.0
hsa-miR-1911-5p,0.40003455224373086,1.0,0.0,0.0,0.0,0.0,0.0
hsa-miR-496,0.3192855246817527,1.0,0.0,0.0,0.0,0.0,0.0
hsa-miR-5702,1.0,1.0,0.0,0.0,0.0,0.0,0.0
hsa-miR-1236-5p,0.3499467211391873,1.0,0.0,0.0,0.0,0.0,0.0
hsa-miR-4765,1.0,1.0,0.0,0.0,0.0,0.0,0.0
hsa-miR-1909-5p,0.9422358437588106,1.0,0.0,0.0,0.0,0.0,0.0
hsa-miR-4745-5p,0.6356668760794899,1.0,0.0,0.0,0.0,0.0,0.0
hsa-miR-574-5p,0.07998406116664084,0.720750852191111,0.04420734440704699,8.760167322799933,8.499578871645225,8.395980645315234,8.543786216052272
hsa-miR-3659,0.76571553972312,1.0,0.0,0.0,0.0,0.0,0.0
hsa-miR-571,1.0,1.0,0.0,0.0,0.0,0.0,0.0
hsa-miR-190a-5p,0.028374948743630415,0.39306771101702764,0.0,0.0,0.0,0.0,0.0
hsa-miR-190b-5p,0.076706287470052,0.7133955781667026,2.140984600896311,0.0,0.0,2.335128527890079,2.140984600896311
hsa-miR-4772-5p,1.0,1.0,0.0,0.0,0.0,0.0,0.0
hsa-miR-4695-3p,1.0,1.0,0.0,0.0,0.0,0.0,0.0
hsa-miR-3682-3p,0.1049346351881631,0.8574351322358825,0.0,0.0,0.0,0.0,0.0
hsa-miR-8082,1.0,1.0,0.0,0.0,0.0,0.0,0.0
hsa-miR-3134,1.0,1.0,0.0,0.0,0.0,0.0,0.0
hsa-miR-509-3p,1.0,1.0,0.0,0.0,0.0,0.0,0.0
hsa-miR-508-3p,0.1476664756970076,1.0,0.0,0.0,0.0,0.0,0.0
hsa-miR-219a-5p,1.0,1.0,0.0,0.0,0.0,0.0,0.0
hsa-miR-4782-3p,1.0,1.0,0.0,0.0,0.0,0.0,0.0
hsa-miR-6766-3p,1.0,1.0,0.0,0.0,0.0,0.0,0.0
hsa-miR-548f-5p,1.0,1.0,0.0,0.0,0.0,0.0,0.0
hsa-miR-548g-5p,0.019109543316349425,0.3011755569379143,0.0,0.0,0.0,0.0,0.0
hsa-miR-891a-5p,1.0,1.0,0.0,0.0,0.0,0.0,0.0
hsa-miR-891b,1.0,1.0,0.0,0.0,0.0,0.0,0.0
hsa-miR-4696,1.0,1.0,0.0,0.0,0.0,0.0,0.0
hsa-miR-5589-3p,1.0,1.0,0.0,0.0,0.0,0.0,0.0
hsa-miR-767-5p,1.0,1.0,0.0,0.0,0.0,0.0,0.0
hsa-miR-3177-3p,0.06307233727418395,0.6435653761983156,0.0,0.0,0.0,0.0,0.0
hsa-miR-4660,0.2937640289078808,1.0,0.0,0.0,0.0,0.0,0.0
hsa-miR-1286,0.4796093688044928,1.0,0.0,0.0,0.0,0.0,0.0
hsa-miR-6722-3p,1.0,1.0,0.0,0.0,0.0,0.0,0.0
hsa-miR-7112-3p,1.0,1.0,0.0,0.0,0.0,0.0,0.0
hsa-miR-4711-5p,1.0,1.0,0.0,0.0,0.0,0.0,0.0
hsa-miR-6797-3p,1.0,1.0,0.0,0.0,0.0,0.0,0.0
hsa-miR-5189-3p,0.0029231784731207034,0.06852101502723773,0.0,0.0,0.0,0.0,0.0
hsa-miR-4641,1.0,1.0,0.0,0.0,0.0,0.0,0.0
hsa-miR-5699-5p,0.4796093688044928,1.0,0.0,0.0,0.0,0.0,0.0
hsa-miR-4758-3p,1.0,1.0,0.0,0.0,0.0,0.0,0.0
hsa-miR-3189-5p,1.0,1.0,0.0,0.0,0.0,0.0,0.0
hsa-miR-18b-3p,0.27622632794050495,1.0,0.0,0.0,0.0,0.0,0.0
hsa-miR-4290,1.0,1.0,0.0,0.0,0.0,0.0,0.0
hsa-miR-7976,0.23576476887049413,1.0,0.0,0.0,0.0,0.0,0.0
hsa-miR-6799-3p,1.0,1.0,0.0,0.0,0.0,0.0,0.0
hsa-miR-3173-5p,0.5515156250047097,1.0,0.0,0.0,0.0,0.0,0.0
hsa-miR-938,1.0,1.0,0.0,0.0,0.0,0.0,0.0
hsa-miR-6886-3p,0.40003455224373086,1.0,0.0,0.0,0.0,0.0,0.0
hsa-miR-4632-3p,0.40003455224373086,1.0,0.0,0.0,0.0,0.0,0.0
hsa-miR-24-2-5p,0.27622632794050495,1.0,0.0,0.0,0.0,0.0,0.0
hsa-miR-24-1-5p,0.4796093688044928,1.0,0.0,0.0,0.0,0.0,0.0
hsa-miR-3135a,0.40003455224373086,1.0,0.0,0.0,0.0,0.0,0.0
hsa-miR-6778-3p,1.0,1.0,0.0,0.0,0.0,0.0,0.0
hsa-miR-6829-3p,1.0,1.0,0.0,0.0,0.0,0.0,0.0
hsa-miR-6791-3p,0.6325398622931779,1.0,0.0,0.0,0.0,0.0,0.0
hsa-miR-6781-3p,1.0,1.0,0.0,0.0,0.0,0.0,0.0
hsa-miR-3116,1.0,1.0,0.0,0.0,0.0,0.0,0.0
hsa-miR-661,1.0,1.0,0.0,0.0,0.0,0.0,0.0
hsa-miR-214-5p,0.27622632794050495,1.0,0.0,0.0,0.0,0.0,0.0
hsa-miR-4297,1.0,1.0,0.0,0.0,0.0,0.0,0.0
hsa-miR-3683,1.0,1.0,0.0,0.0,0.0,0.0,0.0
hsa-miR-668-5p,1.0,1.0,0.0,0.0,0.0,0.0,0.0
hsa-miR-6820-5p,0.27136541810964293,1.0,0.0,0.0,0.0,0.0,0.0
hsa-miR-1199-3p,1.0,1.0,0.0,0.0,0.0,0.0,0.0
hsa-miR-4749-5p,0.11358104226448124,0.8668220229630994,0.0,0.0,0.0,0.0,0.0
hsa-miR-744-5p,4.484632022521688e-06,0.0002623011440728241,-0.24627947773756986,6.719255825813139,8.444081652178857,8.06767380106639,8.197802174441287
hsa-miR-6854-3p,1.0,1.0,0.0,0.0,0.0,0.0,0.0
hsa-miR-8086,1.0,1.0,0.0,0.0,0.0,0.0,0.0
hsa-miR-31-3p,1.0,1.0,0.0,0.0,0.0,0.0,0.0
hsa-miR-3934-3p,1.0,1.0,0.0,0.0,0.0,0.0,0.0
hsa-miR-7160-5p,1.0,1.0,0.0,0.0,0.0,0.0,0.0
hsa-miR-8075,1.0,1.0,0.0,0.0,0.0,0.0,0.0
hsa-miR-6882-3p,1.0,1.0,0.0,0.0,0.0,0.0,0.0
hsa-miR-1287-5p,0.10195262686612759,0.851870837814755,0.6591678337099687,3.962654983133352,3.4258562890184514,4.216987979704757,4.08502412272842
hsa-miR-5580-5p,1.0,1.0,0.0,0.0,0.0,0.0,0.0
hsa-miR-4731-5p,0.1803582343092309,1.0,0.0,0.0,0.0,0.0,0.0
hsa-miR-4999-5p,0.28374295211973666,1.0,0.0,0.0,0.0,0.0,0.0
hsa-miR-4804-3p,1.0,1.0,0.0,0.0,0.0,0.0,0.0
hsa-miR-4720-3p,1.0,1.0,0.0,0.0,0.0,0.0,0.0
hsa-miR-516b-3p,1.0,1.0,0.0,0.0,0.0,0.0,0.0
hsa-miR-7162-5p,1.0,1.0,0.0,0.0,0.0,0.0,0.0
hsa-miR-3148,1.0,1.0,0.0,0.0,0.0,0.0,0.0
hsa-miR-147b-5p,1.0,1.0,0.0,0.0,0.0,0.0,0.0
hsa-miR-7-5p,0.1559035986526262,1.0,-0.18324391977224685,9.164602540897988,9.78382702341838,9.65286110541201,9.600583103646134
hsa-miR-4533,0.6860504137942074,1.0,0.0,0.0,0.0,0.0,0.0
hsa-miR-3202,0.04030092545988965,0.48656897160747503,0.0,0.0,0.0,0.0,0.0
hsa-miR-1-3p,2.0216198007228448e-07,2.217043048126053e-05,0.5680151470313541,4.437261316893432,6.925562028968331,6.853938660668836,7.493577175999685
hsa-miR-206,3.00536900448014e-07,2.9296782295524918e-05,-1.3526782467919087,5.083388639350252,7.740979870917789,6.774220336633633,6.38830162412588
hsa-miR-6861-3p,0.4881743138811171,1.0,0.0,0.0,0.0,0.0,0.0
hsa-miR-184,0.08191498334168376,0.7283791762003772,-2.0275567203382643,0.0,4.442108995614523,2.6425514034964683,2.414552275276259
hsa-miR-1288-3p,0.397248021309349,1.0,0.0,0.0,0.0,0.0,0.0
hsa-miR-139-3p,0.006431247659682619,0.12459565499995134,-0.1997475304453662,3.6570169677467153,5.346500590639186,5.028217465269618,5.14675306019382
hsa-miR-4306,0.1793317855846019,1.0,0.0,0.0,0.0,0.0,0.0
hsa-miR-185-5p,0.5513299880061677,1.0,0.15134570513035328,12.450875132101453,12.544967342469857,12.486659474411848,12.69631304760021
hsa-miR-4644,0.9194290214723817,1.0,0.0,0.0,0.0,0.0,0.0
hsa-miR-4683,0.8825545522880798,1.0,0.0,0.0,0.0,0.0,0.0
hsa-miR-765,0.8860380269762851,1.0,0.0,0.0,0.0,0.0,0.0
hsa-miR-1289,0.30476746412928574,1.0,0.0,0.0,0.0,0.0,0.0
hsa-miR-122-5p,0.0005122303172336051,0.016243255360949983,0.6055322388967017,14.747873926461288,15.360233881685742,15.213783682598235,15.965766120582444
hsa-miR-4653-3p,0.4690842781164454,1.0,0.0,0.0,0.0,0.0,0.0
hsa-miR-4791,1.0,1.0,0.0,0.0,0.0,0.0,0.0
hsa-miR-6744-5p,1.0,1.0,0.0,0.0,0.0,0.0,0.0
hsa-miR-4764-5p,1.0,1.0,0.0,0.0,0.0,0.0,0.0
hsa-miR-876-5p,0.5808439989188321,1.0,0.0,0.0,0.0,0.0,0.0
hsa-miR-1290,0.3384925021046523,1.0,-0.21714230041315297,5.49547010943885,6.476975019138584,5.957369390142497,6.2598327187254315
hsa-miR-4470,0.6325398622931779,1.0,0.0,0.0,0.0,0.0,0.0
hsa-miR-6809-5p,0.897184759603444,1.0,0.0,0.0,0.0,0.0,0.0
hsa-miR-9851-3p,1.0,1.0,0.0,0.0,0.0,0.0,0.0
hsa-miR-1207-5p,1.0,1.0,0.0,0.0,0.0,0.0,0.0
hsa-miR-449a,0.2945480026117752,1.0,0.0,0.0,0.0,0.0,0.0
hsa-miR-34a-5p,1.0817755361193568e-07,1.294196914120976e-05,0.16593996843696068,4.7862221291934794,7.2089944666577335,6.984454241791842,7.374934435094694
hsa-miR-548au-3p,1.0,1.0,0.0,0.0,0.0,0.0,0.0
hsa-miR-3926,1.0,1.0,0.0,0.0,0.0,0.0,0.0
hsa-miR-3136-3p,1.0,1.0,0.0,0.0,0.0,0.0,0.0
hsa-miR-7155-3p,1.0,1.0,0.0,0.0,0.0,0.0,0.0
hsa-miR-4745-3p,0.40003455224373086,1.0,0.0,0.0,0.0,0.0,0.0
hsa-miR-1291,0.4796093688044928,1.0,0.0,0.0,0.0,0.0,0.0
hsa-miR-6851-3p,1.0,1.0,0.0,0.0,0.0,0.0,0.0
hsa-miR-4743-5p,0.7762311433775111,1.0,0.0,0.0,0.0,0.0,0.0
hsa-miR-8053,1.0,1.0,0.0,0.0,0.0,0.0,0.0
hsa-miR-4467,0.25182920830941313,1.0,0.0,0.0,0.0,0.0,0.0
hsa-miR-6787-5p,0.27622632794050495,1.0,0.0,0.0,0.0,0.0,0.0
hsa-miR-24-3p,6.143087401061133e-08,8.084303019796452e-06,-0.25113374550103984,9.535390706406963,11.159733243645881,10.899634482613825,10.908599498144842
hsa-miR-10398-5p,1.0,1.0,0.0,0.0,0.0,0.0,0.0
hsa-miR-6762-3p,1.0,1.0,0.0,0.0,0.0,0.0,0.0
hsa-miR-4687-3p,0.5324807806679375,1.0,0.0,0.0,0.0,0.0,0.0
hsa-miR-6815-3p,1.0,1.0,0.0,0.0,0.0,0.0,0.0
hsa-miR-3119,1.0,1.0,0.0,0.0,0.0,0.0,0.0
hsa-miR-6733-5p,0.4881743138811171,1.0,0.0,0.0,0.0,0.0,0.0
hsa-miR-6739-5p,1.0,1.0,0.0,0.0,0.0,0.0,0.0
hsa-miR-1292-5p,0.6404633838743679,1.0,0.0,0.0,0.0,0.0,0.0
hsa-miR-4471,1.0,1.0,0.0,0.0,0.0,0.0,0.0
hsa-miR-6716-5p,1.0,1.0,0.0,0.0,0.0,0.0,0.0
hsa-miR-8085,1.0,1.0,0.0,0.0,0.0,0.0,0.0
hsa-miR-6731-5p,0.06841941402534121,0.6719399168458883,0.0,0.0,0.0,0.0,0.0
hsa-miR-6827-5p,1.0,1.0,0.0,0.0,0.0,0.0,0.0
hsa-miR-5591-5p,0.4881743138811171,1.0,0.0,0.0,0.0,0.0,0.0
hsa-miR-4300,1.0,1.0,0.0,0.0,0.0,0.0,0.0
hsa-miR-7106-5p,0.40003455224373086,1.0,0.0,0.0,0.0,0.0,0.0
hsa-miR-6785-5p,0.4836133424817679,1.0,0.0,0.0,0.0,0.0,0.0
hsa-miR-4728-5p,1.0,1.0,0.0,0.0,0.0,0.0,0.0
hsa-miR-4713-3p,1.0,1.0,0.0,0.0,0.0,0.0,0.0
hsa-miR-5187-5p,0.2031184277066331,1.0,0.0,0.0,0.0,0.0,0.0
hsa-miR-6721-5p,0.30933947497149106,1.0,0.0,0.0,0.0,0.0,0.0
hsa-miR-4640-5p,1.0,1.0,0.0,0.0,0.0,0.0,0.0
hsa-miR-6508-3p,1.0,1.0,0.0,0.0,0.0,0.0,0.0
hsa-miR-6729-5p,0.5372815492868552,1.0,0.0,0.0,0.0,0.0,0.0
hsa-miR-4649-5p,1.0,1.0,0.0,0.0,0.0,0.0,0.0
hsa-miR-10394-3p,1.0,1.0,0.0,0.0,0.0,0.0,0.0
hsa-miR-585-3p,1.0,1.0,0.0,0.0,0.0,0.0,0.0
hsa-miR-664b-5p,0.5216287777858537,1.0,0.0,0.0,0.0,0.0,0.0
hsa-miR-4437,0.6311062300976302,1.0,0.0,0.0,0.0,0.0,0.0
hsa-miR-4656,1.0,1.0,0.0,0.0,0.0,0.0,0.0
hsa-miR-6829-5p,1.0,1.0,0.0,0.0,0.0,0.0,0.0
hsa-miR-4498,0.1727857547844953,1.0,0.0,0.0,0.0,0.0,0.0
hsa-miR-4725-3p,0.11935586849476038,0.8896437006211644,0.0,0.0,0.0,0.0,0.0
hsa-miR-6780b-5p,0.6116210233767987,1.0,0.0,0.0,0.0,0.0,0.0
hsa-miR-3191-3p,0.3092630145359555,1.0,0.0,0.0,0.0,0.0,0.0
hsa-miR-1343-5p,0.3945216376595939,1.0,0.0,0.0,0.0,0.0,0.0
hsa-miR-939-5p,0.03411798731962274,0.4467589185335674,0.0,0.0,0.0,0.0,0.0
hsa-miR-6825-5p,0.8047107225562379,1.0,0.0,0.0,0.0,0.0,0.0
hsa-miR-4450,0.19890683655034605,1.0,0.0,0.0,0.0,0.0,0.0
hsa-miR-3180,0.7740342031547716,1.0,0.0,0.0,0.0,0.0,0.0
hsa-miR-3180-3p,0.29227340936806034,1.0,0.0,0.0,0.0,0.0,0.0
hsa-miR-6816-5p,1.0,1.0,0.0,0.0,0.0,0.0,0.0
hsa-miR-4489,0.36256869652749896,1.0,0.0,0.0,0.0,0.0,0.0
hsa-miR-4283,1.0,1.0,0.0,0.0,0.0,0.0,0.0
hsa-miR-6870-5p,1.0,1.0,0.0,0.0,0.0,0.0,0.0
hsa-miR-4723-5p,0.13886010785278793,0.974716361476493,0.0,0.0,0.0,0.0,0.0
hsa-miR-7111-5p,1.0,1.0,0.0,0.0,0.0,0.0,0.0
hsa-miR-5698,0.7772989325224668,1.0,0.0,0.0,0.0,0.0,0.0
hsa-miR-6846-5p,1.0,1.0,0.0,0.0,0.0,0.0,0.0
hsa-miR-6848-5p,0.3250174564277288,1.0,0.0,0.0,0.0,0.0,0.0
hsa-miR-6887-5p,1.0,1.0,0.0,0.0,0.0,0.0,0.0
hsa-miR-6795-5p,1.0,1.0,0.0,0.0,0.0,0.0,0.0
hsa-miR-6842-5p,0.37348288512832756,1.0,0.0,0.0,0.0,0.0,0.0
hsa-miR-7110-5p,0.543212838492461,1.0,0.0,0.0,0.0,0.0,0.0
hsa-miR-6881-5p,0.40383356417525196,1.0,0.0,0.0,0.0,0.0,0.0
hsa-miR-4664-5p,1.0,1.0,0.0,0.0,0.0,0.0,0.0
hsa-miR-3132,1.0,1.0,0.0,0.0,0.0,0.0,0.0
hsa-miR-193a-5p,0.00015559003108446637,0.005934970461077036,-0.013101537456847723,7.4465015181898915,8.598445135239016,8.256928141124185,8.585343597782169
hsa-miR-6745,1.0,1.0,0.0,0.0,0.0,0.0,0.0
hsa-miR-1293,1.0,1.0,0.0,0.0,0.0,0.0,0.0
hsa-miR-6772-5p,0.40003455224373086,1.0,0.0,0.0,0.0,0.0,0.0
hsa-miR-23b-5p,0.7138598924543829,1.0,0.0,0.0,0.0,0.0,0.0
hsa-miR-629-5p,2.5082662162512016e-15,6.601756681173162e-12,0.028862841417030438,10.31641963795305,9.133787091999318,8.99265567867324,9.162649933416349
hsa-miR-379-5p,0.0035471093735505526,0.08048268854469874,0.0,0.0,0.0,0.4343180781837628,0.0
hsa-miR-4451,1.0,1.0,0.0,0.0,0.0,0.0,0.0
hsa-miR-6801-5p,1.0,1.0,0.0,0.0,0.0,0.0,0.0
hsa-miR-10393-3p,1.0,1.0,0.0,0.0,0.0,0.0,0.0
hsa-miR-412-5p,0.5227159206246728,1.0,0.0,0.0,0.0,0.0,0.0
hsa-miR-601,1.0,1.0,0.0,0.0,0.0,0.0,0.0
hsa-miR-4527,1.0,1.0,0.0,0.0,0.0,0.0,0.0
hsa-miR-6753-3p,1.0,1.0,0.0,0.0,0.0,0.0,0.0
hsa-miR-7107-3p,1.0,1.0,0.0,0.0,0.0,0.0,0.0
hsa-miR-675-5p,0.05020708712480212,0.5623005151902988,0.0,0.0,0.0,0.0,0.0
hsa-miR-6880-5p,1.0,1.0,0.0,0.0,0.0,0.0,0.0
hsa-miR-541-3p,1.0,1.0,0.0,0.0,0.0,0.0,0.0
hsa-miR-654-5p,1.0,1.0,0.0,0.0,0.0,0.0,0.0
hsa-miR-6769b-5p,0.40003455224373086,1.0,0.0,0.0,0.0,0.0,0.0
hsa-miR-876-3p,1.0,1.0,0.0,0.0,0.0,0.0,0.0
hsa-miR-182-3p,1.0,1.0,0.0,0.0,0.0,0.0,0.0
hsa-miR-597-3p,0.27622632794050495,1.0,0.0,0.0,0.0,0.0,0.0
hsa-miR-380-5p,0.5419086920421312,1.0,0.0,0.0,0.0,0.0,0.0
hsa-miR-299-5p,0.0319775901118369,0.4250758443149229,0.0,0.0,0.0,0.0,0.0
hsa-miR-30d-5p,0.008314331857177535,0.1574339672524552,-0.09726252532938418,10.919679332322524,11.401728438782783,11.157640873798503,11.304465913453399
hsa-miR-30b-5p,0.001982868097124284,0.05046310403977702,-0.13384900613578843,0.0,2.889251495947189,3.340999612466043,2.7554024898114005
hsa-miR-30c-5p,1.1035708535163385e-06,8.542936724867656e-05,1.764106088964152,0.0,2.383127350805228,4.210892499248179,4.14723343976938
hsa-miR-30a-5p,8.1726984450004e-09,1.5364673076600753e-06,0.22225704596576712,7.656303724013624,9.247380085726682,8.69687176603186,9.46963713169245
hsa-miR-30e-5p,2.773201537842653e-07,2.8073332490776394e-05,-0.012670782640844536,11.997145795462727,13.074931751601357,12.820824530639994,13.062260968960512
hsa-miR-194-5p,0.0011577077251872275,0.032764373469814874,0.9864553835272094,4.112985100856154,4.790146459898693,5.328748874031425,5.776601843425903
hsa-miR-4732-5p,3.6924660773457004e-11,1.9437141431147767e-08,-0.09750441145327571,8.769699564609816,7.703644385269531,7.611780527765865,7.606139973816255
hsa-miR-3935,1.0,1.0,0.0,0.0,0.0,0.0,0.0
hsa-miR-8065,1.0,1.0,0.0,0.0,0.0,0.0,0.0
hsa-miR-6806-5p,1.0,1.0,0.0,0.0,0.0,0.0,0.0
hsa-miR-142-3p,5.135777822423697e-09,1.079354901430284e-06,-0.20014291600641876,8.961019103053747,11.127851530673459,11.144744871797938,10.92770861466704
hsa-miR-4703-3p,1.0,1.0,0.0,0.0,0.0,0.0,0.0
hsa-miR-12122,1.0,1.0,0.0,0.0,0.0,0.0,0.0
hsa-miR-6879-3p,0.40003455224373086,1.0,0.0,0.0,0.0,0.0,0.0
hsa-miR-668-3p,0.4881743138811171,1.0,0.0,0.0,0.0,0.0,0.0
hsa-miR-4697-3p,1.0,1.0,0.0,0.0,0.0,0.0,0.0
hsa-miR-223-3p,6.916493173129766e-11,2.7109921658992887e-08,-0.5234198148195723,8.7228323309829,11.577234739257008,11.40482299729139,11.053814924437436
hsa-miR-3909,0.4905224049490865,1.0,0.0,0.0,0.0,0.0,0.0
hsa-miR-6852-3p,1.0,1.0,0.0,0.0,0.0,0.0,0.0
hsa-miR-4440,0.5338668646019078,1.0,0.0,0.0,0.0,0.0,0.0
hsa-miR-3618,1.0,1.0,0.0,0.0,0.0,0.0,0.0
hsa-miR-934,1.0,1.0,0.0,0.0,0.0,0.0,0.0
hsa-miR-4796-5p,1.0,1.0,0.0,0.0,0.0,0.0,0.0
hsa-miR-6895-3p,1.0,1.0,0.0,0.0,0.0,0.0,0.0
hsa-miR-593-3p,1.0,1.0,0.0,0.0,0.0,0.0,0.0
hsa-miR-346,1.0,1.0,0.0,0.0,0.0,0.0,0.0
hsa-miR-550a-3p,0.12507878938105144,0.917012182871664,0.0,0.0,0.0,0.0,0.0
hsa-miR-6740-3p,1.0,1.0,0.0,0.0,0.0,0.0,0.0
hsa-miR-431-5p,0.1141552031230849,0.8668220229630994,-2.177867376650102,0.16505449381266157,2.696586623319541,4.030900852968074,0.5187192466694384
hsa-miR-6830-3p,1.0,1.0,0.0,0.0,0.0,0.0,0.0
hsa-miR-4504,0.35838121788721206,1.0,0.0,0.0,0.0,0.0,0.0
hsa-miR-542-3p,0.010388126990773164,0.18727089205284225,1.3910060450439354,0.0,1.5813735601323666,3.055251580010031,2.972379605176302
hsa-miR-7973,1.0,1.0,0.0,0.0,0.0,0.0,0.0
hsa-miR-3118,1.0,1.0,0.0,0.0,0.0,0.0,0.0
hsa-miR-134-5p,0.5339858585442245,1.0,3.1463354650247846,0.0,0.0,2.803700777407378,3.1463354650247846
hsa-miR-6820-3p,0.40003455224373086,1.0,0.0,0.0,0.0,0.0,0.0
hsa-miR-3164,0.6390548835010628,1.0,0.0,0.0,0.0,0.0,0.0
hsa-miR-1294,2.614975050017304e-06,0.00016648519427118797,0.6461176212157733,7.007035320898943,5.269653604506746,5.450724885965604,5.915771225722519
hsa-miR-9986,0.40003455224373086,1.0,0.0,0.0,0.0,0.0,0.0
hsa-miR-3689a-5p,1.0,1.0,0.0,0.0,0.0,0.0,0.0
hsa-miR-3689f,1.0,1.0,0.0,0.0,0.0,0.0,0.0
hsa-miR-19b-3p,0.027391203003541684,0.391813295137618,-0.8777228467371674,0.0,3.7508161858986666,3.5575313989097928,2.8730933391614992
hsa-miR-19a-3p,0.054712486819222465,0.5926060300748706,0.30501456614108485,0.0,0.0,0.0,0.30501456614108485
hsa-miR-3944-5p,0.11493954635794897,0.8668220229630994,0.0,0.0,0.0,0.0,0.0
hsa-miR-933,1.0,1.0,0.0,0.0,0.0,0.0,0.0
hsa-miR-636,0.7564638425086853,1.0,0.0,0.0,0.0,0.0,0.0
hsa-miR-3190-3p,0.27622632794050495,1.0,0.0,0.0,0.0,0.0,0.0
hsa-miR-3138,0.5197766281214162,1.0,0.0,0.0,0.0,0.0,0.0
hsa-miR-4648,0.4881743138811171,1.0,0.0,0.0,0.0,0.0,0.0
hsa-miR-4654,0.43442940508811734,1.0,0.0,0.0,0.0,0.0,0.0
hsa-miR-6748-5p,0.4881743138811171,1.0,0.0,0.0,0.0,0.0,0.0
hsa-miR-6793-5p,0.48425494262186897,1.0,0.0,0.0,0.0,0.0,0.0
hsa-miR-4536-5p,0.4796093688044928,1.0,0.0,0.0,0.0,0.0,0.0
hsa-miR-3177-5p,1.0,1.0,0.0,0.0,0.0,0.0,0.0
hsa-miR-597-5p,1.0,1.0,0.0,0.0,0.0,0.0,0.0
hsa-miR-3657,0.2289496037577296,1.0,0.0,0.0,0.0,0.0,0.0
hsa-miR-4669,0.16387113957842364,1.0,0.0,0.0,0.0,0.0,0.0
hsa-miR-3911,0.9550803259259196,1.0,0.0,0.0,0.0,0.0,0.0
hsa-miR-6867-5p,0.8503231707793171,1.0,0.0,0.0,0.0,0.0,0.0
hsa-miR-3152-3p,1.0,1.0,0.0,0.0,0.0,0.0,0.0
hsa-miR-1206,1.0,1.0,0.0,0.0,0.0,0.0,0.0
hsa-miR-6853-3p,0.27622632794050495,1.0,0.0,0.0,0.0,0.0,0.0
hsa-miR-4326,0.6311062300976302,1.0,0.0,0.0,0.0,0.0,0.0
hsa-miR-2117,1.0,1.0,0.0,0.0,0.0,0.0,0.0
hsa-miR-4684-3p,0.27622632794050495,1.0,0.0,0.0,0.0,0.0,0.0
hsa-miR-4425,1.0,1.0,0.0,0.0,0.0,0.0,0.0
hsa-miR-3613-5p,0.7666206545668591,1.0,0.4938003932626476,5.497156148600528,4.817055312933199,5.306061211530349,5.310855706195847
hsa-miR-6755-3p,0.40003455224373086,1.0,0.0,0.0,0.0,0.0,0.0
hsa-miR-5705,1.0,1.0,0.0,0.0,0.0,0.0,0.0
hsa-miR-8068,1.0,1.0,0.0,0.0,0.0,0.0,0.0
hsa-miR-2052,1.0,1.0,0.0,0.0,0.0,0.0,0.0
hsa-miR-4764-3p,1.0,1.0,0.0,0.0,0.0,0.0,0.0
hsa-miR-499a-5p,0.047351655393033834,0.549028885438172,-0.3655964621657457,4.337996088072989,5.9490058993667745,5.3865711151287785,5.583409437201029
hsa-miR-889-3p,0.7244906526296804,1.0,0.0,0.0,0.0,0.0,0.0
hsa-miR-155-5p,2.436741377757617e-06,0.00016033758265645122,-0.44640074678638797,6.998057180987654,8.46632952266129,8.197453325137504,8.019928775874902
hsa-miR-4775,0.40003455224373086,1.0,0.0,0.0,0.0,0.0,0.0
hsa-miR-3941,0.40003455224373086,1.0,0.0,0.0,0.0,0.0,0.0
hsa-miR-4672,0.9873108497608566,1.0,0.0,0.0,0.0,0.0,0.0
hsa-miR-582-5p,0.6467114415506476,1.0,0.0,0.0,0.0,0.0,0.0
hsa-miR-4788,1.0,1.0,0.0,0.0,0.0,0.0,0.0
hsa-miR-5687,1.0,1.0,0.0,0.0,0.0,0.0,0.0
hsa-miR-3684,0.4082762495337018,1.0,0.0,0.0,0.0,0.0,0.0
hsa-miR-6866-5p,0.5796488699054416,1.0,0.0,0.0,0.0,0.0,0.0
hsa-miR-4662a-5p,0.4087962751237977,1.0,0.0,0.0,0.0,0.0,0.0
hsa-miR-4321,1.0,1.0,0.0,0.0,0.0,0.0,0.0
hsa-miR-5579-3p,1.0,1.0,0.0,0.0,0.0,0.0,0.0
hsa-miR-5704,1.0,1.0,0.0,0.0,0.0,0.0,0.0
hsa-miR-1295a,0.7360989078864115,1.0,0.0,0.0,0.0,0.0,0.0
hsa-miR-12116,1.0,1.0,0.0,0.0,0.0,0.0,0.0
hsa-miR-3162-5p,1.0,1.0,0.0,0.0,0.0,0.0,0.0
hsa-miR-1296-5p,0.17827191064393064,1.0,0.0,0.0,0.0,0.0,0.0
hsa-miR-4540,1.0,1.0,0.0,0.0,0.0,0.0,0.0
hsa-miR-4474-5p,1.0,1.0,0.0,0.0,0.0,0.0,0.0
hsa-miR-3606-5p,1.0,1.0,0.0,0.0,0.0,0.0,0.0
hsa-miR-4671-3p,1.0,1.0,0.0,0.0,0.0,0.0,0.0
hsa-miR-340-5p,2.1594728468470896e-05,0.000997146058403779,-0.36224137924598576,6.079376432534968,7.699295835176151,7.251858285268153,7.337054455930165
hsa-miR-374a-5p,1.374252388571882e-08,2.1276660510124664e-06,0.18412107732201033,0.0,4.903929576259734,5.011863682282332,5.088050653581744
hsa-miR-361-5p,0.09451306447023976,0.8178717235028893,-0.2967337816891549,7.273991129202248,7.890955527597925,7.396640634959004,7.59422174590877
hsa-miR-9903,0.5348563118651122,1.0,0.0,0.0,0.0,0.0,0.0
hsa-miR-584-5p,0.1784637916892856,1.0,0.0,0.0,0.0,1.0727530019832812,0.0
hsa-miR-12123,1.0,1.0,0.0,0.0,0.0,0.0,0.0
hsa-miR-137-3p,0.9378700195245495,1.0,0.0,0.0,0.0,0.0,0.0
hsa-miR-5701,1.0,1.0,0.0,0.0,0.0,0.0,0.0
hsa-miR-7159-5p,1.0,1.0,0.0,0.0,0.0,0.0,0.0
hsa-miR-95-3p,0.021508307227355118,0.3291271198976667,-0.625515279895855,4.678307175760063,5.900139990701841,5.130295777378574,5.274624710805986
hsa-miR-26a-5p,4.5207803377394685e-09,1.079354901430284e-06,-0.15503516384865001,11.733694448968176,13.020255444723555,13.035191794507544,12.865220280874905
hsa-miR-26b-5p,1.1902196148870095e-12,8.83463335017599e-10,-0.000386063159540484,11.393035498969365,13.34582736915218,13.391974199629878,13.34544130599264
hsa-miR-1297,1.0,1.0,0.0,0.0,0.0,0.0,0.0
hsa-miR-513b-5p,0.5326991183512979,1.0,0.0,0.0,0.0,0.0,0.0
hsa-miR-513a-5p,0.7765769396917102,1.0,0.0,0.0,0.0,0.0,0.0
hsa-miR-9985,0.20246482940864577,1.0,0.0,0.0,0.0,0.0,0.0
hsa-miR-27a-3p,0.04140212474956037,0.4975817001864972,-0.21378053695840826,6.817707599237208,7.521752855160422,7.404001429376969,7.3079723182020135
hsa-miR-27b-3p,0.001240722492025272,0.03474022977670762,0.14900365382678427,4.366097375805957,6.033604732145112,4.947543063948573,6.182608385971896
hsa-miR-197-3p,0.006113945937530205,0.12099177223743984,-0.8362972995296225,2.4967366409609717,4.972172045976878,4.887486798122957,4.135874746447255
hsa-miR-6802-3p,0.4905224049490865,1.0,0.0,0.0,0.0,0.0,0.0
hsa-miR-653-3p,0.024888979866694454,0.3691346442181224,0.0,0.0,0.0,0.0,0.0
hsa-miR-5100,0.05063268316873131,0.5623005151902988,0.0,0.0,0.0,0.0,0.0
hsa-miR-4291,1.0,1.0,0.0,0.0,0.0,0.0,0.0
hsa-miR-3157-5p,0.09397830686943384,0.8178717235028893,0.0,0.0,0.0,1.2412888870951773,0.0
hsa-miR-12128,1.0,1.0,0.0,0.0,0.0,0.0,0.0
hsa-miR-11399,1.0,1.0,0.0,0.0,0.0,0.0,0.0
hsa-miR-7154-5p,1.0,1.0,0.0,0.0,0.0,0.0,0.0
hsa-miR-1298-5p,0.7381168171610721,1.0,0.0,0.0,0.0,0.0,0.0
hsa-miR-664b-3p,0.09489815774565971,0.8178717235028893,0.0,0.0,0.0,0.0,0.0
hsa-miR-579-3p,0.4493965317422668,1.0,0.0,0.0,0.0,0.0,0.0
hsa-miR-6509-3p,1.0,1.0,0.0,0.0,0.0,0.0,0.0
hsa-miR-6720-5p,1.0,1.0,0.0,0.0,0.0,0.0,0.0
hsa-miR-6512-3p,1.0,1.0,0.0,0.0,0.0,0.0,0.0
hsa-miR-5581-3p,0.30476746412928574,1.0,0.0,0.0,0.0,0.0,0.0
hsa-miR-7977,0.07417958415599313,0.6997873315361073,0.0,0.0,0.0,0.0,0.0
hsa-miR-6883-3p,0.27622632794050495,1.0,0.0,0.0,0.0,0.0,0.0
hsa-miR-204-5p,0.05602401068069808,0.5947480179522334,0.0,0.0,0.0,0.0,0.0
hsa-miR-211-5p,0.10236249987117202,0.85258892297761,0.0,0.0,0.0,0.0,0.0
hsa-miR-6084,1.0,1.0,0.0,0.0,0.0,0.0,0.0
hsa-miR-202-5p,0.42561296003563087,1.0,0.0,0.0,0.0,0.0,0.0
hsa-miR-6783-3p,0.9850933928798126,1.0,0.0,0.0,0.0,0.0,0.0
hsa-miR-6868-3p,0.3743138727243238,1.0,0.0,0.0,0.0,0.0,0.0
hsa-miR-6788-3p,0.40003455224373086,1.0,0.0,0.0,0.0,0.0,0.0
hsa-miR-3124-5p,0.6101189623236929,1.0,0.0,0.0,0.0,0.0,0.0
hsa-miR-3944-3p,1.0,1.0,0.0,0.0,0.0,0.0,0.0
hsa-miR-4798-5p,0.40003455224373086,1.0,0.0,0.0,0.0,0.0,0.0
hsa-miR-4777-5p,1.0,1.0,0.0,0.0,0.0,0.0,0.0
hsa-miR-514b-5p,1.0,1.0,0.0,0.0,0.0,0.0,0.0
hsa-miR-513c-5p,0.6829190746697188,1.0,0.0,0.0,0.0,0.0,0.0
hsa-miR-515-5p,1.0,1.0,0.0,0.0,0.0,0.0,0.0
hsa-miR-519e-5p,1.0,1.0,0.0,0.0,0.0,0.0,0.0
hsa-miR-4713-5p,1.0,1.0,0.0,0.0,0.0,0.0,0.0
hsa-miR-516a-5p,0.1628716754385308,1.0,0.0,0.0,0.0,0.0,0.0
hsa-miR-6873-3p,1.0,1.0,0.0,0.0,0.0,0.0,0.0
hsa-miR-4753-3p,0.633768675403312,1.0,0.0,0.0,0.0,0.0,0.0
hsa-miR-4303,1.0,1.0,0.0,0.0,0.0,0.0,0.0
hsa-miR-12119,1.0,1.0,0.0,0.0,0.0,0.0,0.0
hsa-miR-5001-3p,0.737749817723035,1.0,0.0,0.0,0.0,0.0,0.0
hsa-miR-6071,1.0,1.0,0.0,0.0,0.0,0.0,0.0
hsa-miR-1299,0.5845071847090402,1.0,-0.7567043787591805,1.6786764288685543,3.8897847014471973,2.3483143854725497,3.133080322688017
hsa-miR-5706,0.40003455224373086,1.0,0.0,0.0,0.0,0.0,0.0
hsa-miR-4782-5p,0.4796093688044928,1.0,0.0,0.0,0.0,0.0,0.0
hsa-miR-6844,1.0,1.0,0.0,0.0,0.0,0.0,0.0
hsa-miR-488-3p,0.4881743138811171,1.0,0.0,0.0,0.0,0.0,0.0
hsa-miR-203b-3p,1.0,1.0,0.0,0.0,0.0,0.0,0.0
hsa-miR-4709-3p,1.0,1.0,0.0,0.0,0.0,0.0,0.0
hsa-miR-6864-5p,1.0,1.0,0.0,0.0,0.0,0.0,0.0
hsa-miR-4452,1.0,1.0,0.0,0.0,0.0,0.0,0.0
hsa-miR-580-3p,0.4881743138811171,1.0,0.0,0.0,0.0,0.0,0.0
hsa-miR-3915,1.0,1.0,0.0,0.0,0.0,0.0,0.0
hsa-miR-4689,0.4914300272399491,1.0,0.0,0.0,0.0,0.0,0.0
hsa-miR-6734-5p,0.00861836001091441,0.15870557189612208,0.8640897632930544,5.25862025901872,4.04758329287761,4.174206397682895,4.911673056170664
hsa-miR-7703,1.0,1.0,0.0,0.0,0.0,0.0,0.0
hsa-miR-4325,1.0,1.0,0.0,0.0,0.0,0.0,0.0
hsa-miR-1301-3p,0.0017767937723180752,0.04584824714452131,-1.4934339138638375,2.3513285894271454,5.3020688662708855,4.148296221518297,3.808634952407048
hsa-miR-5047,1.0,1.0,0.0,0.0,0.0,0.0,0.0
hsa-miR-153-3p,0.021162517510490333,0.32572950928427225,0.0,0.0,0.0,0.0,0.0
hsa-miR-448,1.0,1.0,0.0,0.0,0.0,0.0,0.0
hsa-miR-4666b,1.0,1.0,0.0,0.0,0.0,0.0,0.0
hsa-miR-3064-3p,0.40003455224373086,1.0,0.0,0.0,0.0,0.0,0.0
hsa-miR-5006-5p,1.0,1.0,0.0,0.0,0.0,0.0,0.0
hsa-miR-5590-5p,1.0,1.0,0.0,0.0,0.0,0.0,0.0
hsa-miR-4659b-5p,0.9908185933092302,1.0,0.0,0.0,0.0,0.0,0.0
hsa-miR-6894-3p,1.0,1.0,0.0,0.0,0.0,0.0,0.0
hsa-miR-4639-5p,0.9966793803185566,1.0,0.0,0.0,0.0,0.0,0.0
hsa-miR-449c-3p,1.0,1.0,0.0,0.0,0.0,0.0,0.0
hsa-miR-1178-3p,1.0,1.0,0.0,0.0,0.0,0.0,0.0
hsa-miR-6772-3p,1.0,1.0,0.0,0.0,0.0,0.0,0.0
hsa-miR-5691,1.0,1.0,0.0,0.0,0.0,0.0,0.0
hsa-miR-6805-3p,1.0,1.0,0.0,0.0,0.0,0.0,0.0
hsa-miR-9718,1.0,1.0,0.0,0.0,0.0,0.0,0.0
hsa-miR-6079,1.0,1.0,0.0,0.0,0.0,0.0,0.0
hsa-miR-6505-5p,0.25889268195191517,1.0,0.0,0.0,0.0,0.0,0.0
hsa-miR-4520-3p,1.0,1.0,0.0,0.0,0.0,0.0,0.0
hsa-miR-4804-5p,0.43075089440070835,1.0,0.0,0.0,0.0,0.0,0.0
hsa-miR-5009-5p,0.6392181192409181,1.0,0.0,0.0,0.0,0.0,0.0
hsa-miR-4443,0.8814537443061129,1.0,0.0,0.0,0.0,0.0,0.0
hsa-miR-6515-5p,0.09132002361691981,0.8038605423402438,0.0,0.0,0.0,0.0,0.0
hsa-miR-588,1.0,1.0,0.0,0.0,0.0,0.0,0.0
hsa-miR-4701-5p,0.5808439989188321,1.0,0.0,0.0,0.0,0.0,0.0
hsa-miR-3187-3p,0.011725084965503016,0.20170211522355516,0.0,2.1446966263422387,0.0,0.0,0.0
hsa-miR-6842-3p,0.5227159206246728,1.0,0.0,0.0,0.0,0.0,0.0
hsa-miR-1302,1.0,1.0,0.0,0.0,0.0,0.0,0.0
hsa-miR-6780a-5p,0.20958530735699746,1.0,0.0,0.0,0.0,0.0,0.0
hsa-miR-450b-3p,1.0,1.0,0.0,0.0,0.0,0.0,0.0
hsa-miR-6728-5p,1.0,1.0,0.0,0.0,0.0,0.0,0.0
hsa-miR-6773-5p,1.0,1.0,0.0,0.0,0.0,0.0,0.0
hsa-miR-1587,1.0,1.0,0.0,0.0,0.0,0.0,0.0
hsa-miR-2110,0.0029418216937985805,0.06852101502723773,0.1046412059320927,7.337662926509102,6.9244037259397295,6.580536534199367,7.029044931871822
hsa-miR-6857-5p,0.4796093688044928,1.0,0.0,0.0,0.0,0.0,0.0
hsa-miR-6751-5p,0.32515329442841917,1.0,0.0,0.0,0.0,0.0,0.0
hsa-miR-6819-5p,0.4826936813756567,1.0,0.0,0.0,0.0,0.0,0.0
hsa-miR-6737-5p,1.0,1.0,0.0,0.0,0.0,0.0,0.0
hsa-miR-6855-5p,0.4881743138811171,1.0,0.0,0.0,0.0,0.0,0.0
hsa-miR-6839-3p,1.0,1.0,0.0,0.0,0.0,0.0,0.0
hsa-miR-7855-5p,0.4962564496631373,1.0,0.0,0.0,0.0,0.0,0.0
hsa-miR-493-5p,0.045884414940633146,0.536745689438873,0.0,0.0,0.0,0.0,0.0
hsa-miR-6818-3p,1.0,1.0,0.0,0.0,0.0,0.0,0.0
hsa-miR-4288,1.0,1.0,0.0,0.0,0.0,0.0,0.0
hsa-miR-3611,0.772459313594493,1.0,1.6718656413067832,0.0,0.0,0.0,1.6718656413067832
hsa-miR-218-5p,0.13057597765287407,0.9415780087188069,0.0,0.0,0.0,0.0,0.0
hsa-miR-4752,1.0,1.0,0.0,0.0,0.0,0.0,0.0
hsa-miR-4474-3p,0.5326991183512979,1.0,0.0,0.0,0.0,0.0,0.0
hsa-miR-6796-5p,0.40003455224373086,1.0,0.0,0.0,0.0,0.0,0.0
hsa-miR-6759-5p,1.0,1.0,0.0,0.0,0.0,0.0,0.0
hsa-miR-592,0.32455206831980954,1.0,0.0,0.0,0.0,0.0,0.0
hsa-miR-6818-5p,0.6902276553617135,1.0,0.0,0.0,0.0,0.0,0.0
hsa-miR-7156-5p,1.0,1.0,0.0,0.0,0.0,0.0,0.0
hsa-miR-4677-5p,0.40003455224373086,1.0,0.0,0.0,0.0,0.0,0.0
hsa-miR-302c-5p,1.0,1.0,0.0,0.0,0.0,0.0,0.0
hsa-miR-3658,1.0,1.0,0.0,0.0,0.0,0.0,0.0
hsa-miR-4503,0.31316769316091403,1.0,0.0,0.0,0.0,0.0,0.0
hsa-miR-1303,0.4081526639445332,1.0,1.6350024304010664,0.0,0.0,0.0,1.6350024304010664
hsa-miR-4760-5p,0.27622632794050495,1.0,0.0,0.0,0.0,0.0,0.0
hsa-miR-651-5p,0.0006810613281390664,0.02060406224898877,0.5955730169435425,5.309121388095884,3.9722600652878493,4.210892499248179,4.567833082231392
hsa-miR-122b-5p,0.004010004964176989,0.08775725809945893,0.0,0.0,0.0,0.0,0.0
hsa-miR-498-5p,1.0,1.0,0.0,0.0,0.0,0.0,0.0
hsa-miR-3942-3p,1.0,1.0,0.0,0.0,0.0,0.0,0.0
hsa-miR-587,1.0,1.0,0.0,0.0,0.0,0.0,0.0
hsa-miR-4755-5p,0.9728356125229607,1.0,0.0,0.0,0.0,0.0,0.0
hsa-miR-5006-3p,0.27622632794050495,1.0,0.0,0.0,0.0,0.0,0.0
hsa-miR-1180-3p,0.003145130728755263,0.07198247024420741,-0.1840742043570236,7.1818037096147105,6.643857618043533,6.0543532368715205,6.45978341368651
hsa-miR-3685,0.40003455224373086,1.0,0.0,0.0,0.0,0.0,0.0
hsa-miR-670-3p,1.0,1.0,0.0,0.0,0.0,0.0,0.0
hsa-miR-3059-5p,1.0,1.0,0.0,0.0,0.0,0.0,0.0
hsa-miR-7152-5p,1.0,1.0,0.0,0.0,0.0,0.0,0.0
hsa-miR-7159-3p,1.0,1.0,0.0,0.0,0.0,0.0,0.0
hsa-miR-4482-3p,0.4652928608998368,1.0,0.0,0.0,0.0,0.0,0.0
hsa-miR-6833-3p,0.18150800236821615,1.0,0.0,0.0,0.0,0.0,0.0
hsa-miR-4743-3p,1.0,1.0,0.0,0.0,0.0,0.0,0.0
hsa-miR-4659a-3p,0.5426897165981002,1.0,0.0,0.0,0.0,0.0,0.0
hsa-miR-4659b-3p,0.9044012625758041,1.0,0.0,0.0,0.0,0.0,0.0
hsa-miR-1304-5p,0.7827829550799154,1.0,0.0,0.0,0.0,0.0,0.0
hsa-miR-6516-5p,0.005914175682289673,0.11805889112837487,0.0,0.0,0.0,2.7657973744638316,0.0
hsa-miR-4520-2-3p,1.0,1.0,0.0,0.0,0.0,0.0,0.0
hsa-miR-12131,1.0,1.0,0.0,0.0,0.0,0.0,0.0
hsa-miR-182-5p,1.219012212904322e-10,4.010550180455219e-08,-0.6661108829416165,5.77628117793955,8.059645538299558,7.920440077539907,7.393534655357941
hsa-miR-96-5p,0.18906772321921625,1.0,2.940281468938999,1.435731364929778,0.0,1.8569625140856814,2.940281468938999
hsa-miR-3913-5p,0.12907412105429072,0.9333051830079483,0.0,0.0,0.0,0.8957438206731331,0.0
hsa-miR-6513-5p,0.07847889668511018,0.720750852191111,0.0,0.0,0.0,0.0,0.0
hsa-miR-133b,0.40003455224373086,1.0,0.0,0.0,0.0,0.0,0.0
hsa-miR-133a-3p,0.2348449787492068,1.0,0.0,0.0,0.0,0.0,0.0
hsa-miR-3149,0.3580223409280076,1.0,0.0,0.0,0.0,0.0,0.0
hsa-miR-758-3p,0.18150800236821615,1.0,0.0,0.0,0.0,0.0,0.0
hsa-miR-375-3p,0.001746084751512341,0.0455019313463414,-0.6375966693848847,6.856201168695381,8.24306901815879,7.681868069291668,7.6054723487739055
hsa-miR-7856-5p,0.40003455224373086,1.0,0.0,0.0,0.0,0.0,0.0
hsa-miR-1305,0.5364905725028721,1.0,0.0,0.0,0.0,0.0,0.0
hsa-miR-450b-5p,0.0641827307536286,0.6522353179287663,0.0,0.0,0.0,0.0,0.0
hsa-miR-507,0.4881743138811171,1.0,0.0,0.0,0.0,0.0,0.0
hsa-miR-3680-3p,0.6325398622931779,1.0,0.0,0.0,0.0,0.0,0.0
hsa-miR-450a-5p,5.6141556546848304e-05,0.002275269836932232,-0.2754957460907619,0.0,4.660775883449052,3.7137770431734696,4.38528013735829
hsa-miR-5010-3p,0.6393664526446761,1.0,0.0,0.0,0.0,0.0,0.0
hsa-miR-335-3p,0.07221637751223642,0.688672121783356,0.0,0.0,0.0,0.0,0.0
hsa-miR-9983-3p,1.0,1.0,0.0,0.0,0.0,0.0,0.0
