accession,study_accession,record_type,independence_note,mapping_evidence
GSM1110359,GSE45603,GEO sample,GSM nested within GSE; not independent study or person,manifest role explicit GSE
GSM1110363,GSE45603,GEO sample,GSM nested within GSE; not independent study or person,manifest role explicit GSE
GSM1110366,GSE45603,GEO sample,GSM nested within GSE; not independent study or person,manifest role explicit GSE
GSM1110372,GSE45603,GEO sample,GSM nested within GSE; not independent study or person,manifest role explicit GSE
GSM1110374,GSE45603,GEO sample,GSM nested within GSE; not independent study or person,manifest role explicit GSE
GSM1110378,GSE45603,GEO sample,GSM nested within GSE; not independent study or person,manifest role explicit GSE
GSM1110380,GSE45603,GEO sample,GSM nested within GSE; not independent study or person,manifest role explicit GSE
GSM1110388,GSE45603,GEO sample,GSM nested within GSE; not independent study or person,manifest role explicit GSE
GSM1110392,GSE45603,GEO sample,GSM nested within GSE; not independent study or person,manifest role explicit GSE
GSM1110394,GSE45603,GEO sample,GSM nested within GSE; not independent study or person,manifest role explicit GSE
GSM1110397,GSE45603,GEO sample,GSM nested within GSE; not independent study or person,manifest role explicit GSE
GSM1110400,GSE45603,GEO sample,GSM nested within GSE; not independent study or person,manifest role explicit GSE
GSM1110403,GSE45603,GEO sample,GSM nested within GSE; not independent study or person,manifest role explicit GSE
GSM1110409,GSE45603,GEO sample,GSM nested within GSE; not independent study or person,manifest role explicit GSE
GSM1110412,GSE45603,GEO sample,GSM nested within GSE; not independent study or person,manifest role explicit GSE
GSM1110416,GSE45603,GEO sample,GSM nested within GSE; not independent study or person,manifest role explicit GSE
GSM1110424,GSE45603,GEO sample,GSM nested within GSE; not independent study or person,manifest role explicit GSE
GSM1110429,GSE45603,GEO sample,GSM nested within GSE; not independent study or person,manifest role explicit GSE
GSM1110433,GSE45603,GEO sample,GSM nested within GSE; not independent study or person,manifest role explicit GSE
GSM1110438,GSE45603,GEO sample,GSM nested within GSE; not independent study or person,manifest role explicit GSE
GSM1110442,GSE45603,GEO sample,GSM nested within GSE; not independent study or person,manifest role explicit GSE
GSM1110446,GSE45603,GEO sample,GSM nested within GSE; not independent study or person,manifest role explicit GSE
GSM1110447,GSE45603,GEO sample,GSM nested within GSE; not independent study or person,manifest role explicit GSE
GSM1110451,GSE45603,GEO sample,GSM nested within GSE; not independent study or person,manifest role explicit GSE
GSM1110461,GSE45603,GEO sample,GSM nested within GSE; not independent study or person,manifest role explicit GSE
GSM1110462,GSE45603,GEO sample,GSM nested within GSE; not independent study or person,manifest role explicit GSE
GSM1110466,GSE45603,GEO sample,GSM nested within GSE; not independent study or person,manifest role explicit GSE
GSM1110473,GSE45603,GEO sample,GSM nested within GSE; not independent study or person,manifest role explicit GSE
GSM1110477,GSE45603,GEO sample,GSM nested within GSE; not independent study or person,manifest role explicit GSE
GSM1110479,GSE45603,GEO sample,GSM nested within GSE; not independent study or person,manifest role explicit GSE
GSM1110484,GSE45603,GEO sample,GSM nested within GSE; not independent study or person,manifest role explicit GSE
GSM1110491,GSE45603,GEO sample,GSM nested within GSE; not independent study or person,manifest role explicit GSE
GSM1110493,GSE45603,GEO sample,GSM nested within GSE; not independent study or person,manifest role explicit GSE
GSM1110498,GSE45603,GEO sample,GSM nested within GSE; not independent study or person,manifest role explicit GSE
GSM1110505,GSE45603,GEO sample,GSM nested within GSE; not independent study or person,manifest role explicit GSE
GSM1110506,GSE45603,GEO sample,GSM nested within GSE; not independent study or person,manifest role explicit GSE
GSM1110508,GSE45603,GEO sample,GSM nested within GSE; not independent study or person,manifest role explicit GSE
GSM1110511,GSE45603,GEO sample,GSM nested within GSE; not independent study or person,manifest role explicit GSE
GSM1110515,GSE45603,GEO sample,GSM nested within GSE; not independent study or person,manifest role explicit GSE
GSM1110518,GSE45603,GEO sample,GSM nested within GSE; not independent study or person,manifest role explicit GSE
GSM1110525,GSE45603,GEO sample,GSM nested within GSE; not independent study or person,manifest role explicit GSE
GSM1110534,GSE45603,GEO sample,GSM nested within GSE; not independent study or person,manifest role explicit GSE
GSM1110539,GSE45603,GEO sample,GSM nested within GSE; not independent study or person,manifest role explicit GSE
GSM1110547,GSE45603,GEO sample,GSM nested within GSE; not independent study or person,manifest role explicit GSE
GSM1110553,GSE45603,GEO sample,GSM nested within GSE; not independent study or person,manifest role explicit GSE
GSM1110555,GSE45603,GEO sample,GSM nested within GSE; not independent study or person,manifest role explicit GSE
GSM1110561,GSE45603,GEO sample,GSM nested within GSE; not independent study or person,manifest role explicit GSE
GSM1110564,GSE45603,GEO sample,GSM nested within GSE; not independent study or person,manifest role explicit GSE
GSM1341364,GSE55664,GEO sample,GSM nested within GSE; not independent study or person,manifest role explicit GSE
GSM1341365,GSE55664,GEO sample,GSM nested within GSE; not independent study or person,manifest role explicit GSE
GSM1341366,GSE55664,GEO sample,GSM nested within GSE; not independent study or person,manifest role explicit GSE
GSM1341367,GSE55664,GEO sample,GSM nested within GSE; not independent study or person,manifest role explicit GSE
GSM1341368,GSE55664,GEO sample,GSM nested within GSE; not independent study or person,manifest role explicit GSE
GSM1341369,GSE55664,GEO sample,GSM nested within GSE; not independent study or person,manifest role explicit GSE
GSM1341370,GSE55664,GEO sample,GSM nested within GSE; not independent study or person,manifest role explicit GSE
GSM1341371,GSE55664,GEO sample,GSM nested within GSE; not independent study or person,manifest role explicit GSE
GSM1341372,GSE55664,GEO sample,GSM nested within GSE; not independent study or person,manifest role explicit GSE
GSM1341373,GSE55664,GEO sample,GSM nested within GSE; not independent study or person,manifest role explicit GSE
GSM1341374,GSE55664,GEO sample,GSM nested within GSE; not independent study or person,manifest role explicit GSE
GSM1341375,GSE55664,GEO sample,GSM nested within GSE; not independent study or person,manifest role explicit GSE
GSM1341376,GSE55664,GEO sample,GSM nested within GSE; not independent study or person,manifest role explicit GSE
GSM1341377,GSE55664,GEO sample,GSM nested within GSE; not independent study or person,manifest role explicit GSE
GSM1341378,GSE55664,GEO sample,GSM nested within GSE; not independent study or person,manifest role explicit GSE
GSM1341379,GSE55664,GEO sample,GSM nested within GSE; not independent study or person,manifest role explicit GSE
GSM1341380,GSE55664,GEO sample,GSM nested within GSE; not independent study or person,manifest role explicit GSE
GSM1341381,GSE55664,GEO sample,GSM nested within GSE; not independent study or person,manifest role explicit GSE
GSM1341382,GSE55664,GEO sample,GSM nested within GSE; not independent study or person,manifest role explicit GSE
GSM1341383,GSE55664,GEO sample,GSM nested within GSE; not independent study or person,manifest role explicit GSE
GSM1341384,GSE55664,GEO sample,GSM nested within GSE; not independent study or person,manifest role explicit GSE
GSM1341385,GSE55664,GEO sample,GSM nested within GSE; not independent study or person,manifest role explicit GSE
GSM1341386,GSE55664,GEO sample,GSM nested within GSE; not independent study or person,manifest role explicit GSE
GSM1341387,GSE55664,GEO sample,GSM nested within GSE; not independent study or person,manifest role explicit GSE
GSM1341388,GSE55664,GEO sample,GSM nested within GSE; not independent study or person,manifest role explicit GSE
GSM1341389,GSE55664,GEO sample,GSM nested within GSE; not independent study or person,manifest role explicit GSE
GSM1341390,GSE55664,GEO sample,GSM nested within GSE; not independent study or person,manifest role explicit GSE
GSM1341391,GSE55664,GEO sample,GSM nested within GSE; not independent study or person,manifest role explicit GSE
GSM1341392,GSE55664,GEO sample,GSM nested within GSE; not independent study or person,manifest role explicit GSE
GSM1341393,GSE55664,GEO sample,GSM nested within GSE; not independent study or person,manifest role explicit GSE
GSM1341394,GSE55664,GEO sample,GSM nested within GSE; not independent study or person,manifest role explicit GSE
GSM1341395,GSE55664,GEO sample,GSM nested within GSE; not independent study or person,manifest role explicit GSE
GSM1341396,GSE55664,GEO sample,GSM nested within GSE; not independent study or person,manifest role explicit GSE
GSM1341397,GSE55664,GEO sample,GSM nested within GSE; not independent study or person,manifest role explicit GSE
GSM1341398,GSE55664,GEO sample,GSM nested within GSE; not independent study or person,manifest role explicit GSE
GSM1384759,GSE57560,GEO sample,GSM nested within GSE; not independent study or person,manifest role explicit GSE
GSM1384761,GSE57560,GEO sample,GSM nested within GSE; not independent study or person,manifest role explicit GSE
GSM1384768,GSE57560,GEO sample,GSM nested within GSE; not independent study or person,manifest role explicit GSE
GSM1384769,GSE57560,GEO sample,GSM nested within GSE; not independent study or person,manifest role explicit GSE
GSM1384771,GSE57560,GEO sample,GSM nested within GSE; not independent study or person,manifest role explicit GSE
GSM1384772,GSE57560,GEO sample,GSM nested within GSE; not independent study or person,manifest role explicit GSE
GSM1384773,GSE57560,GEO sample,GSM nested within GSE; not independent study or person,manifest role explicit GSE
GSM2110118,GSE80008,GEO sample,GSM nested within GSE; not independent study or person,manifest role explicit GSE
GSM2110119,GSE80008,GEO sample,GSM nested within GSE; not independent study or person,manifest role explicit GSE
GSM2110120,GSE80008,GEO sample,GSM nested within GSE; not independent study or person,manifest role explicit GSE
GSM2110121,GSE80008,GEO sample,GSM nested within GSE; not independent study or person,manifest role explicit GSE
GSM2110122,GSE80008,GEO sample,GSM nested within GSE; not independent study or person,manifest role explicit GSE
GSM2110123,GSE80008,GEO sample,GSM nested within GSE; not independent study or person,manifest role explicit GSE
GSM2110124,GSE80008,GEO sample,GSM nested within GSE; not independent study or person,manifest role explicit GSE
GSM2110125,GSE80008,GEO sample,GSM nested within GSE; not independent study or person,manifest role explicit GSE
GSM2110126,GSE80008,GEO sample,GSM nested within GSE; not independent study or person,manifest role explicit GSE
GSM2110127,GSE80008,GEO sample,GSM nested within GSE; not independent study or person,manifest role explicit GSE
GSM2110128,GSE80008,GEO sample,GSM nested within GSE; not independent study or person,manifest role explicit GSE
GSM2110129,GSE80008,GEO sample,GSM nested within GSE; not independent study or person,manifest role explicit GSE
GSM2110130,GSE80008,GEO sample,GSM nested within GSE; not independent study or person,manifest role explicit GSE
GSM2110131,GSE80008,GEO sample,GSM nested within GSE; not independent study or person,manifest role explicit GSE
GSM2110132,GSE80008,GEO sample,GSM nested within GSE; not independent study or person,manifest role explicit GSE
GSM2110133,GSE80008,GEO sample,GSM nested within GSE; not independent study or person,manifest role explicit GSE
GSM2110134,GSE80008,GEO sample,GSM nested within GSE; not independent study or person,manifest role explicit GSE
GSM2110135,GSE80008,GEO sample,GSM nested within GSE; not independent study or person,manifest role explicit GSE
GSM2110136,GSE80008,GEO sample,GSM nested within GSE; not independent study or person,manifest role explicit GSE
GSM2110137,GSE80008,GEO sample,GSM nested within GSE; not independent study or person,manifest role explicit GSE
GSM2110138,GSE80008,GEO sample,GSM nested within GSE; not independent study or person,manifest role explicit GSE
GSM2110139,GSE80008,GEO sample,GSM nested within GSE; not independent study or person,manifest role explicit GSE
GSM2110140,GSE80008,GEO sample,GSM nested within GSE; not independent study or person,manifest role explicit GSE
GSM2110141,GSE80008,GEO sample,GSM nested within GSE; not independent study or person,manifest role explicit GSE
GSM2110142,GSE80008,GEO sample,GSM nested within GSE; not independent study or person,manifest role explicit GSE
GSM2110143,GSE80008,GEO sample,GSM nested within GSE; not independent study or person,manifest role explicit GSE
GSM2110144,GSE80008,GEO sample,GSM nested within GSE; not independent study or person,manifest role explicit GSE
GSM2110145,GSE80008,GEO sample,GSM nested within GSE; not independent study or person,manifest role explicit GSE
GSM2110146,GSE80008,GEO sample,GSM nested within GSE; not independent study or person,manifest role explicit GSE
GSM2110147,GSE80008,GEO sample,GSM nested within GSE; not independent study or person,manifest role explicit GSE
GSM2251530,GSE84796,GEO sample,GSM nested within GSE; not independent study or person,manifest role explicit GSE
GSM2251531,GSE84796,GEO sample,GSM nested within GSE; not independent study or person,manifest role explicit GSE
GSM2251532,GSE84796,GEO sample,GSM nested within GSE; not independent study or person,manifest role explicit GSE
GSM2251533,GSE84796,GEO sample,GSM nested within GSE; not independent study or person,manifest role explicit GSE
GSM2251534,GSE84796,GEO sample,GSM nested within GSE; not independent study or person,manifest role explicit GSE
GSM2251535,GSE84796,GEO sample,GSM nested within GSE; not independent study or person,manifest role explicit GSE
GSM2251536,GSE84796,GEO sample,GSM nested within GSE; not independent study or person,manifest role explicit GSE
GSM2251537,GSE84796,GEO sample,GSM nested within GSE; not independent study or person,manifest role explicit GSE
GSM2251538,GSE84796,GEO sample,GSM nested within GSE; not independent study or person,manifest role explicit GSE
GSM2251539,GSE84796,GEO sample,GSM nested within GSE; not independent study or person,manifest role explicit GSE
GSM2251540,GSE84796,GEO sample,GSM nested within GSE; not independent study or person,manifest role explicit GSE
GSM2251541,GSE84796,GEO sample,GSM nested within GSE; not independent study or person,manifest role explicit GSE
GSM2251542,GSE84796,GEO sample,GSM nested within GSE; not independent study or person,manifest role explicit GSE
GSM2251543,GSE84796,GEO sample,GSM nested within GSE; not independent study or person,manifest role explicit GSE
GSM2251544,GSE84796,GEO sample,GSM nested within GSE; not independent study or person,manifest role explicit GSE
GSM2251545,GSE84796,GEO sample,GSM nested within GSE; not independent study or person,manifest role explicit GSE
GSM2251546,GSE84796,GEO sample,GSM nested within GSE; not independent study or person,manifest role explicit GSE
GSM298203,GSE11783,GEO sample,GSM nested within GSE; not independent study or person,manifest role explicit GSE
GSM298204,GSE11783,GEO sample,GSM nested within GSE; not independent study or person,manifest role explicit GSE
GSM298205,GSE11783,GEO sample,GSM nested within GSE; not independent study or person,manifest role explicit GSE
GSM298206,GSE11783,GEO sample,GSM nested within GSE; not independent study or person,manifest role explicit GSE
GSM298207,GSE11783,GEO sample,GSM nested within GSE; not independent study or person,manifest role explicit GSE
GSM298208,GSE11783,GEO sample,GSM nested within GSE; not independent study or person,manifest role explicit GSE
GSM298209,GSE11783,GEO sample,GSM nested within GSE; not independent study or person,manifest role explicit GSE
GSM298210,GSE11783,GEO sample,GSM nested within GSE; not independent study or person,manifest role explicit GSE
GSM298211,GSE11783,GEO sample,GSM nested within GSE; not independent study or person,manifest role explicit GSE
GSM298212,GSE11783,GEO sample,GSM nested within GSE; not independent study or person,manifest role explicit GSE
GSM298213,GSE11783,GEO sample,GSM nested within GSE; not independent study or person,manifest role explicit GSE
GSM298214,GSE11783,GEO sample,GSM nested within GSE; not independent study or person,manifest role explicit GSE
GSM298215,GSE11783,GEO sample,GSM nested within GSE; not independent study or person,manifest role explicit GSE
GSM298216,GSE11783,GEO sample,GSM nested within GSE; not independent study or person,manifest role explicit GSE
GSM298217,GSE11783,GEO sample,GSM nested within GSE; not independent study or person,manifest role explicit GSE
GSM3147325,GSE114691,GEO sample,GSM nested within GSE; not independent study or person,prior committed map
GSM3147326,GSE114691,GEO sample,GSM nested within GSE; not independent study or person,prior committed map
GSM3147327,GSE114691,GEO sample,GSM nested within GSE; not independent study or person,prior committed map
GSM3147328,GSE114691,GEO sample,GSM nested within GSE; not independent study or person,prior committed map
GSM3147329,GSE114691,GEO sample,GSM nested within GSE; not independent study or person,prior committed map
GSM3147330,GSE114691,GEO sample,GSM nested within GSE; not independent study or person,prior committed map
GSM3147331,GSE114691,GEO sample,GSM nested within GSE; not independent study or person,prior committed map
GSM3147332,GSE114691,GEO sample,GSM nested within GSE; not independent study or person,prior committed map
GSM3147333,GSE114691,GEO sample,GSM nested within GSE; not independent study or person,prior committed map
GSM3147334,GSE114691,GEO sample,GSM nested within GSE; not independent study or person,prior committed map
GSM3147335,GSE114691,GEO sample,GSM nested within GSE; not independent study or person,prior committed map
GSM3147336,GSE114691,GEO sample,GSM nested within GSE; not independent study or person,prior committed map
GSM3147337,GSE114691,GEO sample,GSM nested within GSE; not independent study or person,prior committed map
GSM3147338,GSE114691,GEO sample,GSM nested within GSE; not independent study or person,prior committed map
GSM3147339,GSE114691,GEO sample,GSM nested within GSE; not independent study or person,prior committed map
GSM3147340,GSE114691,GEO sample,GSM nested within GSE; not independent study or person,prior committed map
GSM3147341,GSE114691,GEO sample,GSM nested within GSE; not independent study or person,prior committed map
GSM3147342,GSE114691,GEO sample,GSM nested within GSE; not independent study or person,prior committed map
GSM3147343,GSE114691,GEO sample,GSM nested within GSE; not independent study or person,prior committed map
GSM3147344,GSE114691,GEO sample,GSM nested within GSE; not independent study or person,prior committed map
GSM3147345,GSE114691,GEO sample,GSM nested within GSE; not independent study or person,prior committed map
GSM3147346,GSE114691,GEO sample,GSM nested within GSE; not independent study or person,prior committed map
GSM3147347,GSE114691,GEO sample,GSM nested within GSE; not independent study or person,prior committed map
GSM3147348,GSE114691,GEO sample,GSM nested within GSE; not independent study or person,prior committed map
GSM3147349,GSE114691,GEO sample,GSM nested within GSE; not independent study or person,prior committed map
GSM3147350,GSE114691,GEO sample,GSM nested within GSE; not independent study or person,prior committed map
GSM3147351,GSE114691,GEO sample,GSM nested within GSE; not independent study or person,prior committed map
GSM3147352,GSE114691,GEO sample,GSM nested within GSE; not independent study or person,prior committed map
GSM3147353,GSE114691,GEO sample,GSM nested within GSE; not independent study or person,prior committed map
GSM3147354,GSE114691,GEO sample,GSM nested within GSE; not independent study or person,prior committed map
GSM3147355,GSE114691,GEO sample,GSM nested within GSE; not independent study or person,prior committed map
GSM3147356,GSE114691,GEO sample,GSM nested within GSE; not independent study or person,prior committed map
GSM3147357,GSE114691,GEO sample,GSM nested within GSE; not independent study or person,prior committed map
GSM3147358,GSE114691,GEO sample,GSM nested within GSE; not independent study or person,prior committed map
GSM3147359,GSE114691,GEO sample,GSM nested within GSE; not independent study or person,prior committed map
GSM3147360,GSE114691,GEO sample,GSM nested within GSE; not independent study or person,prior committed map
GSM3147361,GSE114691,GEO sample,GSM nested within GSE; not independent study or person,prior committed map
GSM3147362,GSE114691,GEO sample,GSM nested within GSE; not independent study or person,prior committed map
GSM3147363,GSE114691,GEO sample,GSM nested within GSE; not independent study or person,prior committed map
GSM3147364,GSE114691,GEO sample,GSM nested within GSE; not independent study or person,prior committed map
GSM3147365,GSE114691,GEO sample,GSM nested within GSE; not independent study or person,prior committed map
GSM3639530,GSE127831,GEO sample,GSM nested within GSE; not independent study or person,prior committed map
GSM3639531,GSE127831,GEO sample,GSM nested within GSE; not independent study or person,prior committed map
GSM3639532,GSE127831,GEO sample,GSM nested within GSE; not independent study or person,prior committed map
GSM3639533,GSE127831,GEO sample,GSM nested within GSE; not independent study or person,prior committed map
GSM3639534,GSE127831,GEO sample,GSM nested within GSE; not independent study or person,prior committed map
GSM3639535,GSE127831,GEO sample,GSM nested within GSE; not independent study or person,prior committed map
GSM3639536,GSE127831,GEO sample,GSM nested within GSE; not independent study or person,prior committed map
GSM3639537,GSE127831,GEO sample,GSM nested within GSE; not independent study or person,prior committed map
GSM3639538,GSE127831,GEO sample,GSM nested within GSE; not independent study or person,prior committed map
GSM3639539,GSE127831,GEO sample,GSM nested within GSE; not independent study or person,prior committed map
GSM3639540,GSE127831,GEO sample,GSM nested within GSE; not independent study or person,prior committed map
GSM3639541,GSE127831,GEO sample,GSM nested within GSE; not independent study or person,prior committed map
GSM3639542,GSE127831,GEO sample,GSM nested within GSE; not independent study or person,prior committed map
GSM3639543,GSE127831,GEO sample,GSM nested within GSE; not independent study or person,prior committed map
GSM3639544,GSE127831,GEO sample,GSM nested within GSE; not independent study or person,prior committed map
GSM3639545,GSE127831,GEO sample,GSM nested within GSE; not independent study or person,prior committed map
GSM3639546,GSE127831,GEO sample,GSM nested within GSE; not independent study or person,prior committed map
GSM3639547,GSE127831,GEO sample,GSM nested within GSE; not independent study or person,prior committed map
GSM3639548,GSE127831,GEO sample,GSM nested within GSE; not independent study or person,prior committed map
GSM3639549,GSE127831,GEO sample,GSM nested within GSE; not independent study or person,prior committed map
GSM3639550,GSE127831,GEO sample,GSM nested within GSE; not independent study or person,prior committed map
GSM3639551,GSE127831,GEO sample,GSM nested within GSE; not independent study or person,prior committed map
GSM3639552,GSE127831,GEO sample,GSM nested within GSE; not independent study or person,prior committed map
GSM3639553,GSE127831,GEO sample,GSM nested within GSE; not independent study or person,prior committed map
GSM3639554,GSE127831,GEO sample,GSM nested within GSE; not independent study or person,prior committed map
GSM3639555,GSE127831,GEO sample,GSM nested within GSE; not independent study or person,prior committed map
GSM3639556,GSE127831,GEO sample,GSM nested within GSE; not independent study or person,prior committed map
GSM3639557,GSE127831,GEO sample,GSM nested within GSE; not independent study or person,prior committed map
GSM402541,GSE11783,GEO sample,GSM nested within GSE; not independent study or person,manifest role explicit GSE
GSM4277245,GSE143953,GEO sample,GSM nested within GSE; not independent study or person,prior committed map
GSM4277246,GSE143953,GEO sample,GSM nested within GSE; not independent study or person,prior committed map
GSM4277247,GSE143953,GEO sample,GSM nested within GSE; not independent study or person,prior committed map
GSM4277248,GSE143953,GEO sample,GSM nested within GSE; not independent study or person,prior committed map
GSM4277249,GSE143953,GEO sample,GSM nested within GSE; not independent study or person,prior committed map
GSM4277250,GSE143953,GEO sample,GSM nested within GSE; not independent study or person,prior committed map
GSM4277251,GSE143953,GEO sample,GSM nested within GSE; not independent study or person,prior committed map
GSM4277252,GSE143953,GEO sample,GSM nested within GSE; not independent study or person,prior committed map
GSM4458410,GSE148241,GEO sample,GSM nested within GSE; not independent study or person,prior committed map
GSM4458411,GSE148241,GEO sample,GSM nested within GSE; not independent study or person,prior committed map
GSM4458412,GSE148241,GEO sample,GSM nested within GSE; not independent study or person,prior committed map
GSM4458413,GSE148241,GEO sample,GSM nested within GSE; not independent study or person,prior committed map
GSM4458414,GSE148241,GEO sample,GSM nested within GSE; not independent study or person,prior committed map
GSM4458415,GSE148241,GEO sample,GSM nested within GSE; not independent study or person,prior committed map
GSM4458416,GSE148241,GEO sample,GSM nested within GSE; not independent study or person,prior committed map
GSM4458417,GSE148241,GEO sample,GSM nested within GSE; not independent study or person,prior committed map
GSM4458418,GSE148241,GEO sample,GSM nested within GSE; not independent study or person,prior committed map
GSM4458419,GSE148241,GEO sample,GSM nested within GSE; not independent study or person,prior committed map
GSM4458420,GSE148241,GEO sample,GSM nested within GSE; not independent study or person,prior committed map
GSM4458421,GSE148241,GEO sample,GSM nested within GSE; not independent study or person,prior committed map
GSM4458422,GSE148241,GEO sample,GSM nested within GSE; not independent study or person,prior committed map
GSM4458423,GSE148241,GEO sample,GSM nested within GSE; not independent study or person,prior committed map
GSM4458424,GSE148241,GEO sample,GSM nested within GSE; not independent study or person,prior committed map
GSM4458425,GSE148241,GEO sample,GSM nested within GSE; not independent study or person,prior committed map
GSM4458426,GSE148241,GEO sample,GSM nested within GSE; not independent study or person,prior committed map
GSM4458427,GSE148241,GEO sample,GSM nested within GSE; not independent study or person,prior committed map
GSM4458428,GSE148241,GEO sample,GSM nested within GSE; not independent study or person,prior committed map
GSM4458429,GSE148241,GEO sample,GSM nested within GSE; not independent study or person,prior committed map
GSM4458430,GSE148241,GEO sample,GSM nested within GSE; not independent study or person,prior committed map
GSM4458431,GSE148241,GEO sample,GSM nested within GSE; not independent study or person,prior committed map
GSM4458432,GSE148241,GEO sample,GSM nested within GSE; not independent study or person,prior committed map
GSM4458433,GSE148241,GEO sample,GSM nested within GSE; not independent study or person,prior committed map
GSM4458434,GSE148241,GEO sample,GSM nested within GSE; not independent study or person,prior committed map
GSM4458435,GSE148241,GEO sample,GSM nested within GSE; not independent study or person,prior committed map
GSM4458437,GSE148241,GEO sample,GSM nested within GSE; not independent study or person,prior committed map
GSM4458438,GSE148241,GEO sample,GSM nested within GSE; not independent study or person,prior committed map
GSM4458439,GSE148241,GEO sample,GSM nested within GSE; not independent study or person,prior committed map
GSM4458440,GSE148241,GEO sample,GSM nested within GSE; not independent study or person,prior committed map
GSM4458441,GSE148241,GEO sample,GSM nested within GSE; not independent study or person,prior committed map
GSM4458442,GSE148241,GEO sample,GSM nested within GSE; not independent study or person,prior committed map
GSM4458443,GSE148241,GEO sample,GSM nested within GSE; not independent study or person,prior committed map
GSM4458444,GSE148241,GEO sample,GSM nested within GSE; not independent study or person,prior committed map
GSM4458445,GSE148241,GEO sample,GSM nested within GSE; not independent study or person,prior committed map
GSM4458446,GSE148241,GEO sample,GSM nested within GSE; not independent study or person,prior committed map
GSM4458447,GSE148241,GEO sample,GSM nested within GSE; not independent study or person,prior committed map
GSM4458449,GSE148241,GEO sample,GSM nested within GSE; not independent study or person,prior committed map
GSM4458450,GSE148241,GEO sample,GSM nested within GSE; not independent study or person,prior committed map
GSM4650379,GSE153739,GEO sample,GSM nested within GSE; not independent study or person,prior committed map
GSM4650380,GSE153739,GEO sample,GSM nested within GSE; not independent study or person,prior committed map
GSM4650381,GSE153739,GEO sample,GSM nested within GSE; not independent study or person,prior committed map
GSM4650382,GSE153739,GEO sample,GSM nested within GSE; not independent study or person,prior committed map
GSM4650383,GSE153739,GEO sample,GSM nested within GSE; not independent study or person,prior committed map
GSM4650384,GSE153739,GEO sample,GSM nested within GSE; not independent study or person,prior committed map
GSM4650385,GSE153739,GEO sample,GSM nested within GSE; not independent study or person,prior committed map
GSM4705199,GSE155489,GEO sample,GSM nested within GSE; not independent study or person,prior committed map
GSM4705200,GSE155489,GEO sample,GSM nested within GSE; not independent study or person,prior committed map
GSM4705203,GSE155489,GEO sample,GSM nested within GSE; not independent study or person,prior committed map
GSM4705204,GSE155489,GEO sample,GSM nested within GSE; not independent study or person,prior committed map
GSM4869,GSE621,GEO sample,GSM nested within GSE; not independent study or person,manifest role explicit GSE
GSM4872,GSE621,GEO sample,GSM nested within GSE; not independent study or person,manifest role explicit GSE
GSM4885,GSE621,GEO sample,GSM nested within GSE; not independent study or person,manifest role explicit GSE
GSM4886,GSE621,GEO sample,GSM nested within GSE; not independent study or person,manifest role explicit GSE
GSM4887,GSE621,GEO sample,GSM nested within GSE; not independent study or person,manifest role explicit GSE
GSM4888,GSE621,GEO sample,GSM nested within GSE; not independent study or person,manifest role explicit GSE
GSM4889,GSE621,GEO sample,GSM nested within GSE; not independent study or person,manifest role explicit GSE
GSM4890,GSE621,GEO sample,GSM nested within GSE; not independent study or person,manifest role explicit GSE
GSM4891,GSE621,GEO sample,GSM nested within GSE; not independent study or person,manifest role explicit GSE
GSM4892,GSE621,GEO sample,GSM nested within GSE; not independent study or person,manifest role explicit GSE
GSM4893,GSE621,GEO sample,GSM nested within GSE; not independent study or person,manifest role explicit GSE
GSM4894,GSE621,GEO sample,GSM nested within GSE; not independent study or person,manifest role explicit GSE
GSM4895,GSE621,GEO sample,GSM nested within GSE; not independent study or person,manifest role explicit GSE
GSM4896,GSE621,GEO sample,GSM nested within GSE; not independent study or person,manifest role explicit GSE
GSM5373514,GSE177049,GEO sample,GSM nested within GSE; not independent study or person,prior committed map
GSM5373516,GSE177049,GEO sample,GSM nested within GSE; not independent study or person,prior committed map
GSM5373518,GSE177049,GEO sample,GSM nested within GSE; not independent study or person,prior committed map
GSM5373520,GSE177049,GEO sample,GSM nested within GSE; not independent study or person,prior committed map
GSM5373522,GSE177049,GEO sample,GSM nested within GSE; not independent study or person,prior committed map
GSM5373524,GSE177049,GEO sample,GSM nested within GSE; not independent study or person,prior committed map
GSM5373526,GSE177049,GEO sample,GSM nested within GSE; not independent study or person,prior committed map
GSM5373528,GSE177049,GEO sample,GSM nested within GSE; not independent study or person,prior committed map
GSM5373530,GSE177049,GEO sample,GSM nested within GSE; not independent study or person,prior committed map
GSM5373532,GSE177049,GEO sample,GSM nested within GSE; not independent study or person,prior committed map
GSM5641743,GSE186257,GEO sample,GSM nested within GSE; not independent study or person,prior committed map
GSM5641744,GSE186257,GEO sample,GSM nested within GSE; not independent study or person,prior committed map
GSM5641745,GSE186257,GEO sample,GSM nested within GSE; not independent study or person,prior committed map
GSM5641746,GSE186257,GEO sample,GSM nested within GSE; not independent study or person,prior committed map
GSM5641747,GSE186257,GEO sample,GSM nested within GSE; not independent study or person,prior committed map
GSM5641748,GSE186257,GEO sample,GSM nested within GSE; not independent study or person,prior committed map
GSM5641749,GSE186257,GEO sample,GSM nested within GSE; not independent study or person,prior committed map
GSM5641750,GSE186257,GEO sample,GSM nested within GSE; not independent study or person,prior committed map
GSM5641751,GSE186257,GEO sample,GSM nested within GSE; not independent study or person,prior committed map
GSM5641752,GSE186257,GEO sample,GSM nested within GSE; not independent study or person,prior committed map
GSM5641753,GSE186257,GEO sample,GSM nested within GSE; not independent study or person,prior committed map
GSM5641754,GSE186257,GEO sample,GSM nested within GSE; not independent study or person,prior committed map
GSM5641755,GSE186257,GEO sample,GSM nested within GSE; not independent study or person,prior committed map
GSM5641756,GSE186257,GEO sample,GSM nested within GSE; not independent study or person,prior committed map
GSM5641757,GSE186257,GEO sample,GSM nested within GSE; not independent study or person,prior committed map
GSM5641758,GSE186257,GEO sample,GSM nested within GSE; not independent study or person,prior committed map
GSM5641759,GSE186257,GEO sample,GSM nested within GSE; not independent study or person,prior committed map
GSM5641760,GSE186257,GEO sample,GSM nested within GSE; not independent study or person,prior committed map
GSM5641761,GSE186257,GEO sample,GSM nested within GSE; not independent study or person,prior committed map
GSM5641762,GSE186257,GEO sample,GSM nested within GSE; not independent study or person,prior committed map
GSM5641763,GSE186257,GEO sample,GSM nested within GSE; not independent study or person,prior committed map
GSM5641764,GSE186257,GEO sample,GSM nested within GSE; not independent study or person,prior committed map
GSM5641765,GSE186257,GEO sample,GSM nested within GSE; not independent study or person,prior committed map
GSM5641766,GSE186257,GEO sample,GSM nested within GSE; not independent study or person,prior committed map
GSM5641767,GSE186257,GEO sample,GSM nested within GSE; not independent study or person,prior committed map
GSM5641768,GSE186257,GEO sample,GSM nested within GSE; not independent study or person,prior committed map
GSM5641769,GSE186257,GEO sample,GSM nested within GSE; not independent study or person,prior committed map
GSM5641770,GSE186257,GEO sample,GSM nested within GSE; not independent study or person,prior committed map
GSM5641771,GSE186257,GEO sample,GSM nested within GSE; not independent study or person,prior committed map
GSM5641772,GSE186257,GEO sample,GSM nested within GSE; not independent study or person,prior committed map
GSM5641773,GSE186257,GEO sample,GSM nested within GSE; not independent study or person,prior committed map
GSM5641774,GSE186257,GEO sample,GSM nested within GSE; not independent study or person,prior committed map
GSM5641775,GSE186257,GEO sample,GSM nested within GSE; not independent study or person,prior committed map
GSM5641776,GSE186257,GEO sample,GSM nested within GSE; not independent study or person,prior committed map
GSM5641777,GSE186257,GEO sample,GSM nested within GSE; not independent study or person,prior committed map
GSM5641778,GSE186257,GEO sample,GSM nested within GSE; not independent study or person,prior committed map
GSM5641779,GSE186257,GEO sample,GSM nested within GSE; not independent study or person,prior committed map
GSM5641780,GSE186257,GEO sample,GSM nested within GSE; not independent study or person,prior committed map
GSM5641781,GSE186257,GEO sample,GSM nested within GSE; not independent study or person,prior committed map
GSM5641782,GSE186257,GEO sample,GSM nested within GSE; not independent study or person,prior committed map
GSM5641783,GSE186257,GEO sample,GSM nested within GSE; not independent study or person,prior committed map
GSM5641784,GSE186257,GEO sample,GSM nested within GSE; not independent study or person,prior committed map
GSM5641785,GSE186257,GEO sample,GSM nested within GSE; not independent study or person,prior committed map
GSM5641786,GSE186257,GEO sample,GSM nested within GSE; not independent study or person,prior committed map
GSM5736672,GSE190971,GEO sample,GSM nested within GSE; not independent study or person,prior committed map
GSM5736673,GSE190971,GEO sample,GSM nested within GSE; not independent study or person,prior committed map
GSM5736674,GSE190971,GEO sample,GSM nested within GSE; not independent study or person,prior committed map
GSM5736675,GSE190971,GEO sample,GSM nested within GSE; not independent study or person,prior committed map
GSM5736676,GSE190971,GEO sample,GSM nested within GSE; not independent study or person,prior committed map
GSM5736677,GSE190971,GEO sample,GSM nested within GSE; not independent study or person,prior committed map
GSM5736678,GSE190971,GEO sample,GSM nested within GSE; not independent study or person,prior committed map
GSM5736679,GSE190971,GEO sample,GSM nested within GSE; not independent study or person,prior committed map
GSM5736680,GSE190971,GEO sample,GSM nested within GSE; not independent study or person,prior committed map
GSM5736681,GSE190971,GEO sample,GSM nested within GSE; not independent study or person,prior committed map
GSM5736682,GSE190971,GEO sample,GSM nested within GSE; not independent study or person,prior committed map
GSM5736683,GSE190971,GEO sample,GSM nested within GSE; not independent study or person,prior committed map
GSM5736684,GSE190971,GEO sample,GSM nested within GSE; not independent study or person,prior committed map
GSM5768319,GSE192902,GEO sample,GSM nested within GSE; not independent study or person,prior committed map
GSM5768321,GSE192902,GEO sample,GSM nested within GSE; not independent study or person,prior committed map
GSM5768323,GSE192902,GEO sample,GSM nested within GSE; not independent study or person,prior committed map
GSM5768324,GSE192902,GEO sample,GSM nested within GSE; not independent study or person,prior committed map
GSM5768332,GSE192902,GEO sample,GSM nested within GSE; not independent study or person,prior committed map
GSM5768336,GSE192902,GEO sample,GSM nested within GSE; not independent study or person,prior committed map
GSM5768340,GSE192902,GEO sample,GSM nested within GSE; not independent study or person,prior committed map
GSM5768347,GSE192902,GEO sample,GSM nested within GSE; not independent study or person,prior committed map
GSM5768350,GSE192902,GEO sample,GSM nested within GSE; not independent study or person,prior committed map
GSM5768353,GSE192902,GEO sample,GSM nested within GSE; not independent study or person,prior committed map
GSM5768358,GSE192902,GEO sample,GSM nested within GSE; not independent study or person,prior committed map
GSM5768363,GSE192902,GEO sample,GSM nested within GSE; not independent study or person,prior committed map
GSM5768364,GSE192902,GEO sample,GSM nested within GSE; not independent study or person,prior committed map
GSM5768370,GSE192902,GEO sample,GSM nested within GSE; not independent study or person,prior committed map
GSM5768373,GSE192902,GEO sample,GSM nested within GSE; not independent study or person,prior committed map
GSM5768376,GSE192902,GEO sample,GSM nested within GSE; not independent study or person,prior committed map
GSM5768378,GSE192902,GEO sample,GSM nested within GSE; not independent study or person,prior committed map
GSM5768383,GSE192902,GEO sample,GSM nested within GSE; not independent study or person,prior committed map
GSM5768386,GSE192902,GEO sample,GSM nested within GSE; not independent study or person,prior committed map
GSM5768388,GSE192902,GEO sample,GSM nested within GSE; not independent study or person,prior committed map
GSM5768398,GSE192902,GEO sample,GSM nested within GSE; not independent study or person,prior committed map
GSM5768401,GSE192902,GEO sample,GSM nested within GSE; not independent study or person,prior committed map
GSM5768404,GSE192902,GEO sample,GSM nested within GSE; not independent study or person,prior committed map
GSM5768408,GSE192902,GEO sample,GSM nested within GSE; not independent study or person,prior committed map
GSM5768411,GSE192902,GEO sample,GSM nested within GSE; not independent study or person,prior committed map
GSM5768414,GSE192902,GEO sample,GSM nested within GSE; not independent study or person,prior committed map
GSM5768419,GSE192902,GEO sample,GSM nested within GSE; not independent study or person,prior committed map
GSM5768429,GSE192902,GEO sample,GSM nested within GSE; not independent study or person,prior committed map
GSM5768433,GSE192902,GEO sample,GSM nested within GSE; not independent study or person,prior committed map
GSM5768439,GSE192902,GEO sample,GSM nested within GSE; not independent study or person,prior committed map
GSM5768447,GSE192902,GEO sample,GSM nested within GSE; not independent study or person,prior committed map
GSM5768448,GSE192902,GEO sample,GSM nested within GSE; not independent study or person,prior committed map
GSM5768450,GSE192902,GEO sample,GSM nested within GSE; not independent study or person,prior committed map
GSM5768451,GSE192902,GEO sample,GSM nested within GSE; not independent study or person,prior committed map
GSM5768452,GSE192902,GEO sample,GSM nested within GSE; not independent study or person,prior committed map
GSM5768454,GSE192902,GEO sample,GSM nested within GSE; not independent study or person,prior committed map
GSM5768457,GSE192902,GEO sample,GSM nested within GSE; not independent study or person,prior committed map
GSM5768458,GSE192902,GEO sample,GSM nested within GSE; not independent study or person,prior committed map
GSM5768459,GSE192902,GEO sample,GSM nested within GSE; not independent study or person,prior committed map
GSM5768460,GSE192902,GEO sample,GSM nested within GSE; not independent study or person,prior committed map
GSM5768461,GSE192902,GEO sample,GSM nested within GSE; not independent study or person,prior committed map
GSM5768463,GSE192902,GEO sample,GSM nested within GSE; not independent study or person,prior committed map
GSM5768464,GSE192902,GEO sample,GSM nested within GSE; not independent study or person,prior committed map
GSM5768466,GSE192902,GEO sample,GSM nested within GSE; not independent study or person,prior committed map
GSM5768471,GSE192902,GEO sample,GSM nested within GSE; not independent study or person,prior committed map
GSM5768475,GSE192902,GEO sample,GSM nested within GSE; not independent study or person,prior committed map
GSM5768476,GSE192902,GEO sample,GSM nested within GSE; not independent study or person,prior committed map
GSM5768477,GSE192902,GEO sample,GSM nested within GSE; not independent study or person,prior committed map
GSM5768479,GSE192902,GEO sample,GSM nested within GSE; not independent study or person,prior committed map
GSM5768484,GSE192902,GEO sample,GSM nested within GSE; not independent study or person,prior committed map
GSM5768487,GSE192902,GEO sample,GSM nested within GSE; not independent study or person,prior committed map
GSM5768488,GSE192902,GEO sample,GSM nested within GSE; not independent study or person,prior committed map
GSM5768492,GSE192902,GEO sample,GSM nested within GSE; not independent study or person,prior committed map
GSM5768494,GSE192902,GEO sample,GSM nested within GSE; not independent study or person,prior committed map
GSM5768498,GSE192902,GEO sample,GSM nested within GSE; not independent study or person,prior committed map
GSM5768500,GSE192902,GEO sample,GSM nested within GSE; not independent study or person,prior committed map
GSM5768509,GSE192902,GEO sample,GSM nested within GSE; not independent study or person,prior committed map
GSM5768514,GSE192902,GEO sample,GSM nested within GSE; not independent study or person,prior committed map
GSM5768517,GSE192902,GEO sample,GSM nested within GSE; not independent study or person,prior committed map
GSM5768520,GSE192902,GEO sample,GSM nested within GSE; not independent study or person,prior committed map
GSM5768528,GSE192902,GEO sample,GSM nested within GSE; not independent study or person,prior committed map
GSM5768534,GSE192902,GEO sample,GSM nested within GSE; not independent study or person,prior committed map
GSM5768541,GSE192902,GEO sample,GSM nested within GSE; not independent study or person,prior committed map
GSM5768544,GSE192902,GEO sample,GSM nested within GSE; not independent study or person,prior committed map
GSM5768553,GSE192902,GEO sample,GSM nested within GSE; not independent study or person,prior committed map
GSM5768556,GSE192902,GEO sample,GSM nested within GSE; not independent study or person,prior committed map
GSM5768561,GSE192902,GEO sample,GSM nested within GSE; not independent study or person,prior committed map
GSM5768565,GSE192902,GEO sample,GSM nested within GSE; not independent study or person,prior committed map
GSM5768571,GSE192902,GEO sample,GSM nested within GSE; not independent study or person,prior committed map
GSM5768574,GSE192902,GEO sample,GSM nested within GSE; not independent study or person,prior committed map
GSM5768576,GSE192902,GEO sample,GSM nested within GSE; not independent study or person,prior committed map
GSM5768583,GSE192902,GEO sample,GSM nested within GSE; not independent study or person,prior committed map
GSM5768584,GSE192902,GEO sample,GSM nested within GSE; not independent study or person,prior committed map
GSM5768585,GSE192902,GEO sample,GSM nested within GSE; not independent study or person,prior committed map
GSM5768586,GSE192902,GEO sample,GSM nested within GSE; not independent study or person,prior committed map
GSM5768587,GSE192902,GEO sample,GSM nested within GSE; not independent study or person,prior committed map
GSM5768589,GSE192902,GEO sample,GSM nested within GSE; not independent study or person,prior committed map
GSM5768591,GSE192902,GEO sample,GSM nested within GSE; not independent study or person,prior committed map
GSM5768593,GSE192902,GEO sample,GSM nested within GSE; not independent study or person,prior committed map
GSM5768595,GSE192902,GEO sample,GSM nested within GSE; not independent study or person,prior committed map
GSM5768596,GSE192902,GEO sample,GSM nested within GSE; not independent study or person,prior committed map
GSM5768597,GSE192902,GEO sample,GSM nested within GSE; not independent study or person,prior committed map
GSM5768599,GSE192902,GEO sample,GSM nested within GSE; not independent study or person,prior committed map
GSM5768602,GSE192902,GEO sample,GSM nested within GSE; not independent study or person,prior committed map
GSM5768603,GSE192902,GEO sample,GSM nested within GSE; not independent study or person,prior committed map
GSM5768605,GSE192902,GEO sample,GSM nested within GSE; not independent study or person,prior committed map
GSM5768606,GSE192902,GEO sample,GSM nested within GSE; not independent study or person,prior committed map
GSM5768608,GSE192902,GEO sample,GSM nested within GSE; not independent study or person,prior committed map
GSM5768609,GSE192902,GEO sample,GSM nested within GSE; not independent study or person,prior committed map
GSM5768611,GSE192902,GEO sample,GSM nested within GSE; not independent study or person,prior committed map
GSM5768612,GSE192902,GEO sample,GSM nested within GSE; not independent study or person,prior committed map
GSM5768613,GSE192902,GEO sample,GSM nested within GSE; not independent study or person,prior committed map
GSM5768614,GSE192902,GEO sample,GSM nested within GSE; not independent study or person,prior committed map
GSM5768615,GSE192902,GEO sample,GSM nested within GSE; not independent study or person,prior committed map
GSM5768616,GSE192902,GEO sample,GSM nested within GSE; not independent study or person,prior committed map
GSM5768617,GSE192902,GEO sample,GSM nested within GSE; not independent study or person,prior committed map
GSM5768618,GSE192902,GEO sample,GSM nested within GSE; not independent study or person,prior committed map
GSM5768620,GSE192902,GEO sample,GSM nested within GSE; not independent study or person,prior committed map
GSM5768621,GSE192902,GEO sample,GSM nested within GSE; not independent study or person,prior committed map
GSM5768624,GSE192902,GEO sample,GSM nested within GSE; not independent study or person,prior committed map
GSM5768625,GSE192902,GEO sample,GSM nested within GSE; not independent study or person,prior committed map
GSM5768626,GSE192902,GEO sample,GSM nested within GSE; not independent study or person,prior committed map
GSM5768627,GSE192902,GEO sample,GSM nested within GSE; not independent study or person,prior committed map
GSM5768629,GSE192902,GEO sample,GSM nested within GSE; not independent study or person,prior committed map
GSM5768633,GSE192902,GEO sample,GSM nested within GSE; not independent study or person,prior committed map
GSM5768635,GSE192902,GEO sample,GSM nested within GSE; not independent study or person,prior committed map
GSM5768640,GSE192902,GEO sample,GSM nested within GSE; not independent study or person,prior committed map
GSM5768642,GSE192902,GEO sample,GSM nested within GSE; not independent study or person,prior committed map
GSM5768650,GSE192902,GEO sample,GSM nested within GSE; not independent study or person,prior committed map
GSM5768653,GSE192902,GEO sample,GSM nested within GSE; not independent study or person,prior committed map
GSM5768655,GSE192902,GEO sample,GSM nested within GSE; not independent study or person,prior committed map
GSM5768660,GSE192902,GEO sample,GSM nested within GSE; not independent study or person,prior committed map
GSM5768662,GSE192902,GEO sample,GSM nested within GSE; not independent study or person,prior committed map
GSM5768667,GSE192902,GEO sample,GSM nested within GSE; not independent study or person,prior committed map
GSM5768670,GSE192902,GEO sample,GSM nested within GSE; not independent study or person,prior committed map
GSM5768671,GSE192902,GEO sample,GSM nested within GSE; not independent study or person,prior committed map
GSM5768673,GSE192902,GEO sample,GSM nested within GSE; not independent study or person,prior committed map
GSM5768677,GSE192902,GEO sample,GSM nested within GSE; not independent study or person,prior committed map
GSM5768679,GSE192902,GEO sample,GSM nested within GSE; not independent study or person,prior committed map
GSM5768681,GSE192902,GEO sample,GSM nested within GSE; not independent study or person,prior committed map
GSM5768682,GSE192902,GEO sample,GSM nested within GSE; not independent study or person,prior committed map
GSM5768684,GSE192902,GEO sample,GSM nested within GSE; not independent study or person,prior committed map
GSM5768688,GSE192902,GEO sample,GSM nested within GSE; not independent study or person,prior committed map
GSM5768693,GSE192902,GEO sample,GSM nested within GSE; not independent study or person,prior committed map
GSM5768699,GSE192902,GEO sample,GSM nested within GSE; not independent study or person,prior committed map
GSM5768710,GSE192902,GEO sample,GSM nested within GSE; not independent study or person,prior committed map
GSM5768716,GSE192902,GEO sample,GSM nested within GSE; not independent study or person,prior committed map
GSM6198397,GSE204835,GEO sample,GSM nested within GSE; not independent study or person,prior committed map
GSM6198398,GSE204835,GEO sample,GSM nested within GSE; not independent study or person,prior committed map
GSM6198411,GSE204835,GEO sample,GSM nested within GSE; not independent study or person,prior committed map
GSM6198412,GSE204835,GEO sample,GSM nested within GSE; not independent study or person,prior committed map
GSM6552364,GSE212787,GEO sample,GSM nested within GSE; not independent study or person,prior committed map
GSM6552365,GSE212787,GEO sample,GSM nested within GSE; not independent study or person,prior committed map
GSM6552366,GSE212787,GEO sample,GSM nested within GSE; not independent study or person,prior committed map
GSM6552367,GSE212787,GEO sample,GSM nested within GSE; not independent study or person,prior committed map
GSM6552368,GSE212787,GEO sample,GSM nested within GSE; not independent study or person,prior committed map
GSM6552369,GSE212787,GEO sample,GSM nested within GSE; not independent study or person,prior committed map
GSM6552370,GSE212787,GEO sample,GSM nested within GSE; not independent study or person,prior committed map
GSM6552371,GSE212787,GEO sample,GSM nested within GSE; not independent study or person,prior committed map
GSM6552372,GSE212787,GEO sample,GSM nested within GSE; not independent study or person,prior committed map
GSM6552373,GSE212787,GEO sample,GSM nested within GSE; not independent study or person,prior committed map
GSM6552374,GSE212787,GEO sample,GSM nested within GSE; not independent study or person,prior committed map
GSM6552375,GSE212787,GEO sample,GSM nested within GSE; not independent study or person,prior committed map
GSM6552376,GSE212787,GEO sample,GSM nested within GSE; not independent study or person,prior committed map
GSM6685067,GSE216638,GEO sample,GSM nested within GSE; not independent study or person,prior committed map
GSM6685068,GSE216638,GEO sample,GSM nested within GSE; not independent study or person,prior committed map
GSM6685069,GSE216638,GEO sample,GSM nested within GSE; not independent study or person,prior committed map
GSM6685070,GSE216638,GEO sample,GSM nested within GSE; not independent study or person,prior committed map
GSM6685071,GSE216638,GEO sample,GSM nested within GSE; not independent study or person,prior committed map
GSM6685072,GSE216638,GEO sample,GSM nested within GSE; not independent study or person,prior committed map
GSM6685073,GSE216638,GEO sample,GSM nested within GSE; not independent study or person,prior committed map
GSM6685074,GSE216638,GEO sample,GSM nested within GSE; not independent study or person,prior committed map
GSM6685075,GSE216638,GEO sample,GSM nested within GSE; not independent study or person,prior committed map
GSM6685076,GSE216638,GEO sample,GSM nested within GSE; not independent study or person,prior committed map
GSM6685077,GSE216638,GEO sample,GSM nested within GSE; not independent study or person,prior committed map
GSM6685078,GSE216638,GEO sample,GSM nested within GSE; not independent study or person,prior committed map
GSM6685079,GSE216638,GEO sample,GSM nested within GSE; not independent study or person,prior committed map
GSM6685080,GSE216638,GEO sample,GSM nested within GSE; not independent study or person,prior committed map
GSM6685081,GSE216638,GEO sample,GSM nested within GSE; not independent study or person,prior committed map
GSM6685082,GSE216638,GEO sample,GSM nested within GSE; not independent study or person,prior committed map
GSM6685083,GSE216638,GEO sample,GSM nested within GSE; not independent study or person,prior committed map
GSM6685084,GSE216638,GEO sample,GSM nested within GSE; not independent study or person,prior committed map
GSM6685085,GSE216638,GEO sample,GSM nested within GSE; not independent study or person,prior committed map
GSM6685086,GSE216638,GEO sample,GSM nested within GSE; not independent study or person,prior committed map
GSM6685087,GSE216638,GEO sample,GSM nested within GSE; not independent study or person,prior committed map
GSM6685088,GSE216638,GEO sample,GSM nested within GSE; not independent study or person,prior committed map
GSM6909756,GSE221921,GEO sample,GSM nested within GSE; not independent study or person,prior committed map
GSM6909757,GSE221921,GEO sample,GSM nested within GSE; not independent study or person,prior committed map
GSM6909758,GSE221921,GEO sample,GSM nested within GSE; not independent study or person,prior committed map
GSM6909759,GSE221921,GEO sample,GSM nested within GSE; not independent study or person,prior committed map
GSM6909760,GSE221921,GEO sample,GSM nested within GSE; not independent study or person,prior committed map
GSM6909761,GSE221921,GEO sample,GSM nested within GSE; not independent study or person,prior committed map
GSM6909762,GSE221921,GEO sample,GSM nested within GSE; not independent study or person,prior committed map
GSM6909763,GSE221921,GEO sample,GSM nested within GSE; not independent study or person,prior committed map
GSM6909764,GSE221921,GEO sample,GSM nested within GSE; not independent study or person,prior committed map
GSM6909765,GSE221921,GEO sample,GSM nested within GSE; not independent study or person,prior committed map
GSM6909766,GSE221921,GEO sample,GSM nested within GSE; not independent study or person,prior committed map
GSM6909767,GSE221921,GEO sample,GSM nested within GSE; not independent study or person,prior committed map
GSM6909768,GSE221921,GEO sample,GSM nested within GSE; not independent study or person,prior committed map
GSM6909769,GSE221921,GEO sample,GSM nested within GSE; not independent study or person,prior committed map
GSM6909770,GSE221921,GEO sample,GSM nested within GSE; not independent study or person,prior committed map
GSM6909771,GSE221921,GEO sample,GSM nested within GSE; not independent study or person,prior committed map
GSM6909772,GSE221921,GEO sample,GSM nested within GSE; not independent study or person,prior committed map
GSM6909773,GSE221921,GEO sample,GSM nested within GSE; not independent study or person,prior committed map
GSM6909774,GSE221921,GEO sample,GSM nested within GSE; not independent study or person,prior committed map
GSM6909775,GSE221921,GEO sample,GSM nested within GSE; not independent study or person,prior committed map
GSM6909776,GSE221921,GEO sample,GSM nested within GSE; not independent study or person,prior committed map
GSM6909777,GSE221921,GEO sample,GSM nested within GSE; not independent study or person,prior committed map
GSM6909778,GSE221921,GEO sample,GSM nested within GSE; not independent study or person,prior committed map
GSM6909779,GSE221921,GEO sample,GSM nested within GSE; not independent study or person,prior committed map
GSM6909780,GSE221921,GEO sample,GSM nested within GSE; not independent study or person,prior committed map
GSM6909781,GSE221921,GEO sample,GSM nested within GSE; not independent study or person,prior committed map
GSM6909782,GSE221921,GEO sample,GSM nested within GSE; not independent study or person,prior committed map
GSM6909783,GSE221921,GEO sample,GSM nested within GSE; not independent study or person,prior committed map
GSM6909784,GSE221921,GEO sample,GSM nested within GSE; not independent study or person,prior committed map
GSM6909785,GSE221921,GEO sample,GSM nested within GSE; not independent study or person,prior committed map
GSM6909786,GSE221921,GEO sample,GSM nested within GSE; not independent study or person,prior committed map
GSM6909787,GSE221921,GEO sample,GSM nested within GSE; not independent study or person,prior committed map
GSM6909788,GSE221921,GEO sample,GSM nested within GSE; not independent study or person,prior committed map
GSM6909789,GSE221921,GEO sample,GSM nested within GSE; not independent study or person,prior committed map
GSM6909790,GSE221921,GEO sample,GSM nested within GSE; not independent study or person,prior committed map
GSM6909791,GSE221921,GEO sample,GSM nested within GSE; not independent study or person,prior committed map
GSM6909792,GSE221921,GEO sample,GSM nested within GSE; not independent study or person,prior committed map
GSM6909793,GSE221921,GEO sample,GSM nested within GSE; not independent study or person,prior committed map
GSM6909794,GSE221921,GEO sample,GSM nested within GSE; not independent study or person,prior committed map
GSM6909795,GSE221921,GEO sample,GSM nested within GSE; not independent study or person,prior committed map
GSM6909796,GSE221921,GEO sample,GSM nested within GSE; not independent study or person,prior committed map
GSM6909797,GSE221921,GEO sample,GSM nested within GSE; not independent study or person,prior committed map
GSM6909798,GSE221921,GEO sample,GSM nested within GSE; not independent study or person,prior committed map
GSM6909799,GSE221921,GEO sample,GSM nested within GSE; not independent study or person,prior committed map
GSM6909800,GSE221921,GEO sample,GSM nested within GSE; not independent study or person,prior committed map
GSM6909801,GSE221921,GEO sample,GSM nested within GSE; not independent study or person,prior committed map
GSM6909802,GSE221921,GEO sample,GSM nested within GSE; not independent study or person,prior committed map
GSM6909803,GSE221921,GEO sample,GSM nested within GSE; not independent study or person,prior committed map
GSM6909804,GSE221921,GEO sample,GSM nested within GSE; not independent study or person,prior committed map
GSM6909805,GSE221921,GEO sample,GSM nested within GSE; not independent study or person,prior committed map
GSM6909806,GSE221921,GEO sample,GSM nested within GSE; not independent study or person,prior committed map
GSM6909807,GSE221921,GEO sample,GSM nested within GSE; not independent study or person,prior committed map
GSM6909808,GSE221921,GEO sample,GSM nested within GSE; not independent study or person,prior committed map
GSM6909809,GSE221921,GEO sample,GSM nested within GSE; not independent study or person,prior committed map
GSM6909810,GSE221921,GEO sample,GSM nested within GSE; not independent study or person,prior committed map
GSM6909811,GSE221921,GEO sample,GSM nested within GSE; not independent study or person,prior committed map
GSM6909812,GSE221921,GEO sample,GSM nested within GSE; not independent study or person,prior committed map
GSM6909813,GSE221921,GEO sample,GSM nested within GSE; not independent study or person,prior committed map
GSM6909814,GSE221921,GEO sample,GSM nested within GSE; not independent study or person,prior committed map
GSM6909815,GSE221921,GEO sample,GSM nested within GSE; not independent study or person,prior committed map
GSM6909816,GSE221921,GEO sample,GSM nested within GSE; not independent study or person,prior committed map
GSM6909817,GSE221921,GEO sample,GSM nested within GSE; not independent study or person,prior committed map
GSM6909818,GSE221921,GEO sample,GSM nested within GSE; not independent study or person,prior committed map
GSM6909819,GSE221921,GEO sample,GSM nested within GSE; not independent study or person,prior committed map
GSM6909820,GSE221921,GEO sample,GSM nested within GSE; not independent study or person,prior committed map
GSM6909821,GSE221921,GEO sample,GSM nested within GSE; not independent study or person,prior committed map
GSM6909822,GSE221921,GEO sample,GSM nested within GSE; not independent study or person,prior committed map
GSM6909823,GSE221921,GEO sample,GSM nested within GSE; not independent study or person,prior committed map
GSM6909824,GSE221921,GEO sample,GSM nested within GSE; not independent study or person,prior committed map
GSM6909825,GSE221921,GEO sample,GSM nested within GSE; not independent study or person,prior committed map
GSM6909826,GSE221921,GEO sample,GSM nested within GSE; not independent study or person,prior committed map
GSM6909827,GSE221921,GEO sample,GSM nested within GSE; not independent study or person,prior committed map
GSM6909828,GSE221921,GEO sample,GSM nested within GSE; not independent study or person,prior committed map
GSM6909829,GSE221921,GEO sample,GSM nested within GSE; not independent study or person,prior committed map
GSM6909830,GSE221921,GEO sample,GSM nested within GSE; not independent study or person,prior committed map
GSM6909831,GSE221921,GEO sample,GSM nested within GSE; not independent study or person,prior committed map
GSM6909832,GSE221921,GEO sample,GSM nested within GSE; not independent study or person,prior committed map
GSM6909833,GSE221921,GEO sample,GSM nested within GSE; not independent study or person,prior committed map
GSM6909834,GSE221921,GEO sample,GSM nested within GSE; not independent study or person,prior committed map
GSM6909835,GSE221921,GEO sample,GSM nested within GSE; not independent study or person,prior committed map
GSM6909836,GSE221921,GEO sample,GSM nested within GSE; not independent study or person,prior committed map
GSM6909837,GSE221921,GEO sample,GSM nested within GSE; not independent study or person,prior committed map
GSM6909838,GSE221921,GEO sample,GSM nested within GSE; not independent study or person,prior committed map
GSM6909839,GSE221921,GEO sample,GSM nested within GSE; not independent study or person,prior committed map
GSM6909840,GSE221921,GEO sample,GSM nested within GSE; not independent study or person,prior committed map
GSM6909841,GSE221921,GEO sample,GSM nested within GSE; not independent study or person,prior committed map
GSM6909842,GSE221921,GEO sample,GSM nested within GSE; not independent study or person,prior committed map
GSM6909843,GSE221921,GEO sample,GSM nested within GSE; not independent study or person,prior committed map
GSM6909844,GSE221921,GEO sample,GSM nested within GSE; not independent study or person,prior committed map
GSM6909845,GSE221921,GEO sample,GSM nested within GSE; not independent study or person,prior committed map
GSM6909846,GSE221921,GEO sample,GSM nested within GSE; not independent study or person,prior committed map
GSM6909847,GSE221921,GEO sample,GSM nested within GSE; not independent study or person,prior committed map
GSM6909848,GSE221921,GEO sample,GSM nested within GSE; not independent study or person,prior committed map
GSM6909849,GSE221921,GEO sample,GSM nested within GSE; not independent study or person,prior committed map
GSM6909850,GSE221921,GEO sample,GSM nested within GSE; not independent study or person,prior committed map
GSM6909851,GSE221921,GEO sample,GSM nested within GSE; not independent study or person,prior committed map
GSM6909852,GSE221921,GEO sample,GSM nested within GSE; not independent study or person,prior committed map
GSM6909853,GSE221921,GEO sample,GSM nested within GSE; not independent study or person,prior committed map
GSM6909854,GSE221921,GEO sample,GSM nested within GSE; not independent study or person,prior committed map
GSM6909855,GSE221921,GEO sample,GSM nested within GSE; not independent study or person,prior committed map
GSM6909856,GSE221921,GEO sample,GSM nested within GSE; not independent study or person,prior committed map
GSM6909857,GSE221921,GEO sample,GSM nested within GSE; not independent study or person,prior committed map
GSM6909858,GSE221921,GEO sample,GSM nested within GSE; not independent study or person,prior committed map
GSM6909859,GSE221921,GEO sample,GSM nested within GSE; not independent study or person,prior committed map
GSM6909860,GSE221921,GEO sample,GSM nested within GSE; not independent study or person,prior committed map
GSM6909861,GSE221921,GEO sample,GSM nested within GSE; not independent study or person,prior committed map
GSM6909862,GSE221921,GEO sample,GSM nested within GSE; not independent study or person,prior committed map
GSM6909863,GSE221921,GEO sample,GSM nested within GSE; not independent study or person,prior committed map
GSM6909864,GSE221921,GEO sample,GSM nested within GSE; not independent study or person,prior committed map
GSM6909865,GSE221921,GEO sample,GSM nested within GSE; not independent study or person,prior committed map
GSM6909866,GSE221921,GEO sample,GSM nested within GSE; not independent study or person,prior committed map
GSM6909867,GSE221921,GEO sample,GSM nested within GSE; not independent study or person,prior committed map
GSM6909868,GSE221921,GEO sample,GSM nested within GSE; not independent study or person,prior committed map
GSM6909869,GSE221921,GEO sample,GSM nested within GSE; not independent study or person,prior committed map
GSM6909870,GSE221921,GEO sample,GSM nested within GSE; not independent study or person,prior committed map
GSM6909871,GSE221921,GEO sample,GSM nested within GSE; not independent study or person,prior committed map
GSM6909872,GSE221921,GEO sample,GSM nested within GSE; not independent study or person,prior committed map
GSM6909873,GSE221921,GEO sample,GSM nested within GSE; not independent study or person,prior committed map
GSM6909874,GSE221921,GEO sample,GSM nested within GSE; not independent study or person,prior committed map
GSM6909875,GSE221921,GEO sample,GSM nested within GSE; not independent study or person,prior committed map
GSM6909876,GSE221921,GEO sample,GSM nested within GSE; not independent study or person,prior committed map
GSM6909877,GSE221921,GEO sample,GSM nested within GSE; not independent study or person,prior committed map
GSM6909878,GSE221921,GEO sample,GSM nested within GSE; not independent study or person,prior committed map
GSM6909879,GSE221921,GEO sample,GSM nested within GSE; not independent study or person,prior committed map
GSM6909880,GSE221921,GEO sample,GSM nested within GSE; not independent study or person,prior committed map
GSM6909881,GSE221921,GEO sample,GSM nested within GSE; not independent study or person,prior committed map
GSM6909882,GSE221921,GEO sample,GSM nested within GSE; not independent study or person,prior committed map
GSM6909883,GSE221921,GEO sample,GSM nested within GSE; not independent study or person,prior committed map
GSM6909884,GSE221921,GEO sample,GSM nested within GSE; not independent study or person,prior committed map
GSM6909885,GSE221921,GEO sample,GSM nested within GSE; not independent study or person,prior committed map
GSM6909886,GSE221921,GEO sample,GSM nested within GSE; not independent study or person,prior committed map
GSM6909887,GSE221921,GEO sample,GSM nested within GSE; not independent study or person,prior committed map
GSM6909888,GSE221921,GEO sample,GSM nested within GSE; not independent study or person,prior committed map
GSM6909889,GSE221921,GEO sample,GSM nested within GSE; not independent study or person,prior committed map
GSM6909890,GSE221921,GEO sample,GSM nested within GSE; not independent study or person,prior committed map
GSM6909891,GSE221921,GEO sample,GSM nested within GSE; not independent study or person,prior committed map
GSM6909892,GSE221921,GEO sample,GSM nested within GSE; not independent study or person,prior committed map
GSM6909893,GSE221921,GEO sample,GSM nested within GSE; not independent study or person,prior committed map
GSM6909894,GSE221921,GEO sample,GSM nested within GSE; not independent study or person,prior committed map
GSM6909895,GSE221921,GEO sample,GSM nested within GSE; not independent study or person,prior committed map
GSM6909896,GSE221921,GEO sample,GSM nested within GSE; not independent study or person,prior committed map
GSM6909897,GSE221921,GEO sample,GSM nested within GSE; not independent study or person,prior committed map
GSM6909898,GSE221921,GEO sample,GSM nested within GSE; not independent study or person,prior committed map
GSM6909899,GSE221921,GEO sample,GSM nested within GSE; not independent study or person,prior committed map
GSM6909900,GSE221921,GEO sample,GSM nested within GSE; not independent study or person,prior committed map
GSM6909901,GSE221921,GEO sample,GSM nested within GSE; not independent study or person,prior committed map
GSM6909902,GSE221921,GEO sample,GSM nested within GSE; not independent study or person,prior committed map
GSM6909903,GSE221921,GEO sample,GSM nested within GSE; not independent study or person,prior committed map
GSM6909904,GSE221921,GEO sample,GSM nested within GSE; not independent study or person,prior committed map
GSM6909905,GSE221921,GEO sample,GSM nested within GSE; not independent study or person,prior committed map
GSM6909906,GSE221921,GEO sample,GSM nested within GSE; not independent study or person,prior committed map
GSM6909907,GSE221921,GEO sample,GSM nested within GSE; not independent study or person,prior committed map
GSM6909908,GSE221921,GEO sample,GSM nested within GSE; not independent study or person,prior committed map
GSM6909909,GSE221921,GEO sample,GSM nested within GSE; not independent study or person,prior committed map
GSM6909910,GSE221921,GEO sample,GSM nested within GSE; not independent study or person,prior committed map
GSM6909911,GSE221921,GEO sample,GSM nested within GSE; not independent study or person,prior committed map
GSM6909912,GSE221921,GEO sample,GSM nested within GSE; not independent study or person,prior committed map
GSM6909913,GSE221921,GEO sample,GSM nested within GSE; not independent study or person,prior committed map
GSM6909914,GSE221921,GEO sample,GSM nested within GSE; not independent study or person,prior committed map
GSM6909915,GSE221921,GEO sample,GSM nested within GSE; not independent study or person,prior committed map
GSM6909916,GSE221921,GEO sample,GSM nested within GSE; not independent study or person,prior committed map
GSM6909917,GSE221921,GEO sample,GSM nested within GSE; not independent study or person,prior committed map
GSM6909918,GSE221921,GEO sample,GSM nested within GSE; not independent study or person,prior committed map
GSM6909919,GSE221921,GEO sample,GSM nested within GSE; not independent study or person,prior committed map
GSM6909920,GSE221921,GEO sample,GSM nested within GSE; not independent study or person,prior committed map
GSM6909921,GSE221921,GEO sample,GSM nested within GSE; not independent study or person,prior committed map
GSM6909922,GSE221921,GEO sample,GSM nested within GSE; not independent study or person,prior committed map
GSM6909923,GSE221921,GEO sample,GSM nested within GSE; not independent study or person,prior committed map
GSM6909924,GSE221921,GEO sample,GSM nested within GSE; not independent study or person,prior committed map
GSM6909925,GSE221921,GEO sample,GSM nested within GSE; not independent study or person,prior committed map
GSM6909926,GSE221921,GEO sample,GSM nested within GSE; not independent study or person,prior committed map
GSM6909927,GSE221921,GEO sample,GSM nested within GSE; not independent study or person,prior committed map
GSM6909928,GSE221921,GEO sample,GSM nested within GSE; not independent study or person,prior committed map
GSM6909929,GSE221921,GEO sample,GSM nested within GSE; not independent study or person,prior committed map
GSM6909930,GSE221921,GEO sample,GSM nested within GSE; not independent study or person,prior committed map
GSM6909931,GSE221921,GEO sample,GSM nested within GSE; not independent study or person,prior committed map
GSM6909932,GSE221921,GEO sample,GSM nested within GSE; not independent study or person,prior committed map
GSM6909933,GSE221921,GEO sample,GSM nested within GSE; not independent study or person,prior committed map
GSM6909934,GSE221921,GEO sample,GSM nested within GSE; not independent study or person,prior committed map
GSM6909935,GSE221921,GEO sample,GSM nested within GSE; not independent study or person,prior committed map
GSM6909936,GSE221921,GEO sample,GSM nested within GSE; not independent study or person,prior committed map
GSM6909937,GSE221921,GEO sample,GSM nested within GSE; not independent study or person,prior committed map
GSM6909938,GSE221921,GEO sample,GSM nested within GSE; not independent study or person,prior committed map
GSM6909939,GSE221921,GEO sample,GSM nested within GSE; not independent study or person,prior committed map
GSM6909940,GSE221921,GEO sample,GSM nested within GSE; not independent study or person,prior committed map
GSM6909941,GSE221921,GEO sample,GSM nested within GSE; not independent study or person,prior committed map
GSM6909942,GSE221921,GEO sample,GSM nested within GSE; not independent study or person,prior committed map
GSM6909943,GSE221921,GEO sample,GSM nested within GSE; not independent study or person,prior committed map
GSM6909944,GSE221921,GEO sample,GSM nested within GSE; not independent study or person,prior committed map
GSM6919123,GSE214397,GEO sample,GSM nested within GSE; not independent study or person,prior committed map
GSM6919124,GSE214397,GEO sample,GSM nested within GSE; not independent study or person,prior committed map
GSM6919125,GSE214397,GEO sample,GSM nested within GSE; not independent study or person,prior committed map
GSM6919126,GSE214397,GEO sample,GSM nested within GSE; not independent study or person,prior committed map
GSM6919127,GSE214397,GEO sample,GSM nested within GSE; not independent study or person,prior committed map
GSM6919128,GSE214397,GEO sample,GSM nested within GSE; not independent study or person,prior committed map
GSM6919129,GSE214397,GEO sample,GSM nested within GSE; not independent study or person,prior committed map
GSM6919130,GSE214397,GEO sample,GSM nested within GSE; not independent study or person,prior committed map
GSM6919131,GSE214397,GEO sample,GSM nested within GSE; not independent study or person,prior committed map
GSM6919132,GSE214397,GEO sample,GSM nested within GSE; not independent study or person,prior committed map
GSM6919133,GSE214397,GEO sample,GSM nested within GSE; not independent study or person,prior committed map
GSM6919134,GSE214397,GEO sample,GSM nested within GSE; not independent study or person,prior committed map
GSM6919135,GSE214397,GEO sample,GSM nested within GSE; not independent study or person,prior committed map
GSM6919136,GSE214397,GEO sample,GSM nested within GSE; not independent study or person,prior committed map
GSM6919137,GSE214397,GEO sample,GSM nested within GSE; not independent study or person,prior committed map
GSM6919138,GSE214397,GEO sample,GSM nested within GSE; not independent study or person,prior committed map
GSM6919139,GSE214397,GEO sample,GSM nested within GSE; not independent study or person,prior committed map
GSM6919140,GSE214397,GEO sample,GSM nested within GSE; not independent study or person,prior committed map
GSM6919141,GSE214397,GEO sample,GSM nested within GSE; not independent study or person,prior committed map
GSM6919142,GSE214397,GEO sample,GSM nested within GSE; not independent study or person,prior committed map
GSM6919143,GSE214397,GEO sample,GSM nested within GSE; not independent study or person,prior committed map
GSM6919144,GSE214397,GEO sample,GSM nested within GSE; not independent study or person,prior committed map
GSM6919145,GSE214397,GEO sample,GSM nested within GSE; not independent study or person,prior committed map
GSM6919146,GSE214397,GEO sample,GSM nested within GSE; not independent study or person,prior committed map
GSM6919147,GSE214397,GEO sample,GSM nested within GSE; not independent study or person,prior committed map
GSM6919148,GSE214397,GEO sample,GSM nested within GSE; not independent study or person,prior committed map
GSM6919149,GSE214397,GEO sample,GSM nested within GSE; not independent study or person,prior committed map
GSM6919150,GSE214397,GEO sample,GSM nested within GSE; not independent study or person,prior committed map
GSM6919151,GSE214397,GEO sample,GSM nested within GSE; not independent study or person,prior committed map
GSM6919152,GSE214397,GEO sample,GSM nested within GSE; not independent study or person,prior committed map
GSM6919153,GSE214397,GEO sample,GSM nested within GSE; not independent study or person,prior committed map
GSM6919154,GSE214397,GEO sample,GSM nested within GSE; not independent study or person,prior committed map
GSM6919155,GSE214397,GEO sample,GSM nested within GSE; not independent study or person,prior committed map
GSM6919156,GSE214397,GEO sample,GSM nested within GSE; not independent study or person,prior committed map
GSM6919157,GSE214397,GEO sample,GSM nested within GSE; not independent study or person,prior committed map
GSM6919158,GSE214397,GEO sample,GSM nested within GSE; not independent study or person,prior committed map
GSM6919159,GSE214397,GEO sample,GSM nested within GSE; not independent study or person,prior committed map
GSM6919160,GSE214397,GEO sample,GSM nested within GSE; not independent study or person,prior committed map
GSM6919161,GSE214397,GEO sample,GSM nested within GSE; not independent study or person,prior committed map
GSM6919162,GSE214397,GEO sample,GSM nested within GSE; not independent study or person,prior committed map
GSM6919163,GSE214397,GEO sample,GSM nested within GSE; not independent study or person,prior committed map
GSM6919164,GSE214397,GEO sample,GSM nested within GSE; not independent study or person,prior committed map
GSM6919165,GSE214397,GEO sample,GSM nested within GSE; not independent study or person,prior committed map
GSM6919166,GSE214397,GEO sample,GSM nested within GSE; not independent study or person,prior committed map
GSM6919167,GSE214397,GEO sample,GSM nested within GSE; not independent study or person,prior committed map
GSM6919168,GSE214397,GEO sample,GSM nested within GSE; not independent study or person,prior committed map
GSM6919169,GSE214397,GEO sample,GSM nested within GSE; not independent study or person,prior committed map
GSM6919170,GSE214397,GEO sample,GSM nested within GSE; not independent study or person,prior committed map
GSM6919171,GSE214397,GEO sample,GSM nested within GSE; not independent study or person,prior committed map
GSM6919172,GSE214397,GEO sample,GSM nested within GSE; not independent study or person,prior committed map
GSM6919173,GSE214397,GEO sample,GSM nested within GSE; not independent study or person,prior committed map
GSM6919174,GSE214397,GEO sample,GSM nested within GSE; not independent study or person,prior committed map
GSM6919175,GSE214397,GEO sample,GSM nested within GSE; not independent study or person,prior committed map
GSM6919176,GSE214397,GEO sample,GSM nested within GSE; not independent study or person,prior committed map
GSM6919177,GSE214397,GEO sample,GSM nested within GSE; not independent study or person,prior committed map
GSM6919178,GSE214397,GEO sample,GSM nested within GSE; not independent study or person,prior committed map
GSM6919179,GSE214397,GEO sample,GSM nested within GSE; not independent study or person,prior committed map
GSM699135,GSE28242,GEO sample,GSM nested within GSE; not independent study or person,GSE28242 P7 series crosswalk
GSM699136,GSE28242,GEO sample,GSM nested within GSE; not independent study or person,GSE28242 P7 series crosswalk
GSM699137,GSE28242,GEO sample,GSM nested within GSE; not independent study or person,GSE28242 P7 series crosswalk
GSM699138,GSE28242,GEO sample,GSM nested within GSE; not independent study or person,GSE28242 P7 series crosswalk
GSM699139,GSE28242,GEO sample,GSM nested within GSE; not independent study or person,GSE28242 P7 series crosswalk
GSM699140,GSE28242,GEO sample,GSM nested within GSE; not independent study or person,GSE28242 P7 series crosswalk
GSM699141,GSE28242,GEO sample,GSM nested within GSE; not independent study or person,GSE28242 P7 series crosswalk
GSM699142,GSE28242,GEO sample,GSM nested within GSE; not independent study or person,GSE28242 P7 series crosswalk
GSM699143,GSE28242,GEO sample,GSM nested within GSE; not independent study or person,GSE28242 P7 series crosswalk
GSM699144,GSE28242,GEO sample,GSM nested within GSE; not independent study or person,GSE28242 P7 series crosswalk
GSM699145,GSE28242,GEO sample,GSM nested within GSE; not independent study or person,GSE28242 P7 series crosswalk
GSM699146,GSE28242,GEO sample,GSM nested within GSE; not independent study or person,GSE28242 P7 series crosswalk
GSM699147,GSE28242,GEO sample,GSM nested within GSE; not independent study or person,GSE28242 P7 series crosswalk
GSM7176058,GSE229750,GEO sample,GSM nested within GSE; not independent study or person,prior committed map
GSM7176059,GSE229750,GEO sample,GSM nested within GSE; not independent study or person,prior committed map
GSM7176060,GSE229750,GEO sample,GSM nested within GSE; not independent study or person,prior committed map
GSM7176061,GSE229750,GEO sample,GSM nested within GSE; not independent study or person,prior committed map
GSM7176062,GSE229750,GEO sample,GSM nested within GSE; not independent study or person,prior committed map
GSM7176063,GSE229750,GEO sample,GSM nested within GSE; not independent study or person,prior committed map
GSM7176065,GSE229750,GEO sample,GSM nested within GSE; not independent study or person,prior committed map
GSM7176066,GSE229750,GEO sample,GSM nested within GSE; not independent study or person,prior committed map
GSM7176067,GSE229750,GEO sample,GSM nested within GSE; not independent study or person,prior committed map
GSM7176068,GSE229750,GEO sample,GSM nested within GSE; not independent study or person,prior committed map
GSM7176070,GSE229750,GEO sample,GSM nested within GSE; not independent study or person,prior committed map
GSM7176071,GSE229750,GEO sample,GSM nested within GSE; not independent study or person,prior committed map
GSM7531148,GSE236402,GEO sample,GSM nested within GSE; not independent study or person,prior committed map
GSM7531149,GSE236402,GEO sample,GSM nested within GSE; not independent study or person,prior committed map
GSM7531151,GSE236402,GEO sample,GSM nested within GSE; not independent study or person,prior committed map
GSM7531152,GSE236402,GEO sample,GSM nested within GSE; not independent study or person,prior committed map
GSM7531153,GSE236402,GEO sample,GSM nested within GSE; not independent study or person,prior committed map
GSM7531154,GSE236402,GEO sample,GSM nested within GSE; not independent study or person,prior committed map
GSM7531155,GSE236402,GEO sample,GSM nested within GSE; not independent study or person,prior committed map
GSM7531156,GSE236402,GEO sample,GSM nested within GSE; not independent study or person,prior committed map
GSM7531157,GSE236402,GEO sample,GSM nested within GSE; not independent study or person,prior committed map
GSM7531158,GSE236402,GEO sample,GSM nested within GSE; not independent study or person,prior committed map
GSM7531159,GSE236402,GEO sample,GSM nested within GSE; not independent study or person,prior committed map
GSM7531161,GSE236402,GEO sample,GSM nested within GSE; not independent study or person,prior committed map
GSM7830424,GSE244827,GEO sample,GSM nested within GSE; not independent study or person,prior committed map
GSM7830425,GSE244827,GEO sample,GSM nested within GSE; not independent study or person,prior committed map
GSM7830426,GSE244827,GEO sample,GSM nested within GSE; not independent study or person,prior committed map
GSM7830427,GSE244827,GEO sample,GSM nested within GSE; not independent study or person,prior committed map
GSM7830428,GSE244827,GEO sample,GSM nested within GSE; not independent study or person,prior committed map
GSM7830429,GSE244827,GEO sample,GSM nested within GSE; not independent study or person,prior committed map
GSM7830430,GSE244827,GEO sample,GSM nested within GSE; not independent study or person,prior committed map
GSM7830431,GSE244827,GEO sample,GSM nested within GSE; not independent study or person,prior committed map
GSM7830432,GSE244827,GEO sample,GSM nested within GSE; not independent study or person,prior committed map
GSM7830433,GSE244827,GEO sample,GSM nested within GSE; not independent study or person,prior committed map
GSM7830434,GSE244827,GEO sample,GSM nested within GSE; not independent study or person,prior committed map
GSM7830435,GSE244827,GEO sample,GSM nested within GSE; not independent study or person,prior committed map
GSM7830436,GSE244827,GEO sample,GSM nested within GSE; not independent study or person,prior committed map
GSM7830437,GSE244827,GEO sample,GSM nested within GSE; not independent study or person,prior committed map
GSM7830438,GSE244827,GEO sample,GSM nested within GSE; not independent study or person,prior committed map
GSM7830439,GSE244827,GEO sample,GSM nested within GSE; not independent study or person,prior committed map
GSM7830440,GSE244827,GEO sample,GSM nested within GSE; not independent study or person,prior committed map
GSM7830441,GSE244827,GEO sample,GSM nested within GSE; not independent study or person,prior committed map
GSM7830442,GSE244827,GEO sample,GSM nested within GSE; not independent study or person,prior committed map
GSM7830443,GSE244827,GEO sample,GSM nested within GSE; not independent study or person,prior committed map
GSM7830444,GSE244827,GEO sample,GSM nested within GSE; not independent study or person,prior committed map
GSM7830445,GSE244827,GEO sample,GSM nested within GSE; not independent study or person,prior committed map
GSM7830446,GSE244827,GEO sample,GSM nested within GSE; not independent study or person,prior committed map
GSM7830447,GSE244827,GEO sample,GSM nested within GSE; not independent study or person,prior committed map
GSM7830448,GSE244827,GEO sample,GSM nested within GSE; not independent study or person,prior committed map
GSM7830449,GSE244827,GEO sample,GSM nested within GSE; not independent study or person,prior committed map
GSM7830450,GSE244827,GEO sample,GSM nested within GSE; not independent study or person,prior committed map
GSM7830451,GSE244827,GEO sample,GSM nested within GSE; not independent study or person,prior committed map
GSM7830452,GSE244827,GEO sample,GSM nested within GSE; not independent study or person,prior committed map
GSM7830453,GSE244827,GEO sample,GSM nested within GSE; not independent study or person,prior committed map
GSM7830454,GSE244827,GEO sample,GSM nested within GSE; not independent study or person,prior committed map
GSM7830455,GSE244827,GEO sample,GSM nested within GSE; not independent study or person,prior committed map
GSM7830456,GSE244827,GEO sample,GSM nested within GSE; not independent study or person,prior committed map
GSM7846603,GSE245661,GEO sample,GSM nested within GSE; not independent study or person,prior committed map
GSM7846604,GSE245661,GEO sample,GSM nested within GSE; not independent study or person,prior committed map
GSM7846605,GSE245661,GEO sample,GSM nested within GSE; not independent study or person,prior committed map
GSM7846606,GSE245661,GEO sample,GSM nested within GSE; not independent study or person,prior committed map
GSM7846607,GSE245661,GEO sample,GSM nested within GSE; not independent study or person,prior committed map
GSM7846608,GSE245661,GEO sample,GSM nested within GSE; not independent study or person,prior committed map
GSM7846609,GSE245661,GEO sample,GSM nested within GSE; not independent study or person,prior committed map
GSM7846610,GSE245661,GEO sample,GSM nested within GSE; not independent study or person,prior committed map
GSM7846611,GSE245661,GEO sample,GSM nested within GSE; not independent study or person,prior committed map
GSM7846612,GSE245661,GEO sample,GSM nested within GSE; not independent study or person,prior committed map
GSM7846613,GSE245661,GEO sample,GSM nested within GSE; not independent study or person,prior committed map
GSM7846614,GSE245661,GEO sample,GSM nested within GSE; not independent study or person,prior committed map
GSM7846615,GSE245661,GEO sample,GSM nested within GSE; not independent study or person,prior committed map
GSM7846616,GSE245661,GEO sample,GSM nested within GSE; not independent study or person,prior committed map
GSM7846617,GSE245661,GEO sample,GSM nested within GSE; not independent study or person,prior committed map
GSM7846618,GSE245661,GEO sample,GSM nested within GSE; not independent study or person,prior committed map
GSM7846619,GSE245661,GEO sample,GSM nested within GSE; not independent study or person,prior committed map
GSM7846620,GSE245661,GEO sample,GSM nested within GSE; not independent study or person,prior committed map
GSM7846621,GSE245661,GEO sample,GSM nested within GSE; not independent study or person,prior committed map
GSM7846622,GSE245661,GEO sample,GSM nested within GSE; not independent study or person,prior committed map
GSM7846623,GSE245661,GEO sample,GSM nested within GSE; not independent study or person,prior committed map
GSM7846624,GSE245661,GEO sample,GSM nested within GSE; not independent study or person,prior committed map
GSM7846625,GSE245661,GEO sample,GSM nested within GSE; not independent study or person,prior committed map
GSM7846626,GSE245661,GEO sample,GSM nested within GSE; not independent study or person,prior committed map
GSM7846627,GSE245661,GEO sample,GSM nested within GSE; not independent study or person,prior committed map
GSM8174669,GSE262735,GEO sample,GSM nested within GSE; not independent study or person,prior committed map
GSM8174670,GSE262735,GEO sample,GSM nested within GSE; not independent study or person,prior committed map
GSM8174678,GSE262735,GEO sample,GSM nested within GSE; not independent study or person,prior committed map
GSM8174679,GSE262735,GEO sample,GSM nested within GSE; not independent study or person,prior committed map
GSM8263508,GSE267287,GEO sample,GSM nested within GSE; not independent study or person,prior committed map
GSM8263509,GSE267287,GEO sample,GSM nested within GSE; not independent study or person,prior committed map
GSM8263510,GSE267287,GEO sample,GSM nested within GSE; not independent study or person,prior committed map
GSM8263511,GSE267287,GEO sample,GSM nested within GSE; not independent study or person,prior committed map
GSM8263512,GSE267287,GEO sample,GSM nested within GSE; not independent study or person,prior committed map
GSM8263513,GSE267287,GEO sample,GSM nested within GSE; not independent study or person,prior committed map
GSM8263514,GSE267287,GEO sample,GSM nested within GSE; not independent study or person,prior committed map
GSM8263515,GSE267287,GEO sample,GSM nested within GSE; not independent study or person,prior committed map
GSM8263516,GSE267287,GEO sample,GSM nested within GSE; not independent study or person,prior committed map
GSM8263517,GSE267287,GEO sample,GSM nested within GSE; not independent study or person,prior committed map
GSM8263518,GSE267287,GEO sample,GSM nested within GSE; not independent study or person,prior committed map
GSM8263519,GSE267287,GEO sample,GSM nested within GSE; not independent study or person,prior committed map
GSM8263520,GSE267287,GEO sample,GSM nested within GSE; not independent study or person,prior committed map
GSM8263521,GSE267287,GEO sample,GSM nested within GSE; not independent study or person,prior committed map
GSM8398792,GSE272342,GEO sample,GSM nested within GSE; not independent study or person,prior committed map
GSM8398793,GSE272342,GEO sample,GSM nested within GSE; not independent study or person,prior committed map
GSM8398794,GSE272342,GEO sample,GSM nested within GSE; not independent study or person,prior committed map
GSM8398795,GSE272342,GEO sample,GSM nested within GSE; not independent study or person,prior committed map
GSM8398796,GSE272342,GEO sample,GSM nested within GSE; not independent study or person,prior committed map
GSM8398797,GSE272342,GEO sample,GSM nested within GSE; not independent study or person,prior committed map
GSM8398798,GSE272342,GEO sample,GSM nested within GSE; not independent study or person,prior committed map
GSM8398799,GSE272342,GEO sample,GSM nested within GSE; not independent study or person,prior committed map
GSM8398800,GSE272342,GEO sample,GSM nested within GSE; not independent study or person,prior committed map
GSM8398801,GSE272342,GEO sample,GSM nested within GSE; not independent study or person,prior committed map
GSM8398802,GSE272342,GEO sample,GSM nested within GSE; not independent study or person,prior committed map
GSM8398803,GSE272342,GEO sample,GSM nested within GSE; not independent study or person,prior committed map
GSM8398804,GSE272342,GEO sample,GSM nested within GSE; not independent study or person,prior committed map
GSM8398805,GSE272342,GEO sample,GSM nested within GSE; not independent study or person,prior committed map
GSM8398806,GSE272342,GEO sample,GSM nested within GSE; not independent study or person,prior committed map
GSM8398807,GSE272342,GEO sample,GSM nested within GSE; not independent study or person,prior committed map
GSM8398808,GSE272342,GEO sample,GSM nested within GSE; not independent study or person,prior committed map
GSM8398809,GSE272342,GEO sample,GSM nested within GSE; not independent study or person,prior committed map
GSM8398810,GSE272342,GEO sample,GSM nested within GSE; not independent study or person,prior committed map
GSM8398811,GSE272342,GEO sample,GSM nested within GSE; not independent study or person,prior committed map
GSM8398812,GSE272342,GEO sample,GSM nested within GSE; not independent study or person,prior committed map
GSM8398813,GSE272342,GEO sample,GSM nested within GSE; not independent study or person,prior committed map
GSM8398814,GSE272342,GEO sample,GSM nested within GSE; not independent study or person,prior committed map
GSM8398815,GSE272342,GEO sample,GSM nested within GSE; not independent study or person,prior committed map
GSM8398816,GSE272342,GEO sample,GSM nested within GSE; not independent study or person,prior committed map
GSM8398817,GSE272342,GEO sample,GSM nested within GSE; not independent study or person,prior committed map
GSM8398818,GSE272342,GEO sample,GSM nested within GSE; not independent study or person,prior committed map
GSM8398819,GSE272342,GEO sample,GSM nested within GSE; not independent study or person,prior committed map
GSM8398820,GSE272342,GEO sample,GSM nested within GSE; not independent study or person,prior committed map
GSM8398821,GSE272342,GEO sample,GSM nested within GSE; not independent study or person,prior committed map
GSM8398822,GSE272342,GEO sample,GSM nested within GSE; not independent study or person,prior committed map
GSM8398823,GSE272342,GEO sample,GSM nested within GSE; not independent study or person,prior committed map
GSM8475033,GSE275334,GEO sample,GSM nested within GSE; not independent study or person,prior committed map
GSM8475034,GSE275334,GEO sample,GSM nested within GSE; not independent study or person,prior committed map
GSM8475035,GSE275334,GEO sample,GSM nested within GSE; not independent study or person,prior committed map
GSM8475036,GSE275334,GEO sample,GSM nested within GSE; not independent study or person,prior committed map
GSM8475037,GSE275334,GEO sample,GSM nested within GSE; not independent study or person,prior committed map
GSM8475038,GSE275334,GEO sample,GSM nested within GSE; not independent study or person,prior committed map
GSM8475039,GSE275334,GEO sample,GSM nested within GSE; not independent study or person,prior committed map
GSM8475040,GSE275334,GEO sample,GSM nested within GSE; not independent study or person,prior committed map
GSM8475041,GSE275334,GEO sample,GSM nested within GSE; not independent study or person,prior committed map
GSM8475042,GSE275334,GEO sample,GSM nested within GSE; not independent study or person,prior committed map
GSM8475043,GSE275334,GEO sample,GSM nested within GSE; not independent study or person,prior committed map
GSM8475044,GSE275334,GEO sample,GSM nested within GSE; not independent study or person,prior committed map
GSM8475045,GSE275334,GEO sample,GSM nested within GSE; not independent study or person,prior committed map
GSM8475046,GSE275334,GEO sample,GSM nested within GSE; not independent study or person,prior committed map
GSM8475047,GSE275334,GEO sample,GSM nested within GSE; not independent study or person,prior committed map
GSM8475048,GSE275334,GEO sample,GSM nested within GSE; not independent study or person,prior committed map
GSM8475049,GSE275334,GEO sample,GSM nested within GSE; not independent study or person,prior committed map
GSM8475050,GSE275334,GEO sample,GSM nested within GSE; not independent study or person,prior committed map
GSM8475051,GSE275334,GEO sample,GSM nested within GSE; not independent study or person,prior committed map
GSM8475052,GSE275334,GEO sample,GSM nested within GSE; not independent study or person,prior committed map
GSM8475053,GSE275334,GEO sample,GSM nested within GSE; not independent study or person,prior committed map
GSM8475054,GSE275334,GEO sample,GSM nested within GSE; not independent study or person,prior committed map
GSM8475055,GSE275334,GEO sample,GSM nested within GSE; not independent study or person,prior committed map
GSM8475056,GSE275334,GEO sample,GSM nested within GSE; not independent study or person,prior committed map
GSM8475057,GSE275334,GEO sample,GSM nested within GSE; not independent study or person,prior committed map
GSM8475058,GSE275334,GEO sample,GSM nested within GSE; not independent study or person,prior committed map
GSM8475059,GSE275334,GEO sample,GSM nested within GSE; not independent study or person,prior committed map
GSM8475060,GSE275334,GEO sample,GSM nested within GSE; not independent study or person,prior committed map
GSM8475061,GSE275334,GEO sample,GSM nested within GSE; not independent study or person,prior committed map
GSM8475062,GSE275334,GEO sample,GSM nested within GSE; not independent study or person,prior committed map
GSM8475063,GSE275334,GEO sample,GSM nested within GSE; not independent study or person,prior committed map
GSM8475064,GSE275334,GEO sample,GSM nested within GSE; not independent study or person,prior committed map
GSM8475065,GSE275334,GEO sample,GSM nested within GSE; not independent study or person,prior committed map
GSM8475066,GSE275334,GEO sample,GSM nested within GSE; not independent study or person,prior committed map
GSM8475067,GSE275334,GEO sample,GSM nested within GSE; not independent study or person,prior committed map
GSM8475068,GSE275334,GEO sample,GSM nested within GSE; not independent study or person,prior committed map
GSM8475069,GSE275334,GEO sample,GSM nested within GSE; not independent study or person,prior committed map
GSM8475070,GSE275334,GEO sample,GSM nested within GSE; not independent study or person,prior committed map
GSM8475071,GSE275334,GEO sample,GSM nested within GSE; not independent study or person,prior committed map
GSM8475072,GSE275334,GEO sample,GSM nested within GSE; not independent study or person,prior committed map
GSM8475073,GSE275334,GEO sample,GSM nested within GSE; not independent study or person,prior committed map
GSM8475074,GSE275334,GEO sample,GSM nested within GSE; not independent study or person,prior committed map
GSM8475075,GSE275334,GEO sample,GSM nested within GSE; not independent study or person,prior committed map
GSM8475076,GSE275334,GEO sample,GSM nested within GSE; not independent study or person,prior committed map
GSM8475077,GSE275334,GEO sample,GSM nested within GSE; not independent study or person,prior committed map
GSM8475078,GSE275334,GEO sample,GSM nested within GSE; not independent study or person,prior committed map
GSM8475079,GSE275334,GEO sample,GSM nested within GSE; not independent study or person,prior committed map
GSM8534278,GSE277906,GEO sample,GSM nested within GSE; not independent study or person,prior committed map
GSM8534279,GSE277906,GEO sample,GSM nested within GSE; not independent study or person,prior committed map
GSM8534295,GSE277906,GEO sample,GSM nested within GSE; not independent study or person,prior committed map
GSM8534296,GSE277906,GEO sample,GSM nested within GSE; not independent study or person,prior committed map
GSM8579735,GSE279757,GEO sample,GSM nested within GSE; not independent study or person,prior committed map
GSM8579736,GSE279757,GEO sample,GSM nested within GSE; not independent study or person,prior committed map
GSM8579737,GSE279757,GEO sample,GSM nested within GSE; not independent study or person,prior committed map
GSM8579738,GSE279757,GEO sample,GSM nested within GSE; not independent study or person,prior committed map
GSM8579739,GSE279757,GEO sample,GSM nested within GSE; not independent study or person,prior committed map
GSM8579740,GSE279757,GEO sample,GSM nested within GSE; not independent study or person,prior committed map
GSM8579741,GSE279757,GEO sample,GSM nested within GSE; not independent study or person,prior committed map
GSM8579742,GSE279757,GEO sample,GSM nested within GSE; not independent study or person,prior committed map
GSM8579743,GSE279757,GEO sample,GSM nested within GSE; not independent study or person,prior committed map
GSM8579744,GSE279757,GEO sample,GSM nested within GSE; not independent study or person,prior committed map
GSM8579745,GSE279757,GEO sample,GSM nested within GSE; not independent study or person,prior committed map
GSM8579746,GSE279757,GEO sample,GSM nested within GSE; not independent study or person,prior committed map
GSM8682382,GSE284329,GEO sample,GSM nested within GSE; not independent study or person,prior committed map
GSM8682383,GSE284329,GEO sample,GSM nested within GSE; not independent study or person,prior committed map
GSM8682384,GSE284329,GEO sample,GSM nested within GSE; not independent study or person,prior committed map
GSM8682385,GSE284329,GEO sample,GSM nested within GSE; not independent study or person,prior committed map
GSM8682386,GSE284329,GEO sample,GSM nested within GSE; not independent study or person,prior committed map
GSM8682387,GSE284329,GEO sample,GSM nested within GSE; not independent study or person,prior committed map
GSM8682388,GSE284329,GEO sample,GSM nested within GSE; not independent study or person,prior committed map
GSM8682389,GSE284329,GEO sample,GSM nested within GSE; not independent study or person,prior committed map
GSM8682390,GSE284329,GEO sample,GSM nested within GSE; not independent study or person,prior committed map
GSM8682391,GSE284329,GEO sample,GSM nested within GSE; not independent study or person,prior committed map
GSM8682392,GSE284329,GEO sample,GSM nested within GSE; not independent study or person,prior committed map
GSM8682393,GSE284329,GEO sample,GSM nested within GSE; not independent study or person,prior committed map
GSM8682394,GSE284329,GEO sample,GSM nested within GSE; not independent study or person,prior committed map
GSM8682395,GSE284329,GEO sample,GSM nested within GSE; not independent study or person,prior committed map
GSM8682396,GSE284329,GEO sample,GSM nested within GSE; not independent study or person,prior committed map
GSM8682397,GSE284329,GEO sample,GSM nested within GSE; not independent study or person,prior committed map
GSM8682398,GSE284329,GEO sample,GSM nested within GSE; not independent study or person,prior committed map
GSM8891375,GSE293840,GEO sample,GSM nested within GSE; not independent study or person,prior committed map
GSM8891376,GSE293840,GEO sample,GSM nested within GSE; not independent study or person,prior committed map
GSM8891377,GSE293840,GEO sample,GSM nested within GSE; not independent study or person,prior committed map
GSM8891378,GSE293840,GEO sample,GSM nested within GSE; not independent study or person,prior committed map
GSM8891379,GSE293840,GEO sample,GSM nested within GSE; not independent study or person,prior committed map
GSM8891380,GSE293840,GEO sample,GSM nested within GSE; not independent study or person,prior committed map
GSM8891381,GSE293840,GEO sample,GSM nested within GSE; not independent study or person,prior committed map
GSM8891382,GSE293840,GEO sample,GSM nested within GSE; not independent study or person,prior committed map
GSM8891383,GSE293840,GEO sample,GSM nested within GSE; not independent study or person,prior committed map
GSM8891384,GSE293840,GEO sample,GSM nested within GSE; not independent study or person,prior committed map
GSM8891385,GSE293840,GEO sample,GSM nested within GSE; not independent study or person,prior committed map
GSM8891386,GSE293840,GEO sample,GSM nested within GSE; not independent study or person,prior committed map
GSM8891387,GSE293840,GEO sample,GSM nested within GSE; not independent study or person,prior committed map
GSM8891388,GSE293840,GEO sample,GSM nested within GSE; not independent study or person,prior committed map
GSM8891389,GSE293840,GEO sample,GSM nested within GSE; not independent study or person,prior committed map
GSM8891390,GSE293840,GEO sample,GSM nested within GSE; not independent study or person,prior committed map
GSM8891391,GSE293840,GEO sample,GSM nested within GSE; not independent study or person,prior committed map
GSM8891392,GSE293840,GEO sample,GSM nested within GSE; not independent study or person,prior committed map
GSM8891393,GSE293840,GEO sample,GSM nested within GSE; not independent study or person,prior committed map
GSM8891394,GSE293840,GEO sample,GSM nested within GSE; not independent study or person,prior committed map
GSM8891395,GSE293840,GEO sample,GSM nested within GSE; not independent study or person,prior committed map
GSM8891396,GSE293840,GEO sample,GSM nested within GSE; not independent study or person,prior committed map
GSM8891397,GSE293840,GEO sample,GSM nested within GSE; not independent study or person,prior committed map
GSM8891398,GSE293840,GEO sample,GSM nested within GSE; not independent study or person,prior committed map
GSM8891399,GSE293840,GEO sample,GSM nested within GSE; not independent study or person,prior committed map
GSM8891400,GSE293840,GEO sample,GSM nested within GSE; not independent study or person,prior committed map
GSM8891401,GSE293840,GEO sample,GSM nested within GSE; not independent study or person,prior committed map
GSM8891402,GSE293840,GEO sample,GSM nested within GSE; not independent study or person,prior committed map
GSM8891403,GSE293840,GEO sample,GSM nested within GSE; not independent study or person,prior committed map
GSM8891404,GSE293840,GEO sample,GSM nested within GSE; not independent study or person,prior committed map
GSM8891405,GSE293840,GEO sample,GSM nested within GSE; not independent study or person,prior committed map
GSM8891406,GSE293840,GEO sample,GSM nested within GSE; not independent study or person,prior committed map
GSM8891407,GSE293840,GEO sample,GSM nested within GSE; not independent study or person,prior committed map
GSM8891408,GSE293840,GEO sample,GSM nested within GSE; not independent study or person,prior committed map
GSM8891409,GSE293840,GEO sample,GSM nested within GSE; not independent study or person,prior committed map
GSM8891410,GSE293840,GEO sample,GSM nested within GSE; not independent study or person,prior committed map
GSM8891411,GSE293840,GEO sample,GSM nested within GSE; not independent study or person,prior committed map
GSM8891412,GSE293840,GEO sample,GSM nested within GSE; not independent study or person,prior committed map
GSM8891413,GSE293840,GEO sample,GSM nested within GSE; not independent study or person,prior committed map
GSM8891414,GSE293840,GEO sample,GSM nested within GSE; not independent study or person,prior committed map
GSM8891415,GSE293840,GEO sample,GSM nested within GSE; not independent study or person,prior committed map
GSM8891416,GSE293840,GEO sample,GSM nested within GSE; not independent study or person,prior committed map
GSM8891417,GSE293840,GEO sample,GSM nested within GSE; not independent study or person,prior committed map
GSM8891418,GSE293840,GEO sample,GSM nested within GSE; not independent study or person,prior committed map
GSM8891419,GSE293840,GEO sample,GSM nested within GSE; not independent study or person,prior committed map
GSM8891420,GSE293840,GEO sample,GSM nested within GSE; not independent study or person,prior committed map
GSM8891421,GSE293840,GEO sample,GSM nested within GSE; not independent study or person,prior committed map
GSM8891422,GSE293840,GEO sample,GSM nested within GSE; not independent study or person,prior committed map
GSM8891423,GSE293840,GEO sample,GSM nested within GSE; not independent study or person,prior committed map
GSM8891424,GSE293840,GEO sample,GSM nested within GSE; not independent study or person,prior committed map
GSM8891425,GSE293840,GEO sample,GSM nested within GSE; not independent study or person,prior committed map
GSM8891426,GSE293840,GEO sample,GSM nested within GSE; not independent study or person,prior committed map
GSM8891427,GSE293840,GEO sample,GSM nested within GSE; not independent study or person,prior committed map
GSM8891428,GSE293840,GEO sample,GSM nested within GSE; not independent study or person,prior committed map
GSM8891429,GSE293840,GEO sample,GSM nested within GSE; not independent study or person,prior committed map
GSM8891430,GSE293840,GEO sample,GSM nested within GSE; not independent study or person,prior committed map
GSM8891431,GSE293840,GEO sample,GSM nested within GSE; not independent study or person,prior committed map
GSM8891432,GSE293840,GEO sample,GSM nested within GSE; not independent study or person,prior committed map
GSM8891433,GSE293840,GEO sample,GSM nested within GSE; not independent study or person,prior committed map
GSM8891434,GSE293840,GEO sample,GSM nested within GSE; not independent study or person,prior committed map
GSM8891435,GSE293840,GEO sample,GSM nested within GSE; not independent study or person,prior committed map
GSM8891436,GSE293840,GEO sample,GSM nested within GSE; not independent study or person,prior committed map
GSM8891437,GSE293840,GEO sample,GSM nested within GSE; not independent study or person,prior committed map
GSM8891438,GSE293840,GEO sample,GSM nested within GSE; not independent study or person,prior committed map
GSM8891439,GSE293840,GEO sample,GSM nested within GSE; not independent study or person,prior committed map
GSM8891440,GSE293840,GEO sample,GSM nested within GSE; not independent study or person,prior committed map
GSM8891441,GSE293840,GEO sample,GSM nested within GSE; not independent study or person,prior committed map
GSM8891442,GSE293840,GEO sample,GSM nested within GSE; not independent study or person,prior committed map
GSM8891443,GSE293840,GEO sample,GSM nested within GSE; not independent study or person,prior committed map
GSM8891444,GSE293840,GEO sample,GSM nested within GSE; not independent study or person,prior committed map
GSM8891445,GSE293840,GEO sample,GSM nested within GSE; not independent study or person,prior committed map
GSM8891446,GSE293840,GEO sample,GSM nested within GSE; not independent study or person,prior committed map
GSM8891447,GSE293840,GEO sample,GSM nested within GSE; not independent study or person,prior committed map
GSM8891448,GSE293840,GEO sample,GSM nested within GSE; not independent study or person,prior committed map
GSM8891449,GSE293840,GEO sample,GSM nested within GSE; not independent study or person,prior committed map
GSM8891450,GSE293840,GEO sample,GSM nested within GSE; not independent study or person,prior committed map
GSM8891451,GSE293840,GEO sample,GSM nested within GSE; not independent study or person,prior committed map
GSM8891452,GSE293840,GEO sample,GSM nested within GSE; not independent study or person,prior committed map
GSM8891453,GSE293840,GEO sample,GSM nested within GSE; not independent study or person,prior committed map
GSM8891454,GSE293840,GEO sample,GSM nested within GSE; not independent study or person,prior committed map
GSM8891455,GSE293840,GEO sample,GSM nested within GSE; not independent study or person,prior committed map
GSM8891456,GSE293840,GEO sample,GSM nested within GSE; not independent study or person,prior committed map
GSM8891457,GSE293840,GEO sample,GSM nested within GSE; not independent study or person,prior committed map
GSM8891458,GSE293840,GEO sample,GSM nested within GSE; not independent study or person,prior committed map
GSM8891459,GSE293840,GEO sample,GSM nested within GSE; not independent study or person,prior committed map
GSM8891460,GSE293840,GEO sample,GSM nested within GSE; not independent study or person,prior committed map
GSM8891461,GSE293840,GEO sample,GSM nested within GSE; not independent study or person,prior committed map
GSM8891462,GSE293840,GEO sample,GSM nested within GSE; not independent study or person,prior committed map
GSM8891463,GSE293840,GEO sample,GSM nested within GSE; not independent study or person,prior committed map
GSM8891464,GSE293840,GEO sample,GSM nested within GSE; not independent study or person,prior committed map
GSM8891465,GSE293840,GEO sample,GSM nested within GSE; not independent study or person,prior committed map
GSM8891466,GSE293840,GEO sample,GSM nested within GSE; not independent study or person,prior committed map
GSM8891467,GSE293840,GEO sample,GSM nested within GSE; not independent study or person,prior committed map
GSM8891468,GSE293840,GEO sample,GSM nested within GSE; not independent study or person,prior committed map
GSM8891469,GSE293840,GEO sample,GSM nested within GSE; not independent study or person,prior committed map
GSM8891470,GSE293840,GEO sample,GSM nested within GSE; not independent study or person,prior committed map
GSM8891471,GSE293840,GEO sample,GSM nested within GSE; not independent study or person,prior committed map
GSM8891472,GSE293840,GEO sample,GSM nested within GSE; not independent study or person,prior committed map
GSM8891473,GSE293840,GEO sample,GSM nested within GSE; not independent study or person,prior committed map
GSM8891474,GSE293840,GEO sample,GSM nested within GSE; not independent study or person,prior committed map
GSM8891475,GSE293840,GEO sample,GSM nested within GSE; not independent study or person,prior committed map
GSM8891476,GSE293840,GEO sample,GSM nested within GSE; not independent study or person,prior committed map
GSM8891477,GSE293840,GEO sample,GSM nested within GSE; not independent study or person,prior committed map
GSM8891478,GSE293840,GEO sample,GSM nested within GSE; not independent study or person,prior committed map
GSM8891479,GSE293840,GEO sample,GSM nested within GSE; not independent study or person,prior committed map
GSM8891480,GSE293840,GEO sample,GSM nested within GSE; not independent study or person,prior committed map
GSM8891481,GSE293840,GEO sample,GSM nested within GSE; not independent study or person,prior committed map
GSM8891482,GSE293840,GEO sample,GSM nested within GSE; not independent study or person,prior committed map
GSM8891483,GSE293840,GEO sample,GSM nested within GSE; not independent study or person,prior committed map
GSM8891484,GSE293840,GEO sample,GSM nested within GSE; not independent study or person,prior committed map
GSM8891485,GSE293840,GEO sample,GSM nested within GSE; not independent study or person,prior committed map
GSM8891486,GSE293840,GEO sample,GSM nested within GSE; not independent study or person,prior committed map
GSM8891487,GSE293840,GEO sample,GSM nested within GSE; not independent study or person,prior committed map
GSM8891488,GSE293840,GEO sample,GSM nested within GSE; not independent study or person,prior committed map
GSM8891489,GSE293840,GEO sample,GSM nested within GSE; not independent study or person,prior committed map
GSM8891490,GSE293840,GEO sample,GSM nested within GSE; not independent study or person,prior committed map
GSM8891491,GSE293840,GEO sample,GSM nested within GSE; not independent study or person,prior committed map
GSM8891492,GSE293840,GEO sample,GSM nested within GSE; not independent study or person,prior committed map
GSM8891493,GSE293840,GEO sample,GSM nested within GSE; not independent study or person,prior committed map
GSM8891494,GSE293840,GEO sample,GSM nested within GSE; not independent study or person,prior committed map
GSM8891495,GSE293840,GEO sample,GSM nested within GSE; not independent study or person,prior committed map
GSM8891496,GSE293840,GEO sample,GSM nested within GSE; not independent study or person,prior committed map
GSM8891497,GSE293840,GEO sample,GSM nested within GSE; not independent study or person,prior committed map
GSM8891498,GSE293840,GEO sample,GSM nested within GSE; not independent study or person,prior committed map
GSM8891499,GSE293840,GEO sample,GSM nested within GSE; not independent study or person,prior committed map
GSM8891500,GSE293840,GEO sample,GSM nested within GSE; not independent study or person,prior committed map
GSM8891501,GSE293840,GEO sample,GSM nested within GSE; not independent study or person,prior committed map
GSM8891502,GSE293840,GEO sample,GSM nested within GSE; not independent study or person,prior committed map
GSM8891503,GSE293840,GEO sample,GSM nested within GSE; not independent study or person,prior committed map
GSM8891504,GSE293840,GEO sample,GSM nested within GSE; not independent study or person,prior committed map
GSM8891505,GSE293840,GEO sample,GSM nested within GSE; not independent study or person,prior committed map
GSM8891506,GSE293840,GEO sample,GSM nested within GSE; not independent study or person,prior committed map
GSM8891507,GSE293840,GEO sample,GSM nested within GSE; not independent study or person,prior committed map
GSM8891508,GSE293840,GEO sample,GSM nested within GSE; not independent study or person,prior committed map
GSM8891509,GSE293840,GEO sample,GSM nested within GSE; not independent study or person,prior committed map
GSM8891510,GSE293840,GEO sample,GSM nested within GSE; not independent study or person,prior committed map
GSM8891511,GSE293840,GEO sample,GSM nested within GSE; not independent study or person,prior committed map
GSM8891512,GSE293840,GEO sample,GSM nested within GSE; not independent study or person,prior committed map
GSM8891513,GSE293840,GEO sample,GSM nested within GSE; not independent study or person,prior committed map
GSM8891514,GSE293840,GEO sample,GSM nested within GSE; not independent study or person,prior committed map
GSM8891515,GSE293840,GEO sample,GSM nested within GSE; not independent study or person,prior committed map
GSM8891516,GSE293840,GEO sample,GSM nested within GSE; not independent study or person,prior committed map
GSM8891517,GSE293840,GEO sample,GSM nested within GSE; not independent study or person,prior committed map
GSM8891518,GSE293840,GEO sample,GSM nested within GSE; not independent study or person,prior committed map
GSM8891519,GSE293840,GEO sample,GSM nested within GSE; not independent study or person,prior committed map
GSM8891520,GSE293840,GEO sample,GSM nested within GSE; not independent study or person,prior committed map
GSM8891521,GSE293840,GEO sample,GSM nested within GSE; not independent study or person,prior committed map
GSM8891522,GSE293840,GEO sample,GSM nested within GSE; not independent study or person,prior committed map
GSM8891523,GSE293840,GEO sample,GSM nested within GSE; not independent study or person,prior committed map
GSM8891524,GSE293840,GEO sample,GSM nested within GSE; not independent study or person,prior committed map
GSM8891525,GSE293840,GEO sample,GSM nested within GSE; not independent study or person,prior committed map
GSM8891526,GSE293840,GEO sample,GSM nested within GSE; not independent study or person,prior committed map
GSM8891527,GSE293840,GEO sample,GSM nested within GSE; not independent study or person,prior committed map
GSM8891528,GSE293840,GEO sample,GSM nested within GSE; not independent study or person,prior committed map
GSM8891529,GSE293840,GEO sample,GSM nested within GSE; not independent study or person,prior committed map
GSM8891530,GSE293840,GEO sample,GSM nested within GSE; not independent study or person,prior committed map
GSM8891531,GSE293840,GEO sample,GSM nested within GSE; not independent study or person,prior committed map
GSM8891532,GSE293840,GEO sample,GSM nested within GSE; not independent study or person,prior committed map
GSM8891533,GSE293840,GEO sample,GSM nested within GSE; not independent study or person,prior committed map
GSM8891534,GSE293840,GEO sample,GSM nested within GSE; not independent study or person,prior committed map
GSM8891535,GSE293840,GEO sample,GSM nested within GSE; not independent study or person,prior committed map
GSM8891536,GSE293840,GEO sample,GSM nested within GSE; not independent study or person,prior committed map
GSM8891537,GSE293840,GEO sample,GSM nested within GSE; not independent study or person,prior committed map
GSM8891538,GSE293840,GEO sample,GSM nested within GSE; not independent study or person,prior committed map
GSM8891539,GSE293840,GEO sample,GSM nested within GSE; not independent study or person,prior committed map
GSM8891540,GSE293840,GEO sample,GSM nested within GSE; not independent study or person,prior committed map
GSM8891541,GSE293840,GEO sample,GSM nested within GSE; not independent study or person,prior committed map
GSM8891542,GSE293840,GEO sample,GSM nested within GSE; not independent study or person,prior committed map
GSM8898319,GSE294074,GEO sample,GSM nested within GSE; not independent study or person,prior committed map
GSM8898320,GSE294074,GEO sample,GSM nested within GSE; not independent study or person,prior committed map
GSM8898321,GSE294074,GEO sample,GSM nested within GSE; not independent study or person,prior committed map
GSM8898322,GSE294074,GEO sample,GSM nested within GSE; not independent study or person,prior committed map
GSM8898323,GSE294074,GEO sample,GSM nested within GSE; not independent study or person,prior committed map
GSM8898324,GSE294074,GEO sample,GSM nested within GSE; not independent study or person,prior committed map
GSM8980951,GSE296973,GEO sample,GSM nested within GSE; not independent study or person,prior committed map
GSM8980952,GSE296973,GEO sample,GSM nested within GSE; not independent study or person,prior committed map
GSM8980961,GSE296973,GEO sample,GSM nested within GSE; not independent study or person,prior committed map
GSM8980962,GSE296973,GEO sample,GSM nested within GSE; not independent study or person,prior committed map
GSM8989185,GSE226260,GEO sample,GSM nested within GSE; not independent study or person,prior committed map
GSM8989186,GSE226260,GEO sample,GSM nested within GSE; not independent study or person,prior committed map
GSM8989187,GSE226260,GEO sample,GSM nested within GSE; not independent study or person,prior committed map
GSM8989188,GSE226260,GEO sample,GSM nested within GSE; not independent study or person,prior committed map
GSM8989189,GSE226260,GEO sample,GSM nested within GSE; not independent study or person,prior committed map
GSM8989190,GSE226260,GEO sample,GSM nested within GSE; not independent study or person,prior committed map
GSM8989191,GSE226260,GEO sample,GSM nested within GSE; not independent study or person,prior committed map
GSM8989192,GSE226260,GEO sample,GSM nested within GSE; not independent study or person,prior committed map
GSM8989193,GSE226260,GEO sample,GSM nested within GSE; not independent study or person,prior committed map
GSM8989194,GSE226260,GEO sample,GSM nested within GSE; not independent study or person,prior committed map
GSM8989195,GSE226260,GEO sample,GSM nested within GSE; not independent study or person,prior committed map
GSM8989196,GSE226260,GEO sample,GSM nested within GSE; not independent study or person,prior committed map
GSM8989197,GSE226260,GEO sample,GSM nested within GSE; not independent study or person,prior committed map
GSM8989198,GSE226260,GEO sample,GSM nested within GSE; not independent study or person,prior committed map
GSM8989199,GSE226260,GEO sample,GSM nested within GSE; not independent study or person,prior committed map
GSM8989200,GSE226260,GEO sample,GSM nested within GSE; not independent study or person,prior committed map
GSM8989201,GSE226260,GEO sample,GSM nested within GSE; not independent study or person,prior committed map
GSM8989202,GSE226260,GEO sample,GSM nested within GSE; not independent study or person,prior committed map
GSM8989203,GSE226260,GEO sample,GSM nested within GSE; not independent study or person,prior committed map
GSM8989204,GSE226260,GEO sample,GSM nested within GSE; not independent study or person,prior committed map
GSM8989205,GSE226260,GEO sample,GSM nested within GSE; not independent study or person,prior committed map
GSM8989206,GSE226260,GEO sample,GSM nested within GSE; not independent study or person,prior committed map
GSM8989207,GSE226260,GEO sample,GSM nested within GSE; not independent study or person,prior committed map
GSM8989208,GSE226260,GEO sample,GSM nested within GSE; not independent study or person,prior committed map
GSM8989209,GSE226260,GEO sample,GSM nested within GSE; not independent study or person,prior committed map
GSM8989210,GSE226260,GEO sample,GSM nested within GSE; not independent study or person,prior committed map
GSM8989211,GSE226260,GEO sample,GSM nested within GSE; not independent study or person,prior committed map
GSM8989212,GSE226260,GEO sample,GSM nested within GSE; not independent study or person,prior committed map
GSM8989213,GSE226260,GEO sample,GSM nested within GSE; not independent study or person,prior committed map
GSM8989214,GSE226260,GEO sample,GSM nested within GSE; not independent study or person,prior committed map
GSM8989215,GSE226260,GEO sample,GSM nested within GSE; not independent study or person,prior committed map
GSM8989216,GSE226260,GEO sample,GSM nested within GSE; not independent study or person,prior committed map
GSM8989217,GSE226260,GEO sample,GSM nested within GSE; not independent study or person,prior committed map
GSM8989218,GSE226260,GEO sample,GSM nested within GSE; not independent study or person,prior committed map
GSM8989219,GSE226260,GEO sample,GSM nested within GSE; not independent study or person,prior committed map
GSM8989220,GSE226260,GEO sample,GSM nested within GSE; not independent study or person,prior committed map
GSM8989221,GSE226260,GEO sample,GSM nested within GSE; not independent study or person,prior committed map
GSM8989222,GSE226260,GEO sample,GSM nested within GSE; not independent study or person,prior committed map
GSM8989223,GSE226260,GEO sample,GSM nested within GSE; not independent study or person,prior committed map
GSM8989224,GSE226260,GEO sample,GSM nested within GSE; not independent study or person,prior committed map
GSM8989225,GSE226260,GEO sample,GSM nested within GSE; not independent study or person,prior committed map
GSM8989226,GSE226260,GEO sample,GSM nested within GSE; not independent study or person,prior committed map
GSM8989227,GSE226260,GEO sample,GSM nested within GSE; not independent study or person,prior committed map
GSM8989228,GSE226260,GEO sample,GSM nested within GSE; not independent study or person,prior committed map
GSM8989229,GSE226260,GEO sample,GSM nested within GSE; not independent study or person,prior committed map
GSM8989230,GSE226260,GEO sample,GSM nested within GSE; not independent study or person,prior committed map
GSM8989231,GSE226260,GEO sample,GSM nested within GSE; not independent study or person,prior committed map
GSM8989232,GSE226260,GEO sample,GSM nested within GSE; not independent study or person,prior committed map
GSM8989233,GSE226260,GEO sample,GSM nested within GSE; not independent study or person,prior committed map
GSM8989234,GSE226260,GEO sample,GSM nested within GSE; not independent study or person,prior committed map
GSM8989235,GSE226260,GEO sample,GSM nested within GSE; not independent study or person,prior committed map
GSM8989236,GSE226260,GEO sample,GSM nested within GSE; not independent study or person,prior committed map
GSM8989237,GSE226260,GEO sample,GSM nested within GSE; not independent study or person,prior committed map
GSM8989238,GSE226260,GEO sample,GSM nested within GSE; not independent study or person,prior committed map
GSM8989239,GSE226260,GEO sample,GSM nested within GSE; not independent study or person,prior committed map
GSM8989240,GSE226260,GEO sample,GSM nested within GSE; not independent study or person,prior committed map
GSM8989241,GSE226260,GEO sample,GSM nested within GSE; not independent study or person,prior committed map
GSM8989242,GSE226260,GEO sample,GSM nested within GSE; not independent study or person,prior committed map
GSM8989243,GSE226260,GEO sample,GSM nested within GSE; not independent study or person,prior committed map
GSM8989244,GSE226260,GEO sample,GSM nested within GSE; not independent study or person,prior committed map
GSM8989245,GSE226260,GEO sample,GSM nested within GSE; not independent study or person,prior committed map
GSM8989246,GSE226260,GEO sample,GSM nested within GSE; not independent study or person,prior committed map
GSM8989247,GSE226260,GEO sample,GSM nested within GSE; not independent study or person,prior committed map
GSM8989248,GSE226260,GEO sample,GSM nested within GSE; not independent study or person,prior committed map
GSM8989249,GSE226260,GEO sample,GSM nested within GSE; not independent study or person,prior committed map
GSM8989250,GSE226260,GEO sample,GSM nested within GSE; not independent study or person,prior committed map
GSM8989251,GSE226260,GEO sample,GSM nested within GSE; not independent study or person,prior committed map
GSM8989252,GSE226260,GEO sample,GSM nested within GSE; not independent study or person,prior committed map
GSM8989253,GSE226260,GEO sample,GSM nested within GSE; not independent study or person,prior committed map
GSM8989254,GSE226260,GEO sample,GSM nested within GSE; not independent study or person,prior committed map
GSM8989255,GSE226260,GEO sample,GSM nested within GSE; not independent study or person,prior committed map
GSM8989256,GSE226260,GEO sample,GSM nested within GSE; not independent study or person,prior committed map
GSM8989257,GSE226260,GEO sample,GSM nested within GSE; not independent study or person,prior committed map
GSM8989258,GSE226260,GEO sample,GSM nested within GSE; not independent study or person,prior committed map
GSM8989259,GSE226260,GEO sample,GSM nested within GSE; not independent study or person,prior committed map
GSM8989260,GSE226260,GEO sample,GSM nested within GSE; not independent study or person,prior committed map
GSM8989261,GSE226260,GEO sample,GSM nested within GSE; not independent study or person,prior committed map
GSM8989262,GSE226260,GEO sample,GSM nested within GSE; not independent study or person,prior committed map
GSM8989263,GSE226260,GEO sample,GSM nested within GSE; not independent study or person,prior committed map
GSM8989264,GSE226260,GEO sample,GSM nested within GSE; not independent study or person,prior committed map
GSM8989265,GSE226260,GEO sample,GSM nested within GSE; not independent study or person,prior committed map
GSM8989266,GSE226260,GEO sample,GSM nested within GSE; not independent study or person,prior committed map
GSM8989267,GSE226260,GEO sample,GSM nested within GSE; not independent study or person,prior committed map
GSM8989268,GSE226260,GEO sample,GSM nested within GSE; not independent study or person,prior committed map
GSM8989269,GSE226260,GEO sample,GSM nested within GSE; not independent study or person,prior committed map
GSM8989270,GSE226260,GEO sample,GSM nested within GSE; not independent study or person,prior committed map
GSM8989271,GSE226260,GEO sample,GSM nested within GSE; not independent study or person,prior committed map
GSM8989272,GSE226260,GEO sample,GSM nested within GSE; not independent study or person,prior committed map
GSM8989273,GSE226260,GEO sample,GSM nested within GSE; not independent study or person,prior committed map
GSM8989274,GSE226260,GEO sample,GSM nested within GSE; not independent study or person,prior committed map
GSM8989275,GSE226260,GEO sample,GSM nested within GSE; not independent study or person,prior committed map
GSM8989276,GSE226260,GEO sample,GSM nested within GSE; not independent study or person,prior committed map
GSM8989277,GSE226260,GEO sample,GSM nested within GSE; not independent study or person,prior committed map
GSM8989278,GSE226260,GEO sample,GSM nested within GSE; not independent study or person,prior committed map
GSM8989279,GSE226260,GEO sample,GSM nested within GSE; not independent study or person,prior committed map
GSM8989280,GSE226260,GEO sample,GSM nested within GSE; not independent study or person,prior committed map
GSM8989281,GSE226260,GEO sample,GSM nested within GSE; not independent study or person,prior committed map
GSM8989282,GSE226260,GEO sample,GSM nested within GSE; not independent study or person,prior committed map
GSM8989283,GSE226260,GEO sample,GSM nested within GSE; not independent study or person,prior committed map
GSM8989284,GSE226260,GEO sample,GSM nested within GSE; not independent study or person,prior committed map
GSM8989285,GSE226260,GEO sample,GSM nested within GSE; not independent study or person,prior committed map
GSM8989286,GSE226260,GEO sample,GSM nested within GSE; not independent study or person,prior committed map
GSM8989287,GSE226260,GEO sample,GSM nested within GSE; not independent study or person,prior committed map
GSM9136811,GSE303840,GEO sample,GSM nested within GSE; not independent study or person,prior committed map
GSM9136812,GSE303840,GEO sample,GSM nested within GSE; not independent study or person,prior committed map
GSM9136817,GSE303840,GEO sample,GSM nested within GSE; not independent study or person,prior committed map
GSM9136818,GSE303840,GEO sample,GSM nested within GSE; not independent study or person,prior committed map
GSM9155146,GSE304677,GEO sample,GSM nested within GSE; not independent study or person,prior committed map
GSM9155147,GSE304677,GEO sample,GSM nested within GSE; not independent study or person,prior committed map
GSM9155151,GSE304677,GEO sample,GSM nested within GSE; not independent study or person,prior committed map
GSM9155152,GSE304677,GEO sample,GSM nested within GSE; not independent study or person,prior committed map
GSM9210996,GSE306864,GEO sample,GSM nested within GSE; not independent study or person,prior committed map
GSM9210997,GSE306864,GEO sample,GSM nested within GSE; not independent study or person,prior committed map
GSM9210998,GSE306864,GEO sample,GSM nested within GSE; not independent study or person,prior committed map
GSM9211004,GSE306864,GEO sample,GSM nested within GSE; not independent study or person,prior committed map
GSM9375202,GSE313775,GEO sample,GSM nested within GSE; not independent study or person,prior committed map
GSM9375203,GSE313775,GEO sample,GSM nested within GSE; not independent study or person,prior committed map
GSM9375204,GSE313775,GEO sample,GSM nested within GSE; not independent study or person,prior committed map
GSM9375205,GSE313775,GEO sample,GSM nested within GSE; not independent study or person,prior committed map
GSM9375206,GSE313775,GEO sample,GSM nested within GSE; not independent study or person,prior committed map
GSM9375207,GSE313775,GEO sample,GSM nested within GSE; not independent study or person,prior committed map
GSM9375208,GSE313775,GEO sample,GSM nested within GSE; not independent study or person,prior committed map
GSM9375209,GSE313775,GEO sample,GSM nested within GSE; not independent study or person,prior committed map
GSM9375210,GSE313775,GEO sample,GSM nested within GSE; not independent study or person,prior committed map
GSM9375211,GSE313775,GEO sample,GSM nested within GSE; not independent study or person,prior committed map
GSM9375212,GSE313775,GEO sample,GSM nested within GSE; not independent study or person,prior committed map
GSM9375213,GSE313775,GEO sample,GSM nested within GSE; not independent study or person,prior committed map
GSM9375214,GSE313775,GEO sample,GSM nested within GSE; not independent study or person,prior committed map
GSM9375215,GSE313775,GEO sample,GSM nested within GSE; not independent study or person,prior committed map
GSM9375216,GSE313775,GEO sample,GSM nested within GSE; not independent study or person,prior committed map
GSM9375217,GSE313775,GEO sample,GSM nested within GSE; not independent study or person,prior committed map
GSM9375218,GSE313775,GEO sample,GSM nested within GSE; not independent study or person,prior committed map
GSM9375219,GSE313775,GEO sample,GSM nested within GSE; not independent study or person,prior committed map
GSM9375220,GSE313775,GEO sample,GSM nested within GSE; not independent study or person,prior committed map
GSM9375221,GSE313775,GEO sample,GSM nested within GSE; not independent study or person,prior committed map
GSM9375222,GSE313775,GEO sample,GSM nested within GSE; not independent study or person,prior committed map
GSM9375223,GSE313775,GEO sample,GSM nested within GSE; not independent study or person,prior committed map
GSM9375224,GSE313775,GEO sample,GSM nested within GSE; not independent study or person,prior committed map
GSM9375225,GSE313775,GEO sample,GSM nested within GSE; not independent study or person,prior committed map
GSM9375226,GSE313775,GEO sample,GSM nested within GSE; not independent study or person,prior committed map
GSM9375227,GSE313775,GEO sample,GSM nested within GSE; not independent study or person,prior committed map
GSM9375228,GSE313775,GEO sample,GSM nested within GSE; not independent study or person,prior committed map
GSM9375229,GSE313775,GEO sample,GSM nested within GSE; not independent study or person,prior committed map
GSM9375230,GSE313775,GEO sample,GSM nested within GSE; not independent study or person,prior committed map
GSM9375231,GSE313775,GEO sample,GSM nested within GSE; not independent study or person,prior committed map
GSM9375232,GSE313775,GEO sample,GSM nested within GSE; not independent study or person,prior committed map
GSM9375233,GSE313775,GEO sample,GSM nested within GSE; not independent study or person,prior committed map
GSM9375234,GSE313775,GEO sample,GSM nested within GSE; not independent study or person,prior committed map
GSM9375235,GSE313775,GEO sample,GSM nested within GSE; not independent study or person,prior committed map
GSM9375236,GSE313775,GEO sample,GSM nested within GSE; not independent study or person,prior committed map
GSM9375237,GSE313775,GEO sample,GSM nested within GSE; not independent study or person,prior committed map
GSM9375238,GSE313775,GEO sample,GSM nested within GSE; not independent study or person,prior committed map
GSM9375239,GSE313775,GEO sample,GSM nested within GSE; not independent study or person,prior committed map
GSM9375240,GSE313775,GEO sample,GSM nested within GSE; not independent study or person,prior committed map
GSM9375241,GSE313775,GEO sample,GSM nested within GSE; not independent study or person,prior committed map
GSM9375242,GSE313775,GEO sample,GSM nested within GSE; not independent study or person,prior committed map
GSM9375243,GSE313775,GEO sample,GSM nested within GSE; not independent study or person,prior committed map
GSM9375244,GSE313775,GEO sample,GSM nested within GSE; not independent study or person,prior committed map
GSM9375245,GSE313775,GEO sample,GSM nested within GSE; not independent study or person,prior committed map
GSM9375246,GSE313775,GEO sample,GSM nested within GSE; not independent study or person,prior committed map
GSM9375247,GSE313775,GEO sample,GSM nested within GSE; not independent study or person,prior committed map
GSM9375248,GSE313775,GEO sample,GSM nested within GSE; not independent study or person,prior committed map
GSM9375249,GSE313775,GEO sample,GSM nested within GSE; not independent study or person,prior committed map
GSM9375250,GSE313775,GEO sample,GSM nested within GSE; not independent study or person,prior committed map
GSM9375251,GSE313775,GEO sample,GSM nested within GSE; not independent study or person,prior committed map
GSM9375252,GSE313775,GEO sample,GSM nested within GSE; not independent study or person,prior committed map
GSM9375253,GSE313775,GEO sample,GSM nested within GSE; not independent study or person,prior committed map
GSM9375254,GSE313775,GEO sample,GSM nested within GSE; not independent study or person,prior committed map
GSM9375255,GSE313775,GEO sample,GSM nested within GSE; not independent study or person,prior committed map
GSM9375256,GSE313775,GEO sample,GSM nested within GSE; not independent study or person,prior committed map
GSM9375257,GSE313775,GEO sample,GSM nested within GSE; not independent study or person,prior committed map
GSM9375258,GSE313775,GEO sample,GSM nested within GSE; not independent study or person,prior committed map
GSM9375259,GSE313775,GEO sample,GSM nested within GSE; not independent study or person,prior committed map
GSM9375260,GSE313775,GEO sample,GSM nested within GSE; not independent study or person,prior committed map
GSM9375261,GSE313775,GEO sample,GSM nested within GSE; not independent study or person,prior committed map
GSM9375262,GSE313775,GEO sample,GSM nested within GSE; not independent study or person,prior committed map
GSM9375263,GSE313775,GEO sample,GSM nested within GSE; not independent study or person,prior committed map
GSM9375264,GSE313775,GEO sample,GSM nested within GSE; not independent study or person,prior committed map
GSM9375265,GSE313775,GEO sample,GSM nested within GSE; not independent study or person,prior committed map
GSM9375266,GSE313775,GEO sample,GSM nested within GSE; not independent study or person,prior committed map
GSM9375267,GSE313775,GEO sample,GSM nested within GSE; not independent study or person,prior committed map
GSM9798604,GSE334857,GEO sample,GSM nested within GSE; not independent study or person,prior committed map
GSM9798605,GSE334857,GEO sample,GSM nested within GSE; not independent study or person,prior committed map
GSM9798606,GSE334857,GEO sample,GSM nested within GSE; not independent study or person,prior committed map
GSM9798607,GSE334857,GEO sample,GSM nested within GSE; not independent study or person,prior committed map
GSM9798608,GSE334857,GEO sample,GSM nested within GSE; not independent study or person,prior committed map
GSM9798609,GSE334857,GEO sample,GSM nested within GSE; not independent study or person,prior committed map
GSM9798610,GSE334857,GEO sample,GSM nested within GSE; not independent study or person,prior committed map
GSM9798611,GSE334857,GEO sample,GSM nested within GSE; not independent study or person,prior committed map
GSM9798612,GSE334857,GEO sample,GSM nested within GSE; not independent study or person,prior committed map
GSM9798613,GSE334857,GEO sample,GSM nested within GSE; not independent study or person,prior committed map
GSM9798614,GSE334857,GEO sample,GSM nested within GSE; not independent study or person,prior committed map
GSM9798615,GSE334857,GEO sample,GSM nested within GSE; not independent study or person,prior committed map
GSM9798616,GSE334857,GEO sample,GSM nested within GSE; not independent study or person,prior committed map
GSM9798617,GSE334857,GEO sample,GSM nested within GSE; not independent study or person,prior committed map
GSM9798618,GSE334857,GEO sample,GSM nested within GSE; not independent study or person,prior committed map
GSM9798619,GSE334857,GEO sample,GSM nested within GSE; not independent study or person,prior committed map
GSM9798620,GSE334857,GEO sample,GSM nested within GSE; not independent study or person,prior committed map
GSM9798621,GSE334857,GEO sample,GSM nested within GSE; not independent study or person,prior committed map
GSM9798622,GSE334857,GEO sample,GSM nested within GSE; not independent study or person,prior committed map
GSM9798623,GSE334857,GEO sample,GSM nested within GSE; not independent study or person,prior committed map
GSM9798624,GSE334857,GEO sample,GSM nested within GSE; not independent study or person,prior committed map
GSM9798625,GSE334857,GEO sample,GSM nested within GSE; not independent study or person,prior committed map
GSM9798626,GSE334857,GEO sample,GSM nested within GSE; not independent study or person,prior committed map
GSM9798627,GSE334857,GEO sample,GSM nested within GSE; not independent study or person,prior committed map
GSM9798628,GSE334857,GEO sample,GSM nested within GSE; not independent study or person,prior committed map
